consumer_id,child_age_group,region,city_tier,awareness,price_sensitivity,brand_trust,adherence_score,current_brand,consumer_segment
CON00001,0-12 months,North,T1,3,2.0,4,0.556,Other brand,Mainstream
CON00002,6-12 years,South,T1,2,3.0,4,0.51,Other brand,Low-awareness
CON00003,0-12 months,West,T1,4,4.0,4,0.61,Other brand,Price-sensitive
CON00004,0-12 months,West,T2,3,3.0,5,0.581,Not currently buying,Mainstream
CON00005,6-12 years,West,T1,4,3.0,5,0.434,Not currently buying,Convenience-driven
CON00006,6-12 years,West,T1,4,1.0,5,0.476,Other brand,Convenience-driven
CON00007,0-12 months,Central,T2,5,4.0,5,0.647,DePURA Kids,Price-sensitive
CON00008,1-5 years,North,T2,5,4.0,3,0.695,Other brand,Price-sensitive
CON00009,0-12 months,East,T1,4,3.0,3,0.69,DePURA Kids,Convenience-driven
CON00010,1-5 years,South,T2,4,2.0,4,0.69,Other brand,Mainstream
CON00011,0-12 months,North,T2,2,5.0,4,0.644,Not currently buying,Low-awareness
CON00012,0-12 months,North,T1,3,3.0,3,0.653,Other brand,Mainstream
CON00013,1-5 years,West,T1,3,4.0,5,0.617,Not currently buying,Price-sensitive
CON00014,1-5 years,South,T3,3,4.0,5,0.454,DePURA Kids,Price-sensitive
CON00015,1-5 years,South,T1,5,3.0,4,0.203,Other brand,Convenience-driven
CON00016,0-12 months,North,T2,4,2.0,3,0.494,Other brand,Convenience-driven
CON00017,0-12 months,Central,T3,4,4.0,4,0.452,DePURA Kids,Price-sensitive
CON00018,1-5 years,North,T1,5,3.0,2,0.723,Not currently buying,Mainstream
CON00019,1-5 years,North,T2,3,3.0,4,0.577,Not currently buying,Mainstream
CON00020,13-18 years,West,T1,3,1.0,3,0.717,Other brand,Mainstream
CON00021,6-12 years,South,T2,5,4.0,4,0.562,Not currently buying,Price-sensitive
CON00022,0-12 months,South,T1,2,3.0,4,0.619,Other brand,Low-awareness
CON00023,6-12 years,North,T2,5,3.0,3,0.809,Other brand,Mainstream
CON00024,6-12 years,North,T2,4,3.0,4,0.422,Other brand,Convenience-driven
CON00025,0-12 months,North,T2,5,3.0,4,0.499,Other brand,Mainstream
CON00026,6-12 years,Central,T3,5,3.0,3,0.573,Other brand,Mainstream
CON00027,6-12 years,North,T1,3,4.0,3,0.706,Other brand,Price-sensitive
CON00028,1-5 years,South,T1,4,3.0,4,0.359,Other brand,Mainstream
CON00029,1-5 years,South,T1,3,4.0,5,0.648,Other brand,Price-sensitive
CON00030,1-5 years,South,T1,3,4.0,3,0.552,Not currently buying,Price-sensitive
CON00031,1-5 years,West,T1,5,1.0,4,0.664,DePURA Kids,Convenience-driven
CON00032,1-5 years,Central,T3,5,3.0,5,0.651,Not currently buying,Mainstream
CON00033,1-5 years,West,T1,4,2.0,4,0.573,Not currently buying,Convenience-driven
CON00034,6-12 years,West,T1,4,2.0,3,0.478,Other brand,Mainstream
CON00035,1-5 years,North,T1,4,5.0,3,0.415,Not currently buying,Price-sensitive
CON00036,6-12 years,North,T2,4,3.0,4,0.658,Not currently buying,Mainstream
CON00037,0-12 months,North,T1,2,2.0,3,0.575,Other brand,Low-awareness
CON00038,13-18 years,South,T1,5,2.0,5,0.683,Other brand,Mainstream
CON00039,0-12 months,South,T2,4,1.0,4,0.963,Other brand,Health-conscious
CON00040,0-12 months,East,T2,4,3.0,4,0.61,Other brand,Mainstream
CON00041,0-12 months,South,T1,2,3.0,4,0.824,Other brand,Low-awareness
CON00042,1-5 years,East,T1,2,3.0,4,0.249,Other brand,Low-awareness
CON00043,1-5 years,West,T1,5,2.0,4,0.447,DePURA Kids,Mainstream
CON00044,1-5 years,South,T2,5,3.0,5,0.457,Other brand,Mainstream
CON00045,1-5 years,North,T2,1,3.0,4,0.786,DePURA Kids,Low-awareness
CON00046,0-12 months,Central,T3,5,4.0,3,0.817,Other brand,Price-sensitive
CON00047,6-12 years,West,T1,4,2.0,3,0.44,Other brand,Mainstream
CON00048,0-12 months,South,T1,4,4.0,4,0.817,DePURA Kids,Price-sensitive
CON00049,1-5 years,South,T1,4,3.0,3,0.855,Other brand,Mainstream
CON00050,0-12 months,South,T1,2,1.0,3,0.94,DePURA Kids,Low-awareness
CON00051,1-5 years,North,T2,4,4.0,5,0.745,Other brand,Price-sensitive
CON00052,1-5 years,East,T3,3,4.0,5,0.364,Other brand,Price-sensitive
CON00053,0-12 months,West,T1,2,2.0,5,0.765,Other brand,Low-awareness
CON00054,1-5 years,North,T1,5,2.0,5,0.374,Not currently buying,Mainstream
CON00055,0-12 months,West,T2,4,4.0,3,0.758,Other brand,Price-sensitive
CON00056,0-12 months,North,T1,4,2.0,3,0.861,DePURA Kids,Mainstream
CON00057,6-12 years,South,T1,5,3.0,2,0.556,DePURA Kids,Convenience-driven
CON00058,0-12 months,North,T3,4,4.0,4,0.723,Other brand,Price-sensitive
CON00059,13-18 years,South,T2,4,3.0,2,0.86,Other brand,Mainstream
CON00060,6-12 years,East,T3,4,3.0,4,0.854,Other brand,Health-conscious
CON00061,13-18 years,South,T1,5,5.0,3,0.473,DePURA Kids,Price-sensitive
CON00062,1-5 years,South,T3,3,4.0,3,0.437,Other brand,Price-sensitive
CON00063,0-12 months,West,T1,2,,4,0.579,Other brand,Low-awareness
CON00064,0-12 months,North,T1,4,3.0,3,0.586,Other brand,Convenience-driven
CON00065,1-5 years,West,T1,4,5.0,3,0.792,Other brand,Price-sensitive
CON00066,1-5 years,West,T1,3,3.0,5,0.423,Not currently buying,Mainstream
CON00067,0-12 months,West,T2,3,2.0,3,0.71,Other brand,Mainstream
CON00068,0-12 months,South,T1,3,4.0,3,0.524,Other brand,Price-sensitive
CON00069,1-5 years,Central,T2,2,3.0,3,0.623,Not currently buying,Low-awareness
CON00070,0-12 months,East,T3,4,5.0,5,0.505,DePURA Kids,Price-sensitive
CON00071,1-5 years,South,T1,3,5.0,2,0.671,Other brand,Price-sensitive
CON00072,0-12 months,South,T1,4,3.0,4,0.861,DePURA Kids,Convenience-driven
CON00073,1-5 years,East,T3,5,5.0,4,0.45,DePURA Kids,Price-sensitive
CON00074,0-12 months,West,T3,3,5.0,4,0.777,Other brand,Price-sensitive
CON00075,0-12 months,East,T2,2,4.0,4,0.875,Not currently buying,Low-awareness
CON00076,0-12 months,West,T1,4,5.0,3,0.441,Not currently buying,Price-sensitive
CON00077,0-12 months,West,T1,5,4.0,3,0.973,Other brand,Price-sensitive
CON00078,6-12 years,South,T1,3,3.0,2,0.489,Other brand,Mainstream
CON00079,0-12 months,South,T2,3,4.0,5,0.548,Other brand,Price-sensitive
CON00080,0-12 months,West,T1,4,3.0,3,0.813,Other brand,Convenience-driven
CON00081,0-12 months,South,T1,4,2.0,5,0.732,Other brand,Convenience-driven
CON00082,1-5 years,East,T1,3,4.0,4,0.319,Other brand,Price-sensitive
CON00083,6-12 years,North,T1,4,3.0,2,0.608,Other brand,Convenience-driven
CON00084,6-12 years,South,T1,4,2.0,2,0.749,DePURA Kids,Convenience-driven
CON00085,6-12 years,West,T1,3,2.0,3,0.742,Other brand,Convenience-driven
CON00086,0-12 months,East,T3,3,4.0,4,1.0,Other brand,Price-sensitive
CON00087,0-12 months,North,T2,5,2.0,4,0.959,Other brand,Convenience-driven
CON00088,1-5 years,South,T1,5,4.0,5,0.589,Other brand,Price-sensitive
CON00089,6-12 years,South,T1,4,3.0,4,0.642,Other brand,Convenience-driven
CON00090,0-12 months,North,T2,3,4.0,4,0.908,Other brand,Price-sensitive
CON00091,13-18 years,East,T1,3,4.0,3,0.352,Other brand,Price-sensitive
CON00092,0-12 months,West,T1,5,1.0,4,0.886,DePURA Kids,Health-conscious
CON00093,0-12 months,North,T1,3,5.0,3,0.76,Other brand,Price-sensitive
CON00094,13-18 years,South,T1,3,4.0,4,0.396,Other brand,Price-sensitive
CON00095,1-5 years,North,T1,5,4.0,5,0.623,Other brand,Price-sensitive
CON00096,6-12 years,East,T3,4,4.0,5,0.546,DePURA Kids,Price-sensitive
CON00097,6-12 years,Central,T2,4,4.0,4,0.46,Other brand,Price-sensitive
CON00098,6-12 years,East,T1,3,3.0,5,0.54,DePURA Kids,Convenience-driven
CON00099,0-12 months,South,T3,4,4.0,5,0.597,Other brand,Price-sensitive
CON00100,0-12 months,East,T3,4,2.0,4,0.647,DePURA Kids,Mainstream
CON00101,6-12 years,Central,T3,4,3.0,1,0.699,Other brand,Mainstream
CON00102,0-12 months,West,T1,4,4.0,3,0.79,Other brand,Price-sensitive
CON00103,0-12 months,North,T1,4,3.0,5,0.796,Other brand,Health-conscious
CON00104,0-12 months,North,T3,2,5.0,5,0.76,DePURA Kids,Low-awareness
CON00105,1-5 years,East,T3,5,3.0,3,0.855,Not currently buying,Mainstream
CON00106,6-12 years,East,T2,5,3.0,3,0.563,Not currently buying,Mainstream
CON00107,0-12 months,North,T1,3,3.0,4,0.65,Other brand,Mainstream
CON00108,0-12 months,North,T3,3,5.0,4,0.727,Not currently buying,Price-sensitive
CON00109,6-12 years,North,T2,4,2.0,4,0.646,Not currently buying,Mainstream
CON00110,0-12 months,Central,T2,4,5.0,4,0.661,Other brand,Price-sensitive
CON00111,6-12 years,West,T2,3,4.0,4,0.533,DePURA Kids,Price-sensitive
CON00112,1-5 years,East,T2,3,3.0,4,0.749,DePURA Kids,Health-conscious
CON00113,1-5 years,West,T1,4,4.0,5,0.429,DePURA Kids,Price-sensitive
CON00114,6-12 years,South,T1,4,3.0,4,0.49,Other brand,Convenience-driven
CON00115,0-12 months,South,T2,2,4.0,3,0.418,Other brand,Low-awareness
CON00116,6-12 years,North,T1,3,3.0,4,0.681,DePURA Kids,Mainstream
CON00117,1-5 years,South,T1,5,3.0,3,0.786,DePURA Kids,Mainstream
CON00118,1-5 years,South,T1,5,,3,0.457,DePURA Kids,Mainstream
CON00119,0-12 months,East,T3,5,3.0,4,0.797,DePURA Kids,Health-conscious
CON00120,6-12 years,East,T2,4,3.0,5,0.867,Not currently buying,Health-conscious
CON00121,0-12 months,Central,T3,3,5.0,4,0.53,Other brand,Price-sensitive
CON00122,0-12 months,South,T2,4,4.0,4,0.762,DePURA Kids,Price-sensitive
CON00123,0-12 months,East,T2,4,2.0,4,0.484,Other brand,Mainstream
CON00124,0-12 months,East,T1,5,4.0,4,0.782,Not currently buying,Price-sensitive
CON00125,13-18 years,South,T1,5,3.0,3,0.585,Other brand,Mainstream
CON00126,1-5 years,North,T2,4,5.0,5,0.483,Not currently buying,Price-sensitive
CON00127,1-5 years,West,T1,3,5.0,4,0.512,Other brand,Price-sensitive
CON00128,1-5 years,East,T1,4,5.0,5,0.596,Other brand,Price-sensitive
CON00129,1-5 years,North,T1,5,4.0,4,0.468,Other brand,Price-sensitive
CON00130,6-12 years,East,T1,4,3.0,3,0.612,Other brand,Convenience-driven
CON00131,0-12 months,South,T1,3,2.0,4,0.703,DePURA Kids,Convenience-driven
CON00132,6-12 years,South,T2,4,3.0,3,0.768,Other brand,Mainstream
CON00133,0-12 months,West,T2,3,3.0,5,0.449,Not currently buying,Mainstream
CON00134,6-12 years,West,T1,5,4.0,4,0.583,DePURA Kids,Price-sensitive
CON00135,13-18 years,East,T2,3,3.0,4,0.858,Other brand,Health-conscious
CON00136,0-12 months,South,T1,4,4.0,3,0.289,Other brand,Price-sensitive
CON00137,0-12 months,South,T1,3,3.0,5,0.557,Not currently buying,Mainstream
CON00138,0-12 months,East,T2,3,3.0,4,0.854,Other brand,Health-conscious
CON00139,0-12 months,West,T3,4,5.0,4,0.647,Other brand,Price-sensitive
CON00140,1-5 years,North,T1,3,4.0,4,0.627,Not currently buying,Price-sensitive
CON00141,1-5 years,North,T3,3,4.0,4,0.376,Other brand,Price-sensitive
CON00142,1-5 years,South,T1,5,4.0,4,0.755,Other brand,Price-sensitive
CON00143,1-5 years,South,T1,3,5.0,3,0.457,Not currently buying,Price-sensitive
CON00144,1-5 years,Central,T2,5,4.0,3,0.558,Not currently buying,Price-sensitive
CON00145,6-12 years,South,T1,5,3.0,4,0.407,Other brand,Convenience-driven
CON00146,0-12 months,South,T1,3,2.0,3,0.846,Not currently buying,Convenience-driven
CON00147,0-12 months,North,T1,1,2.0,4,0.66,DePURA Kids,Low-awareness
CON00148,1-5 years,West,T3,3,4.0,3,0.711,Other brand,Price-sensitive
CON00149,6-12 years,East,T1,4,2.0,3,0.499,Not currently buying,Convenience-driven
CON00150,13-18 years,North,T1,2,2.0,4,0.471,Other brand,Low-awareness
CON00151,1-5 years,South,T3,3,3.0,4,0.472,Other brand,Mainstream
CON00152,0-12 months,Central,T3,4,3.0,4,0.893,Other brand,Health-conscious
CON00153,1-5 years,South,T1,3,4.0,3,0.49,Other brand,Price-sensitive
CON00154,1-5 years,East,T3,3,3.0,2,0.513,Other brand,Mainstream
CON00155,1-5 years,East,T1,4,4.0,3,0.316,Other brand,Price-sensitive
CON00156,0-12 months,South,T2,4,3.0,4,0.978,DePURA Kids,Convenience-driven
CON00157,6-12 years,West,T1,3,3.0,3,0.519,Other brand,Mainstream
CON00158,1-5 years,North,T3,3,4.0,4,0.387,Other brand,Price-sensitive
CON00159,1-5 years,South,T1,3,3.0,3,0.638,Other brand,Mainstream
CON00160,0-12 months,South,T1,5,1.0,3,0.829,Other brand,Mainstream
CON00161,0-12 months,North,T2,4,5.0,3,0.564,Other brand,Price-sensitive
CON00162,1-5 years,South,T2,4,4.0,4,0.763,Not currently buying,Price-sensitive
CON00163,13-18 years,South,T2,3,2.0,4,0.397,Other brand,Mainstream
CON00164,0-12 months,Central,T3,5,4.0,2,0.445,Not currently buying,Price-sensitive
CON00165,13-18 years,East,T1,5,3.0,5,0.677,Other brand,Mainstream
CON00166,6-12 years,East,T3,5,,5,0.661,Not currently buying,Convenience-driven
CON00167,1-5 years,North,T3,4,4.0,2,0.38,Other brand,Price-sensitive
CON00168,1-5 years,North,T2,4,4.0,4,0.832,DePURA Kids,Price-sensitive
CON00169,1-5 years,North,T2,4,3.0,4,0.436,Not currently buying,Mainstream
CON00170,0-12 months,East,T2,4,4.0,3,0.663,Not currently buying,Price-sensitive
CON00171,0-12 months,North,T2,4,2.0,5,0.468,Not currently buying,Mainstream
CON00172,1-5 years,Central,T3,3,4.0,5,0.799,DePURA Kids,Price-sensitive
CON00173,1-5 years,North,T2,2,3.0,4,0.22,DePURA Kids,Low-awareness
CON00174,1-5 years,South,T1,3,3.0,4,0.631,Other brand,Convenience-driven
CON00175,0-12 months,West,T1,5,3.0,3,0.916,Other brand,Convenience-driven
CON00176,0-12 months,North,T2,4,2.0,5,0.934,Other brand,Convenience-driven
CON00177,0-12 months,South,T1,5,4.0,5,0.661,Other brand,Price-sensitive
CON00178,6-12 years,West,T3,3,5.0,3,0.417,Other brand,Price-sensitive
CON00179,0-12 months,West,T3,3,3.0,4,0.658,Other brand,Convenience-driven
CON00180,1-5 years,East,T2,2,4.0,3,0.507,Other brand,Low-awareness
CON00181,0-12 months,West,T1,3,5.0,5,0.634,Not currently buying,Price-sensitive
CON00182,1-5 years,East,T2,4,3.0,5,0.584,DePURA Kids,Convenience-driven
CON00183,1-5 years,South,T2,3,4.0,4,0.678,Not currently buying,Price-sensitive
CON00184,1-5 years,North,T2,4,4.0,4,0.596,Not currently buying,Price-sensitive
CON00185,6-12 years,West,T1,4,2.0,4,0.487,Other brand,Mainstream
CON00186,0-12 months,West,T1,4,,4,0.777,Not currently buying,Health-conscious
CON00187,1-5 years,South,T2,3,5.0,5,0.448,Not currently buying,Price-sensitive
CON00188,0-12 months,West,T1,2,3.0,4,0.548,Other brand,Low-awareness
CON00189,0-12 months,West,T1,4,4.0,4,0.578,Other brand,Price-sensitive
CON00190,1-5 years,South,T2,3,4.0,3,0.509,Other brand,Price-sensitive
CON00191,0-12 months,South,T1,3,2.0,4,0.804,Other brand,Health-conscious
CON00192,0-12 months,South,T2,3,4.0,5,0.504,Not currently buying,Price-sensitive
CON00193,1-5 years,Central,T2,3,3.0,5,0.875,Other brand,Convenience-driven
CON00194,13-18 years,South,T2,5,3.0,4,0.601,Other brand,Mainstream
CON00195,0-12 months,South,T1,4,2.0,4,0.881,DePURA Kids,Health-conscious
CON00196,1-5 years,East,T1,5,2.0,5,0.671,DePURA Kids,Mainstream
CON00197,0-12 months,South,T1,4,3.0,4,0.971,DePURA Kids,Convenience-driven
CON00198,6-12 years,South,T1,3,1.0,5,0.788,Other brand,Health-conscious
CON00199,0-12 months,South,T1,3,3.0,5,0.409,DePURA Kids,Mainstream
CON00200,0-12 months,West,T1,5,2.0,5,0.997,Other brand,Convenience-driven
CON00201,0-12 months,South,T1,5,2.0,5,0.728,DePURA Kids,Convenience-driven
CON00202,1-5 years,East,T2,3,3.0,2,0.731,Other brand,Convenience-driven
CON00203,1-5 years,East,T3,3,3.0,4,0.355,DePURA Kids,Mainstream
CON00204,6-12 years,North,T2,3,3.0,4,0.66,Other brand,Mainstream
CON00205,6-12 years,West,T2,4,2.0,3,0.594,Other brand,Mainstream
CON00206,0-12 months,North,T2,3,5.0,4,0.451,Not currently buying,Price-sensitive
CON00207,0-12 months,South,T1,3,1.0,3,0.698,Other brand,Mainstream
CON00208,1-5 years,Central,T3,5,3.0,3,0.688,Other brand,Mainstream
CON00209,1-5 years,East,T1,5,2.0,3,0.562,DePURA Kids,Mainstream
CON00210,0-12 months,North,T2,3,4.0,4,0.905,DePURA Kids,Price-sensitive
CON00211,1-5 years,South,T1,4,3.0,4,0.544,Not currently buying,Mainstream
CON00212,6-12 years,West,T3,4,4.0,4,0.378,DePURA Kids,Price-sensitive
CON00213,6-12 years,South,T1,3,3.0,3,0.67,Other brand,Mainstream
CON00214,6-12 years,South,T2,5,2.0,5,1.0,Not currently buying,Health-conscious
CON00215,13-18 years,East,T1,4,2.0,2,0.536,Other brand,Convenience-driven
CON00216,1-5 years,North,T1,3,2.0,5,0.654,Other brand,Convenience-driven
CON00217,0-12 months,East,T1,4,4.0,2,0.228,Other brand,Price-sensitive
CON00218,0-12 months,East,T2,5,4.0,4,0.674,Other brand,Price-sensitive
CON00219,1-5 years,South,T1,4,3.0,4,0.917,DePURA Kids,Convenience-driven
CON00220,1-5 years,North,T2,3,5.0,4,0.609,DePURA Kids,Price-sensitive
CON00221,1-5 years,West,T1,3,,4,0.4,Other brand,Mainstream
CON00222,6-12 years,North,T2,4,2.0,4,0.536,Other brand,Mainstream
CON00223,0-12 months,East,T2,3,3.0,5,0.653,Other brand,Convenience-driven
CON00224,1-5 years,West,T1,4,5.0,3,0.525,Other brand,Price-sensitive
CON00225,1-5 years,East,T3,4,4.0,4,0.264,Not currently buying,Price-sensitive
CON00226,6-12 years,South,T1,5,3.0,4,0.767,DePURA Kids,Health-conscious
CON00227,0-12 months,West,T1,3,4.0,4,0.854,Other brand,Price-sensitive
CON00228,1-5 years,North,T3,4,5.0,2,0.761,Other brand,Price-sensitive
CON00229,0-12 months,West,T2,5,3.0,5,0.767,DePURA Kids,Health-conscious
CON00230,1-5 years,West,T1,4,4.0,4,0.503,Other brand,Price-sensitive
CON00231,0-12 months,Central,T3,5,5.0,3,0.486,Other brand,Price-sensitive
CON00232,1-5 years,North,T1,3,3.0,4,0.888,Not currently buying,Convenience-driven
CON00233,0-12 months,South,T1,4,3.0,4,0.611,DePURA Kids,Mainstream
CON00234,1-5 years,East,T1,5,4.0,4,0.696,Other brand,Price-sensitive
CON00235,6-12 years,North,T2,5,3.0,4,0.555,DePURA Kids,Mainstream
CON00236,1-5 years,West,T1,4,2.0,5,0.591,Not currently buying,Mainstream
CON00237,6-12 years,East,T3,4,3.0,4,0.65,DePURA Kids,Mainstream
CON00238,6-12 years,South,T1,4,3.0,5,0.476,Not currently buying,Mainstream
CON00239,6-12 years,North,T1,5,3.0,4,0.76,Other brand,Health-conscious
CON00240,0-12 months,West,T1,3,2.0,3,0.526,Not currently buying,Mainstream
CON00241,1-5 years,North,T2,4,3.0,4,0.6,Not currently buying,Convenience-driven
CON00242,1-5 years,North,T2,3,2.0,5,0.58,DePURA Kids,Mainstream
CON00243,1-5 years,South,T1,5,2.0,4,0.228,Not currently buying,Convenience-driven
CON00244,1-5 years,North,T1,4,2.0,5,0.62,Other brand,Convenience-driven
CON00245,0-12 months,West,T1,5,3.0,4,0.897,Other brand,Health-conscious
CON00246,0-12 months,North,T2,2,3.0,4,0.966,Not currently buying,Low-awareness
CON00247,6-12 years,South,T1,4,4.0,5,0.806,DePURA Kids,Price-sensitive
CON00248,0-12 months,West,T2,4,4.0,4,0.668,Other brand,Price-sensitive
CON00249,0-12 months,West,T3,3,2.0,5,0.855,Not currently buying,Convenience-driven
CON00250,0-12 months,North,T2,2,3.0,4,0.669,Not currently buying,Low-awareness
CON00251,0-12 months,East,T3,2,4.0,3,0.99,Other brand,Low-awareness
CON00252,1-5 years,East,T1,2,3.0,3,0.837,Other brand,Low-awareness
CON00253,1-5 years,South,T1,5,2.0,4,0.977,Other brand,Health-conscious
CON00254,0-12 months,South,T2,3,3.0,3,0.586,Not currently buying,Mainstream
CON00255,0-12 months,East,T2,3,4.0,4,0.912,Other brand,Price-sensitive
CON00256,0-12 months,Central,T3,4,4.0,4,0.445,Other brand,Price-sensitive
CON00257,0-12 months,East,T1,5,3.0,3,0.854,DePURA Kids,Convenience-driven
CON00258,6-12 years,East,T1,5,2.0,2,0.45,Other brand,Mainstream
CON00259,13-18 years,West,T3,4,3.0,5,0.546,Other brand,Mainstream
CON00260,0-12 months,North,T2,3,2.0,3,0.568,Other brand,Mainstream
CON00261,0-12 months,Central,T3,4,4.0,3,0.89,Not currently buying,Price-sensitive
CON00262,13-18 years,South,T1,4,3.0,5,0.604,Other brand,Convenience-driven
CON00263,13-18 years,South,T3,3,3.0,3,0.42,Other brand,Mainstream
CON00264,0-12 months,South,T1,3,3.0,4,0.784,Not currently buying,Health-conscious
CON00265,0-12 months,North,T3,4,4.0,4,1.0,Other brand,Price-sensitive
CON00266,0-12 months,North,T2,3,2.0,3,0.844,Other brand,Mainstream
CON00267,0-12 months,West,T1,4,3.0,5,0.865,Not currently buying,Health-conscious
CON00268,0-12 months,Central,T3,3,3.0,3,0.672,Other brand,Mainstream
CON00269,6-12 years,North,T2,5,4.0,4,0.779,DePURA Kids,Price-sensitive
CON00270,1-5 years,North,T2,4,3.0,3,0.622,Not currently buying,Mainstream
CON00271,1-5 years,East,T2,5,1.0,5,0.531,Other brand,Mainstream
CON00272,0-12 months,South,T1,4,3.0,3,0.553,Not currently buying,Convenience-driven
CON00273,0-12 months,West,T1,5,2.0,5,0.97,DePURA Kids,Health-conscious
CON00274,1-5 years,North,T2,4,4.0,4,0.316,Other brand,Price-sensitive
CON00275,0-12 months,North,T2,4,4.0,2,0.66,Other brand,Price-sensitive
CON00276,0-12 months,West,T2,4,3.0,5,0.706,DePURA Kids,Health-conscious
CON00277,0-12 months,North,T2,3,3.0,4,0.833,Other brand,Health-conscious
CON00278,6-12 years,North,T1,4,4.0,3,0.757,Other brand,Price-sensitive
CON00279,1-5 years,South,T2,3,3.0,3,0.422,Other brand,Convenience-driven
CON00280,0-12 months,North,T3,4,3.0,4,0.681,Other brand,Mainstream
CON00281,0-12 months,East,T1,5,3.0,3,0.636,DePURA Kids,Convenience-driven
CON00282,0-12 months,East,T3,3,5.0,4,0.672,Other brand,Price-sensitive
CON00283,0-12 months,West,T3,4,2.0,5,0.925,Not currently buying,Health-conscious
CON00284,6-12 years,North,T3,5,4.0,5,0.619,DePURA Kids,Price-sensitive
CON00285,0-12 months,South,T1,5,3.0,4,0.583,DePURA Kids,Mainstream
CON00286,13-18 years,East,T3,2,4.0,4,0.328,Other brand,Low-awareness
CON00287,0-12 months,South,T1,5,2.0,4,0.373,DePURA Kids,Convenience-driven
CON00288,6-12 years,North,T2,3,4.0,5,0.437,Other brand,Price-sensitive
CON00289,0-12 months,South,T2,4,3.0,3,0.608,Not currently buying,Convenience-driven
CON00290,1-5 years,Central,T3,3,3.0,4,0.786,Other brand,Health-conscious
CON00291,0-12 months,West,T2,5,3.0,3,0.55,Other brand,Mainstream
CON00292,1-5 years,North,T3,3,3.0,2,0.337,Not currently buying,Mainstream
CON00293,0-12 months,Central,T3,3,5.0,4,0.318,Other brand,Price-sensitive
CON00294,6-12 years,South,T2,4,4.0,5,0.788,Other brand,Price-sensitive
CON00295,6-12 years,West,T2,3,4.0,5,0.464,Other brand,Price-sensitive
CON00296,1-5 years,East,T3,4,5.0,4,0.669,Other brand,Price-sensitive
CON00297,1-5 years,North,T2,4,3.0,4,0.437,Other brand,Convenience-driven
CON00298,1-5 years,North,T1,4,1.0,4,0.385,Other brand,Convenience-driven
CON00299,0-12 months,Central,T2,4,2.0,3,0.719,Other brand,Mainstream
CON00300,1-5 years,North,T2,4,3.0,3,0.448,Other brand,Convenience-driven
CON00301,0-12 months,South,T1,5,3.0,3,0.694,Other brand,Convenience-driven
CON00302,0-12 months,West,T1,5,3.0,4,0.848,DePURA Kids,Convenience-driven
CON00303,1-5 years,West,T1,4,2.0,5,0.715,Other brand,Convenience-driven
CON00304,6-12 years,West,T2,5,3.0,5,0.533,DePURA Kids,Mainstream
CON00305,0-12 months,North,T2,5,5.0,1,0.487,Other brand,Price-sensitive
CON00306,0-12 months,West,T1,4,3.0,5,0.681,Other brand,Mainstream
CON00307,0-12 months,West,T1,4,5.0,4,0.361,Other brand,Price-sensitive
CON00308,0-12 months,South,T1,3,3.0,5,0.82,Not currently buying,Health-conscious
CON00309,0-12 months,East,T1,4,3.0,3,0.305,Other brand,Mainstream
CON00310,1-5 years,West,T1,4,3.0,4,0.75,Other brand,Health-conscious
CON00311,0-12 months,North,T2,4,3.0,3,0.578,Other brand,Mainstream
CON00312,0-12 months,West,T1,3,4.0,4,0.647,Not currently buying,Price-sensitive
CON00313,6-12 years,West,T1,3,2.0,4,0.73,DePURA Kids,Health-conscious
CON00314,1-5 years,West,T2,4,3.0,4,0.539,DePURA Kids,Mainstream
CON00315,0-12 months,South,T1,5,2.0,2,0.601,Other brand,Mainstream
CON00316,0-12 months,West,T1,3,3.0,3,0.842,Other brand,Convenience-driven
CON00317,6-12 years,North,T3,5,4.0,4,0.858,Not currently buying,Price-sensitive
CON00318,0-12 months,North,T1,4,3.0,3,0.649,Other brand,Mainstream
CON00319,6-12 years,South,T2,2,2.0,4,0.815,Other brand,Low-awareness
CON00320,6-12 years,South,T2,3,4.0,3,1.0,Other brand,Price-sensitive
CON00321,0-12 months,East,T1,4,3.0,4,0.66,DePURA Kids,Convenience-driven
CON00322,6-12 years,North,T2,3,3.0,4,0.405,Not currently buying,Mainstream
CON00323,6-12 years,East,T1,4,4.0,4,0.486,Other brand,Price-sensitive
CON00324,1-5 years,East,T3,2,3.0,4,0.625,Other brand,Low-awareness
CON00325,6-12 years,East,T1,3,2.0,3,0.812,Other brand,Convenience-driven
CON00326,1-5 years,North,T1,4,2.0,5,0.564,DePURA Kids,Mainstream
CON00327,0-12 months,West,T1,3,3.0,4,0.593,DePURA Kids,Convenience-driven
CON00328,1-5 years,East,T2,4,5.0,4,0.798,Not currently buying,Price-sensitive
CON00329,6-12 years,Central,T3,3,4.0,3,0.449,Not currently buying,Price-sensitive
CON00330,0-12 months,South,T1,5,2.0,4,0.65,DePURA Kids,Convenience-driven
CON00331,0-12 months,West,T1,4,4.0,3,0.612,DePURA Kids,Price-sensitive
CON00332,6-12 years,West,T1,4,1.0,3,0.738,Other brand,Convenience-driven
CON00333,6-12 years,West,T2,3,4.0,4,0.412,Other brand,Price-sensitive
CON00334,13-18 years,South,T2,3,3.0,4,0.565,Other brand,Convenience-driven
CON00335,6-12 years,North,T2,5,4.0,5,0.327,DePURA Kids,Price-sensitive
CON00336,1-5 years,West,T2,5,3.0,5,0.652,Not currently buying,Mainstream
CON00337,0-12 months,East,T1,5,3.0,4,1.0,Other brand,Convenience-driven
CON00338,0-12 months,East,T1,5,2.0,5,0.873,DePURA Kids,Convenience-driven
CON00339,6-12 years,South,T2,3,2.0,5,0.821,Other brand,Health-conscious
CON00340,0-12 months,North,T2,3,3.0,3,0.477,Other brand,Mainstream
CON00341,6-12 years,South,T1,5,3.0,3,0.718,Other brand,Mainstream
CON00342,0-12 months,West,T1,2,3.0,5,0.479,Other brand,Low-awareness
CON00343,1-5 years,East,T2,3,4.0,2,0.39,Other brand,Price-sensitive
CON00344,1-5 years,South,T1,4,3.0,4,0.836,Other brand,Convenience-driven
CON00345,1-5 years,East,T3,3,3.0,3,0.423,Other brand,Mainstream
CON00346,0-12 months,North,T3,4,4.0,4,0.699,Other brand,Price-sensitive
CON00347,1-5 years,South,T2,3,4.0,4,0.525,Other brand,Price-sensitive
CON00348,6-12 years,West,T1,4,3.0,5,0.616,DePURA Kids,Mainstream
CON00349,13-18 years,West,T3,3,5.0,3,0.39,Other brand,Price-sensitive
CON00350,0-12 months,South,T2,3,3.0,3,0.475,Other brand,Convenience-driven
CON00351,1-5 years,North,T2,3,1.0,3,0.642,Other brand,Convenience-driven
CON00352,0-12 months,North,T2,4,4.0,5,0.647,DePURA Kids,Price-sensitive
CON00353,1-5 years,North,T1,4,3.0,3,0.687,Other brand,Mainstream
CON00354,1-5 years,Central,T3,5,3.0,5,0.853,Other brand,Health-conscious
CON00355,1-5 years,South,T1,3,1.0,3,0.538,Other brand,Mainstream
CON00356,6-12 years,East,T2,3,4.0,5,0.611,Other brand,Price-sensitive
CON00357,0-12 months,South,T1,3,3.0,5,0.834,Other brand,Health-conscious
CON00358,0-12 months,South,T1,4,3.0,5,0.789,DePURA Kids,Health-conscious
CON00359,0-12 months,Central,T2,4,3.0,3,0.405,DePURA Kids,Mainstream
CON00360,0-12 months,West,T2,5,3.0,4,0.603,Other brand,Convenience-driven
CON00361,1-5 years,West,T1,4,3.0,3,0.27,Other brand,Mainstream
CON00362,0-12 months,South,T2,3,2.0,4,0.778,Not currently buying,Health-conscious
CON00363,0-12 months,West,T1,4,3.0,4,0.77,Other brand,Convenience-driven
CON00364,6-12 years,West,T1,3,5.0,4,0.476,Not currently buying,Price-sensitive
CON00365,0-12 months,East,T3,4,5.0,3,0.436,Not currently buying,Price-sensitive
CON00366,1-5 years,East,T1,5,2.0,4,0.39,DePURA Kids,Convenience-driven
CON00367,0-12 months,South,T2,4,4.0,4,0.778,Other brand,Price-sensitive
CON00368,0-12 months,South,T1,4,2.0,2,0.85,Other brand,Mainstream
CON00369,0-12 months,West,T1,5,2.0,3,0.682,DePURA Kids,Convenience-driven
CON00370,0-12 months,South,T1,4,2.0,4,0.601,Not currently buying,Convenience-driven
CON00371,6-12 years,South,T1,5,,5,0.739,DePURA Kids,Health-conscious
CON00372,1-5 years,Central,T2,4,3.0,4,0.655,Other brand,Mainstream
CON00373,1-5 years,West,T2,3,4.0,3,0.699,Not currently buying,Price-sensitive
CON00374,6-12 years,North,T2,4,2.0,5,0.809,DePURA Kids,Health-conscious
CON00375,0-12 months,South,T1,5,5.0,4,0.873,DePURA Kids,Price-sensitive
CON00376,0-12 months,Central,T2,3,3.0,3,0.573,Other brand,Mainstream
CON00377,0-12 months,South,T1,3,4.0,5,0.836,Other brand,Price-sensitive
CON00378,1-5 years,North,T1,4,3.0,4,0.64,Not currently buying,Convenience-driven
CON00379,1-5 years,South,T1,3,3.0,3,0.784,Not currently buying,Mainstream
CON00380,0-12 months,South,T2,3,2.0,3,0.628,Other brand,Mainstream
CON00381,6-12 years,South,T1,3,2.0,4,0.787,Other brand,Health-conscious
CON00382,0-12 months,West,T2,5,,5,0.737,Other brand,Convenience-driven
CON00383,1-5 years,East,T2,3,4.0,3,0.534,Other brand,Price-sensitive
CON00384,0-12 months,South,T1,3,4.0,3,0.35,Other brand,Price-sensitive
CON00385,6-12 years,South,T2,4,3.0,3,0.672,Other brand,Convenience-driven
CON00386,0-12 months,North,T2,2,3.0,3,0.689,Other brand,Low-awareness
CON00387,13-18 years,North,T2,4,4.0,5,0.664,Other brand,Price-sensitive
CON00388,1-5 years,East,T2,4,4.0,4,0.786,DePURA Kids,Price-sensitive
CON00389,0-12 months,East,T2,4,4.0,3,0.638,Other brand,Price-sensitive
CON00390,0-12 months,North,T2,2,3.0,5,0.621,Other brand,Low-awareness
CON00391,0-12 months,East,T2,5,2.0,5,0.795,DePURA Kids,Health-conscious
CON00392,1-5 years,South,T2,4,3.0,4,0.839,DePURA Kids,Health-conscious
CON00393,1-5 years,West,T1,3,3.0,4,0.58,Not currently buying,Convenience-driven
CON00394,0-12 months,North,T2,3,3.0,4,0.818,Other brand,Health-conscious
CON00395,1-5 years,South,T1,4,4.0,5,0.88,Other brand,Price-sensitive
CON00396,1-5 years,North,T2,5,2.0,3,0.64,Other brand,Mainstream
CON00397,0-12 months,South,T1,4,3.0,4,0.786,DePURA Kids,Health-conscious
CON00398,6-12 years,South,T2,5,5.0,5,0.457,Other brand,Price-sensitive
CON00399,6-12 years,Central,T2,4,4.0,4,0.522,DePURA Kids,Price-sensitive
CON00400,6-12 years,South,T2,3,5.0,3,0.48,Other brand,Price-sensitive
CON00401,1-5 years,South,T3,4,3.0,4,0.415,DePURA Kids,Mainstream
CON00402,0-12 months,South,T1,4,2.0,4,0.519,DePURA Kids,Convenience-driven
CON00403,0-12 months,West,T1,2,3.0,5,0.648,Not currently buying,Low-awareness
CON00404,0-12 months,South,T1,5,4.0,4,0.699,Other brand,Price-sensitive
CON00405,1-5 years,East,T2,3,2.0,5,0.737,Other brand,Health-conscious
CON00406,0-12 months,North,T2,4,5.0,4,0.622,Not currently buying,Price-sensitive
CON00407,0-12 months,North,T2,3,3.0,4,0.721,Other brand,Health-conscious
CON00408,1-5 years,South,T3,3,3.0,5,0.64,Other brand,Mainstream
CON00409,0-12 months,East,T2,5,4.0,4,0.641,Other brand,Price-sensitive
CON00410,1-5 years,Central,T2,4,1.0,4,0.698,DePURA Kids,Mainstream
CON00411,6-12 years,West,T2,3,,3,0.362,Other brand,Convenience-driven
CON00412,0-12 months,East,T2,3,3.0,4,0.666,DePURA Kids,Mainstream
CON00413,1-5 years,West,T1,5,3.0,5,0.674,Other brand,Mainstream
CON00414,0-12 months,West,T1,3,3.0,3,0.704,Not currently buying,Convenience-driven
CON00415,6-12 years,West,T1,3,2.0,4,0.601,Other brand,Convenience-driven
CON00416,0-12 months,Central,T2,3,4.0,4,0.658,Other brand,Price-sensitive
CON00417,6-12 years,North,T1,4,3.0,4,0.775,Other brand,Convenience-driven
CON00418,1-5 years,West,T2,2,2.0,2,0.434,Other brand,Low-awareness
CON00419,0-12 months,South,T1,5,4.0,4,0.806,Other brand,Price-sensitive
CON00420,1-5 years,North,T2,4,3.0,4,0.579,DePURA Kids,Convenience-driven
CON00421,0-12 months,West,T2,4,3.0,5,0.671,Other brand,Mainstream
CON00422,6-12 years,West,T1,3,4.0,3,0.132,Not currently buying,Price-sensitive
CON00423,0-12 months,North,T2,4,1.0,4,0.64,DePURA Kids,Mainstream
CON00424,0-12 months,East,T2,3,3.0,5,0.392,Other brand,Convenience-driven
CON00425,0-12 months,West,T1,5,3.0,3,0.459,DePURA Kids,Mainstream
CON00426,1-5 years,Central,T2,5,3.0,4,0.647,Other brand,Mainstream
CON00427,6-12 years,Central,T2,1,1.0,4,0.308,Other brand,Low-awareness
CON00428,0-12 months,North,T2,4,2.0,3,0.51,Other brand,Convenience-driven
CON00429,1-5 years,Central,T3,3,5.0,5,0.748,Not currently buying,Price-sensitive
CON00430,1-5 years,North,T2,2,3.0,5,0.783,Other brand,Low-awareness
CON00431,0-12 months,South,T1,3,2.0,4,0.905,Not currently buying,Health-conscious
CON00432,0-12 months,North,T2,4,3.0,4,0.442,Not currently buying,Mainstream
CON00433,0-12 months,South,T1,2,2.0,2,0.786,Other brand,Low-awareness
CON00434,1-5 years,East,T1,5,2.0,4,0.445,Other brand,Convenience-driven
CON00435,0-12 months,East,T2,2,,3,0.672,Not currently buying,Low-awareness
CON00436,1-5 years,East,T3,4,2.0,5,0.664,Other brand,Mainstream
CON00437,0-12 months,South,T3,4,3.0,4,0.528,Other brand,Mainstream
CON00438,0-12 months,North,T2,3,2.0,4,0.777,DePURA Kids,Convenience-driven
CON00439,6-12 years,North,T1,3,4.0,4,0.564,Other brand,Price-sensitive
CON00440,1-5 years,North,T1,5,3.0,3,0.537,Other brand,Mainstream
CON00441,0-12 months,East,T1,3,3.0,3,0.527,Other brand,Mainstream
CON00442,0-12 months,South,T1,3,2.0,3,0.466,DePURA Kids,Convenience-driven
CON00443,1-5 years,North,T2,3,3.0,5,0.601,Other brand,Mainstream
CON00444,1-5 years,North,T2,3,3.0,5,0.636,Other brand,Mainstream
CON00445,0-12 months,North,T2,3,4.0,5,0.591,Not currently buying,Price-sensitive
CON00446,6-12 years,East,T2,1,2.0,4,0.604,Other brand,Low-awareness
CON00447,6-12 years,North,T3,3,2.0,3,0.435,Other brand,Mainstream
CON00448,13-18 years,East,T1,3,3.0,4,0.445,Not currently buying,Mainstream
CON00449,13-18 years,South,T1,4,1.0,2,0.539,Other brand,Mainstream
CON00450,6-12 years,South,T2,3,2.0,3,0.473,Other brand,Mainstream
CON00451,0-12 months,South,T1,3,3.0,4,0.687,Other brand,Convenience-driven
CON00452,6-12 years,North,T2,4,4.0,4,0.594,Other brand,Price-sensitive
CON00453,6-12 years,North,T2,3,4.0,5,0.707,Other brand,Price-sensitive
CON00454,1-5 years,East,T3,4,4.0,3,0.45,DePURA Kids,Price-sensitive
CON00455,0-12 months,Central,T3,3,3.0,4,0.949,DePURA Kids,Health-conscious
CON00456,0-12 months,South,T3,3,3.0,5,0.4,Other brand,Convenience-driven
CON00457,0-12 months,Central,T2,4,3.0,4,0.689,DePURA Kids,Mainstream
CON00458,0-12 months,West,T1,4,2.0,4,0.697,Other brand,Mainstream
CON00459,6-12 years,South,T1,3,3.0,4,0.549,Other brand,Convenience-driven
CON00460,0-12 months,East,T1,3,3.0,3,0.748,Other brand,Mainstream
CON00461,1-5 years,North,T2,3,5.0,4,0.647,Not currently buying,Price-sensitive
CON00462,0-12 months,North,T2,5,3.0,5,0.76,DePURA Kids,Health-conscious
CON00463,1-5 years,North,T1,4,2.0,4,0.581,Other brand,Convenience-driven
CON00464,1-5 years,East,T3,4,4.0,4,0.697,DePURA Kids,Price-sensitive
CON00465,0-12 months,South,T1,1,3.0,4,0.542,Other brand,Low-awareness
CON00466,1-5 years,South,T1,4,3.0,4,0.497,Not currently buying,Convenience-driven
CON00467,6-12 years,North,T1,4,3.0,4,0.298,DePURA Kids,Convenience-driven
CON00468,6-12 years,West,T2,2,5.0,4,0.489,Other brand,Low-awareness
CON00469,6-12 years,North,T1,3,4.0,5,0.547,Other brand,Price-sensitive
CON00470,6-12 years,South,T1,4,3.0,4,0.602,DePURA Kids,Convenience-driven
CON00471,0-12 months,West,T1,5,4.0,3,0.883,Not currently buying,Price-sensitive
CON00472,0-12 months,East,T2,5,2.0,3,0.719,DePURA Kids,Mainstream
CON00473,1-5 years,South,T2,4,3.0,5,0.743,DePURA Kids,Health-conscious
CON00474,1-5 years,North,T2,2,4.0,2,0.429,Other brand,Low-awareness
CON00475,1-5 years,North,T3,3,5.0,4,0.546,DePURA Kids,Price-sensitive
CON00476,0-12 months,North,T2,3,4.0,3,0.693,Not currently buying,Price-sensitive
CON00477,0-12 months,North,T3,4,3.0,1,0.656,Other brand,Mainstream
CON00478,1-5 years,East,T2,3,2.0,4,0.839,Other brand,Convenience-driven
CON00479,6-12 years,East,T2,3,4.0,3,0.368,Other brand,Price-sensitive
CON00480,1-5 years,West,T1,5,3.0,4,0.953,Other brand,Convenience-driven
CON00481,6-12 years,North,T2,2,1.0,3,0.762,DePURA Kids,Low-awareness
CON00482,0-12 months,North,T3,2,2.0,3,0.874,Other brand,Low-awareness
CON00483,6-12 years,Central,T2,4,5.0,4,0.662,Other brand,Price-sensitive
CON00484,13-18 years,West,T3,4,3.0,5,0.687,Other brand,Mainstream
CON00485,1-5 years,West,T1,3,2.0,5,0.687,Not currently buying,Convenience-driven
CON00486,1-5 years,North,T1,4,2.0,2,0.372,Other brand,Mainstream
CON00487,0-12 months,North,T3,3,4.0,4,0.684,Other brand,Price-sensitive
CON00488,0-12 months,West,T2,4,2.0,5,0.671,Other brand,Convenience-driven
CON00489,0-12 months,North,T2,2,3.0,4,0.586,DePURA Kids,Low-awareness
CON00490,1-5 years,South,T1,3,,2,0.402,Not currently buying,Convenience-driven
CON00491,6-12 years,North,T2,4,2.0,3,0.38,Other brand,Mainstream
CON00492,6-12 years,West,T1,5,4.0,3,0.91,Other brand,Price-sensitive
CON00493,0-12 months,South,T1,5,3.0,5,0.747,DePURA Kids,Health-conscious
CON00494,0-12 months,South,T1,5,2.0,4,0.786,DePURA Kids,Health-conscious
CON00495,13-18 years,East,T2,2,4.0,4,0.382,Other brand,Low-awareness
CON00496,1-5 years,West,T1,3,2.0,4,0.767,Other brand,Convenience-driven
CON00497,6-12 years,North,T1,4,2.0,3,0.837,Other brand,Mainstream
CON00498,1-5 years,Central,T2,5,4.0,5,0.353,DePURA Kids,Price-sensitive
CON00499,0-12 months,North,T2,3,3.0,3,0.652,Other brand,Mainstream
CON00500,0-12 months,North,T2,5,3.0,3,0.442,Other brand,Convenience-driven
CON00501,0-12 months,North,T1,4,4.0,4,0.69,Other brand,Price-sensitive
CON00502,1-5 years,South,T1,3,1.0,5,0.488,Other brand,Mainstream
CON00503,13-18 years,West,T2,5,5.0,4,0.334,Other brand,Price-sensitive
CON00504,1-5 years,West,T1,4,3.0,4,0.586,Other brand,Convenience-driven
CON00505,0-12 months,West,T2,3,3.0,4,0.648,Other brand,Mainstream
CON00506,0-12 months,South,T1,3,3.0,3,0.776,Not currently buying,Mainstream
CON00507,0-12 months,North,T2,3,4.0,3,0.437,Not currently buying,Price-sensitive
CON00508,0-12 months,Central,T2,4,3.0,5,0.66,Other brand,Mainstream
CON00509,1-5 years,East,T2,4,3.0,4,0.57,Other brand,Mainstream
CON00510,0-12 months,North,T1,3,3.0,2,0.591,Not currently buying,Convenience-driven
CON00511,1-5 years,South,T1,4,3.0,5,0.449,Other brand,Mainstream
CON00512,6-12 years,South,T1,4,3.0,4,0.504,Other brand,Mainstream
CON00513,6-12 years,West,T1,3,3.0,4,0.538,Not currently buying,Convenience-driven
CON00514,6-12 years,South,T2,3,3.0,3,0.507,Other brand,Mainstream
CON00515,1-5 years,South,T3,2,2.0,3,0.584,Other brand,Low-awareness
CON00516,0-12 months,South,T1,2,4.0,3,0.497,Other brand,Low-awareness
CON00517,6-12 years,North,T2,4,5.0,3,0.379,Other brand,Price-sensitive
CON00518,0-12 months,Central,T3,4,5.0,4,0.574,Other brand,Price-sensitive
CON00519,1-5 years,North,T2,2,3.0,3,0.613,Other brand,Low-awareness
CON00520,1-5 years,North,T1,3,4.0,5,0.91,Other brand,Price-sensitive
CON00521,6-12 years,West,T1,1,1.0,5,1.0,Other brand,Low-awareness
CON00522,0-12 months,North,T2,4,2.0,3,0.789,DePURA Kids,Mainstream
CON00523,1-5 years,North,T1,5,,3,0.621,Other brand,Mainstream
CON00524,1-5 years,East,T2,5,5.0,5,0.609,DePURA Kids,Price-sensitive
CON00525,0-12 months,East,T1,3,3.0,5,0.672,Other brand,Mainstream
CON00526,0-12 months,North,T3,2,4.0,4,0.742,Other brand,Low-awareness
CON00527,0-12 months,North,T2,4,4.0,3,0.657,Other brand,Price-sensitive
CON00528,1-5 years,West,T1,3,,4,0.246,Other brand,Mainstream
CON00529,0-12 months,North,T2,4,3.0,3,0.696,Other brand,Convenience-driven
CON00530,1-5 years,West,T1,4,4.0,4,0.789,Other brand,Price-sensitive
CON00531,6-12 years,South,T1,3,4.0,5,0.336,Other brand,Price-sensitive
CON00532,1-5 years,North,T2,3,5.0,4,0.607,Other brand,Price-sensitive
CON00533,1-5 years,South,T1,4,2.0,5,0.514,DePURA Kids,Mainstream
CON00534,1-5 years,East,T2,4,2.0,5,0.665,DePURA Kids,Mainstream
CON00535,1-5 years,North,T1,3,4.0,5,0.465,Other brand,Price-sensitive
CON00536,1-5 years,Central,T3,5,5.0,5,0.554,DePURA Kids,Price-sensitive
CON00537,0-12 months,North,T1,3,3.0,5,0.731,Other brand,Health-conscious
CON00538,6-12 years,Central,T3,3,4.0,4,0.507,Other brand,Price-sensitive
CON00539,1-5 years,North,T1,4,2.0,5,0.585,DePURA Kids,Mainstream
CON00540,0-12 months,Central,T2,1,3.0,5,0.496,Other brand,Low-awareness
CON00541,0-12 months,West,T1,3,3.0,3,0.526,Other brand,Convenience-driven
CON00542,0-12 months,East,T2,3,4.0,1,0.443,DePURA Kids,Price-sensitive
CON00543,0-12 months,North,T3,3,4.0,4,0.521,Other brand,Price-sensitive
CON00544,1-5 years,North,T2,3,4.0,3,0.796,Other brand,Price-sensitive
CON00545,6-12 years,North,T1,4,3.0,3,0.406,Other brand,Mainstream
CON00546,0-12 months,North,T2,4,4.0,5,0.759,Not currently buying,Price-sensitive
CON00547,1-5 years,South,T1,2,3.0,5,0.332,DePURA Kids,Low-awareness
CON00548,6-12 years,East,T2,3,4.0,4,0.817,Not currently buying,Price-sensitive
CON00549,0-12 months,South,T1,4,4.0,3,0.648,Other brand,Price-sensitive
CON00550,0-12 months,South,T1,4,3.0,3,0.648,DePURA Kids,Mainstream
CON00551,6-12 years,South,T1,4,2.0,4,0.747,DePURA Kids,Convenience-driven
CON00552,1-5 years,North,T2,2,2.0,5,0.836,Other brand,Low-awareness
CON00553,0-12 months,East,T3,4,4.0,5,0.758,DePURA Kids,Price-sensitive
CON00554,0-12 months,East,T2,3,4.0,3,0.509,Not currently buying,Price-sensitive
CON00555,0-12 months,North,T2,2,4.0,3,0.801,Other brand,Low-awareness
CON00556,0-12 months,North,T3,2,4.0,5,0.668,Other brand,Low-awareness
CON00557,0-12 months,Central,T3,2,4.0,5,0.743,Other brand,Low-awareness
CON00558,1-5 years,East,T2,3,4.0,2,0.339,Other brand,Price-sensitive
CON00559,1-5 years,South,T1,3,3.0,3,0.407,Not currently buying,Mainstream
CON00560,0-12 months,West,T1,4,4.0,3,0.813,Other brand,Price-sensitive
CON00561,1-5 years,West,T2,3,3.0,3,0.481,Other brand,Mainstream
CON00562,6-12 years,West,T2,4,2.0,4,0.416,Other brand,Mainstream
CON00563,13-18 years,East,T3,4,2.0,4,0.616,Other brand,Mainstream
CON00564,1-5 years,South,T1,5,1.0,4,0.832,DePURA Kids,Health-conscious
CON00565,0-12 months,South,T2,2,4.0,4,0.907,Other brand,Low-awareness
CON00566,0-12 months,North,T1,4,3.0,4,0.811,Not currently buying,Convenience-driven
CON00567,0-12 months,West,T1,3,2.0,4,0.629,Other brand,Mainstream
CON00568,0-12 months,South,T1,5,4.0,2,0.634,Other brand,Price-sensitive
CON00569,6-12 years,North,T2,4,4.0,4,0.552,Other brand,Price-sensitive
CON00570,0-12 months,North,T3,3,3.0,3,0.737,Other brand,Mainstream
CON00571,6-12 years,South,T2,4,2.0,3,0.479,Other brand,Mainstream
CON00572,0-12 months,Central,T3,3,4.0,4,0.84,DePURA Kids,Price-sensitive
CON00573,6-12 years,Central,T3,4,3.0,5,0.638,Other brand,Mainstream
CON00574,0-12 months,West,T1,4,3.0,1,0.541,Other brand,Mainstream
CON00575,1-5 years,North,T2,3,3.0,5,0.614,Other brand,Mainstream
CON00576,1-5 years,East,T1,5,3.0,5,0.739,Other brand,Health-conscious
CON00577,0-12 months,North,T3,3,4.0,3,1.0,Other brand,Price-sensitive
CON00578,0-12 months,Central,T2,5,3.0,3,0.915,DePURA Kids,Mainstream
CON00579,1-5 years,South,T1,3,3.0,2,0.723,Other brand,Convenience-driven
CON00580,6-12 years,West,T3,5,3.0,5,0.542,DePURA Kids,Mainstream
CON00581,1-5 years,South,T2,5,3.0,5,0.464,DePURA Kids,Convenience-driven
CON00582,0-12 months,North,T1,4,2.0,5,0.387,Other brand,Mainstream
CON00583,6-12 years,West,T1,3,2.0,4,0.56,Other brand,Mainstream
CON00584,1-5 years,South,T1,5,4.0,4,0.61,Other brand,Price-sensitive
CON00585,13-18 years,North,T1,3,4.0,2,0.444,Other brand,Price-sensitive
CON00586,1-5 years,East,T2,5,3.0,4,0.67,DePURA Kids,Convenience-driven
CON00587,0-12 months,West,T2,3,4.0,2,0.476,Other brand,Price-sensitive
CON00588,13-18 years,South,T1,4,3.0,3,0.454,Other brand,Mainstream
CON00589,1-5 years,North,T1,4,3.0,4,0.78,DePURA Kids,Convenience-driven
CON00590,6-12 years,Central,T3,4,5.0,5,0.57,Not currently buying,Price-sensitive
CON00591,0-12 months,North,T2,3,3.0,4,0.725,Not currently buying,Health-conscious
CON00592,6-12 years,West,T1,4,2.0,4,0.571,DePURA Kids,Mainstream
CON00593,0-12 months,East,T3,2,4.0,4,0.754,Other brand,Low-awareness
CON00594,1-5 years,South,T1,3,2.0,5,0.726,DePURA Kids,Health-conscious
CON00595,13-18 years,South,T1,4,2.0,5,0.714,Other brand,Health-conscious
CON00596,0-12 months,East,T2,3,2.0,4,0.658,Other brand,Mainstream
CON00597,0-12 months,North,T3,3,3.0,5,0.544,Not currently buying,Mainstream
CON00598,6-12 years,North,T1,4,4.0,3,0.671,Other brand,Price-sensitive
CON00599,1-5 years,South,T1,3,3.0,4,0.751,Not currently buying,Health-conscious
CON00600,6-12 years,North,T1,5,3.0,3,0.9,Other brand,Mainstream
CON00601,6-12 years,South,T1,4,4.0,4,0.504,Other brand,Price-sensitive
CON00602,0-12 months,Central,T2,3,3.0,4,0.575,Other brand,Convenience-driven
CON00603,0-12 months,North,T2,3,4.0,3,0.505,Other brand,Price-sensitive
CON00604,0-12 months,South,T1,4,3.0,5,0.825,DePURA Kids,Convenience-driven
CON00605,0-12 months,Central,T2,4,3.0,3,0.392,Not currently buying,Mainstream
CON00606,1-5 years,North,T2,3,4.0,4,0.469,Other brand,Price-sensitive
CON00607,0-12 months,South,T2,4,3.0,4,0.794,Other brand,Convenience-driven
CON00608,1-5 years,West,T1,5,3.0,4,0.86,Not currently buying,Health-conscious
CON00609,13-18 years,North,T2,4,3.0,4,0.739,Other brand,Convenience-driven
CON00610,0-12 months,South,T1,3,1.0,4,0.936,DePURA Kids,Health-conscious
CON00611,0-12 months,West,T1,5,2.0,4,0.638,DePURA Kids,Mainstream
CON00612,6-12 years,West,T1,3,3.0,3,0.369,Not currently buying,Mainstream
CON00613,1-5 years,Central,T3,5,4.0,3,0.793,DePURA Kids,Price-sensitive
CON00614,0-12 months,South,T1,4,3.0,5,0.738,DePURA Kids,Health-conscious
CON00615,0-12 months,North,T2,4,5.0,4,0.871,Other brand,Price-sensitive
CON00616,1-5 years,East,T3,4,5.0,5,0.76,Other brand,Price-sensitive
CON00617,1-5 years,West,T1,4,4.0,4,0.436,Other brand,Price-sensitive
CON00618,0-12 months,North,T2,4,3.0,4,0.42,Other brand,Mainstream
CON00619,1-5 years,North,T2,3,2.0,5,0.569,DePURA Kids,Convenience-driven
CON00620,6-12 years,East,T3,4,4.0,5,0.839,DePURA Kids,Price-sensitive
CON00621,6-12 years,North,T1,4,2.0,4,0.992,Other brand,Convenience-driven
CON00622,0-12 months,South,T1,3,3.0,5,0.633,Other brand,Mainstream
CON00623,0-12 months,North,T1,2,3.0,4,0.927,Other brand,Low-awareness
CON00624,0-12 months,East,T1,3,5.0,4,0.601,Other brand,Price-sensitive
CON00625,1-5 years,East,T3,3,3.0,4,0.541,Other brand,Mainstream
CON00626,1-5 years,West,T1,5,3.0,5,0.725,DePURA Kids,Convenience-driven
CON00627,0-12 months,North,T1,3,3.0,4,0.389,Not currently buying,Mainstream
CON00628,0-12 months,North,T1,3,3.0,4,0.432,Not currently buying,Mainstream
CON00629,1-5 years,East,T2,5,4.0,4,0.599,Other brand,Price-sensitive
CON00630,0-12 months,South,T1,5,3.0,4,0.796,DePURA Kids,Convenience-driven
CON00631,0-12 months,East,T3,4,4.0,3,0.463,Other brand,Price-sensitive
CON00632,1-5 years,West,T3,2,3.0,4,0.526,DePURA Kids,Low-awareness
CON00633,0-12 months,South,T2,3,3.0,4,0.622,DePURA Kids,Convenience-driven
CON00634,0-12 months,East,T3,3,3.0,2,0.468,Other brand,Mainstream
CON00635,13-18 years,North,T3,4,2.0,5,0.781,DePURA Kids,Health-conscious
CON00636,0-12 months,North,T1,4,2.0,3,0.943,DePURA Kids,Convenience-driven
CON00637,13-18 years,West,T1,3,2.0,4,0.684,Other brand,Mainstream
CON00638,1-5 years,Central,T3,3,4.0,3,0.893,Other brand,Price-sensitive
CON00639,0-12 months,South,T1,2,4.0,3,0.887,Other brand,Low-awareness
CON00640,1-5 years,East,T2,4,3.0,3,0.751,Other brand,Mainstream
CON00641,0-12 months,South,T1,5,3.0,3,0.726,Other brand,Mainstream
CON00642,6-12 years,North,T1,3,5.0,5,0.378,Other brand,Price-sensitive
CON00643,1-5 years,East,T2,3,2.0,3,0.466,Other brand,Mainstream
CON00644,1-5 years,East,T1,4,2.0,3,0.736,Other brand,Convenience-driven
CON00645,6-12 years,North,T2,3,3.0,4,0.813,DePURA Kids,Health-conscious
CON00646,1-5 years,East,T3,5,5.0,3,0.225,Other brand,Price-sensitive
CON00647,6-12 years,North,T2,4,4.0,4,0.641,DePURA Kids,Price-sensitive
CON00648,1-5 years,Central,T2,4,4.0,3,0.343,Other brand,Price-sensitive
CON00649,0-12 months,South,T1,5,4.0,3,0.96,DePURA Kids,Price-sensitive
CON00650,0-12 months,North,T2,4,3.0,4,0.717,Other brand,Convenience-driven
CON00651,0-12 months,South,T1,4,3.0,3,0.615,Other brand,Mainstream
CON00652,1-5 years,Central,T2,2,3.0,3,0.674,Other brand,Low-awareness
CON00653,1-5 years,Central,T2,1,4.0,4,0.575,Other brand,Low-awareness
CON00654,13-18 years,South,T1,2,2.0,4,0.666,DePURA Kids,Low-awareness
CON00655,0-12 months,North,T1,4,3.0,5,0.64,Other brand,Mainstream
CON00656,6-12 years,North,T2,4,5.0,3,0.6,DePURA Kids,Price-sensitive
CON00657,13-18 years,North,T2,3,3.0,3,0.443,Other brand,Mainstream
CON00658,1-5 years,North,T2,4,2.0,4,0.625,Other brand,Convenience-driven
CON00659,1-5 years,West,T1,3,5.0,3,0.642,Other brand,Price-sensitive
CON00660,1-5 years,South,T1,4,5.0,4,0.443,Other brand,Price-sensitive
CON00661,13-18 years,North,T2,4,2.0,5,0.366,Other brand,Convenience-driven
CON00662,6-12 years,South,T2,4,4.0,3,0.398,Other brand,Price-sensitive
CON00663,0-12 months,East,T1,5,3.0,3,0.82,Other brand,Convenience-driven
CON00664,6-12 years,North,T2,4,5.0,4,0.623,Other brand,Price-sensitive
CON00665,0-12 months,North,T2,3,2.0,3,0.914,Not currently buying,Mainstream
CON00666,0-12 months,West,T1,4,2.0,2,0.495,Other brand,Mainstream
CON00667,6-12 years,South,T1,4,3.0,5,0.674,DePURA Kids,Convenience-driven
CON00668,0-12 months,North,T1,4,4.0,2,0.776,Other brand,Price-sensitive
CON00669,1-5 years,West,T1,4,3.0,3,0.953,Other brand,Convenience-driven
CON00670,0-12 months,East,T2,4,4.0,3,0.43,Other brand,Price-sensitive
CON00671,6-12 years,Central,T2,4,2.0,3,0.664,Not currently buying,Mainstream
CON00672,1-5 years,North,T2,2,3.0,4,0.887,Other brand,Low-awareness
CON00673,0-12 months,South,T1,3,,5,0.557,Other brand,Mainstream
CON00674,0-12 months,West,T1,4,,4,0.714,Other brand,Convenience-driven
CON00675,1-5 years,East,T1,5,5.0,5,0.666,Other brand,Price-sensitive
CON00676,0-12 months,East,T3,2,4.0,4,0.849,Not currently buying,Low-awareness
CON00677,0-12 months,North,T2,3,3.0,4,0.67,DePURA Kids,Mainstream
CON00678,0-12 months,East,T2,4,2.0,5,0.597,DePURA Kids,Mainstream
CON00679,1-5 years,South,T1,4,4.0,3,0.898,DePURA Kids,Price-sensitive
CON00680,1-5 years,North,T2,3,2.0,5,0.51,DePURA Kids,Mainstream
CON00681,1-5 years,South,T2,5,4.0,4,0.459,Other brand,Price-sensitive
CON00682,0-12 months,North,T3,4,5.0,5,0.696,Other brand,Price-sensitive
CON00683,1-5 years,North,T1,4,2.0,4,0.738,DePURA Kids,Health-conscious
CON00684,6-12 years,South,T1,5,3.0,3,0.717,Other brand,Mainstream
CON00685,1-5 years,West,T1,4,3.0,3,0.622,DePURA Kids,Mainstream
CON00686,0-12 months,East,T2,5,3.0,4,0.802,Other brand,Health-conscious
CON00687,0-12 months,West,T1,5,4.0,4,0.851,DePURA Kids,Price-sensitive
CON00688,6-12 years,South,T1,5,2.0,4,0.598,Not currently buying,Mainstream
CON00689,0-12 months,South,T2,3,2.0,4,0.592,Not currently buying,Mainstream
CON00690,1-5 years,East,T1,5,3.0,4,0.637,Other brand,Mainstream
CON00691,0-12 months,North,T3,4,2.0,5,0.846,Not currently buying,Convenience-driven
CON00692,0-12 months,North,T2,4,2.0,2,0.927,Other brand,Mainstream
CON00693,0-12 months,East,T1,4,3.0,4,0.526,DePURA Kids,Mainstream
CON00694,0-12 months,West,T1,5,2.0,3,0.467,DePURA Kids,Convenience-driven
CON00695,0-12 months,South,T1,5,3.0,4,0.71,Not currently buying,Health-conscious
CON00696,1-5 years,North,T1,4,3.0,4,0.752,DePURA Kids,Convenience-driven
CON00697,1-5 years,South,T3,4,3.0,3,0.451,Other brand,Mainstream
CON00698,0-12 months,North,T3,4,4.0,3,0.643,DePURA Kids,Price-sensitive
CON00699,1-5 years,South,T2,3,2.0,3,0.619,Other brand,Mainstream
CON00700,0-12 months,South,T2,3,5.0,3,0.762,Not currently buying,Price-sensitive
CON00701,6-12 years,South,T1,4,5.0,3,0.253,Other brand,Price-sensitive
CON00702,1-5 years,North,T2,4,4.0,4,0.252,DePURA Kids,Price-sensitive
CON00703,0-12 months,North,T3,3,4.0,4,1.0,DePURA Kids,Price-sensitive
CON00704,6-12 years,North,T1,5,4.0,5,0.763,Other brand,Price-sensitive
CON00705,1-5 years,West,T1,4,4.0,4,0.479,DePURA Kids,Price-sensitive
CON00706,0-12 months,West,T2,5,2.0,4,0.896,Other brand,Health-conscious
CON00707,0-12 months,West,T2,5,4.0,4,0.696,Other brand,Price-sensitive
CON00708,1-5 years,East,T2,2,4.0,3,0.404,Other brand,Low-awareness
CON00709,6-12 years,South,T2,3,4.0,4,0.655,Other brand,Price-sensitive
CON00710,0-12 months,West,T2,3,3.0,4,0.807,Other brand,Health-conscious
CON00711,0-12 months,East,T1,5,4.0,5,0.786,DePURA Kids,Price-sensitive
CON00712,0-12 months,West,T1,4,4.0,3,0.937,Other brand,Price-sensitive
CON00713,0-12 months,West,T1,5,3.0,4,0.687,Other brand,Mainstream
CON00714,6-12 years,North,T1,2,3.0,3,0.532,Other brand,Low-awareness
CON00715,0-12 months,South,T2,3,3.0,3,0.722,Other brand,Mainstream
CON00716,13-18 years,North,T2,5,3.0,4,0.639,DePURA Kids,Convenience-driven
CON00717,0-12 months,North,T2,4,4.0,4,0.544,Other brand,Price-sensitive
CON00718,0-12 months,West,T1,5,4.0,4,0.585,DePURA Kids,Price-sensitive
CON00719,0-12 months,South,T2,5,3.0,5,0.554,DePURA Kids,Mainstream
CON00720,0-12 months,East,T1,4,3.0,3,0.998,Not currently buying,Convenience-driven
CON00721,0-12 months,Central,T3,3,5.0,4,0.608,Other brand,Price-sensitive
CON00722,6-12 years,East,T2,5,2.0,5,0.628,DePURA Kids,Mainstream
CON00723,6-12 years,West,T1,4,4.0,3,0.365,Other brand,Price-sensitive
CON00724,0-12 months,South,T1,1,2.0,5,0.709,Other brand,Low-awareness
CON00725,0-12 months,East,T2,5,3.0,3,0.822,Other brand,Mainstream
CON00726,0-12 months,Central,T2,4,3.0,1,0.518,Other brand,Mainstream
CON00727,6-12 years,West,T2,5,3.0,4,0.675,Other brand,Mainstream
CON00728,0-12 months,North,T1,4,2.0,4,0.895,DePURA Kids,Health-conscious
CON00729,0-12 months,East,T1,3,4.0,4,0.607,Other brand,Price-sensitive
CON00730,0-12 months,North,T3,3,3.0,4,0.755,Not currently buying,Health-conscious
CON00731,0-12 months,West,T2,4,2.0,5,0.894,Other brand,Health-conscious
CON00732,1-5 years,South,T2,4,4.0,3,0.609,Other brand,Price-sensitive
CON00733,0-12 months,Central,T2,2,2.0,4,1.0,Not currently buying,Low-awareness
CON00734,0-12 months,South,T1,4,4.0,3,0.885,Other brand,Price-sensitive
CON00735,0-12 months,South,T2,5,3.0,5,0.765,Other brand,Health-conscious
CON00736,1-5 years,East,T1,3,2.0,2,0.867,Other brand,Mainstream
CON00737,0-12 months,North,T1,3,2.0,4,0.554,Other brand,Mainstream
CON00738,0-12 months,North,T2,3,4.0,3,0.548,Other brand,Price-sensitive
CON00739,1-5 years,East,T3,5,1.0,5,0.713,DePURA Kids,Convenience-driven
CON00740,0-12 months,North,T3,4,3.0,5,0.963,Other brand,Convenience-driven
CON00741,13-18 years,South,T1,3,3.0,2,0.583,Other brand,Mainstream
CON00742,0-12 months,Central,T2,1,3.0,4,0.586,Not currently buying,Low-awareness
CON00743,0-12 months,East,T3,2,5.0,5,0.485,Other brand,Low-awareness
CON00744,0-12 months,North,T3,2,5.0,5,0.424,Other brand,Low-awareness
CON00745,0-12 months,South,T2,2,2.0,2,0.357,Other brand,Low-awareness
CON00746,1-5 years,West,T1,5,2.0,3,0.935,Other brand,Convenience-driven
CON00747,0-12 months,North,T2,3,2.0,4,0.636,Other brand,Mainstream
CON00748,6-12 years,West,T3,3,2.0,3,0.725,Other brand,Mainstream
CON00749,6-12 years,Central,T3,5,3.0,3,0.782,Other brand,Mainstream
CON00750,1-5 years,North,T2,4,2.0,3,0.763,Other brand,Mainstream
CON00751,1-5 years,North,T2,4,5.0,4,0.47,Other brand,Price-sensitive
CON00752,0-12 months,East,T3,3,5.0,3,0.288,Other brand,Price-sensitive
CON00753,6-12 years,South,T3,4,3.0,5,0.429,Other brand,Mainstream
CON00754,0-12 months,South,T1,4,3.0,4,0.9,DePURA Kids,Convenience-driven
CON00755,0-12 months,West,T1,4,3.0,5,0.75,Other brand,Health-conscious
CON00756,1-5 years,Central,T3,2,4.0,5,0.321,Other brand,Low-awareness
CON00757,0-12 months,North,T1,3,2.0,3,0.618,DePURA Kids,Mainstream
CON00758,0-12 months,North,T2,4,3.0,2,0.586,Other brand,Mainstream
CON00759,6-12 years,East,T2,3,4.0,2,0.551,Other brand,Price-sensitive
CON00760,6-12 years,North,T2,4,4.0,3,0.718,Not currently buying,Price-sensitive
CON00761,1-5 years,West,T3,4,4.0,4,0.655,Other brand,Price-sensitive
CON00762,6-12 years,East,T3,2,5.0,3,0.438,Other brand,Low-awareness
CON00763,1-5 years,South,T1,4,3.0,3,0.779,DePURA Kids,Mainstream
CON00764,6-12 years,North,T2,4,2.0,4,0.724,DePURA Kids,Health-conscious
CON00765,6-12 years,West,T1,3,3.0,4,0.27,Not currently buying,Mainstream
CON00766,0-12 months,West,T2,4,4.0,3,0.531,Not currently buying,Price-sensitive
CON00767,0-12 months,West,T3,2,5.0,5,0.436,Other brand,Low-awareness
CON00768,1-5 years,East,T1,5,3.0,3,0.814,DePURA Kids,Convenience-driven
CON00769,1-5 years,Central,T3,4,1.0,4,0.384,Other brand,Mainstream
CON00770,1-5 years,South,T1,5,2.0,4,0.793,Other brand,Health-conscious
CON00771,0-12 months,West,T1,3,3.0,4,0.78,Not currently buying,Health-conscious
CON00772,1-5 years,South,T1,4,3.0,4,0.605,Other brand,Mainstream
CON00773,1-5 years,West,T1,3,5.0,5,0.456,Other brand,Price-sensitive
CON00774,0-12 months,South,T1,3,1.0,3,0.489,Other brand,Mainstream
CON00775,0-12 months,South,T2,3,3.0,5,0.615,Other brand,Mainstream
CON00776,1-5 years,West,T1,5,4.0,4,0.507,DePURA Kids,Price-sensitive
CON00777,1-5 years,West,T1,4,4.0,4,0.775,Other brand,Price-sensitive
CON00778,1-5 years,South,T2,4,3.0,5,0.421,Not currently buying,Convenience-driven
CON00779,0-12 months,South,T1,5,4.0,4,0.857,DePURA Kids,Price-sensitive
CON00780,13-18 years,South,T1,4,3.0,5,0.402,Other brand,Convenience-driven
CON00781,0-12 months,East,T2,4,4.0,3,0.607,Other brand,Price-sensitive
CON00782,6-12 years,North,T2,4,2.0,3,0.662,DePURA Kids,Mainstream
CON00783,0-12 months,Central,T2,4,3.0,3,0.443,Other brand,Convenience-driven
CON00784,1-5 years,North,T2,4,3.0,4,0.675,Other brand,Mainstream
CON00785,0-12 months,North,T2,2,3.0,4,0.695,DePURA Kids,Low-awareness
CON00786,0-12 months,South,T1,4,2.0,3,0.791,Other brand,Mainstream
CON00787,0-12 months,North,T2,2,,4,0.743,Other brand,Low-awareness
CON00788,6-12 years,North,T2,4,5.0,3,0.946,DePURA Kids,Price-sensitive
CON00789,1-5 years,North,T2,3,2.0,5,0.394,Other brand,Convenience-driven
CON00790,0-12 months,Central,T2,4,4.0,2,0.482,Other brand,Price-sensitive
CON00791,1-5 years,East,T2,4,2.0,2,0.498,Other brand,Mainstream
CON00792,1-5 years,South,T1,3,1.0,4,0.519,Other brand,Mainstream
CON00793,1-5 years,South,T1,3,4.0,4,0.716,Other brand,Price-sensitive
CON00794,1-5 years,West,T1,5,3.0,3,0.463,Other brand,Mainstream
CON00795,0-12 months,North,T1,2,2.0,3,0.546,DePURA Kids,Low-awareness
CON00796,13-18 years,South,T2,4,3.0,4,0.41,Other brand,Mainstream
CON00797,6-12 years,North,T1,4,3.0,4,0.515,Not currently buying,Mainstream
CON00798,0-12 months,South,T2,3,4.0,2,0.811,Other brand,Price-sensitive
CON00799,1-5 years,West,T1,3,2.0,3,0.623,DePURA Kids,Convenience-driven
CON00800,6-12 years,West,T3,5,4.0,3,0.611,DePURA Kids,Price-sensitive
CON00801,0-12 months,Central,T2,3,,2,0.452,Other brand,Mainstream
CON00802,0-12 months,North,T2,2,5.0,4,0.59,Not currently buying,Low-awareness
CON00803,0-12 months,South,T3,4,5.0,5,0.855,Other brand,Price-sensitive
CON00804,6-12 years,West,T1,5,5.0,4,0.868,Other brand,Price-sensitive
CON00805,0-12 months,North,T2,4,2.0,5,0.509,Other brand,Mainstream
CON00806,0-12 months,West,T1,3,4.0,4,0.809,DePURA Kids,Price-sensitive
CON00807,6-12 years,South,T2,5,4.0,5,0.698,Other brand,Price-sensitive
CON00808,1-5 years,West,T1,3,4.0,5,0.286,Other brand,Price-sensitive
CON00809,0-12 months,East,T2,4,3.0,4,0.44,Other brand,Convenience-driven
CON00810,0-12 months,North,T1,4,4.0,3,0.6,Other brand,Price-sensitive
CON00811,1-5 years,North,T1,3,4.0,4,0.753,Other brand,Price-sensitive
CON00812,1-5 years,East,T3,5,5.0,3,0.519,Other brand,Price-sensitive
CON00813,6-12 years,North,T2,4,5.0,4,0.341,Other brand,Price-sensitive
CON00814,1-5 years,North,T2,1,4.0,2,0.781,Not currently buying,Low-awareness
CON00815,1-5 years,South,T1,4,4.0,4,0.576,Not currently buying,Price-sensitive
CON00816,0-12 months,North,T3,2,5.0,3,0.779,Other brand,Low-awareness
CON00817,1-5 years,South,T1,5,2.0,4,0.656,Other brand,Convenience-driven
CON00818,6-12 years,North,T1,3,5.0,4,0.386,DePURA Kids,Price-sensitive
CON00819,0-12 months,East,T1,4,2.0,4,0.694,Not currently buying,Mainstream
CON00820,0-12 months,Central,T3,4,4.0,5,0.759,Other brand,Price-sensitive
CON00821,6-12 years,West,T1,5,3.0,3,0.742,DePURA Kids,Convenience-driven
CON00822,1-5 years,West,T1,5,3.0,5,0.623,Other brand,Mainstream
CON00823,0-12 months,West,T1,3,1.0,3,0.686,DePURA Kids,Mainstream
CON00824,1-5 years,North,T3,4,4.0,5,0.657,DePURA Kids,Price-sensitive
CON00825,6-12 years,East,T2,5,3.0,2,0.39,Other brand,Mainstream
CON00826,0-12 months,West,T1,4,3.0,5,0.75,Other brand,Health-conscious
CON00827,1-5 years,North,T2,3,2.0,2,0.641,Other brand,Mainstream
CON00828,0-12 months,West,T2,4,2.0,4,0.521,Not currently buying,Convenience-driven
CON00829,0-12 months,North,T3,3,4.0,5,0.634,Not currently buying,Price-sensitive
CON00830,1-5 years,West,T1,4,4.0,4,0.694,DePURA Kids,Price-sensitive
CON00831,1-5 years,North,T3,3,4.0,3,0.371,Other brand,Price-sensitive
CON00832,6-12 years,North,T2,3,3.0,4,0.418,Other brand,Mainstream
CON00833,13-18 years,East,T1,5,4.0,3,0.659,Other brand,Price-sensitive
CON00834,0-12 months,North,T3,3,4.0,3,0.635,DePURA Kids,Price-sensitive
CON00835,0-12 months,North,T1,2,2.0,5,0.464,Other brand,Low-awareness
CON00836,6-12 years,South,T1,4,2.0,4,0.569,DePURA Kids,Mainstream
CON00837,0-12 months,West,T2,2,2.0,4,0.505,Not currently buying,Low-awareness
CON00838,0-12 months,West,T1,3,3.0,4,0.64,Other brand,Mainstream
CON00839,6-12 years,Central,T2,3,4.0,5,0.88,Other brand,Price-sensitive
CON00840,0-12 months,Central,T3,4,4.0,4,0.882,Other brand,Price-sensitive
CON00841,0-12 months,West,T2,4,3.0,4,0.672,DePURA Kids,Convenience-driven
CON00842,13-18 years,East,T1,4,3.0,5,0.927,Other brand,Health-conscious
CON00843,0-12 months,East,T1,5,2.0,3,0.755,DePURA Kids,Mainstream
CON00844,0-12 months,West,T1,3,3.0,4,0.628,Other brand,Mainstream
CON00845,6-12 years,North,T2,4,3.0,4,0.317,Other brand,Mainstream
CON00846,0-12 months,West,T3,3,3.0,3,0.75,Other brand,Mainstream
CON00847,0-12 months,North,T2,4,5.0,3,0.638,Other brand,Price-sensitive
CON00848,1-5 years,West,T1,3,,3,0.596,Not currently buying,Convenience-driven
CON00849,1-5 years,West,T2,3,2.0,4,0.584,Other brand,Convenience-driven
CON00850,0-12 months,West,T2,3,5.0,4,0.591,Not currently buying,Price-sensitive
CON00851,0-12 months,North,T3,3,2.0,4,0.626,Not currently buying,Mainstream
CON00852,0-12 months,Central,T2,3,3.0,5,0.693,Other brand,Convenience-driven
CON00853,1-5 years,South,T1,3,2.0,3,0.357,Other brand,Convenience-driven
CON00854,0-12 months,South,T1,3,3.0,2,0.503,Other brand,Mainstream
CON00855,13-18 years,South,T2,3,2.0,4,0.718,Other brand,Convenience-driven
CON00856,1-5 years,North,T1,3,3.0,3,0.807,Not currently buying,Convenience-driven
CON00857,0-12 months,North,T2,5,3.0,5,0.983,Other brand,Convenience-driven
CON00858,1-5 years,West,T1,4,2.0,3,0.74,DePURA Kids,Mainstream
CON00859,1-5 years,West,T3,3,4.0,3,0.298,Other brand,Price-sensitive
CON00860,1-5 years,North,T2,5,4.0,4,0.493,Other brand,Price-sensitive
CON00861,1-5 years,West,T1,3,3.0,3,0.648,Other brand,Mainstream
CON00862,1-5 years,North,T2,4,3.0,5,0.724,Other brand,Convenience-driven
CON00863,6-12 years,Central,T3,5,4.0,4,0.631,Other brand,Price-sensitive
CON00864,13-18 years,West,T3,4,3.0,3,0.527,DePURA Kids,Convenience-driven
CON00865,0-12 months,South,T1,3,2.0,4,1.0,DePURA Kids,Health-conscious
CON00866,0-12 months,South,T1,5,4.0,3,0.683,Other brand,Price-sensitive
CON00867,1-5 years,West,T1,5,2.0,5,0.551,DePURA Kids,Convenience-driven
CON00868,1-5 years,South,T1,3,2.0,4,0.412,Other brand,Convenience-driven
CON00869,6-12 years,North,T2,2,3.0,3,0.572,Not currently buying,Low-awareness
CON00870,1-5 years,South,T1,3,2.0,3,0.165,Other brand,Mainstream
CON00871,1-5 years,South,T1,4,2.0,4,0.63,Other brand,Convenience-driven
CON00872,0-12 months,North,T2,3,5.0,3,0.668,Not currently buying,Price-sensitive
CON00873,1-5 years,North,T2,4,3.0,4,0.6,Other brand,Mainstream
CON00874,0-12 months,North,T2,4,3.0,5,0.723,Not currently buying,Health-conscious
CON00875,1-5 years,South,T1,5,4.0,5,0.762,Not currently buying,Price-sensitive
CON00876,1-5 years,West,T1,3,3.0,4,0.803,Other brand,Convenience-driven
CON00877,0-12 months,East,T2,4,3.0,3,0.583,Other brand,Convenience-driven
CON00878,1-5 years,South,T1,3,3.0,3,0.579,Other brand,Mainstream
CON00879,6-12 years,North,T1,4,3.0,3,0.522,DePURA Kids,Mainstream
CON00880,6-12 years,West,T1,4,4.0,3,0.425,Other brand,Price-sensitive
CON00881,1-5 years,North,T1,5,3.0,4,0.538,DePURA Kids,Mainstream
CON00882,0-12 months,South,T1,4,4.0,5,0.471,DePURA Kids,Price-sensitive
CON00883,6-12 years,East,T2,5,4.0,4,0.783,Other brand,Price-sensitive
CON00884,0-12 months,South,T2,3,3.0,3,0.865,Other brand,Mainstream
CON00885,0-12 months,North,T3,5,5.0,5,1.0,Other brand,Price-sensitive
CON00886,0-12 months,North,T3,5,3.0,4,0.931,DePURA Kids,Health-conscious
CON00887,0-12 months,East,T1,4,3.0,4,0.924,DePURA Kids,Convenience-driven
CON00888,6-12 years,North,T2,2,2.0,4,0.665,Other brand,Low-awareness
CON00889,0-12 months,South,T1,2,4.0,3,0.419,Other brand,Low-awareness
CON00890,0-12 months,North,T2,3,3.0,5,0.558,Other brand,Mainstream
CON00891,0-12 months,West,T1,4,3.0,4,0.628,DePURA Kids,Mainstream
CON00892,1-5 years,North,T1,5,2.0,3,0.692,DePURA Kids,Convenience-driven
CON00893,0-12 months,North,T2,5,4.0,3,0.905,Other brand,Price-sensitive
CON00894,13-18 years,North,T1,4,1.0,4,0.569,Other brand,Mainstream
CON00895,6-12 years,Central,T2,5,5.0,4,0.583,DePURA Kids,Price-sensitive
CON00896,1-5 years,West,T1,3,4.0,4,0.446,Other brand,Price-sensitive
CON00897,0-12 months,Central,T2,4,3.0,5,0.711,Other brand,Health-conscious
CON00898,6-12 years,North,T1,5,2.0,4,0.327,Not currently buying,Mainstream
CON00899,1-5 years,South,T2,3,4.0,3,0.329,Other brand,Price-sensitive
CON00900,1-5 years,North,T2,4,3.0,4,0.695,Other brand,Convenience-driven
CON00901,0-12 months,South,T2,4,3.0,5,0.649,DePURA Kids,Mainstream
CON00902,0-12 months,West,T1,3,3.0,4,0.662,Other brand,Mainstream
CON00903,0-12 months,West,T1,4,2.0,5,0.658,Other brand,Mainstream
CON00904,6-12 years,South,T1,5,4.0,5,0.889,Other brand,Price-sensitive
CON00905,0-12 months,South,T1,5,4.0,5,0.895,DePURA Kids,Price-sensitive
CON00906,1-5 years,Central,T3,5,4.0,4,0.642,Other brand,Price-sensitive
CON00907,1-5 years,West,T2,4,3.0,4,0.415,Other brand,Mainstream
CON00908,0-12 months,West,T3,1,5.0,3,0.326,Not currently buying,Low-awareness
CON00909,1-5 years,North,T1,2,2.0,4,0.631,Other brand,Low-awareness
CON00910,6-12 years,North,T2,3,4.0,2,0.327,Other brand,Price-sensitive
CON00911,6-12 years,South,T2,5,3.0,3,0.593,DePURA Kids,Mainstream
CON00912,1-5 years,South,T3,4,2.0,3,0.575,Other brand,Mainstream
CON00913,0-12 months,West,T1,2,2.0,3,1.0,Other brand,Low-awareness
CON00914,0-12 months,South,T1,5,1.0,5,1.0,DePURA Kids,Health-conscious
CON00915,6-12 years,South,T2,3,4.0,3,0.323,Other brand,Price-sensitive
CON00916,0-12 months,Central,T2,5,2.0,4,0.944,DePURA Kids,Health-conscious
CON00917,6-12 years,East,T2,5,3.0,5,0.66,DePURA Kids,Mainstream
CON00918,0-12 months,West,T1,4,2.0,5,0.437,DePURA Kids,Mainstream
CON00919,0-12 months,West,T1,4,4.0,5,0.52,Other brand,Price-sensitive
CON00920,1-5 years,North,T1,4,3.0,3,0.39,Other brand,Convenience-driven
CON00921,1-5 years,North,T2,4,5.0,5,0.831,DePURA Kids,Price-sensitive
CON00922,0-12 months,South,T2,4,2.0,4,0.821,Other brand,Health-conscious
CON00923,6-12 years,South,T1,5,4.0,5,0.657,DePURA Kids,Price-sensitive
CON00924,0-12 months,North,T2,3,2.0,5,0.882,Other brand,Health-conscious
CON00925,6-12 years,South,T1,3,3.0,5,0.568,Other brand,Convenience-driven
CON00926,1-5 years,North,T2,2,2.0,4,0.611,Not currently buying,Low-awareness
CON00927,6-12 years,West,T1,5,2.0,3,0.372,Other brand,Mainstream
CON00928,0-12 months,East,T2,4,2.0,3,0.577,Not currently buying,Convenience-driven
CON00929,1-5 years,West,T1,5,3.0,2,0.458,Other brand,Mainstream
CON00930,1-5 years,South,T1,2,3.0,4,0.395,Other brand,Low-awareness
CON00931,0-12 months,North,T1,4,3.0,5,0.741,Other brand,Health-conscious
CON00932,1-5 years,West,T1,3,3.0,4,0.703,Other brand,Convenience-driven
CON00933,1-5 years,West,T1,5,4.0,3,0.391,DePURA Kids,Price-sensitive
CON00934,1-5 years,South,T2,3,2.0,3,0.752,Other brand,Convenience-driven
CON00935,0-12 months,North,T2,3,3.0,2,0.562,Not currently buying,Mainstream
CON00936,1-5 years,West,T1,2,4.0,4,0.775,DePURA Kids,Low-awareness
CON00937,0-12 months,North,T2,3,3.0,4,0.881,Not currently buying,Health-conscious
CON00938,0-12 months,West,T3,3,4.0,4,0.75,Not currently buying,Price-sensitive
CON00939,0-12 months,West,T1,5,2.0,3,0.959,DePURA Kids,Convenience-driven
CON00940,0-12 months,North,T3,4,5.0,5,0.502,DePURA Kids,Price-sensitive
CON00941,1-5 years,West,T1,3,4.0,4,0.63,Not currently buying,Price-sensitive
CON00942,1-5 years,West,T3,2,4.0,3,0.863,Other brand,Low-awareness
CON00943,0-12 months,West,T1,2,3.0,2,0.763,Other brand,Low-awareness
CON00944,6-12 years,East,T2,3,3.0,5,0.654,DePURA Kids,Convenience-driven
CON00945,0-12 months,North,T2,4,2.0,3,0.597,Other brand,Mainstream
CON00946,0-12 months,South,T1,4,3.0,3,0.831,DePURA Kids,Mainstream
CON00947,0-12 months,Central,T2,5,4.0,4,0.803,Other brand,Price-sensitive
CON00948,1-5 years,West,T2,3,4.0,4,0.594,Other brand,Price-sensitive
CON00949,13-18 years,South,T3,4,4.0,3,0.688,Other brand,Price-sensitive
CON00950,0-12 months,North,T2,3,3.0,4,0.617,DePURA Kids,Mainstream
CON00951,1-5 years,East,T3,4,4.0,4,0.719,DePURA Kids,Price-sensitive
CON00952,6-12 years,South,T2,4,3.0,4,0.342,Other brand,Mainstream
CON00953,1-5 years,South,T2,3,4.0,4,0.278,Other brand,Price-sensitive
CON00954,6-12 years,East,T2,3,5.0,2,0.265,Other brand,Price-sensitive
CON00955,13-18 years,East,T3,3,5.0,2,0.564,Other brand,Price-sensitive
CON00956,0-12 months,North,T2,4,4.0,3,0.683,Other brand,Price-sensitive
CON00957,1-5 years,East,T1,3,2.0,2,0.821,Other brand,Mainstream
CON00958,0-12 months,South,T1,4,5.0,4,0.61,Other brand,Price-sensitive
CON00959,0-12 months,West,T1,3,2.0,5,0.8,Other brand,Health-conscious
CON00960,6-12 years,Central,T2,5,2.0,4,0.546,Not currently buying,Mainstream
CON00961,0-12 months,Central,T3,3,4.0,2,0.607,Other brand,Price-sensitive
CON00962,1-5 years,Central,T2,5,4.0,5,0.479,Other brand,Price-sensitive
CON00963,1-5 years,West,T1,4,3.0,4,0.62,DePURA Kids,Mainstream
CON00964,0-12 months,South,T1,3,3.0,3,0.561,Other brand,Convenience-driven
CON00965,1-5 years,South,T2,3,3.0,3,0.412,Other brand,Mainstream
CON00966,6-12 years,East,T3,3,4.0,3,0.521,Other brand,Price-sensitive
CON00967,6-12 years,South,T3,3,3.0,5,0.59,Other brand,Convenience-driven
CON00968,6-12 years,East,T3,2,4.0,4,0.394,Other brand,Low-awareness
CON00969,13-18 years,East,T2,3,3.0,3,0.335,Other brand,Mainstream
CON00970,6-12 years,South,T1,4,3.0,4,0.818,Other brand,Convenience-driven
CON00971,6-12 years,West,T1,5,2.0,4,0.691,DePURA Kids,Mainstream
CON00972,6-12 years,Central,T2,3,4.0,5,0.49,Other brand,Price-sensitive
CON00973,1-5 years,East,T3,5,5.0,5,0.614,Other brand,Price-sensitive
CON00974,1-5 years,North,T2,3,3.0,2,0.612,Other brand,Mainstream
CON00975,6-12 years,South,T2,3,5.0,3,0.534,Other brand,Price-sensitive
CON00976,0-12 months,East,T3,4,4.0,5,0.664,Other brand,Price-sensitive
CON00977,1-5 years,South,T1,4,4.0,4,0.397,Other brand,Price-sensitive
CON00978,0-12 months,East,T3,4,3.0,3,0.889,Other brand,Mainstream
CON00979,6-12 years,South,T2,4,4.0,3,0.657,Other brand,Price-sensitive
CON00980,6-12 years,East,T2,4,4.0,4,0.641,Other brand,Price-sensitive
CON00981,13-18 years,East,T2,4,3.0,5,0.663,DePURA Kids,Convenience-driven
CON00982,0-12 months,South,T1,5,2.0,4,0.854,Other brand,Health-conscious
CON00983,1-5 years,South,T1,2,3.0,5,0.648,DePURA Kids,Low-awareness
CON00984,0-12 months,East,T3,5,3.0,4,0.781,DePURA Kids,Health-conscious
CON00985,1-5 years,South,T1,2,1.0,3,0.66,Other brand,Low-awareness
CON00986,1-5 years,South,T1,4,3.0,5,0.616,DePURA Kids,Convenience-driven
CON00987,0-12 months,South,T1,3,3.0,3,0.587,Other brand,Convenience-driven
CON00988,6-12 years,North,T1,2,4.0,4,0.582,Other brand,Low-awareness
CON00989,1-5 years,East,T3,5,4.0,4,0.669,DePURA Kids,Price-sensitive
CON00990,0-12 months,West,T1,3,2.0,4,0.549,Other brand,Convenience-driven
CON00991,6-12 years,North,T1,4,4.0,4,0.459,Other brand,Price-sensitive
CON00992,0-12 months,West,T2,4,3.0,5,0.946,DePURA Kids,Convenience-driven
CON00993,6-12 years,Central,T2,2,2.0,4,0.408,DePURA Kids,Low-awareness
CON00994,13-18 years,East,T2,5,3.0,5,0.464,Other brand,Mainstream
CON00995,1-5 years,South,T1,2,3.0,4,0.59,Other brand,Low-awareness
CON00996,0-12 months,North,T1,5,3.0,5,1.0,Not currently buying,Health-conscious
CON00997,6-12 years,North,T1,3,3.0,2,0.562,Other brand,Mainstream
CON00998,1-5 years,West,T1,5,2.0,4,0.834,Other brand,Convenience-driven
CON00999,0-12 months,East,T1,4,3.0,2,0.621,Not currently buying,Mainstream
CON01000,0-12 months,West,T1,3,2.0,3,0.553,Other brand,Mainstream
CON01001,1-5 years,East,T2,4,5.0,3,0.504,Other brand,Price-sensitive
CON01002,1-5 years,North,T1,2,1.0,4,0.229,Other brand,Low-awareness
CON01003,13-18 years,Central,T3,5,5.0,3,0.722,Other brand,Price-sensitive
CON01004,0-12 months,East,T2,5,5.0,4,0.741,Other brand,Price-sensitive
CON01005,0-12 months,West,T3,5,4.0,5,0.537,Other brand,Price-sensitive
CON01006,1-5 years,Central,T2,3,4.0,3,0.564,Other brand,Price-sensitive
CON01007,0-12 months,West,T1,2,3.0,4,0.498,Other brand,Low-awareness
CON01008,0-12 months,South,T2,3,4.0,4,0.897,Other brand,Price-sensitive
CON01009,0-12 months,East,T3,2,3.0,3,0.812,Other brand,Low-awareness
CON01010,0-12 months,West,T1,4,4.0,4,0.688,Other brand,Price-sensitive
CON01011,0-12 months,East,T2,4,3.0,4,0.383,Other brand,Mainstream
CON01012,1-5 years,North,T2,4,2.0,2,0.633,DePURA Kids,Mainstream
CON01013,6-12 years,South,T3,4,3.0,4,0.591,Other brand,Mainstream
CON01014,1-5 years,West,T1,4,2.0,5,0.691,Other brand,Mainstream
CON01015,1-5 years,North,T2,5,3.0,4,0.535,Other brand,Convenience-driven
CON01016,0-12 months,South,T1,3,4.0,3,0.309,Not currently buying,Price-sensitive
CON01017,1-5 years,Central,T3,3,4.0,4,0.431,Other brand,Price-sensitive
CON01018,0-12 months,Central,T3,4,5.0,3,0.726,Other brand,Price-sensitive
CON01019,0-12 months,South,T2,2,3.0,3,0.662,Other brand,Low-awareness
CON01020,1-5 years,West,T3,3,4.0,4,0.601,Other brand,Price-sensitive
CON01021,6-12 years,West,T2,3,3.0,4,0.478,Not currently buying,Mainstream
CON01022,0-12 months,South,T2,4,3.0,4,0.672,Not currently buying,Convenience-driven
CON01023,0-12 months,South,T2,4,4.0,3,0.653,Other brand,Price-sensitive
CON01024,0-12 months,Central,T2,5,3.0,4,0.796,Other brand,Health-conscious
CON01025,0-12 months,South,T1,3,3.0,4,0.791,Other brand,Health-conscious
CON01026,0-12 months,Central,T2,2,3.0,1,0.886,Other brand,Low-awareness
CON01027,0-12 months,South,T1,3,3.0,4,0.575,Other brand,Mainstream
CON01028,0-12 months,West,T2,3,1.0,4,0.644,DePURA Kids,Mainstream
CON01029,0-12 months,South,T2,3,4.0,3,0.677,Other brand,Price-sensitive
CON01030,13-18 years,South,T1,4,5.0,5,0.567,Other brand,Price-sensitive
CON01031,0-12 months,South,T1,3,3.0,3,0.274,Other brand,Convenience-driven
CON01032,0-12 months,East,T2,4,5.0,3,0.65,Not currently buying,Price-sensitive
CON01033,0-12 months,Central,T2,4,3.0,5,1.0,DePURA Kids,Health-conscious
CON01034,0-12 months,East,T3,2,4.0,2,0.713,Other brand,Low-awareness
CON01035,0-12 months,West,T2,4,3.0,3,0.562,Not currently buying,Mainstream
CON01036,0-12 months,East,T3,3,5.0,5,0.771,Other brand,Price-sensitive
CON01037,0-12 months,Central,T3,4,3.0,5,0.529,Other brand,Mainstream
CON01038,0-12 months,Central,T3,5,3.0,3,0.891,Other brand,Mainstream
CON01039,0-12 months,East,T1,5,3.0,3,0.642,DePURA Kids,Convenience-driven
CON01040,0-12 months,East,T3,4,5.0,3,0.621,Other brand,Price-sensitive
CON01041,1-5 years,North,T2,5,3.0,3,0.532,Not currently buying,Mainstream
CON01042,0-12 months,North,T2,4,4.0,4,0.683,Not currently buying,Price-sensitive
CON01043,6-12 years,South,T1,3,4.0,3,0.532,Not currently buying,Price-sensitive
CON01044,1-5 years,West,T1,3,3.0,2,0.411,Other brand,Mainstream
CON01045,6-12 years,North,T2,5,3.0,3,0.509,DePURA Kids,Mainstream
CON01046,1-5 years,North,T2,4,4.0,5,0.6,Not currently buying,Price-sensitive
CON01047,13-18 years,West,T1,4,3.0,3,0.355,Other brand,Mainstream
CON01048,0-12 months,South,T1,4,2.0,2,0.779,Not currently buying,Convenience-driven
CON01049,6-12 years,North,T1,2,3.0,4,0.694,DePURA Kids,Low-awareness
CON01050,0-12 months,Central,T2,4,3.0,5,0.643,DePURA Kids,Mainstream
CON01051,6-12 years,North,T1,3,4.0,3,0.432,Other brand,Price-sensitive
CON01052,6-12 years,South,T1,3,3.0,3,0.388,Other brand,Mainstream
CON01053,0-12 months,East,T2,3,3.0,5,0.941,DePURA Kids,Health-conscious
CON01054,0-12 months,West,T1,4,2.0,4,0.826,Other brand,Health-conscious
CON01055,6-12 years,East,T2,5,4.0,5,0.772,DePURA Kids,Price-sensitive
CON01056,6-12 years,East,T1,4,3.0,4,0.616,DePURA Kids,Convenience-driven
CON01057,0-12 months,West,T1,4,2.0,3,0.895,Other brand,Mainstream
CON01058,6-12 years,North,T2,4,3.0,3,0.787,Not currently buying,Convenience-driven
CON01059,6-12 years,West,T1,5,3.0,3,0.373,Other brand,Convenience-driven
CON01060,0-12 months,East,T2,5,3.0,4,1.0,DePURA Kids,Health-conscious
CON01061,0-12 months,West,T1,2,4.0,4,0.972,Other brand,Low-awareness
CON01062,6-12 years,Central,T2,4,3.0,4,0.75,DePURA Kids,Convenience-driven
CON01063,0-12 months,North,T2,2,3.0,3,0.602,Other brand,Low-awareness
CON01064,0-12 months,North,T2,3,4.0,4,0.562,Other brand,Price-sensitive
CON01065,6-12 years,East,T2,4,4.0,2,0.495,Other brand,Price-sensitive
CON01066,0-12 months,East,T2,3,3.0,4,0.639,Not currently buying,Mainstream
CON01067,1-5 years,West,T1,5,3.0,3,0.764,Other brand,Convenience-driven
CON01068,6-12 years,South,T1,4,4.0,1,0.39,Other brand,Price-sensitive
CON01069,0-12 months,South,T1,5,2.0,4,0.78,DePURA Kids,Health-conscious
CON01070,1-5 years,West,T1,3,2.0,3,0.57,Other brand,Mainstream
CON01071,1-5 years,South,T1,5,4.0,4,0.378,DePURA Kids,Price-sensitive
CON01072,1-5 years,East,T3,4,5.0,3,0.376,Not currently buying,Price-sensitive
CON01073,0-12 months,South,T1,3,4.0,5,0.93,Other brand,Price-sensitive
CON01074,1-5 years,Central,T3,5,4.0,2,0.606,Other brand,Price-sensitive
CON01075,0-12 months,South,T1,4,2.0,4,0.649,DePURA Kids,Convenience-driven
CON01076,1-5 years,South,T2,3,3.0,3,0.464,DePURA Kids,Mainstream
CON01077,1-5 years,South,T2,3,3.0,4,0.564,DePURA Kids,Mainstream
CON01078,1-5 years,East,T3,4,5.0,3,0.663,Other brand,Price-sensitive
CON01079,1-5 years,East,T1,2,3.0,5,0.687,Other brand,Low-awareness
CON01080,0-12 months,North,T1,5,,3,0.617,DePURA Kids,Mainstream
CON01081,0-12 months,South,T1,3,3.0,5,0.811,Other brand,Health-conscious
CON01082,1-5 years,North,T2,4,1.0,4,0.492,Other brand,Mainstream
CON01083,1-5 years,South,T2,3,4.0,2,0.624,Other brand,Price-sensitive
CON01084,0-12 months,North,T2,4,4.0,4,0.777,Other brand,Price-sensitive
CON01085,0-12 months,West,T1,3,3.0,5,0.705,DePURA Kids,Health-conscious
CON01086,0-12 months,West,T1,5,4.0,5,0.72,DePURA Kids,Price-sensitive
CON01087,0-12 months,East,T3,3,4.0,3,0.679,DePURA Kids,Price-sensitive
CON01088,1-5 years,East,T2,4,,4,0.425,DePURA Kids,Convenience-driven
CON01089,1-5 years,Central,T3,4,3.0,4,0.308,DePURA Kids,Mainstream
CON01090,0-12 months,Central,T2,2,2.0,5,0.791,Other brand,Low-awareness
CON01091,0-12 months,Central,T3,3,4.0,4,0.728,Other brand,Price-sensitive
CON01092,0-12 months,South,T1,3,1.0,3,0.548,Other brand,Mainstream
CON01093,0-12 months,North,T1,4,2.0,4,0.376,Other brand,Mainstream
CON01094,6-12 years,West,T1,4,2.0,4,0.561,Other brand,Mainstream
CON01095,6-12 years,South,T1,3,3.0,4,0.547,DePURA Kids,Convenience-driven
CON01096,0-12 months,North,T2,1,2.0,5,0.71,Not currently buying,Low-awareness
CON01097,1-5 years,South,T1,3,3.0,3,0.492,Other brand,Convenience-driven
CON01098,1-5 years,East,T3,3,5.0,5,0.321,DePURA Kids,Price-sensitive
CON01099,1-5 years,South,T1,2,4.0,4,0.58,Other brand,Low-awareness
CON01100,6-12 years,Central,T2,4,3.0,5,0.976,DePURA Kids,Health-conscious
CON01101,1-5 years,West,T1,1,3.0,2,0.473,Other brand,Low-awareness
CON01102,1-5 years,West,T1,3,3.0,4,0.624,Other brand,Mainstream
CON01103,0-12 months,North,T1,3,2.0,2,0.367,Other brand,Mainstream
CON01104,1-5 years,North,T2,4,2.0,3,0.437,Not currently buying,Mainstream
CON01105,1-5 years,East,T2,5,2.0,4,0.542,Other brand,Convenience-driven
CON01106,1-5 years,East,T2,2,2.0,5,0.705,DePURA Kids,Low-awareness
CON01107,0-12 months,South,T1,3,2.0,5,0.989,DePURA Kids,Convenience-driven
CON01108,0-12 months,South,T1,4,3.0,5,0.69,DePURA Kids,Convenience-driven
CON01109,1-5 years,West,T1,4,1.0,3,0.639,Not currently buying,Mainstream
CON01110,0-12 months,West,T2,1,2.0,4,0.815,Other brand,Low-awareness
CON01111,0-12 months,North,T2,4,3.0,4,0.585,Other brand,Mainstream
CON01112,0-12 months,East,T3,4,3.0,5,0.861,Other brand,Health-conscious
CON01113,6-12 years,South,T2,3,4.0,3,0.698,Other brand,Price-sensitive
CON01114,0-12 months,West,T1,3,2.0,4,0.495,Not currently buying,Mainstream
CON01115,0-12 months,West,T1,5,3.0,4,0.957,Not currently buying,Health-conscious
CON01116,1-5 years,North,T1,4,2.0,3,0.876,Not currently buying,Convenience-driven
CON01117,0-12 months,West,T1,5,3.0,4,0.891,DePURA Kids,Health-conscious
CON01118,1-5 years,North,T3,4,4.0,3,0.569,Not currently buying,Price-sensitive
CON01119,1-5 years,North,T2,5,4.0,3,0.59,DePURA Kids,Price-sensitive
CON01120,1-5 years,East,T2,4,4.0,2,0.126,Other brand,Price-sensitive
CON01121,1-5 years,North,T1,3,3.0,4,0.599,Other brand,Convenience-driven
CON01122,0-12 months,Central,T3,5,3.0,4,0.722,Other brand,Health-conscious
CON01123,1-5 years,West,T1,3,4.0,3,0.316,Other brand,Price-sensitive
CON01124,0-12 months,West,T2,4,5.0,5,0.751,Not currently buying,Price-sensitive
CON01125,1-5 years,North,T2,3,4.0,3,0.507,Not currently buying,Price-sensitive
CON01126,0-12 months,South,T2,3,3.0,3,0.727,DePURA Kids,Convenience-driven
CON01127,0-12 months,West,T1,4,3.0,4,0.654,Other brand,Mainstream
CON01128,0-12 months,South,T1,3,4.0,3,0.644,Other brand,Price-sensitive
CON01129,1-5 years,West,T1,4,2.0,5,0.342,DePURA Kids,Mainstream
CON01130,0-12 months,East,T3,5,5.0,5,0.725,Other brand,Price-sensitive
CON01131,6-12 years,North,T2,3,2.0,4,0.597,Not currently buying,Convenience-driven
CON01132,1-5 years,South,T2,3,3.0,4,0.404,Other brand,Mainstream
CON01133,1-5 years,South,T2,5,3.0,4,0.627,DePURA Kids,Mainstream
CON01134,0-12 months,East,T1,5,3.0,3,0.695,DePURA Kids,Convenience-driven
CON01135,0-12 months,East,T2,3,5.0,2,0.492,Other brand,Price-sensitive
CON01136,1-5 years,South,T1,3,3.0,4,0.478,DePURA Kids,Mainstream
CON01137,0-12 months,South,T2,4,4.0,4,0.371,DePURA Kids,Price-sensitive
CON01138,0-12 months,Central,T3,5,3.0,4,0.483,Other brand,Mainstream
CON01139,6-12 years,East,T3,5,4.0,4,0.807,Not currently buying,Price-sensitive
CON01140,13-18 years,South,T1,3,3.0,5,0.314,Not currently buying,Mainstream
CON01141,6-12 years,East,T1,5,4.0,5,0.863,DePURA Kids,Price-sensitive
CON01142,0-12 months,North,T3,4,3.0,5,0.881,Other brand,Health-conscious
CON01143,1-5 years,North,T1,4,2.0,1,0.391,Other brand,Mainstream
CON01144,1-5 years,North,T2,5,3.0,5,0.338,Not currently buying,Mainstream
CON01145,0-12 months,South,T1,4,4.0,4,0.77,Not currently buying,Price-sensitive
CON01146,1-5 years,South,T2,5,4.0,4,0.572,DePURA Kids,Price-sensitive
CON01147,0-12 months,North,T2,4,3.0,3,0.717,Other brand,Mainstream
CON01148,0-12 months,South,T1,2,2.0,3,0.597,Other brand,Low-awareness
CON01149,0-12 months,Central,T2,5,4.0,5,0.87,Not currently buying,Price-sensitive
CON01150,13-18 years,South,T1,4,3.0,3,0.666,Other brand,Convenience-driven
CON01151,0-12 months,North,T2,4,4.0,2,0.831,Other brand,Price-sensitive
CON01152,1-5 years,North,T2,2,4.0,4,0.576,Other brand,Low-awareness
CON01153,0-12 months,South,T1,5,2.0,3,0.79,Other brand,Mainstream
CON01154,6-12 years,North,T1,3,2.0,4,0.861,Other brand,Convenience-driven
CON01155,1-5 years,South,T1,2,2.0,5,0.747,Not currently buying,Low-awareness
CON01156,13-18 years,North,T1,3,3.0,3,0.462,Other brand,Mainstream
CON01157,0-12 months,North,T2,3,2.0,3,0.631,Other brand,Mainstream
CON01158,1-5 years,North,T2,2,3.0,2,0.654,Other brand,Low-awareness
CON01159,0-12 months,West,T1,2,4.0,5,0.62,Other brand,Low-awareness
CON01160,6-12 years,East,T2,4,2.0,4,0.694,Not currently buying,Mainstream
CON01161,0-12 months,West,T2,4,3.0,5,0.666,Not currently buying,Mainstream
CON01162,0-12 months,West,T1,1,2.0,4,0.864,Other brand,Low-awareness
CON01163,0-12 months,South,T1,4,2.0,3,0.448,Other brand,Mainstream
CON01164,0-12 months,West,T1,5,3.0,5,0.758,Other brand,Health-conscious
CON01165,0-12 months,South,T1,4,3.0,5,0.385,Other brand,Convenience-driven
CON01166,0-12 months,South,T1,4,5.0,5,0.789,Other brand,Price-sensitive
CON01167,1-5 years,East,T1,4,4.0,3,0.406,Other brand,Price-sensitive
CON01168,6-12 years,North,T2,3,2.0,3,0.869,Other brand,Convenience-driven
CON01169,0-12 months,South,T1,3,4.0,2,0.704,Other brand,Price-sensitive
CON01170,0-12 months,North,T1,3,3.0,3,0.912,Other brand,Mainstream
CON01171,6-12 years,Central,T2,5,1.0,4,0.621,DePURA Kids,Mainstream
CON01172,0-12 months,West,T1,5,1.0,5,0.782,Other brand,Health-conscious
CON01173,6-12 years,South,T2,3,3.0,4,0.742,Not currently buying,Health-conscious
CON01174,1-5 years,South,T2,5,4.0,5,0.54,Other brand,Price-sensitive
CON01175,1-5 years,South,T1,2,4.0,4,0.663,Not currently buying,Low-awareness
CON01176,13-18 years,North,T2,5,4.0,4,0.886,Other brand,Price-sensitive
CON01177,13-18 years,West,T1,4,2.0,5,0.894,Other brand,Convenience-driven
CON01178,0-12 months,West,T1,5,4.0,4,0.707,Other brand,Price-sensitive
CON01179,1-5 years,North,T2,4,4.0,5,0.64,DePURA Kids,Price-sensitive
CON01180,1-5 years,West,T1,5,2.0,3,0.713,Other brand,Mainstream
CON01181,6-12 years,West,T1,5,5.0,3,0.616,Other brand,Price-sensitive
CON01182,6-12 years,West,T1,4,3.0,5,0.559,DePURA Kids,Mainstream
CON01183,1-5 years,South,T2,4,5.0,5,0.383,DePURA Kids,Price-sensitive
CON01184,13-18 years,South,T1,4,3.0,4,0.959,Not currently buying,Health-conscious
CON01185,13-18 years,South,T2,3,3.0,4,0.74,DePURA Kids,Health-conscious
CON01186,0-12 months,South,T2,1,3.0,4,0.394,Other brand,Low-awareness
CON01187,0-12 months,North,T2,4,4.0,5,0.926,Other brand,Price-sensitive
CON01188,0-12 months,East,T3,3,3.0,5,0.703,DePURA Kids,Health-conscious
CON01189,1-5 years,South,T1,5,2.0,4,0.548,Other brand,Mainstream
CON01190,0-12 months,South,T2,3,3.0,1,0.581,Other brand,Mainstream
CON01191,1-5 years,East,T2,4,3.0,4,0.432,Other brand,Mainstream
CON01192,0-12 months,South,T2,2,4.0,5,0.506,Other brand,Low-awareness
CON01193,1-5 years,Central,T3,4,1.0,5,0.57,DePURA Kids,Mainstream
CON01194,1-5 years,West,T3,3,2.0,5,0.469,DePURA Kids,Mainstream
CON01195,0-12 months,Central,T3,4,4.0,5,0.85,Other brand,Price-sensitive
CON01196,0-12 months,East,T1,5,2.0,4,0.578,Not currently buying,Mainstream
CON01197,0-12 months,North,T1,5,3.0,5,0.809,DePURA Kids,Health-conscious
CON01198,6-12 years,West,T2,2,,3,0.507,Other brand,Low-awareness
CON01199,0-12 months,West,T1,5,2.0,5,0.678,Not currently buying,Convenience-driven
CON01200,0-12 months,West,T1,5,3.0,4,0.915,Other brand,Health-conscious
CON01201,13-18 years,South,T1,3,3.0,3,0.539,DePURA Kids,Mainstream
CON01202,0-12 months,South,T1,3,3.0,3,0.769,Other brand,Convenience-driven
CON01203,0-12 months,North,T1,4,3.0,4,0.593,Not currently buying,Mainstream
CON01204,13-18 years,West,T1,5,5.0,3,0.516,Other brand,Price-sensitive
CON01205,1-5 years,West,T1,4,4.0,5,0.68,DePURA Kids,Price-sensitive
CON01206,6-12 years,South,T2,4,2.0,5,0.628,Not currently buying,Mainstream
CON01207,6-12 years,West,T1,4,5.0,5,0.383,Not currently buying,Price-sensitive
CON01208,0-12 months,North,T2,3,1.0,3,0.813,Other brand,Convenience-driven
CON01209,1-5 years,North,T2,5,3.0,4,0.697,DePURA Kids,Mainstream
CON01210,1-5 years,Central,T2,4,3.0,4,0.643,Other brand,Mainstream
CON01211,1-5 years,North,T1,4,4.0,3,0.45,Other brand,Price-sensitive
CON01212,1-5 years,South,T1,5,5.0,3,0.535,Other brand,Price-sensitive
CON01213,0-12 months,East,T1,2,3.0,4,0.755,Other brand,Low-awareness
CON01214,0-12 months,North,T2,4,2.0,4,0.668,DePURA Kids,Mainstream
CON01215,0-12 months,Central,T2,4,4.0,4,0.494,Other brand,Price-sensitive
CON01216,0-12 months,East,T1,4,4.0,5,0.646,DePURA Kids,Price-sensitive
CON01217,0-12 months,East,T1,3,5.0,4,0.583,Other brand,Price-sensitive
CON01218,1-5 years,South,T1,3,3.0,2,0.623,Other brand,Mainstream
CON01219,0-12 months,North,T3,2,4.0,3,0.73,Other brand,Low-awareness
CON01220,0-12 months,West,T1,4,2.0,4,0.8,DePURA Kids,Health-conscious
CON01221,6-12 years,East,T2,1,3.0,4,0.569,Other brand,Low-awareness
CON01222,0-12 months,North,T2,2,4.0,2,0.799,Other brand,Low-awareness
CON01223,6-12 years,North,T2,4,3.0,4,0.625,Not currently buying,Mainstream
CON01224,1-5 years,West,T1,5,3.0,3,0.401,Not currently buying,Mainstream
CON01225,0-12 months,North,T2,3,3.0,2,0.7,Other brand,Convenience-driven
CON01226,1-5 years,West,T3,2,4.0,3,0.603,Other brand,Low-awareness
CON01227,0-12 months,South,T1,4,4.0,5,0.746,Other brand,Price-sensitive
CON01228,1-5 years,West,T2,3,4.0,4,0.726,DePURA Kids,Price-sensitive
CON01229,1-5 years,North,T3,3,4.0,2,0.332,Not currently buying,Price-sensitive
CON01230,1-5 years,West,T2,2,4.0,4,0.467,Other brand,Low-awareness
CON01231,6-12 years,South,T1,4,3.0,4,0.374,Other brand,Mainstream
CON01232,1-5 years,South,T2,2,4.0,5,0.244,DePURA Kids,Low-awareness
CON01233,1-5 years,North,T1,3,2.0,4,0.491,DePURA Kids,Mainstream
CON01234,1-5 years,North,T1,4,2.0,3,0.64,Other brand,Mainstream
CON01235,1-5 years,East,T2,3,3.0,2,0.402,Not currently buying,Mainstream
CON01236,6-12 years,North,T2,3,3.0,4,0.669,Other brand,Mainstream
CON01237,13-18 years,West,T1,3,1.0,5,0.701,Not currently buying,Health-conscious
CON01238,1-5 years,North,T2,3,4.0,3,0.578,Other brand,Price-sensitive
CON01239,0-12 months,West,T1,4,4.0,3,0.862,Not currently buying,Price-sensitive
CON01240,0-12 months,South,T1,3,2.0,2,0.67,Other brand,Mainstream
CON01241,1-5 years,North,T1,5,4.0,4,0.442,Other brand,Price-sensitive
CON01242,6-12 years,West,T1,3,3.0,2,0.458,Not currently buying,Mainstream
CON01243,1-5 years,South,T1,5,4.0,3,0.526,DePURA Kids,Price-sensitive
CON01244,0-12 months,West,T1,3,2.0,5,0.899,Not currently buying,Convenience-driven
CON01245,6-12 years,South,T2,4,4.0,5,0.825,DePURA Kids,Price-sensitive
CON01246,1-5 years,North,T1,4,3.0,3,0.706,Other brand,Mainstream
CON01247,0-12 months,West,T1,4,3.0,5,0.62,Other brand,Convenience-driven
CON01248,1-5 years,East,T1,4,3.0,4,0.555,Other brand,Mainstream
CON01249,0-12 months,North,T2,3,4.0,4,0.838,Other brand,Price-sensitive
CON01250,0-12 months,North,T2,4,4.0,2,0.567,Other brand,Price-sensitive
CON01251,0-12 months,South,T1,3,2.0,3,0.776,Other brand,Convenience-driven
CON01252,1-5 years,West,T1,5,1.0,5,0.735,DePURA Kids,Health-conscious
CON01253,0-12 months,North,T3,2,4.0,5,0.789,Other brand,Low-awareness
CON01254,6-12 years,Central,T2,5,2.0,4,0.733,DePURA Kids,Health-conscious
CON01255,0-12 months,South,T1,4,3.0,3,0.823,Not currently buying,Convenience-driven
CON01256,1-5 years,South,T1,4,3.0,5,0.695,Other brand,Convenience-driven
CON01257,1-5 years,West,T2,4,3.0,4,0.44,Other brand,Mainstream
CON01258,0-12 months,South,T1,4,2.0,4,0.867,Other brand,Health-conscious
CON01259,0-12 months,East,T2,4,3.0,4,1.0,Other brand,Convenience-driven
CON01260,0-12 months,East,T3,3,3.0,4,0.625,Other brand,Mainstream
CON01261,6-12 years,South,T1,5,3.0,5,0.894,DePURA Kids,Health-conscious
CON01262,0-12 months,Central,T3,4,4.0,3,0.789,Other brand,Price-sensitive
CON01263,6-12 years,South,T2,3,2.0,3,0.259,Not currently buying,Mainstream
CON01264,0-12 months,East,T3,5,5.0,4,0.84,Other brand,Price-sensitive
CON01265,0-12 months,North,T2,4,4.0,4,0.619,Other brand,Price-sensitive
CON01266,0-12 months,West,T1,3,2.0,2,0.908,Other brand,Convenience-driven
CON01267,1-5 years,North,T1,5,4.0,4,0.981,DePURA Kids,Price-sensitive
CON01268,1-5 years,East,T2,4,4.0,3,0.529,Not currently buying,Price-sensitive
CON01269,1-5 years,South,T2,3,2.0,5,0.685,DePURA Kids,Convenience-driven
CON01270,0-12 months,North,T1,3,3.0,3,0.603,Not currently buying,Convenience-driven
CON01271,1-5 years,East,T1,3,4.0,4,0.65,Other brand,Price-sensitive
CON01272,0-12 months,South,T1,5,2.0,3,0.76,Not currently buying,Mainstream
CON01273,0-12 months,East,T1,5,2.0,2,0.884,Not currently buying,Convenience-driven
CON01274,0-12 months,East,T1,4,3.0,4,0.781,DePURA Kids,Convenience-driven
CON01275,1-5 years,North,T3,3,4.0,4,0.756,Other brand,Price-sensitive
CON01276,1-5 years,West,T1,5,3.0,4,0.778,Other brand,Convenience-driven
CON01277,0-12 months,West,T1,4,3.0,3,0.761,Not currently buying,Mainstream
CON01278,6-12 years,South,T1,3,3.0,4,0.575,Other brand,Mainstream
CON01279,0-12 months,South,T1,3,3.0,4,0.698,DePURA Kids,Convenience-driven
CON01280,0-12 months,West,T3,4,4.0,3,0.456,Other brand,Price-sensitive
CON01281,0-12 months,Central,T3,5,3.0,4,1.0,DePURA Kids,Health-conscious
CON01282,0-12 months,West,T1,5,1.0,2,0.926,DePURA Kids,Convenience-driven
CON01283,0-12 months,West,T1,2,4.0,2,0.571,Other brand,Low-awareness
CON01284,0-12 months,South,T2,4,2.0,5,0.774,DePURA Kids,Convenience-driven
CON01285,1-5 years,Central,T3,4,4.0,5,0.468,Other brand,Price-sensitive
CON01286,6-12 years,South,T1,5,2.0,4,0.77,Other brand,Health-conscious
CON01287,1-5 years,North,T2,3,3.0,4,0.444,Other brand,Mainstream
CON01288,0-12 months,North,T3,3,4.0,5,0.473,Other brand,Price-sensitive
CON01289,6-12 years,West,T1,1,3.0,3,0.57,Other brand,Low-awareness
CON01290,0-12 months,North,T2,3,2.0,2,0.534,Other brand,Mainstream
CON01291,1-5 years,South,T1,3,3.0,4,0.296,Not currently buying,Mainstream
CON01292,6-12 years,South,T1,3,4.0,3,0.442,Other brand,Price-sensitive
CON01293,0-12 months,North,T2,2,4.0,1,0.447,Other brand,Low-awareness
CON01294,0-12 months,North,T1,4,4.0,5,0.669,Other brand,Price-sensitive
CON01295,0-12 months,South,T1,5,4.0,2,0.614,Other brand,Price-sensitive
CON01296,1-5 years,East,T2,5,3.0,5,0.77,Not currently buying,Health-conscious
CON01297,13-18 years,West,T1,3,3.0,4,0.463,Other brand,Mainstream
CON01298,1-5 years,South,T1,4,4.0,4,0.581,Not currently buying,Price-sensitive
CON01299,1-5 years,North,T1,5,3.0,2,0.733,Other brand,Mainstream
CON01300,6-12 years,Central,T3,4,,4,0.409,Not currently buying,Mainstream
CON01301,0-12 months,Central,T3,4,3.0,2,0.673,Other brand,Mainstream
CON01302,1-5 years,Central,T3,3,5.0,4,0.443,Other brand,Price-sensitive
CON01303,0-12 months,West,T3,4,4.0,4,0.48,DePURA Kids,Price-sensitive
CON01304,1-5 years,West,T1,5,3.0,5,0.496,DePURA Kids,Mainstream
CON01305,0-12 months,East,T1,5,3.0,5,0.986,DePURA Kids,Health-conscious
CON01306,0-12 months,North,T1,3,2.0,3,0.683,Other brand,Mainstream
CON01307,0-12 months,West,T1,3,,4,0.759,Other brand,Convenience-driven
CON01308,1-5 years,West,T1,2,4.0,4,0.571,Other brand,Low-awareness
CON01309,0-12 months,South,T2,4,3.0,4,0.851,DePURA Kids,Health-conscious
CON01310,13-18 years,West,T2,4,4.0,5,0.651,Other brand,Price-sensitive
CON01311,1-5 years,North,T1,4,2.0,2,0.663,Other brand,Mainstream
CON01312,6-12 years,North,T2,4,4.0,5,0.777,DePURA Kids,Price-sensitive
CON01313,0-12 months,North,T2,3,3.0,4,0.511,Other brand,Mainstream
CON01314,0-12 months,South,T1,4,2.0,4,1.0,Other brand,Health-conscious
CON01315,6-12 years,Central,T2,3,4.0,3,0.417,Other brand,Price-sensitive
CON01316,1-5 years,North,T3,3,4.0,5,0.613,Other brand,Price-sensitive
CON01317,0-12 months,North,T3,3,2.0,3,0.77,Other brand,Convenience-driven
CON01318,1-5 years,East,T3,4,5.0,4,0.393,Other brand,Price-sensitive
CON01319,0-12 months,South,T1,4,3.0,2,0.47,Other brand,Mainstream
CON01320,6-12 years,East,T1,2,5.0,4,0.371,Other brand,Low-awareness
CON01321,0-12 months,North,T3,3,2.0,3,0.658,Other brand,Convenience-driven
CON01322,1-5 years,West,T3,3,4.0,3,0.566,Other brand,Price-sensitive
CON01323,0-12 months,North,T3,4,5.0,4,0.618,Other brand,Price-sensitive
CON01324,0-12 months,North,T2,4,,4,0.793,Other brand,Health-conscious
CON01325,0-12 months,West,T2,3,4.0,4,0.873,Other brand,Price-sensitive
CON01326,6-12 years,North,T1,3,2.0,5,0.587,Other brand,Mainstream
CON01327,0-12 months,East,T1,3,2.0,3,0.557,Other brand,Convenience-driven
CON01328,1-5 years,West,T1,5,3.0,3,0.495,Other brand,Mainstream
CON01329,1-5 years,North,T2,4,4.0,2,0.36,Not currently buying,Price-sensitive
CON01330,6-12 years,West,T3,4,4.0,4,0.468,Other brand,Price-sensitive
CON01331,0-12 months,East,T1,5,3.0,4,0.866,Other brand,Convenience-driven
CON01332,0-12 months,East,T2,3,5.0,1,1.0,Other brand,Price-sensitive
CON01333,0-12 months,North,T1,3,2.0,4,1.0,Other brand,Convenience-driven
CON01334,1-5 years,East,T2,4,5.0,3,0.706,Other brand,Price-sensitive
CON01335,6-12 years,West,T1,2,3.0,3,0.739,Other brand,Low-awareness
CON01336,6-12 years,South,T1,3,2.0,2,0.5,Other brand,Convenience-driven
CON01337,0-12 months,South,T1,5,2.0,5,1.0,Other brand,Convenience-driven
CON01338,0-12 months,East,T3,5,3.0,4,0.736,Other brand,Convenience-driven
CON01339,0-12 months,West,T1,4,4.0,3,0.596,Not currently buying,Price-sensitive
CON01340,1-5 years,South,T1,4,5.0,4,0.416,DePURA Kids,Price-sensitive
CON01341,0-12 months,South,T1,3,3.0,5,0.656,Not currently buying,Mainstream
CON01342,0-12 months,West,T1,3,4.0,3,0.792,Other brand,Price-sensitive
CON01343,13-18 years,South,T2,3,2.0,4,0.987,Other brand,Convenience-driven
CON01344,1-5 years,East,T3,4,3.0,3,0.446,Other brand,Mainstream
CON01345,13-18 years,Central,T3,3,4.0,3,0.491,Other brand,Price-sensitive
CON01346,6-12 years,South,T2,3,4.0,3,0.408,Other brand,Price-sensitive
CON01347,0-12 months,South,T1,4,3.0,5,0.571,Other brand,Mainstream
CON01348,0-12 months,South,T1,2,4.0,3,0.813,Other brand,Low-awareness
CON01349,1-5 years,South,T1,5,3.0,5,0.682,DePURA Kids,Convenience-driven
CON01350,0-12 months,South,T1,3,3.0,5,0.414,Not currently buying,Mainstream
CON01351,13-18 years,North,T1,1,3.0,3,0.486,Other brand,Low-awareness
CON01352,0-12 months,North,T2,2,5.0,5,0.67,Other brand,Low-awareness
CON01353,0-12 months,West,T1,3,2.0,4,0.833,DePURA Kids,Convenience-driven
CON01354,6-12 years,South,T1,3,3.0,4,0.404,Not currently buying,Mainstream
CON01355,1-5 years,North,T1,5,5.0,5,0.394,DePURA Kids,Price-sensitive
CON01356,1-5 years,North,T1,4,3.0,5,0.236,Not currently buying,Mainstream
CON01357,6-12 years,North,T2,2,3.0,4,0.388,Other brand,Low-awareness
CON01358,0-12 months,East,T1,4,3.0,4,0.832,DePURA Kids,Health-conscious
CON01359,0-12 months,East,T1,5,4.0,3,0.446,Other brand,Price-sensitive
CON01360,0-12 months,West,T1,3,2.0,3,0.753,Other brand,Mainstream
CON01361,6-12 years,South,T1,5,3.0,3,0.543,Other brand,Mainstream
CON01362,0-12 months,South,T1,2,3.0,4,0.622,Not currently buying,Low-awareness
CON01363,0-12 months,North,T1,3,4.0,3,0.465,Not currently buying,Price-sensitive
CON01364,0-12 months,West,T1,4,4.0,3,0.83,Other brand,Price-sensitive
CON01365,1-5 years,North,T2,5,4.0,5,0.735,DePURA Kids,Price-sensitive
CON01366,0-12 months,West,T1,3,3.0,4,0.927,DePURA Kids,Health-conscious
CON01367,0-12 months,North,T3,4,4.0,4,0.928,Other brand,Price-sensitive
CON01368,1-5 years,North,T1,4,2.0,2,0.627,Other brand,Mainstream
CON01369,0-12 months,East,T2,5,5.0,4,0.583,DePURA Kids,Price-sensitive
CON01370,0-12 months,Central,T2,4,3.0,4,0.895,DePURA Kids,Health-conscious
CON01371,0-12 months,North,T2,4,3.0,4,0.401,DePURA Kids,Convenience-driven
CON01372,1-5 years,North,T2,4,4.0,4,0.482,Other brand,Price-sensitive
CON01373,1-5 years,North,T1,4,3.0,5,0.544,Other brand,Convenience-driven
CON01374,6-12 years,West,T1,3,5.0,3,0.422,Other brand,Price-sensitive
CON01375,0-12 months,North,T1,5,2.0,3,0.915,DePURA Kids,Convenience-driven
CON01376,13-18 years,North,T3,2,5.0,4,0.738,Other brand,Low-awareness
CON01377,0-12 months,West,T1,3,4.0,3,0.278,Other brand,Price-sensitive
CON01378,0-12 months,South,T3,2,3.0,3,0.578,Other brand,Low-awareness
CON01379,6-12 years,South,T2,2,4.0,5,0.579,Other brand,Low-awareness
CON01380,6-12 years,North,T1,5,4.0,4,0.605,DePURA Kids,Price-sensitive
CON01381,6-12 years,North,T3,3,4.0,5,0.804,DePURA Kids,Price-sensitive
CON01382,0-12 months,North,T2,5,3.0,3,0.784,Not currently buying,Convenience-driven
CON01383,0-12 months,West,T1,5,3.0,4,0.696,DePURA Kids,Mainstream
CON01384,6-12 years,North,T2,5,4.0,3,0.324,DePURA Kids,Price-sensitive
CON01385,0-12 months,North,T2,3,4.0,3,0.907,DePURA Kids,Price-sensitive
CON01386,6-12 years,East,T2,5,3.0,5,0.755,DePURA Kids,Convenience-driven
CON01387,0-12 months,South,T1,4,3.0,3,0.62,Other brand,Convenience-driven
CON01388,6-12 years,East,T1,5,3.0,3,0.661,DePURA Kids,Mainstream
CON01389,0-12 months,Central,T3,4,2.0,5,0.807,Not currently buying,Health-conscious
CON01390,1-5 years,South,T2,5,4.0,4,0.765,Other brand,Price-sensitive
CON01391,0-12 months,West,T1,5,4.0,3,0.605,Other brand,Price-sensitive
CON01392,0-12 months,North,T2,2,2.0,4,0.685,Other brand,Low-awareness
CON01393,0-12 months,Central,T3,4,4.0,4,0.536,Other brand,Price-sensitive
CON01394,1-5 years,East,T3,4,3.0,2,0.594,Not currently buying,Mainstream
CON01395,0-12 months,South,T2,4,3.0,4,0.985,Not currently buying,Health-conscious
CON01396,0-12 months,North,T2,3,3.0,4,0.762,Other brand,Health-conscious
CON01397,6-12 years,East,T3,3,4.0,5,0.3,Other brand,Price-sensitive
CON01398,0-12 months,Central,T2,5,2.0,4,0.925,DePURA Kids,Health-conscious
CON01399,0-12 months,West,T1,4,1.0,3,0.678,DePURA Kids,Mainstream
CON01400,0-12 months,West,T1,3,4.0,4,0.599,Not currently buying,Price-sensitive
CON01401,1-5 years,South,T1,4,2.0,4,0.714,Other brand,Health-conscious
CON01402,1-5 years,South,T1,3,3.0,4,0.776,Not currently buying,Convenience-driven
CON01403,1-5 years,South,T2,4,3.0,4,0.557,Not currently buying,Convenience-driven
CON01404,13-18 years,East,T2,3,3.0,4,0.579,Other brand,Convenience-driven
CON01405,1-5 years,South,T2,5,4.0,4,0.61,DePURA Kids,Price-sensitive
CON01406,1-5 years,North,T3,2,4.0,1,0.641,Other brand,Low-awareness
CON01407,0-12 months,North,T2,4,4.0,5,0.8,Other brand,Price-sensitive
CON01408,0-12 months,Central,T3,3,4.0,5,0.746,Other brand,Price-sensitive
CON01409,13-18 years,North,T2,4,3.0,4,0.586,Other brand,Mainstream
CON01410,0-12 months,South,T1,3,2.0,4,0.678,DePURA Kids,Mainstream
CON01411,0-12 months,North,T2,5,4.0,4,0.531,Other brand,Price-sensitive
CON01412,6-12 years,North,T2,1,4.0,3,0.573,Other brand,Low-awareness
CON01413,0-12 months,North,T1,3,4.0,5,0.818,Other brand,Price-sensitive
CON01414,13-18 years,South,T2,5,2.0,4,0.379,Not currently buying,Mainstream
CON01415,0-12 months,South,T1,3,2.0,4,0.791,Not currently buying,Convenience-driven
CON01416,0-12 months,West,T1,3,3.0,4,0.782,Not currently buying,Health-conscious
CON01417,1-5 years,West,T2,4,3.0,3,0.69,Other brand,Convenience-driven
CON01418,6-12 years,North,T2,4,3.0,4,0.331,Not currently buying,Mainstream
CON01419,0-12 months,East,T1,5,5.0,2,0.989,DePURA Kids,Price-sensitive
CON01420,0-12 months,West,T1,4,1.0,3,0.683,Not currently buying,Mainstream
CON01421,6-12 years,North,T1,3,4.0,3,0.48,Other brand,Price-sensitive
CON01422,1-5 years,West,T1,4,4.0,5,0.659,Other brand,Price-sensitive
CON01423,0-12 months,North,T2,4,4.0,4,0.655,Other brand,Price-sensitive
CON01424,1-5 years,West,T1,2,4.0,3,0.424,Other brand,Low-awareness
CON01425,6-12 years,East,T1,5,3.0,4,0.621,DePURA Kids,Mainstream
CON01426,6-12 years,South,T2,3,2.0,3,0.656,Not currently buying,Mainstream
CON01427,1-5 years,North,T2,3,4.0,4,0.41,Other brand,Price-sensitive
CON01428,0-12 months,West,T1,4,2.0,5,1.0,DePURA Kids,Convenience-driven
CON01429,6-12 years,West,T1,4,3.0,3,0.519,Other brand,Convenience-driven
CON01430,0-12 months,North,T2,2,4.0,5,0.51,Other brand,Low-awareness
CON01431,1-5 years,West,T1,3,3.0,5,0.623,Other brand,Mainstream
CON01432,0-12 months,West,T1,3,3.0,3,0.645,Not currently buying,Mainstream
CON01433,0-12 months,North,T3,2,3.0,3,0.698,Other brand,Low-awareness
CON01434,6-12 years,West,T1,5,1.0,4,0.46,DePURA Kids,Mainstream
CON01435,0-12 months,West,T1,5,2.0,4,0.858,DePURA Kids,Convenience-driven
CON01436,0-12 months,East,T1,2,3.0,1,0.632,Other brand,Low-awareness
CON01437,1-5 years,South,T1,5,2.0,3,0.643,DePURA Kids,Mainstream
CON01438,1-5 years,North,T1,3,2.0,4,0.835,Other brand,Health-conscious
CON01439,1-5 years,Central,T2,3,5.0,4,0.447,Other brand,Price-sensitive
CON01440,6-12 years,North,T2,3,2.0,2,0.365,Not currently buying,Mainstream
CON01441,1-5 years,North,T1,5,4.0,3,0.834,DePURA Kids,Price-sensitive
CON01442,1-5 years,Central,T3,5,4.0,4,0.689,Other brand,Price-sensitive
CON01443,6-12 years,North,T2,5,3.0,3,0.864,Other brand,Mainstream
CON01444,1-5 years,South,T1,5,3.0,4,0.48,DePURA Kids,Mainstream
CON01445,0-12 months,North,T3,3,5.0,3,0.632,Not currently buying,Price-sensitive
CON01446,13-18 years,North,T2,3,3.0,2,0.608,Other brand,Mainstream
CON01447,1-5 years,South,T1,3,2.0,5,0.641,Other brand,Convenience-driven
CON01448,0-12 months,South,T1,5,4.0,3,0.657,DePURA Kids,Price-sensitive
CON01449,0-12 months,East,T1,5,2.0,3,0.715,Other brand,Mainstream
CON01450,0-12 months,North,T2,3,5.0,4,0.622,Other brand,Price-sensitive
CON01451,0-12 months,East,T2,4,3.0,4,0.686,DePURA Kids,Mainstream
CON01452,1-5 years,West,T1,4,2.0,2,0.68,Not currently buying,Convenience-driven
CON01453,0-12 months,East,T2,2,1.0,5,0.853,Other brand,Low-awareness
CON01454,0-12 months,North,T2,4,3.0,4,0.557,Other brand,Mainstream
CON01455,0-12 months,East,T3,4,2.0,3,0.519,DePURA Kids,Mainstream
CON01456,13-18 years,East,T2,3,4.0,3,0.849,Not currently buying,Price-sensitive
CON01457,1-5 years,West,T1,4,2.0,3,0.536,Other brand,Mainstream
CON01458,0-12 months,North,T2,4,4.0,4,0.731,Other brand,Price-sensitive
CON01459,0-12 months,South,T1,4,4.0,3,0.587,Other brand,Price-sensitive
CON01460,0-12 months,North,T2,5,3.0,5,1.0,DePURA Kids,Health-conscious
CON01461,1-5 years,West,T1,5,5.0,2,0.835,Other brand,Price-sensitive
CON01462,0-12 months,East,T2,4,2.0,5,0.743,DePURA Kids,Health-conscious
CON01463,0-12 months,South,T1,4,3.0,5,0.672,Other brand,Mainstream
CON01464,6-12 years,South,T2,3,2.0,3,0.408,Other brand,Mainstream
CON01465,0-12 months,East,T1,4,3.0,4,0.868,Other brand,Health-conscious
CON01466,6-12 years,South,T1,4,4.0,4,0.752,Other brand,Price-sensitive
CON01467,0-12 months,South,T1,4,3.0,5,0.781,DePURA Kids,Convenience-driven
CON01468,0-12 months,South,T2,4,3.0,3,0.526,DePURA Kids,Mainstream
CON01469,0-12 months,West,T2,3,2.0,5,0.852,Not currently buying,Health-conscious
CON01470,0-12 months,North,T2,4,2.0,3,0.851,Other brand,Convenience-driven
CON01471,13-18 years,South,T1,3,2.0,4,0.469,Other brand,Mainstream
CON01472,0-12 months,South,T2,2,4.0,4,1.0,Not currently buying,Low-awareness
CON01473,1-5 years,North,T2,4,4.0,3,0.338,Other brand,Price-sensitive
CON01474,0-12 months,North,T3,3,2.0,3,0.695,Other brand,Mainstream
CON01475,1-5 years,East,T3,4,5.0,4,0.852,Not currently buying,Price-sensitive
CON01476,0-12 months,North,T2,3,3.0,4,0.645,Other brand,Mainstream
CON01477,6-12 years,Central,T3,3,,3,0.285,Not currently buying,Mainstream
CON01478,1-5 years,South,T2,5,3.0,5,0.706,DePURA Kids,Health-conscious
CON01479,6-12 years,North,T2,2,3.0,5,0.899,Other brand,Low-awareness
CON01480,0-12 months,Central,T3,3,4.0,4,0.679,Other brand,Price-sensitive
CON01481,0-12 months,South,T1,3,2.0,3,0.496,Other brand,Mainstream
CON01482,13-18 years,North,T1,3,4.0,5,0.353,Not currently buying,Price-sensitive
CON01483,6-12 years,West,T1,3,4.0,4,0.529,Other brand,Price-sensitive
CON01484,0-12 months,West,T3,4,,3,0.78,Not currently buying,Mainstream
CON01485,1-5 years,Central,T3,2,4.0,4,0.542,Other brand,Low-awareness
CON01486,6-12 years,North,T1,4,3.0,4,0.807,DePURA Kids,Convenience-driven
CON01487,6-12 years,East,T3,5,4.0,4,0.644,Not currently buying,Price-sensitive
CON01488,0-12 months,East,T1,5,2.0,3,0.79,Other brand,Mainstream
CON01489,0-12 months,East,T1,3,2.0,3,0.753,Other brand,Mainstream
CON01490,1-5 years,Central,T2,4,4.0,3,0.438,Other brand,Price-sensitive
CON01491,6-12 years,South,T1,2,3.0,2,0.525,Other brand,Low-awareness
CON01492,1-5 years,South,T2,5,3.0,5,0.66,DePURA Kids,Convenience-driven
CON01493,0-12 months,East,T2,4,3.0,5,0.545,Other brand,Convenience-driven
CON01494,1-5 years,South,T2,5,3.0,3,0.527,Other brand,Convenience-driven
CON01495,1-5 years,North,T2,5,4.0,4,0.604,DePURA Kids,Price-sensitive
CON01496,0-12 months,North,T2,4,4.0,4,0.745,Other brand,Price-sensitive
CON01497,0-12 months,Central,T2,5,3.0,5,0.761,Not currently buying,Health-conscious
CON01498,6-12 years,South,T1,4,3.0,5,0.514,DePURA Kids,Mainstream
CON01499,6-12 years,South,T2,4,4.0,5,0.881,Other brand,Price-sensitive
CON01500,6-12 years,North,T1,4,3.0,5,0.459,DePURA Kids,Mainstream
CON01501,1-5 years,West,T1,3,3.0,3,0.537,Not currently buying,Convenience-driven
CON01502,1-5 years,West,T1,3,3.0,5,0.733,Not currently buying,Health-conscious
CON01503,1-5 years,South,T1,3,4.0,5,0.698,DePURA Kids,Price-sensitive
CON01504,0-12 months,Central,T3,3,2.0,5,0.818,Not currently buying,Health-conscious
CON01505,0-12 months,South,T2,3,3.0,5,0.665,Not currently buying,Mainstream
CON01506,6-12 years,South,T1,1,4.0,4,0.706,Other brand,Low-awareness
CON01507,0-12 months,West,T3,4,5.0,2,0.751,Not currently buying,Price-sensitive
CON01508,6-12 years,North,T2,3,4.0,5,0.482,Not currently buying,Price-sensitive
CON01509,0-12 months,South,T1,5,4.0,3,0.617,Not currently buying,Price-sensitive
CON01510,6-12 years,North,T2,3,3.0,4,0.378,Other brand,Mainstream
CON01511,0-12 months,South,T1,3,3.0,2,0.725,Other brand,Mainstream
CON01512,1-5 years,North,T2,3,2.0,3,0.68,Other brand,Mainstream
CON01513,0-12 months,North,T2,3,4.0,2,0.415,Other brand,Price-sensitive
CON01514,0-12 months,West,T1,4,4.0,2,0.612,Other brand,Price-sensitive
CON01515,1-5 years,Central,T2,3,3.0,2,0.828,DePURA Kids,Mainstream
CON01516,1-5 years,East,T3,5,5.0,3,0.728,Other brand,Price-sensitive
CON01517,1-5 years,South,T1,5,,4,0.762,Other brand,Health-conscious
CON01518,1-5 years,West,T1,4,4.0,5,0.613,Not currently buying,Price-sensitive
CON01519,1-5 years,South,T2,3,3.0,4,0.518,Other brand,Mainstream
CON01520,0-12 months,North,T2,4,3.0,4,0.603,Other brand,Convenience-driven
CON01521,6-12 years,North,T1,5,2.0,4,0.629,Not currently buying,Convenience-driven
CON01522,0-12 months,North,T3,1,3.0,3,0.39,Other brand,Low-awareness
CON01523,0-12 months,Central,T2,5,3.0,4,0.786,DePURA Kids,Health-conscious
CON01524,0-12 months,South,T1,5,2.0,2,0.894,Not currently buying,Mainstream
CON01525,0-12 months,South,T2,5,5.0,3,0.563,Other brand,Price-sensitive
CON01526,0-12 months,South,T1,3,,4,0.751,Not currently buying,Health-conscious
CON01527,0-12 months,North,T2,5,,3,0.722,Other brand,Mainstream
CON01528,6-12 years,South,T1,4,3.0,5,0.797,Other brand,Health-conscious
CON01529,0-12 months,North,T1,4,2.0,5,0.67,Other brand,Mainstream
CON01530,1-5 years,South,T1,3,2.0,4,0.794,Not currently buying,Health-conscious
CON01531,1-5 years,Central,T2,3,4.0,3,0.706,Other brand,Price-sensitive
CON01532,0-12 months,Central,T2,4,3.0,4,0.762,Other brand,Health-conscious
CON01533,0-12 months,South,T2,4,3.0,3,0.809,DePURA Kids,Convenience-driven
CON01534,6-12 years,North,T1,2,3.0,4,0.419,Other brand,Low-awareness
CON01535,0-12 months,West,T1,4,3.0,4,0.704,Not currently buying,Health-conscious
CON01536,1-5 years,East,T3,3,4.0,4,0.574,Other brand,Price-sensitive
CON01537,0-12 months,North,T1,4,3.0,3,0.576,Not currently buying,Convenience-driven
CON01538,0-12 months,East,T1,4,4.0,5,0.565,DePURA Kids,Price-sensitive
CON01539,1-5 years,South,T1,3,4.0,3,0.592,Other brand,Price-sensitive
CON01540,6-12 years,East,T3,4,3.0,4,0.498,DePURA Kids,Mainstream
CON01541,0-12 months,North,T1,5,3.0,4,0.522,DePURA Kids,Mainstream
CON01542,0-12 months,South,T2,4,3.0,1,0.893,Not currently buying,Mainstream
CON01543,0-12 months,Central,T2,3,3.0,4,0.84,Other brand,Health-conscious
CON01544,6-12 years,North,T3,3,5.0,4,0.555,Other brand,Price-sensitive
CON01545,6-12 years,West,T3,2,3.0,2,0.596,Other brand,Low-awareness
CON01546,1-5 years,East,T2,4,4.0,4,0.446,Other brand,Price-sensitive
CON01547,6-12 years,West,T1,5,3.0,5,0.572,DePURA Kids,Convenience-driven
CON01548,0-12 months,North,T2,3,3.0,5,0.832,Not currently buying,Health-conscious
CON01549,6-12 years,North,T1,4,2.0,4,0.785,DePURA Kids,Health-conscious
CON01550,6-12 years,North,T1,4,2.0,5,0.632,Not currently buying,Mainstream
CON01551,0-12 months,North,T2,5,3.0,5,0.557,DePURA Kids,Mainstream
CON01552,13-18 years,Central,T3,4,3.0,3,0.737,Other brand,Convenience-driven
CON01553,1-5 years,West,T1,4,,3,0.703,Other brand,Mainstream
CON01554,0-12 months,East,T1,4,3.0,4,0.528,Other brand,Mainstream
CON01555,0-12 months,South,T1,3,2.0,5,0.896,DePURA Kids,Health-conscious
CON01556,0-12 months,West,T2,5,3.0,3,0.874,Other brand,Convenience-driven
CON01557,0-12 months,North,T2,5,3.0,4,0.74,Other brand,Health-conscious
CON01558,13-18 years,West,T1,3,2.0,3,0.694,Other brand,Mainstream
CON01559,0-12 months,South,T1,5,1.0,4,0.743,DePURA Kids,Convenience-driven
CON01560,0-12 months,North,T1,2,2.0,3,0.721,Other brand,Low-awareness
CON01561,0-12 months,East,T1,4,3.0,4,0.505,DePURA Kids,Convenience-driven
CON01562,0-12 months,South,T1,3,3.0,4,0.764,Not currently buying,Health-conscious
CON01563,1-5 years,East,T2,4,3.0,5,0.435,DePURA Kids,Convenience-driven
CON01564,1-5 years,South,T3,4,4.0,4,0.768,Not currently buying,Price-sensitive
CON01565,6-12 years,West,T1,4,4.0,3,0.28,Other brand,Price-sensitive
CON01566,0-12 months,West,T1,3,3.0,3,0.715,Other brand,Convenience-driven
CON01567,0-12 months,North,T1,4,3.0,5,1.0,Other brand,Convenience-driven
CON01568,6-12 years,North,T1,3,4.0,3,0.647,Other brand,Price-sensitive
CON01569,0-12 months,North,T2,4,3.0,1,0.892,Not currently buying,Mainstream
CON01570,6-12 years,West,T2,5,1.0,4,0.774,DePURA Kids,Health-conscious
CON01571,1-5 years,West,T1,5,4.0,4,0.406,Not currently buying,Price-sensitive
CON01572,0-12 months,West,T2,3,3.0,2,0.724,Not currently buying,Convenience-driven
CON01573,0-12 months,West,T1,3,3.0,3,0.807,Not currently buying,Mainstream
CON01574,1-5 years,West,T1,4,,5,0.496,Other brand,Mainstream
CON01575,6-12 years,Central,T2,3,2.0,3,0.541,Other brand,Mainstream
CON01576,0-12 months,East,T3,5,3.0,5,0.677,Other brand,Mainstream
CON01577,1-5 years,Central,T2,5,2.0,5,0.912,Other brand,Convenience-driven
CON01578,0-12 months,South,T2,3,2.0,4,0.648,DePURA Kids,Convenience-driven
CON01579,1-5 years,South,T1,4,2.0,4,0.814,Not currently buying,Health-conscious
CON01580,0-12 months,West,T1,5,3.0,5,0.61,Other brand,Mainstream
CON01581,6-12 years,North,T2,4,4.0,4,0.425,Other brand,Price-sensitive
CON01582,1-5 years,North,T1,5,3.0,4,0.694,Other brand,Mainstream
CON01583,1-5 years,North,T1,5,3.0,4,0.753,Not currently buying,Convenience-driven
CON01584,1-5 years,North,T2,3,4.0,4,0.532,Other brand,Price-sensitive
CON01585,0-12 months,East,T1,3,4.0,4,0.607,Other brand,Price-sensitive
CON01586,1-5 years,North,T2,3,2.0,3,0.896,Other brand,Convenience-driven
CON01587,0-12 months,South,T2,3,4.0,4,0.764,Other brand,Price-sensitive
CON01588,1-5 years,West,T2,3,4.0,3,0.204,Other brand,Price-sensitive
CON01589,1-5 years,South,T1,4,4.0,3,0.403,Other brand,Price-sensitive
CON01590,1-5 years,North,T2,4,3.0,2,0.706,DePURA Kids,Convenience-driven
CON01591,0-12 months,South,T2,3,4.0,5,0.622,Other brand,Price-sensitive
CON01592,0-12 months,North,T1,3,1.0,3,0.646,Other brand,Mainstream
CON01593,0-12 months,Central,T2,2,4.0,3,0.714,Other brand,Low-awareness
CON01594,1-5 years,North,T2,4,4.0,1,0.331,Not currently buying,Price-sensitive
CON01595,13-18 years,East,T1,4,3.0,4,0.469,DePURA Kids,Convenience-driven
CON01596,0-12 months,South,T1,4,4.0,3,0.516,Other brand,Price-sensitive
CON01597,1-5 years,Central,T3,3,3.0,3,0.678,Other brand,Convenience-driven
CON01598,0-12 months,West,T1,3,4.0,3,0.617,Other brand,Price-sensitive
CON01599,1-5 years,Central,T2,5,3.0,4,0.87,DePURA Kids,Convenience-driven
CON01600,1-5 years,North,T1,5,2.0,5,0.763,DePURA Kids,Convenience-driven
CON01601,0-12 months,West,T3,4,4.0,3,0.487,DePURA Kids,Price-sensitive
CON01602,1-5 years,North,T2,4,2.0,4,0.568,Other brand,Mainstream
CON01603,0-12 months,East,T3,3,4.0,3,0.817,Other brand,Price-sensitive
CON01604,1-5 years,West,T1,5,4.0,3,0.875,Other brand,Price-sensitive
CON01605,0-12 months,Central,T2,2,2.0,5,0.56,DePURA Kids,Low-awareness
CON01606,13-18 years,North,T1,4,2.0,3,0.604,DePURA Kids,Convenience-driven
CON01607,0-12 months,South,T2,5,3.0,4,0.975,DePURA Kids,Health-conscious
CON01608,0-12 months,North,T2,4,3.0,5,0.693,Other brand,Mainstream
CON01609,6-12 years,East,T2,3,5.0,5,0.665,Other brand,Price-sensitive
CON01610,6-12 years,West,T1,4,3.0,5,0.544,Other brand,Mainstream
CON01611,0-12 months,South,T3,2,3.0,4,0.967,Not currently buying,Low-awareness
CON01612,6-12 years,East,T2,5,2.0,5,0.891,DePURA Kids,Convenience-driven
CON01613,13-18 years,South,T1,3,2.0,4,0.621,DePURA Kids,Mainstream
CON01614,1-5 years,West,T1,5,5.0,2,0.823,Other brand,Price-sensitive
CON01615,1-5 years,East,T2,5,3.0,4,0.839,Other brand,Health-conscious
CON01616,6-12 years,North,T2,4,3.0,3,0.64,Not currently buying,Mainstream
CON01617,0-12 months,South,T1,3,2.0,3,0.671,Other brand,Mainstream
CON01618,1-5 years,South,T2,5,3.0,4,0.754,Other brand,Health-conscious
CON01619,6-12 years,West,T1,5,5.0,4,0.413,Other brand,Price-sensitive
CON01620,13-18 years,South,T2,4,3.0,3,0.994,Other brand,Convenience-driven
CON01621,6-12 years,West,T3,3,3.0,4,0.742,Other brand,Health-conscious
CON01622,1-5 years,East,T1,5,3.0,4,0.644,Other brand,Mainstream
CON01623,6-12 years,North,T2,3,4.0,2,0.602,Not currently buying,Price-sensitive
CON01624,1-5 years,East,T3,3,5.0,4,0.337,Other brand,Price-sensitive
CON01625,0-12 months,Central,T2,4,5.0,3,0.547,Other brand,Price-sensitive
CON01626,6-12 years,West,T1,4,4.0,4,0.645,Other brand,Price-sensitive
CON01627,1-5 years,North,T2,5,3.0,3,0.957,DePURA Kids,Mainstream
CON01628,0-12 months,North,T2,3,3.0,4,0.603,Not currently buying,Mainstream
CON01629,6-12 years,West,T1,3,4.0,3,0.361,Other brand,Price-sensitive
CON01630,0-12 months,West,T2,2,4.0,3,0.635,Other brand,Low-awareness
CON01631,0-12 months,South,T1,3,3.0,3,0.772,Other brand,Convenience-driven
CON01632,1-5 years,South,T2,4,3.0,5,0.747,DePURA Kids,Health-conscious
CON01633,1-5 years,North,T1,4,3.0,3,0.738,Not currently buying,Mainstream
CON01634,6-12 years,East,T3,4,2.0,5,0.53,Other brand,Mainstream
CON01635,6-12 years,North,T3,4,4.0,2,0.725,Other brand,Price-sensitive
CON01636,0-12 months,South,T1,3,5.0,2,0.571,DePURA Kids,Price-sensitive
CON01637,0-12 months,South,T2,1,4.0,1,0.862,Other brand,Low-awareness
CON01638,1-5 years,West,T1,4,2.0,3,0.825,Other brand,Convenience-driven
CON01639,1-5 years,West,T1,3,3.0,4,0.408,Not currently buying,Convenience-driven
CON01640,13-18 years,North,T1,3,4.0,5,0.884,Other brand,Price-sensitive
CON01641,0-12 months,West,T1,3,3.0,3,0.345,Other brand,Convenience-driven
CON01642,13-18 years,East,T3,5,3.0,3,0.405,Other brand,Mainstream
CON01643,0-12 months,West,T1,5,2.0,4,0.774,DePURA Kids,Convenience-driven
CON01644,0-12 months,East,T3,4,5.0,3,0.365,Other brand,Price-sensitive
CON01645,0-12 months,South,T1,4,3.0,4,0.526,DePURA Kids,Mainstream
CON01646,6-12 years,East,T1,5,2.0,4,0.632,DePURA Kids,Convenience-driven
CON01647,0-12 months,North,T2,4,3.0,2,0.502,DePURA Kids,Convenience-driven
CON01648,1-5 years,South,T3,3,5.0,5,0.258,Other brand,Price-sensitive
CON01649,6-12 years,North,T2,5,4.0,4,0.71,Not currently buying,Price-sensitive
CON01650,0-12 months,West,T3,2,3.0,2,0.769,Other brand,Low-awareness
CON01651,1-5 years,South,T2,4,4.0,3,0.332,Not currently buying,Price-sensitive
CON01652,0-12 months,North,T2,4,5.0,4,0.544,Other brand,Price-sensitive
CON01653,6-12 years,East,T2,3,3.0,4,0.747,Other brand,Health-conscious
CON01654,6-12 years,West,T3,3,4.0,3,0.74,Not currently buying,Price-sensitive
CON01655,6-12 years,West,T1,4,1.0,4,0.543,Other brand,Mainstream
CON01656,0-12 months,East,T1,5,4.0,4,0.737,DePURA Kids,Price-sensitive
CON01657,0-12 months,East,T1,5,4.0,5,0.618,Not currently buying,Price-sensitive
CON01658,1-5 years,East,T2,4,4.0,2,0.543,Other brand,Price-sensitive
CON01659,0-12 months,South,T3,5,3.0,4,1.0,Other brand,Health-conscious
CON01660,0-12 months,South,T1,4,4.0,3,0.462,Not currently buying,Price-sensitive
CON01661,1-5 years,North,T2,3,1.0,4,0.584,Other brand,Mainstream
CON01662,6-12 years,South,T2,4,4.0,4,0.467,DePURA Kids,Price-sensitive
CON01663,1-5 years,South,T1,5,2.0,3,0.48,Not currently buying,Mainstream
CON01664,0-12 months,West,T1,5,5.0,4,1.0,Other brand,Price-sensitive
CON01665,6-12 years,East,T2,3,5.0,4,0.339,Other brand,Price-sensitive
CON01666,6-12 years,West,T3,3,3.0,2,0.556,Other brand,Mainstream
CON01667,0-12 months,South,T2,5,4.0,3,0.95,Other brand,Price-sensitive
CON01668,1-5 years,South,T3,5,4.0,3,0.373,Other brand,Price-sensitive
CON01669,1-5 years,North,T1,5,3.0,4,0.852,DePURA Kids,Convenience-driven
CON01670,0-12 months,West,T2,2,2.0,3,0.745,Other brand,Low-awareness
CON01671,0-12 months,South,T1,4,2.0,3,0.661,Not currently buying,Mainstream
CON01672,0-12 months,East,T2,3,3.0,4,0.549,Other brand,Mainstream
CON01673,6-12 years,North,T2,3,5.0,4,0.36,Other brand,Price-sensitive
CON01674,6-12 years,South,T1,5,2.0,4,0.724,Other brand,Health-conscious
CON01675,0-12 months,West,T1,5,3.0,4,1.0,Other brand,Health-conscious
CON01676,1-5 years,West,T3,4,3.0,3,0.563,Not currently buying,Mainstream
CON01677,0-12 months,North,T2,3,4.0,5,0.46,Other brand,Price-sensitive
CON01678,0-12 months,Central,T2,4,4.0,3,0.485,Not currently buying,Price-sensitive
CON01679,13-18 years,North,T1,4,3.0,3,0.476,Other brand,Convenience-driven
CON01680,0-12 months,West,T1,3,2.0,5,0.667,Other brand,Mainstream
CON01681,0-12 months,West,T1,5,2.0,5,0.909,DePURA Kids,Convenience-driven
CON01682,13-18 years,North,T2,5,2.0,4,0.484,Other brand,Mainstream
CON01683,0-12 months,East,T2,4,2.0,3,0.932,Not currently buying,Mainstream
CON01684,1-5 years,South,T1,3,2.0,3,0.722,Not currently buying,Convenience-driven
CON01685,0-12 months,East,T3,5,3.0,4,1.0,DePURA Kids,Health-conscious
CON01686,1-5 years,South,T2,2,4.0,3,0.47,Not currently buying,Low-awareness
CON01687,0-12 months,Central,T2,3,4.0,3,0.629,Other brand,Price-sensitive
CON01688,6-12 years,South,T1,4,4.0,3,0.814,Other brand,Price-sensitive
CON01689,0-12 months,North,T2,5,2.0,3,0.753,Other brand,Mainstream
CON01690,6-12 years,North,T2,3,3.0,4,0.63,Other brand,Mainstream
CON01691,0-12 months,West,T3,2,4.0,2,0.64,Other brand,Low-awareness
CON01692,0-12 months,North,T2,4,3.0,2,0.604,Not currently buying,Mainstream
CON01693,0-12 months,South,T1,4,4.0,4,0.657,Other brand,Price-sensitive
CON01694,0-12 months,West,T1,5,4.0,5,1.0,DePURA Kids,Price-sensitive
CON01695,0-12 months,North,T1,4,4.0,5,0.837,DePURA Kids,Price-sensitive
CON01696,0-12 months,South,T1,5,5.0,3,0.703,Other brand,Price-sensitive
CON01697,0-12 months,Central,T3,5,4.0,3,0.544,Other brand,Price-sensitive
CON01698,6-12 years,North,T3,3,2.0,3,0.754,Other brand,Mainstream
CON01699,1-5 years,North,T2,2,2.0,3,0.547,DePURA Kids,Low-awareness
CON01700,1-5 years,South,T1,4,2.0,2,0.571,Other brand,Convenience-driven
CON01701,1-5 years,South,T2,4,2.0,4,0.926,Other brand,Health-conscious
CON01702,0-12 months,North,T2,5,3.0,2,0.547,Other brand,Mainstream
CON01703,0-12 months,South,T2,5,3.0,4,0.805,DePURA Kids,Health-conscious
CON01704,1-5 years,South,T1,4,3.0,2,0.421,Not currently buying,Convenience-driven
CON01705,0-12 months,South,T1,5,2.0,4,0.58,Other brand,Mainstream
CON01706,0-12 months,North,T1,2,4.0,3,0.708,Other brand,Low-awareness
CON01707,0-12 months,East,T2,4,4.0,4,0.99,Other brand,Price-sensitive
CON01708,1-5 years,South,T1,3,2.0,4,0.374,Other brand,Mainstream
CON01709,1-5 years,North,T3,2,3.0,3,0.629,DePURA Kids,Low-awareness
CON01710,0-12 months,East,T1,3,2.0,3,0.911,DePURA Kids,Mainstream
CON01711,0-12 months,South,T1,4,3.0,4,0.798,Other brand,Health-conscious
CON01712,1-5 years,North,T2,4,2.0,4,0.688,Other brand,Mainstream
CON01713,0-12 months,East,T1,3,3.0,4,0.53,DePURA Kids,Mainstream
CON01714,0-12 months,South,T2,3,,5,0.621,Not currently buying,Mainstream
CON01715,0-12 months,West,T1,4,3.0,3,0.392,Other brand,Mainstream
CON01716,1-5 years,Central,T3,5,3.0,5,0.797,DePURA Kids,Health-conscious
CON01717,1-5 years,West,T2,2,2.0,3,0.916,Other brand,Low-awareness
CON01718,0-12 months,North,T1,4,4.0,4,0.571,DePURA Kids,Price-sensitive
CON01719,1-5 years,West,T3,2,4.0,2,0.218,Not currently buying,Low-awareness
CON01720,0-12 months,North,T2,4,4.0,4,0.284,DePURA Kids,Price-sensitive
CON01721,1-5 years,North,T2,4,3.0,4,0.692,DePURA Kids,Mainstream
CON01722,1-5 years,North,T2,4,4.0,2,0.468,Other brand,Price-sensitive
CON01723,6-12 years,North,T2,3,4.0,3,0.302,Other brand,Price-sensitive
CON01724,0-12 months,South,T1,5,3.0,5,0.896,DePURA Kids,Convenience-driven
CON01725,1-5 years,West,T1,2,5.0,4,0.579,Other brand,Low-awareness
CON01726,6-12 years,North,T2,2,3.0,2,0.274,Other brand,Low-awareness
CON01727,1-5 years,North,T2,2,3.0,2,0.71,Other brand,Low-awareness
CON01728,6-12 years,South,T1,3,3.0,2,0.389,Other brand,Mainstream
CON01729,1-5 years,West,T1,3,3.0,5,0.554,Other brand,Convenience-driven
CON01730,1-5 years,South,T1,3,3.0,3,0.696,Other brand,Mainstream
CON01731,0-12 months,North,T1,3,3.0,3,0.461,Other brand,Convenience-driven
CON01732,1-5 years,South,T2,3,3.0,4,0.355,Not currently buying,Mainstream
CON01733,0-12 months,East,T2,3,3.0,5,0.672,Other brand,Mainstream
CON01734,6-12 years,South,T1,5,3.0,3,0.415,DePURA Kids,Convenience-driven
CON01735,0-12 months,South,T2,3,3.0,3,0.79,Other brand,Convenience-driven
CON01736,13-18 years,North,T2,5,5.0,4,0.394,DePURA Kids,Price-sensitive
CON01737,0-12 months,West,T1,2,2.0,2,0.449,DePURA Kids,Low-awareness
CON01738,6-12 years,North,T2,2,3.0,4,0.314,Not currently buying,Low-awareness
CON01739,1-5 years,South,T1,3,3.0,3,0.601,Other brand,Mainstream
CON01740,13-18 years,South,T2,4,3.0,5,0.707,DePURA Kids,Convenience-driven
CON01741,0-12 months,North,T2,4,2.0,3,0.576,Other brand,Mainstream
CON01742,0-12 months,South,T2,4,4.0,5,0.645,Other brand,Price-sensitive
CON01743,0-12 months,Central,T3,3,3.0,4,0.65,Other brand,Mainstream
CON01744,13-18 years,East,T2,4,4.0,4,0.641,Not currently buying,Price-sensitive
CON01745,0-12 months,East,T2,4,1.0,4,0.646,DePURA Kids,Mainstream
CON01746,0-12 months,North,T1,4,3.0,5,0.731,DePURA Kids,Health-conscious
CON01747,6-12 years,South,T2,4,3.0,5,0.422,Other brand,Mainstream
CON01748,1-5 years,North,T2,4,1.0,3,0.601,Other brand,Mainstream
CON01749,6-12 years,Central,T3,3,4.0,3,0.619,Other brand,Price-sensitive
CON01750,13-18 years,Central,T2,3,2.0,5,0.614,DePURA Kids,Mainstream
CON01751,0-12 months,West,T1,4,5.0,4,0.658,Not currently buying,Price-sensitive
CON01752,0-12 months,South,T2,3,2.0,4,0.773,Not currently buying,Health-conscious
CON01753,0-12 months,Central,T3,3,3.0,4,0.619,Other brand,Mainstream
CON01754,1-5 years,South,T1,4,4.0,4,0.366,Other brand,Price-sensitive
CON01755,0-12 months,South,T1,3,3.0,3,0.508,Other brand,Convenience-driven
CON01756,6-12 years,West,T1,3,3.0,4,0.543,Not currently buying,Mainstream
CON01757,0-12 months,North,T1,4,2.0,4,0.944,Other brand,Convenience-driven
CON01758,6-12 years,North,T3,5,3.0,5,0.677,Other brand,Mainstream
CON01759,0-12 months,North,T2,4,3.0,4,0.848,Other brand,Health-conscious
CON01760,13-18 years,South,T1,3,3.0,4,0.504,Not currently buying,Mainstream
CON01761,0-12 months,North,T3,2,4.0,4,0.884,Other brand,Low-awareness
CON01762,6-12 years,West,T1,5,2.0,5,0.777,DePURA Kids,Health-conscious
CON01763,6-12 years,West,T1,3,2.0,4,0.354,Other brand,Mainstream
CON01764,0-12 months,South,T2,5,3.0,3,0.751,Other brand,Mainstream
CON01765,0-12 months,East,T1,5,2.0,4,0.804,DePURA Kids,Health-conscious
CON01766,6-12 years,North,T2,3,4.0,3,0.287,Other brand,Price-sensitive
CON01767,6-12 years,West,T1,3,2.0,3,0.466,Not currently buying,Convenience-driven
CON01768,0-12 months,North,T2,2,3.0,4,0.371,Other brand,Low-awareness
CON01769,0-12 months,East,T2,4,2.0,5,0.824,Not currently buying,Health-conscious
CON01770,1-5 years,Central,T2,5,4.0,3,0.548,DePURA Kids,Price-sensitive
CON01771,0-12 months,North,T1,3,3.0,3,0.785,Other brand,Mainstream
CON01772,0-12 months,North,T1,3,3.0,1,0.537,Not currently buying,Mainstream
CON01773,0-12 months,East,T1,4,2.0,4,0.626,Not currently buying,Convenience-driven
CON01774,6-12 years,West,T2,3,4.0,5,0.69,Not currently buying,Price-sensitive
CON01775,13-18 years,East,T3,4,5.0,4,0.662,Other brand,Price-sensitive
CON01776,0-12 months,South,T3,3,4.0,4,0.769,Other brand,Price-sensitive
CON01777,0-12 months,Central,T2,5,3.0,5,0.788,DePURA Kids,Health-conscious
CON01778,0-12 months,South,T2,4,3.0,2,0.849,Other brand,Mainstream
CON01779,1-5 years,South,T2,3,3.0,3,0.799,Not currently buying,Convenience-driven
CON01780,0-12 months,South,T1,1,3.0,3,0.601,Not currently buying,Low-awareness
CON01781,0-12 months,North,T1,4,4.0,3,0.446,Not currently buying,Price-sensitive
CON01782,6-12 years,South,T2,3,3.0,5,0.443,Other brand,Mainstream
CON01783,1-5 years,South,T2,3,4.0,4,0.336,Other brand,Price-sensitive
CON01784,1-5 years,East,T3,4,4.0,5,0.416,Other brand,Price-sensitive
CON01785,6-12 years,North,T2,4,3.0,4,0.655,DePURA Kids,Mainstream
CON01786,0-12 months,East,T2,2,5.0,4,0.347,Not currently buying,Low-awareness
CON01787,0-12 months,West,T1,3,4.0,4,0.801,Other brand,Price-sensitive
CON01788,1-5 years,North,T2,5,2.0,5,0.679,DePURA Kids,Mainstream
CON01789,0-12 months,South,T1,2,2.0,1,0.824,Not currently buying,Low-awareness
CON01790,1-5 years,South,T1,2,5.0,3,0.508,Other brand,Low-awareness
CON01791,13-18 years,North,T1,2,2.0,3,0.394,Not currently buying,Low-awareness
CON01792,6-12 years,West,T1,2,3.0,3,0.87,Not currently buying,Low-awareness
CON01793,6-12 years,West,T3,3,4.0,4,0.974,DePURA Kids,Price-sensitive
CON01794,6-12 years,East,T1,5,4.0,4,0.827,Other brand,Price-sensitive
CON01795,1-5 years,North,T1,2,4.0,4,0.894,Other brand,Low-awareness
CON01796,6-12 years,South,T1,5,3.0,5,0.692,DePURA Kids,Mainstream
CON01797,0-12 months,East,T3,5,3.0,5,0.585,Other brand,Mainstream
CON01798,6-12 years,East,T3,4,4.0,4,0.458,Other brand,Price-sensitive
CON01799,1-5 years,North,T2,4,2.0,2,0.831,Not currently buying,Mainstream
CON01800,0-12 months,South,T1,4,3.0,5,0.592,Other brand,Convenience-driven
CON01801,6-12 years,West,T3,2,4.0,3,0.751,Not currently buying,Low-awareness
CON01802,1-5 years,South,T1,3,4.0,3,0.588,Not currently buying,Price-sensitive
CON01803,0-12 months,Central,T3,3,2.0,5,0.612,Other brand,Mainstream
CON01804,0-12 months,East,T3,5,4.0,3,0.565,Other brand,Price-sensitive
CON01805,1-5 years,South,T2,2,2.0,2,0.499,Not currently buying,Low-awareness
CON01806,6-12 years,Central,T3,3,4.0,4,0.353,Other brand,Price-sensitive
CON01807,6-12 years,East,T2,5,4.0,3,0.397,DePURA Kids,Price-sensitive
CON01808,0-12 months,East,T3,3,3.0,4,0.745,Other brand,Health-conscious
CON01809,6-12 years,North,T2,3,3.0,5,0.39,Other brand,Convenience-driven
CON01810,1-5 years,South,T1,5,5.0,4,0.449,Not currently buying,Price-sensitive
CON01811,6-12 years,East,T3,2,4.0,2,0.43,Other brand,Low-awareness
CON01812,0-12 months,East,T1,5,4.0,4,0.636,Other brand,Price-sensitive
CON01813,6-12 years,East,T3,4,3.0,5,0.476,DePURA Kids,Mainstream
CON01814,0-12 months,South,T1,4,5.0,2,0.618,Other brand,Price-sensitive
CON01815,0-12 months,North,T1,4,3.0,4,0.676,Not currently buying,Convenience-driven
CON01816,0-12 months,North,T1,4,2.0,4,0.621,Other brand,Mainstream
CON01817,0-12 months,West,T1,4,2.0,4,0.362,Other brand,Mainstream
CON01818,13-18 years,South,T1,4,4.0,5,0.507,Not currently buying,Price-sensitive
CON01819,6-12 years,East,T2,4,2.0,3,0.61,Other brand,Convenience-driven
CON01820,0-12 months,West,T2,4,3.0,4,0.729,DePURA Kids,Health-conscious
CON01821,6-12 years,South,T1,5,3.0,5,0.814,Other brand,Health-conscious
CON01822,0-12 months,Central,T2,5,3.0,5,0.682,Other brand,Mainstream
CON01823,6-12 years,North,T2,4,3.0,4,0.837,Other brand,Convenience-driven
CON01824,1-5 years,West,T1,3,1.0,4,0.475,Other brand,Mainstream
CON01825,1-5 years,West,T1,4,4.0,4,0.485,Other brand,Price-sensitive
CON01826,6-12 years,South,T1,3,3.0,5,0.462,Other brand,Mainstream
CON01827,1-5 years,South,T3,3,4.0,3,0.424,Other brand,Price-sensitive
CON01828,0-12 months,West,T3,2,3.0,5,0.689,DePURA Kids,Low-awareness
CON01829,6-12 years,East,T2,3,3.0,4,0.676,Other brand,Mainstream
CON01830,0-12 months,West,T1,4,2.0,5,0.753,DePURA Kids,Health-conscious
CON01831,1-5 years,South,T2,4,2.0,3,0.733,Other brand,Mainstream
CON01832,0-12 months,North,T2,4,2.0,5,0.846,Not currently buying,Health-conscious
CON01833,1-5 years,West,T2,5,2.0,3,0.711,Other brand,Mainstream
CON01834,1-5 years,South,T1,4,2.0,4,0.913,Other brand,Health-conscious
CON01835,6-12 years,West,T3,4,4.0,3,0.451,Other brand,Price-sensitive
CON01836,13-18 years,South,T1,4,3.0,3,0.466,Other brand,Mainstream
CON01837,1-5 years,West,T3,4,4.0,3,0.336,Other brand,Price-sensitive
CON01838,0-12 months,North,T2,3,4.0,3,0.691,Other brand,Price-sensitive
CON01839,0-12 months,East,T1,5,2.0,3,0.833,Other brand,Convenience-driven
CON01840,0-12 months,South,T3,4,2.0,3,0.619,Other brand,Mainstream
CON01841,0-12 months,South,T2,4,3.0,2,0.623,DePURA Kids,Mainstream
CON01842,6-12 years,East,T3,4,3.0,3,0.672,Other brand,Mainstream
CON01843,6-12 years,South,T1,2,1.0,3,0.766,Other brand,Low-awareness
CON01844,0-12 months,North,T1,3,1.0,5,0.659,Other brand,Mainstream
CON01845,0-12 months,South,T1,4,5.0,5,0.658,Other brand,Price-sensitive
CON01846,0-12 months,Central,T2,2,4.0,3,0.492,Other brand,Low-awareness
CON01847,6-12 years,North,T2,3,4.0,2,0.567,Other brand,Price-sensitive
CON01848,0-12 months,South,T1,3,4.0,4,0.712,Other brand,Price-sensitive
CON01849,0-12 months,South,T3,3,4.0,4,0.756,Other brand,Price-sensitive
CON01850,6-12 years,Central,T3,5,3.0,3,0.286,Other brand,Mainstream
CON01851,6-12 years,North,T2,4,4.0,4,0.766,Other brand,Price-sensitive
CON01852,6-12 years,South,T1,3,1.0,4,0.763,Not currently buying,Health-conscious
CON01853,6-12 years,North,T1,3,4.0,2,0.696,Other brand,Price-sensitive
CON01854,0-12 months,North,T2,5,3.0,5,0.797,Other brand,Health-conscious
CON01855,6-12 years,South,T2,4,4.0,3,0.749,Not currently buying,Price-sensitive
CON01856,0-12 months,West,T3,4,4.0,5,0.541,Not currently buying,Price-sensitive
CON01857,1-5 years,South,T1,2,3.0,4,0.368,Not currently buying,Low-awareness
CON01858,0-12 months,West,T1,3,3.0,3,0.625,DePURA Kids,Convenience-driven
CON01859,0-12 months,Central,T3,3,4.0,4,0.78,Other brand,Price-sensitive
CON01860,13-18 years,North,T1,3,4.0,3,0.593,DePURA Kids,Price-sensitive
CON01861,1-5 years,North,T1,4,3.0,5,0.719,Not currently buying,Convenience-driven
CON01862,0-12 months,East,T3,4,3.0,3,0.621,Other brand,Convenience-driven
CON01863,0-12 months,West,T1,3,3.0,5,0.624,Other brand,Mainstream
CON01864,13-18 years,South,T2,3,3.0,5,0.48,DePURA Kids,Mainstream
CON01865,13-18 years,Central,T2,5,3.0,4,0.843,Other brand,Health-conscious
CON01866,6-12 years,North,T1,4,1.0,3,0.451,Not currently buying,Mainstream
CON01867,1-5 years,North,T1,4,4.0,3,0.868,Other brand,Price-sensitive
CON01868,6-12 years,North,T1,4,4.0,4,0.374,Other brand,Price-sensitive
CON01869,0-12 months,Central,T2,4,5.0,5,0.64,DePURA Kids,Price-sensitive
CON01870,6-12 years,West,T1,4,2.0,4,0.685,DePURA Kids,Convenience-driven
CON01871,0-12 months,East,T2,3,3.0,5,0.54,Other brand,Convenience-driven
CON01872,6-12 years,North,T2,5,4.0,4,0.897,DePURA Kids,Price-sensitive
CON01873,13-18 years,West,T2,3,2.0,4,0.635,Other brand,Mainstream
CON01874,1-5 years,North,T1,3,4.0,4,0.311,Not currently buying,Price-sensitive
CON01875,6-12 years,South,T1,3,2.0,4,0.655,Other brand,Mainstream
CON01876,0-12 months,North,T2,5,4.0,5,0.917,DePURA Kids,Price-sensitive
CON01877,0-12 months,South,T1,2,4.0,4,0.469,Other brand,Low-awareness
CON01878,6-12 years,South,T1,4,2.0,4,0.64,Not currently buying,Mainstream
CON01879,0-12 months,East,T2,3,4.0,4,1.0,Other brand,Price-sensitive
CON01880,0-12 months,North,T2,3,3.0,4,0.321,Other brand,Mainstream
CON01881,1-5 years,South,T1,5,3.0,4,0.721,DePURA Kids,Convenience-driven
CON01882,13-18 years,West,T1,4,3.0,5,0.641,Not currently buying,Mainstream
CON01883,6-12 years,West,T1,4,3.0,4,0.307,Other brand,Mainstream
CON01884,0-12 months,East,T1,5,,3,0.931,Other brand,Convenience-driven
CON01885,0-12 months,East,T3,4,3.0,3,0.72,Other brand,Convenience-driven
CON01886,0-12 months,West,T1,5,2.0,4,0.961,DePURA Kids,Convenience-driven
CON01887,6-12 years,South,T1,3,2.0,3,0.387,Other brand,Convenience-driven
CON01888,0-12 months,South,T2,5,2.0,5,0.578,DePURA Kids,Mainstream
CON01889,6-12 years,West,T1,3,3.0,5,0.809,Other brand,Health-conscious
CON01890,1-5 years,North,T2,5,4.0,2,0.718,DePURA Kids,Price-sensitive
CON01891,0-12 months,South,T2,5,4.0,4,0.728,Other brand,Price-sensitive
CON01892,1-5 years,Central,T2,3,3.0,3,0.49,Other brand,Mainstream
CON01893,0-12 months,West,T1,5,3.0,2,0.465,Other brand,Convenience-driven
CON01894,1-5 years,North,T1,3,4.0,4,0.326,Other brand,Price-sensitive
CON01895,1-5 years,East,T1,2,1.0,4,0.551,DePURA Kids,Low-awareness
CON01896,0-12 months,West,T1,2,3.0,4,0.952,Other brand,Low-awareness
CON01897,0-12 months,Central,T3,5,3.0,4,0.644,Other brand,Mainstream
CON01898,1-5 years,North,T2,5,3.0,3,0.334,Other brand,Convenience-driven
CON01899,1-5 years,North,T1,4,1.0,5,0.776,DePURA Kids,Convenience-driven
CON01900,1-5 years,West,T1,5,2.0,4,0.45,DePURA Kids,Mainstream
CON01901,1-5 years,North,T2,4,3.0,3,0.87,Other brand,Mainstream
CON01902,1-5 years,North,T1,3,3.0,3,0.753,Not currently buying,Convenience-driven
CON01903,1-5 years,North,T2,5,5.0,3,0.487,Other brand,Price-sensitive
CON01904,0-12 months,South,T1,4,3.0,4,0.42,DePURA Kids,Mainstream
CON01905,6-12 years,North,T3,4,5.0,3,0.619,Other brand,Price-sensitive
CON01906,0-12 months,East,T2,2,4.0,4,0.721,Other brand,Low-awareness
CON01907,1-5 years,East,T3,4,4.0,4,0.746,DePURA Kids,Price-sensitive
CON01908,6-12 years,West,T1,5,3.0,4,0.451,Other brand,Mainstream
CON01909,1-5 years,South,T1,5,3.0,3,0.669,Other brand,Mainstream
CON01910,1-5 years,North,T3,5,4.0,4,0.712,Other brand,Price-sensitive
CON01911,0-12 months,West,T2,2,2.0,5,0.672,Other brand,Low-awareness
CON01912,0-12 months,West,T1,4,2.0,3,1.0,Other brand,Mainstream
CON01913,13-18 years,East,T1,5,3.0,3,0.753,Other brand,Mainstream
CON01914,0-12 months,West,T1,4,4.0,4,0.723,Other brand,Price-sensitive
CON01915,1-5 years,North,T2,5,3.0,4,0.742,Not currently buying,Health-conscious
CON01916,0-12 months,South,T1,3,2.0,4,1.0,DePURA Kids,Health-conscious
CON01917,0-12 months,South,T1,4,1.0,3,0.575,Not currently buying,Mainstream
CON01918,6-12 years,West,T1,3,3.0,5,0.661,Not currently buying,Mainstream
CON01919,0-12 months,South,T2,3,4.0,3,0.584,Other brand,Price-sensitive
CON01920,1-5 years,South,T1,3,3.0,4,0.642,Other brand,Convenience-driven
CON01921,0-12 months,North,T2,4,4.0,3,0.618,Other brand,Price-sensitive
CON01922,1-5 years,North,T2,4,3.0,5,0.658,DePURA Kids,Mainstream
CON01923,1-5 years,South,T1,4,2.0,4,0.762,Other brand,Health-conscious
CON01924,0-12 months,South,T1,3,3.0,3,0.825,Other brand,Convenience-driven
CON01925,0-12 months,North,T1,5,4.0,3,0.711,DePURA Kids,Price-sensitive
CON01926,6-12 years,North,T3,4,4.0,5,0.711,Not currently buying,Price-sensitive
CON01927,6-12 years,North,T2,4,3.0,4,0.686,Other brand,Mainstream
CON01928,0-12 months,East,T2,3,4.0,5,0.573,Other brand,Price-sensitive
CON01929,0-12 months,West,T3,4,2.0,4,0.52,Other brand,Mainstream
CON01930,1-5 years,Central,T2,3,4.0,4,0.557,Other brand,Price-sensitive
CON01931,0-12 months,North,T2,4,3.0,2,0.582,Other brand,Mainstream
CON01932,1-5 years,West,T3,4,4.0,5,0.736,Not currently buying,Price-sensitive
CON01933,0-12 months,East,T2,2,3.0,4,0.837,Other brand,Low-awareness
CON01934,0-12 months,East,T1,3,4.0,2,0.3,Other brand,Price-sensitive
CON01935,1-5 years,West,T3,2,4.0,4,0.505,Other brand,Low-awareness
CON01936,6-12 years,East,T1,4,4.0,4,0.391,Other brand,Price-sensitive
CON01937,1-5 years,West,T1,3,3.0,5,0.592,DePURA Kids,Mainstream
CON01938,1-5 years,South,T1,4,5.0,5,0.709,DePURA Kids,Price-sensitive
CON01939,0-12 months,West,T2,3,3.0,3,0.808,Other brand,Convenience-driven
CON01940,0-12 months,South,T1,3,4.0,5,0.869,DePURA Kids,Price-sensitive
CON01941,1-5 years,South,T1,5,3.0,4,0.556,Not currently buying,Mainstream
CON01942,0-12 months,North,T2,5,3.0,4,0.61,Other brand,Convenience-driven
CON01943,1-5 years,East,T3,5,2.0,4,0.456,Other brand,Mainstream
CON01944,1-5 years,North,T3,4,4.0,5,0.646,Other brand,Price-sensitive
CON01945,0-12 months,South,T1,3,5.0,3,0.545,Other brand,Price-sensitive
CON01946,6-12 years,East,T3,2,4.0,5,0.39,Other brand,Low-awareness
CON01947,6-12 years,West,T1,3,4.0,5,0.689,Other brand,Price-sensitive
CON01948,6-12 years,East,T2,4,,4,0.422,DePURA Kids,Convenience-driven
CON01949,0-12 months,South,T1,4,4.0,5,0.601,Other brand,Price-sensitive
CON01950,1-5 years,South,T2,5,3.0,4,0.956,Other brand,Convenience-driven
CON01951,0-12 months,North,T2,2,3.0,2,1.0,Other brand,Low-awareness
CON01952,0-12 months,West,T2,5,3.0,3,0.954,Other brand,Mainstream
CON01953,1-5 years,West,T3,3,5.0,5,0.347,Other brand,Price-sensitive
CON01954,0-12 months,East,T3,3,2.0,2,0.519,Not currently buying,Mainstream
CON01955,1-5 years,West,T3,4,2.0,4,0.499,Other brand,Mainstream
CON01956,1-5 years,West,T2,4,3.0,4,0.733,DePURA Kids,Health-conscious
CON01957,13-18 years,West,T1,3,4.0,3,0.551,Other brand,Price-sensitive
CON01958,6-12 years,East,T2,2,2.0,4,0.603,Other brand,Low-awareness
CON01959,6-12 years,South,T1,1,4.0,5,0.612,Other brand,Low-awareness
CON01960,6-12 years,Central,T2,2,3.0,2,0.309,Other brand,Low-awareness
CON01961,6-12 years,South,T1,3,3.0,2,0.529,Other brand,Mainstream
CON01962,0-12 months,West,T1,4,2.0,3,0.866,Not currently buying,Mainstream
CON01963,1-5 years,East,T1,5,2.0,5,0.731,DePURA Kids,Health-conscious
CON01964,6-12 years,South,T1,4,4.0,4,0.679,Other brand,Price-sensitive
CON01965,0-12 months,North,T3,4,4.0,4,0.645,Other brand,Price-sensitive
CON01966,0-12 months,North,T2,2,3.0,3,0.631,Not currently buying,Low-awareness
CON01967,13-18 years,Central,T2,4,3.0,5,0.586,DePURA Kids,Convenience-driven
CON01968,0-12 months,South,T1,1,2.0,5,0.696,Other brand,Low-awareness
CON01969,6-12 years,West,T1,4,4.0,4,0.767,Not currently buying,Price-sensitive
CON01970,6-12 years,East,T2,3,3.0,4,0.442,Other brand,Mainstream
CON01971,1-5 years,Central,T3,3,3.0,5,0.69,Other brand,Convenience-driven
CON01972,0-12 months,East,T1,4,2.0,5,1.0,Other brand,Health-conscious
CON01973,0-12 months,North,T2,3,4.0,4,0.606,Other brand,Price-sensitive
CON01974,6-12 years,Central,T3,3,4.0,1,0.41,Other brand,Price-sensitive
CON01975,6-12 years,East,T2,4,4.0,4,0.67,DePURA Kids,Price-sensitive
CON01976,1-5 years,West,T1,3,1.0,4,0.885,Other brand,Convenience-driven
CON01977,1-5 years,South,T1,3,5.0,3,0.476,Not currently buying,Price-sensitive
CON01978,0-12 months,South,T1,3,3.0,4,0.615,Other brand,Mainstream
CON01979,6-12 years,West,T1,3,3.0,3,0.26,Not currently buying,Convenience-driven
CON01980,0-12 months,South,T2,5,2.0,4,0.47,DePURA Kids,Mainstream
CON01981,0-12 months,West,T1,4,3.0,4,1.0,DePURA Kids,Health-conscious
CON01982,1-5 years,West,T2,3,2.0,5,0.647,Other brand,Convenience-driven
CON01983,1-5 years,South,T3,5,5.0,3,0.449,Other brand,Price-sensitive
CON01984,0-12 months,North,T2,3,4.0,3,0.526,Other brand,Price-sensitive
CON01985,1-5 years,East,T3,4,3.0,4,0.299,Other brand,Mainstream
CON01986,6-12 years,North,T1,5,3.0,4,0.69,DePURA Kids,Mainstream
CON01987,0-12 months,East,T3,5,3.0,4,0.536,Other brand,Mainstream
CON01988,1-5 years,Central,T3,4,5.0,3,0.37,Other brand,Price-sensitive
CON01989,0-12 months,South,T3,5,4.0,4,0.496,Other brand,Price-sensitive
CON01990,1-5 years,East,T2,4,4.0,4,0.76,DePURA Kids,Price-sensitive
CON01991,6-12 years,East,T2,3,4.0,3,0.177,Other brand,Price-sensitive
CON01992,6-12 years,East,T1,4,2.0,5,0.583,DePURA Kids,Mainstream
CON01993,0-12 months,South,T1,2,3.0,3,0.682,Not currently buying,Low-awareness
CON01994,1-5 years,Central,T3,5,4.0,2,0.52,Other brand,Price-sensitive
CON01995,0-12 months,North,T2,4,3.0,3,0.479,Not currently buying,Convenience-driven
CON01996,1-5 years,West,T1,2,2.0,5,0.697,Other brand,Low-awareness
CON01997,13-18 years,South,T1,4,3.0,5,0.638,Other brand,Mainstream
CON01998,0-12 months,North,T2,3,5.0,5,0.878,Not currently buying,Price-sensitive
CON01999,0-12 months,South,T1,5,4.0,3,0.419,Other brand,Price-sensitive
CON02000,6-12 years,Central,T3,4,4.0,4,0.742,Not currently buying,Price-sensitive
CON02001,0-12 months,South,T1,3,2.0,4,0.481,Not currently buying,Mainstream
CON02002,1-5 years,South,T1,4,1.0,3,0.808,Other brand,Mainstream
CON02003,0-12 months,East,T1,4,2.0,2,0.799,Not currently buying,Mainstream
CON02004,1-5 years,West,T1,2,3.0,5,0.723,Other brand,Low-awareness
CON02005,0-12 months,South,T1,3,3.0,4,0.292,DePURA Kids,Mainstream
CON02006,0-12 months,South,T1,3,5.0,3,0.659,Other brand,Price-sensitive
CON02007,0-12 months,West,T1,5,4.0,2,0.317,Not currently buying,Price-sensitive
CON02008,0-12 months,South,T1,4,3.0,5,0.816,Not currently buying,Convenience-driven
CON02009,6-12 years,West,T1,4,4.0,4,0.491,Other brand,Price-sensitive
CON02010,6-12 years,South,T1,4,5.0,4,0.607,DePURA Kids,Price-sensitive
CON02011,1-5 years,East,T3,4,5.0,3,0.449,Not currently buying,Price-sensitive
CON02012,1-5 years,North,T3,3,5.0,3,0.639,Other brand,Price-sensitive
CON02013,0-12 months,South,T1,4,3.0,4,0.584,DePURA Kids,Mainstream
CON02014,0-12 months,East,T1,4,3.0,4,0.749,Other brand,Health-conscious
CON02015,0-12 months,South,T1,5,2.0,3,0.583,Other brand,Convenience-driven
CON02016,0-12 months,West,T1,4,2.0,5,0.326,DePURA Kids,Mainstream
CON02017,0-12 months,South,T1,3,3.0,5,0.644,DePURA Kids,Mainstream
CON02018,0-12 months,West,T2,2,3.0,5,0.545,Other brand,Low-awareness
CON02019,13-18 years,West,T3,3,5.0,5,0.57,DePURA Kids,Price-sensitive
CON02020,1-5 years,East,T2,4,3.0,5,0.637,DePURA Kids,Convenience-driven
CON02021,0-12 months,West,T2,4,2.0,3,0.962,Other brand,Mainstream
CON02022,1-5 years,East,T3,4,5.0,3,0.575,Not currently buying,Price-sensitive
CON02023,1-5 years,South,T2,2,4.0,4,0.498,Other brand,Low-awareness
CON02024,0-12 months,West,T1,4,4.0,3,0.51,Not currently buying,Price-sensitive
CON02025,0-12 months,East,T3,5,2.0,3,0.855,DePURA Kids,Mainstream
CON02026,1-5 years,North,T2,3,3.0,3,0.347,DePURA Kids,Mainstream
CON02027,1-5 years,East,T3,5,5.0,5,0.335,Other brand,Price-sensitive
CON02028,0-12 months,South,T1,3,3.0,2,0.44,Other brand,Convenience-driven
CON02029,13-18 years,Central,T3,5,2.0,4,0.397,Other brand,Mainstream
CON02030,0-12 months,West,T1,5,4.0,2,1.0,Other brand,Price-sensitive
CON02031,1-5 years,East,T3,1,5.0,3,0.391,Not currently buying,Low-awareness
CON02032,0-12 months,South,T2,3,3.0,5,0.96,Other brand,Health-conscious
CON02033,0-12 months,Central,T3,5,4.0,5,0.743,Other brand,Price-sensitive
CON02034,0-12 months,South,T2,4,3.0,5,0.552,Not currently buying,Mainstream
CON02035,0-12 months,Central,T3,4,5.0,4,0.388,Other brand,Price-sensitive
CON02036,1-5 years,South,T2,4,4.0,4,0.517,Other brand,Price-sensitive
CON02037,6-12 years,South,T1,5,3.0,4,0.522,DePURA Kids,Mainstream
CON02038,0-12 months,North,T2,5,3.0,4,0.585,Other brand,Mainstream
CON02039,6-12 years,North,T2,5,3.0,4,0.75,Other brand,Convenience-driven
CON02040,1-5 years,South,T2,4,4.0,4,0.511,Other brand,Price-sensitive
CON02041,1-5 years,West,T1,4,5.0,4,0.475,Not currently buying,Price-sensitive
CON02042,0-12 months,East,T3,5,4.0,5,0.803,Not currently buying,Price-sensitive
CON02043,0-12 months,Central,T2,5,3.0,4,0.673,Not currently buying,Convenience-driven
CON02044,0-12 months,North,T2,5,3.0,3,0.979,DePURA Kids,Convenience-driven
CON02045,0-12 months,South,T1,3,2.0,4,0.673,Not currently buying,Mainstream
CON02046,1-5 years,South,T2,4,2.0,3,0.728,Other brand,Mainstream
CON02047,6-12 years,South,T1,5,5.0,4,0.342,DePURA Kids,Price-sensitive
CON02048,1-5 years,East,T3,3,5.0,2,0.659,Other brand,Price-sensitive
CON02049,0-12 months,South,T2,4,3.0,1,0.773,Not currently buying,Convenience-driven
CON02050,1-5 years,South,T1,3,2.0,4,0.77,Other brand,Convenience-driven
CON02051,1-5 years,Central,T2,3,4.0,3,0.422,DePURA Kids,Price-sensitive
CON02052,0-12 months,South,T1,2,3.0,5,0.775,Other brand,Low-awareness
CON02053,0-12 months,West,T1,5,3.0,4,0.824,Other brand,Health-conscious
CON02054,1-5 years,West,T1,5,3.0,3,0.698,Not currently buying,Convenience-driven
CON02055,1-5 years,South,T1,3,3.0,3,0.32,Other brand,Mainstream
CON02056,0-12 months,South,T1,5,5.0,2,0.408,Other brand,Price-sensitive
CON02057,0-12 months,North,T2,3,4.0,4,0.772,Not currently buying,Price-sensitive
CON02058,0-12 months,West,T3,4,4.0,5,0.605,Other brand,Price-sensitive
CON02059,1-5 years,North,T1,2,3.0,4,0.49,Other brand,Low-awareness
CON02060,0-12 months,Central,T2,5,3.0,3,0.897,DePURA Kids,Convenience-driven
CON02061,1-5 years,West,T1,4,4.0,4,0.784,Not currently buying,Price-sensitive
CON02062,0-12 months,North,T1,3,1.0,5,0.607,DePURA Kids,Convenience-driven
CON02063,6-12 years,West,T1,5,3.0,3,0.679,Other brand,Mainstream
CON02064,1-5 years,West,T1,4,2.0,5,0.5,DePURA Kids,Mainstream
CON02065,0-12 months,East,T3,3,4.0,3,0.41,Other brand,Price-sensitive
CON02066,6-12 years,West,T1,4,3.0,4,0.528,Other brand,Convenience-driven
CON02067,0-12 months,North,T1,4,4.0,4,0.556,DePURA Kids,Price-sensitive
CON02068,6-12 years,West,T2,4,5.0,1,0.531,Not currently buying,Price-sensitive
CON02069,0-12 months,South,T1,4,2.0,4,0.692,DePURA Kids,Mainstream
CON02070,6-12 years,East,T2,5,4.0,3,0.536,DePURA Kids,Price-sensitive
CON02071,6-12 years,East,T1,4,3.0,5,0.761,DePURA Kids,Health-conscious
CON02072,0-12 months,West,T1,5,1.0,5,0.562,DePURA Kids,Mainstream
CON02073,1-5 years,South,T1,3,2.0,4,0.664,Not currently buying,Convenience-driven
CON02074,0-12 months,East,T2,3,4.0,4,0.683,Other brand,Price-sensitive
CON02075,0-12 months,North,T2,3,4.0,4,0.693,Other brand,Price-sensitive
CON02076,0-12 months,East,T1,5,5.0,4,0.706,Other brand,Price-sensitive
CON02077,0-12 months,East,T1,4,4.0,4,0.807,DePURA Kids,Price-sensitive
CON02078,1-5 years,East,T2,3,2.0,2,0.677,Other brand,Mainstream
CON02079,13-18 years,East,T2,3,2.0,3,0.715,DePURA Kids,Mainstream
CON02080,0-12 months,North,T2,1,3.0,5,0.979,Other brand,Low-awareness
CON02081,1-5 years,Central,T3,2,4.0,5,0.244,Other brand,Low-awareness
CON02082,0-12 months,North,T2,2,4.0,4,0.678,Other brand,Low-awareness
CON02083,6-12 years,West,T1,5,2.0,4,0.589,DePURA Kids,Mainstream
CON02084,0-12 months,South,T2,2,4.0,5,0.802,Other brand,Low-awareness
CON02085,13-18 years,East,T1,5,3.0,3,0.519,Not currently buying,Convenience-driven
CON02086,6-12 years,West,T2,4,3.0,4,0.53,Not currently buying,Mainstream
CON02087,1-5 years,South,T2,5,3.0,4,0.301,Other brand,Mainstream
CON02088,1-5 years,North,T2,5,3.0,3,0.572,DePURA Kids,Mainstream
CON02089,0-12 months,West,T2,5,3.0,5,0.729,Other brand,Health-conscious
CON02090,0-12 months,North,T1,4,,4,0.592,Other brand,Mainstream
CON02091,6-12 years,South,T1,5,2.0,4,0.803,Other brand,Convenience-driven
CON02092,1-5 years,West,T1,3,3.0,3,0.405,Other brand,Convenience-driven
CON02093,6-12 years,North,T1,4,4.0,4,0.246,Other brand,Price-sensitive
CON02094,0-12 months,West,T1,2,4.0,3,0.486,Other brand,Low-awareness
CON02095,0-12 months,West,T1,4,4.0,3,0.839,Not currently buying,Price-sensitive
CON02096,6-12 years,South,T1,3,2.0,5,0.715,Other brand,Convenience-driven
CON02097,0-12 months,West,T1,4,2.0,5,0.457,Not currently buying,Convenience-driven
CON02098,1-5 years,West,T1,4,4.0,5,0.64,Not currently buying,Price-sensitive
CON02099,0-12 months,North,T1,2,3.0,5,0.626,Not currently buying,Low-awareness
CON02100,13-18 years,South,T1,3,1.0,4,0.528,DePURA Kids,Convenience-driven
CON02101,13-18 years,North,T1,3,2.0,4,0.405,DePURA Kids,Mainstream
CON02102,1-5 years,West,T1,3,2.0,2,0.491,Other brand,Mainstream
CON02103,1-5 years,North,T3,4,5.0,2,0.476,Other brand,Price-sensitive
CON02104,6-12 years,East,T3,3,3.0,4,0.515,Not currently buying,Mainstream
CON02105,0-12 months,South,T1,3,1.0,4,0.546,Other brand,Convenience-driven
CON02106,1-5 years,North,T1,4,3.0,3,0.275,Not currently buying,Convenience-driven
CON02107,1-5 years,South,T3,4,4.0,3,0.554,Other brand,Price-sensitive
CON02108,0-12 months,East,T1,4,2.0,4,0.714,DePURA Kids,Convenience-driven
CON02109,1-5 years,South,T3,3,3.0,4,0.351,Other brand,Mainstream
CON02110,0-12 months,Central,T2,5,2.0,3,0.594,Other brand,Mainstream
CON02111,0-12 months,West,T1,3,4.0,4,0.524,Other brand,Price-sensitive
CON02112,0-12 months,South,T1,3,5.0,5,0.522,Other brand,Price-sensitive
CON02113,6-12 years,North,T1,5,4.0,3,0.6,Other brand,Price-sensitive
CON02114,6-12 years,North,T2,5,2.0,3,0.709,DePURA Kids,Mainstream
CON02115,1-5 years,East,T2,5,3.0,4,0.555,DePURA Kids,Convenience-driven
CON02116,1-5 years,South,T1,3,3.0,5,0.565,DePURA Kids,Mainstream
CON02117,0-12 months,North,T2,3,3.0,3,0.867,Other brand,Mainstream
CON02118,1-5 years,South,T3,4,3.0,3,0.452,Other brand,Mainstream
CON02119,0-12 months,East,T3,4,2.0,3,0.627,Other brand,Mainstream
CON02120,0-12 months,South,T3,4,4.0,4,0.643,Not currently buying,Price-sensitive
CON02121,0-12 months,South,T1,5,3.0,4,0.703,DePURA Kids,Health-conscious
CON02122,0-12 months,Central,T2,4,4.0,3,0.579,Not currently buying,Price-sensitive
CON02123,0-12 months,South,T1,5,5.0,5,0.848,DePURA Kids,Price-sensitive
CON02124,13-18 years,East,T1,4,3.0,3,0.672,DePURA Kids,Mainstream
CON02125,0-12 months,West,T1,2,3.0,4,0.776,Not currently buying,Low-awareness
CON02126,0-12 months,South,T1,4,2.0,4,0.284,Other brand,Mainstream
CON02127,0-12 months,South,T1,3,3.0,4,0.651,Other brand,Convenience-driven
CON02128,0-12 months,North,T2,4,3.0,5,0.808,Other brand,Convenience-driven
CON02129,0-12 months,North,T2,4,3.0,5,0.806,Other brand,Convenience-driven
CON02130,13-18 years,East,T1,4,4.0,5,0.285,Not currently buying,Price-sensitive
CON02131,0-12 months,West,T1,3,2.0,4,0.956,Not currently buying,Convenience-driven
CON02132,1-5 years,West,T1,4,3.0,4,0.464,DePURA Kids,Convenience-driven
CON02133,1-5 years,West,T1,3,4.0,3,0.353,DePURA Kids,Price-sensitive
CON02134,6-12 years,Central,T3,3,2.0,5,0.902,Other brand,Health-conscious
CON02135,13-18 years,North,T1,4,3.0,2,0.699,Other brand,Mainstream
CON02136,1-5 years,West,T1,3,3.0,5,0.583,Not currently buying,Convenience-driven
CON02137,6-12 years,Central,T2,3,3.0,3,0.532,Not currently buying,Mainstream
CON02138,6-12 years,South,T2,5,2.0,5,0.445,DePURA Kids,Mainstream
CON02139,0-12 months,North,T2,3,,3,0.786,Not currently buying,Mainstream
CON02140,6-12 years,West,T2,3,4.0,2,0.426,Other brand,Price-sensitive
CON02141,0-12 months,Central,T2,4,4.0,5,0.743,Other brand,Price-sensitive
CON02142,0-12 months,South,T2,2,3.0,4,0.706,DePURA Kids,Low-awareness
CON02143,0-12 months,South,T1,4,3.0,3,0.58,Not currently buying,Convenience-driven
CON02144,6-12 years,North,T1,2,3.0,5,0.595,Not currently buying,Low-awareness
CON02145,6-12 years,West,T1,3,2.0,3,0.54,Other brand,Mainstream
CON02146,13-18 years,North,T2,4,4.0,5,0.502,Other brand,Price-sensitive
CON02147,0-12 months,North,T2,4,3.0,4,0.728,Not currently buying,Convenience-driven
CON02148,13-18 years,West,T1,5,3.0,4,0.718,DePURA Kids,Convenience-driven
CON02149,1-5 years,Central,T3,4,4.0,5,0.91,Not currently buying,Price-sensitive
CON02150,6-12 years,South,T2,3,4.0,4,0.787,Other brand,Price-sensitive
CON02151,1-5 years,East,T1,4,4.0,3,0.411,Not currently buying,Price-sensitive
CON02152,6-12 years,West,T1,4,1.0,5,0.971,Other brand,Health-conscious
CON02153,1-5 years,North,T2,3,1.0,4,0.267,Other brand,Mainstream
CON02154,13-18 years,Central,T3,5,4.0,2,0.142,Other brand,Price-sensitive
CON02155,6-12 years,South,T3,4,3.0,3,0.191,Other brand,Mainstream
CON02156,0-12 months,Central,T3,4,3.0,5,0.771,DePURA Kids,Health-conscious
CON02157,0-12 months,South,T2,2,2.0,3,0.446,Not currently buying,Low-awareness
CON02158,6-12 years,West,T2,4,4.0,3,0.359,Other brand,Price-sensitive
CON02159,1-5 years,West,T1,3,2.0,4,0.502,Other brand,Convenience-driven
CON02160,1-5 years,Central,T3,3,4.0,3,0.314,Other brand,Price-sensitive
CON02161,1-5 years,South,T1,4,4.0,5,0.579,Other brand,Price-sensitive
CON02162,0-12 months,West,T1,4,3.0,4,0.831,Not currently buying,Health-conscious
CON02163,0-12 months,North,T3,3,,3,0.584,Other brand,Mainstream
CON02164,6-12 years,East,T2,4,2.0,5,0.757,DePURA Kids,Health-conscious
CON02165,1-5 years,South,T1,4,3.0,3,0.669,Other brand,Convenience-driven
CON02166,6-12 years,South,T1,2,4.0,4,0.714,Other brand,Low-awareness
CON02167,1-5 years,West,T1,4,3.0,2,0.505,Not currently buying,Mainstream
CON02168,0-12 months,East,T2,5,4.0,2,0.513,Not currently buying,Price-sensitive
CON02169,0-12 months,Central,T2,3,3.0,2,0.698,Other brand,Mainstream
CON02170,6-12 years,West,T1,3,5.0,4,0.676,Other brand,Price-sensitive
CON02171,13-18 years,West,T1,4,2.0,5,0.493,DePURA Kids,Mainstream
CON02172,0-12 months,West,T1,3,3.0,3,0.611,Other brand,Convenience-driven
CON02173,1-5 years,North,T1,3,2.0,3,0.602,DePURA Kids,Convenience-driven
CON02174,1-5 years,West,T1,4,4.0,5,0.759,Other brand,Price-sensitive
CON02175,0-12 months,North,T3,4,4.0,3,0.656,DePURA Kids,Price-sensitive
CON02176,0-12 months,West,T2,3,2.0,4,1.0,Other brand,Health-conscious
CON02177,0-12 months,Central,T3,4,4.0,4,0.78,DePURA Kids,Price-sensitive
CON02178,0-12 months,West,T1,4,3.0,4,0.695,Other brand,Convenience-driven
CON02179,0-12 months,North,T1,5,5.0,5,0.715,Not currently buying,Price-sensitive
CON02180,6-12 years,East,T2,5,3.0,5,0.665,DePURA Kids,Mainstream
CON02181,0-12 months,North,T2,4,2.0,3,0.786,Other brand,Mainstream
CON02182,6-12 years,West,T1,5,2.0,4,0.784,DePURA Kids,Health-conscious
CON02183,1-5 years,South,T2,4,5.0,4,0.215,Not currently buying,Price-sensitive
CON02184,0-12 months,East,T1,4,4.0,4,0.882,DePURA Kids,Price-sensitive
CON02185,1-5 years,South,T1,3,3.0,3,0.699,Other brand,Mainstream
CON02186,13-18 years,North,T2,1,2.0,5,0.546,Other brand,Low-awareness
CON02187,13-18 years,South,T3,4,4.0,3,0.577,Not currently buying,Price-sensitive
CON02188,6-12 years,West,T2,5,4.0,5,0.462,DePURA Kids,Price-sensitive
CON02189,6-12 years,South,T2,5,,4,0.536,Other brand,Mainstream
CON02190,0-12 months,West,T2,4,4.0,4,0.549,DePURA Kids,Price-sensitive
CON02191,1-5 years,North,T1,4,1.0,5,0.604,Other brand,Mainstream
CON02192,1-5 years,Central,T2,3,4.0,3,0.679,Other brand,Price-sensitive
CON02193,6-12 years,North,T1,4,2.0,4,0.87,Other brand,Health-conscious
CON02194,1-5 years,South,T1,5,3.0,5,0.651,DePURA Kids,Convenience-driven
CON02195,1-5 years,West,T1,3,2.0,5,0.331,DePURA Kids,Mainstream
CON02196,1-5 years,East,T1,5,2.0,5,0.651,DePURA Kids,Mainstream
CON02197,0-12 months,Central,T2,3,3.0,4,0.601,Other brand,Mainstream
CON02198,6-12 years,North,T1,4,4.0,3,0.719,Other brand,Price-sensitive
CON02199,0-12 months,South,T1,5,1.0,3,1.0,Other brand,Convenience-driven
CON02200,6-12 years,South,T2,3,,3,0.48,Other brand,Convenience-driven
CON02201,1-5 years,North,T1,3,2.0,5,0.769,DePURA Kids,Convenience-driven
CON02202,1-5 years,South,T2,4,,5,0.529,Other brand,Mainstream
CON02203,0-12 months,South,T1,4,4.0,3,0.406,Other brand,Price-sensitive
CON02204,13-18 years,South,T1,3,4.0,4,0.54,Other brand,Price-sensitive
CON02205,1-5 years,West,T3,3,3.0,4,0.611,Not currently buying,Mainstream
CON02206,6-12 years,South,T1,4,3.0,5,0.492,DePURA Kids,Convenience-driven
CON02207,0-12 months,West,T3,4,3.0,2,0.803,Other brand,Mainstream
CON02208,6-12 years,West,T1,4,4.0,4,0.781,DePURA Kids,Price-sensitive
CON02209,13-18 years,North,T1,4,4.0,4,0.354,Other brand,Price-sensitive
CON02210,0-12 months,Central,T2,3,3.0,4,0.595,Other brand,Mainstream
CON02211,6-12 years,South,T1,3,4.0,2,0.284,Not currently buying,Price-sensitive
CON02212,0-12 months,North,T1,3,3.0,4,0.771,Other brand,Convenience-driven
CON02213,1-5 years,North,T1,4,1.0,5,0.532,DePURA Kids,Mainstream
CON02214,6-12 years,North,T2,4,4.0,3,0.726,Other brand,Price-sensitive
CON02215,6-12 years,West,T1,2,3.0,3,0.572,Other brand,Low-awareness
CON02216,0-12 months,Central,T2,4,3.0,3,0.334,Other brand,Mainstream
CON02217,0-12 months,South,T2,3,4.0,5,0.575,DePURA Kids,Price-sensitive
CON02218,0-12 months,North,T1,4,2.0,4,0.751,DePURA Kids,Health-conscious
CON02219,6-12 years,South,T1,3,2.0,4,0.737,Other brand,Convenience-driven
CON02220,0-12 months,South,T1,4,2.0,5,0.602,Other brand,Mainstream
CON02221,0-12 months,Central,T2,3,2.0,3,0.475,Not currently buying,Mainstream
CON02222,0-12 months,North,T2,2,3.0,2,0.714,Not currently buying,Low-awareness
CON02223,13-18 years,North,T1,3,4.0,3,0.607,Other brand,Price-sensitive
CON02224,1-5 years,North,T2,4,3.0,5,0.601,Other brand,Convenience-driven
CON02225,0-12 months,West,T1,4,1.0,5,1.0,DePURA Kids,Health-conscious
CON02226,1-5 years,Central,T2,4,3.0,4,0.553,DePURA Kids,Convenience-driven
CON02227,1-5 years,West,T1,5,2.0,4,0.722,Other brand,Health-conscious
CON02228,0-12 months,Central,T3,4,4.0,5,0.557,Other brand,Price-sensitive
CON02229,13-18 years,East,T1,4,2.0,5,0.725,DePURA Kids,Health-conscious
CON02230,1-5 years,North,T2,3,3.0,2,0.502,Other brand,Convenience-driven
CON02231,0-12 months,East,T3,3,3.0,3,0.792,Not currently buying,Mainstream
CON02232,6-12 years,North,T2,4,4.0,4,0.522,Other brand,Price-sensitive
CON02233,0-12 months,Central,T2,4,3.0,3,0.709,DePURA Kids,Convenience-driven
CON02234,0-12 months,South,T2,5,3.0,5,0.534,Other brand,Mainstream
CON02235,0-12 months,South,T1,5,2.0,4,0.803,Not currently buying,Convenience-driven
CON02236,13-18 years,South,T1,3,4.0,4,0.626,Other brand,Price-sensitive
CON02237,1-5 years,South,T1,3,2.0,3,0.525,DePURA Kids,Mainstream
CON02238,6-12 years,North,T1,3,4.0,4,0.263,Other brand,Price-sensitive
CON02239,0-12 months,Central,T2,3,4.0,4,0.838,Other brand,Price-sensitive
CON02240,13-18 years,West,T2,2,3.0,5,0.747,DePURA Kids,Low-awareness
CON02241,6-12 years,East,T2,4,4.0,3,0.242,Other brand,Price-sensitive
CON02242,6-12 years,East,T3,5,4.0,5,0.731,DePURA Kids,Price-sensitive
CON02243,13-18 years,North,T3,4,4.0,4,0.744,Other brand,Price-sensitive
CON02244,0-12 months,South,T1,3,4.0,4,0.83,Other brand,Price-sensitive
CON02245,6-12 years,North,T2,2,3.0,4,0.334,Other brand,Low-awareness
CON02246,0-12 months,South,T2,4,3.0,4,0.288,Not currently buying,Mainstream
CON02247,0-12 months,West,T1,3,2.0,3,0.938,Other brand,Convenience-driven
CON02248,1-5 years,South,T2,4,2.0,3,0.825,Other brand,Mainstream
CON02249,1-5 years,North,T1,5,2.0,4,0.504,DePURA Kids,Convenience-driven
CON02250,1-5 years,South,T1,3,2.0,3,0.699,Other brand,Mainstream
CON02251,0-12 months,West,T1,4,3.0,3,0.871,Other brand,Mainstream
CON02252,0-12 months,South,T2,4,3.0,5,0.826,Not currently buying,Health-conscious
CON02253,1-5 years,North,T2,4,4.0,3,0.581,Other brand,Price-sensitive
CON02254,13-18 years,East,T1,5,2.0,4,0.734,Other brand,Health-conscious
CON02255,1-5 years,South,T3,2,3.0,5,0.713,Other brand,Low-awareness
CON02256,1-5 years,West,T1,3,2.0,3,0.78,Not currently buying,Convenience-driven
CON02257,0-12 months,West,T1,3,5.0,4,0.529,Other brand,Price-sensitive
CON02258,13-18 years,West,T1,3,2.0,3,0.885,Other brand,Convenience-driven
CON02259,0-12 months,South,T1,3,4.0,3,0.611,Other brand,Price-sensitive
CON02260,1-5 years,North,T1,3,3.0,4,0.196,Other brand,Convenience-driven
CON02261,6-12 years,South,T1,4,5.0,5,0.646,DePURA Kids,Price-sensitive
CON02262,6-12 years,South,T1,4,5.0,5,0.396,Other brand,Price-sensitive
CON02263,0-12 months,North,T3,5,5.0,5,0.496,DePURA Kids,Price-sensitive
CON02264,0-12 months,North,T2,4,5.0,3,0.664,Other brand,Price-sensitive
CON02265,0-12 months,East,T2,3,3.0,4,0.516,Other brand,Mainstream
CON02266,13-18 years,South,T1,4,4.0,2,0.713,Other brand,Price-sensitive
CON02267,6-12 years,South,T1,3,3.0,4,0.539,Not currently buying,Mainstream
CON02268,0-12 months,South,T1,3,3.0,3,0.703,Not currently buying,Convenience-driven
CON02269,6-12 years,North,T3,4,4.0,3,0.789,Other brand,Price-sensitive
CON02270,0-12 months,South,T2,2,4.0,5,0.648,Other brand,Low-awareness
CON02271,1-5 years,West,T3,5,5.0,4,0.57,DePURA Kids,Price-sensitive
CON02272,1-5 years,North,T3,3,2.0,3,0.808,Other brand,Mainstream
CON02273,0-12 months,South,T1,3,4.0,4,0.701,Other brand,Price-sensitive
CON02274,13-18 years,East,T1,3,2.0,3,0.767,Other brand,Mainstream
CON02275,0-12 months,South,T1,2,4.0,4,0.449,Other brand,Low-awareness
CON02276,0-12 months,South,T1,4,2.0,3,0.61,Other brand,Convenience-driven
CON02277,6-12 years,West,T1,4,3.0,4,0.614,Not currently buying,Mainstream
CON02278,0-12 months,West,T1,3,2.0,2,0.667,Other brand,Mainstream
CON02279,6-12 years,South,T2,3,3.0,4,0.346,Other brand,Convenience-driven
CON02280,6-12 years,South,T2,3,3.0,5,1.0,DePURA Kids,Health-conscious
CON02281,6-12 years,East,T1,5,3.0,4,0.518,Other brand,Convenience-driven
CON02282,6-12 years,East,T3,4,4.0,1,0.557,DePURA Kids,Price-sensitive
CON02283,6-12 years,West,T1,5,3.0,3,0.566,Other brand,Mainstream
CON02284,0-12 months,South,T1,4,3.0,5,0.608,DePURA Kids,Mainstream
CON02285,1-5 years,Central,T3,5,4.0,3,0.839,Other brand,Price-sensitive
CON02286,1-5 years,West,T1,3,3.0,2,0.586,Other brand,Convenience-driven
CON02287,0-12 months,Central,T3,3,3.0,4,0.907,Not currently buying,Health-conscious
CON02288,0-12 months,East,T2,3,4.0,2,0.582,Other brand,Price-sensitive
CON02289,1-5 years,East,T3,3,4.0,5,0.688,Not currently buying,Price-sensitive
CON02290,1-5 years,Central,T2,3,2.0,5,0.749,Other brand,Health-conscious
CON02291,0-12 months,North,T2,3,4.0,3,0.955,Other brand,Price-sensitive
CON02292,1-5 years,South,T2,5,3.0,5,0.75,DePURA Kids,Convenience-driven
CON02293,13-18 years,East,T1,4,3.0,4,0.438,Other brand,Mainstream
CON02294,1-5 years,Central,T3,5,5.0,3,0.516,Not currently buying,Price-sensitive
CON02295,0-12 months,West,T3,2,3.0,3,0.346,Not currently buying,Low-awareness
CON02296,0-12 months,North,T3,3,4.0,4,0.473,DePURA Kids,Price-sensitive
CON02297,1-5 years,West,T1,3,3.0,3,0.335,DePURA Kids,Mainstream
CON02298,0-12 months,North,T1,3,2.0,4,0.579,DePURA Kids,Convenience-driven
CON02299,1-5 years,West,T1,4,2.0,4,0.931,Other brand,Health-conscious
CON02300,1-5 years,North,T2,4,2.0,4,0.751,Other brand,Health-conscious
CON02301,0-12 months,Central,T2,3,3.0,4,0.72,Not currently buying,Health-conscious
CON02302,0-12 months,North,T3,4,3.0,4,0.748,DePURA Kids,Health-conscious
CON02303,0-12 months,East,T1,4,4.0,3,0.598,Other brand,Price-sensitive
CON02304,0-12 months,North,T2,3,3.0,5,0.746,Not currently buying,Convenience-driven
CON02305,0-12 months,West,T1,2,2.0,3,0.529,Other brand,Low-awareness
CON02306,13-18 years,North,T2,3,5.0,3,0.847,Other brand,Price-sensitive
CON02307,1-5 years,Central,T3,5,3.0,3,0.417,Other brand,Mainstream
CON02308,0-12 months,West,T1,5,1.0,3,0.896,DePURA Kids,Convenience-driven
CON02309,0-12 months,North,T2,5,2.0,4,0.759,Not currently buying,Health-conscious
CON02310,0-12 months,South,T1,4,4.0,3,0.938,Other brand,Price-sensitive
CON02311,13-18 years,Central,T3,4,3.0,4,0.613,Other brand,Convenience-driven
CON02312,6-12 years,North,T2,4,3.0,4,0.39,Other brand,Convenience-driven
CON02313,1-5 years,East,T2,4,2.0,3,0.517,Other brand,Mainstream
CON02314,6-12 years,South,T1,3,4.0,3,0.778,Not currently buying,Price-sensitive
CON02315,13-18 years,South,T1,3,3.0,5,0.357,Not currently buying,Convenience-driven
CON02316,6-12 years,East,T3,2,4.0,5,0.738,Other brand,Low-awareness
CON02317,0-12 months,South,T2,4,3.0,4,0.677,DePURA Kids,Mainstream
CON02318,1-5 years,West,T3,5,2.0,3,0.843,Not currently buying,Mainstream
CON02319,1-5 years,East,T2,3,3.0,3,0.684,Other brand,Mainstream
CON02320,0-12 months,South,T1,5,3.0,3,0.784,Other brand,Mainstream
CON02321,6-12 years,North,T2,3,4.0,4,0.43,Other brand,Price-sensitive
CON02322,6-12 years,North,T2,3,5.0,4,0.617,Other brand,Price-sensitive
CON02323,0-12 months,North,T2,4,3.0,5,0.509,Other brand,Convenience-driven
CON02324,0-12 months,West,T1,5,2.0,4,0.806,Other brand,Health-conscious
CON02325,0-12 months,North,T1,4,3.0,3,0.691,Not currently buying,Convenience-driven
CON02326,6-12 years,Central,T3,5,4.0,4,0.428,Other brand,Price-sensitive
CON02327,6-12 years,West,T1,3,2.0,4,0.396,Other brand,Convenience-driven
CON02328,1-5 years,West,T1,4,3.0,3,0.487,Other brand,Mainstream
CON02329,6-12 years,West,T1,3,3.0,3,0.328,Other brand,Convenience-driven
CON02330,6-12 years,West,T1,3,3.0,2,0.803,DePURA Kids,Convenience-driven
CON02331,0-12 months,East,T2,1,4.0,5,0.41,Other brand,Low-awareness
CON02332,1-5 years,West,T1,3,2.0,2,0.453,Other brand,Mainstream
CON02333,1-5 years,East,T2,2,4.0,4,0.778,Other brand,Low-awareness
CON02334,0-12 months,East,T1,5,4.0,4,0.538,Other brand,Price-sensitive
CON02335,1-5 years,West,T1,5,2.0,4,0.777,DePURA Kids,Convenience-driven
CON02336,0-12 months,North,T1,3,5.0,4,0.842,Other brand,Price-sensitive
CON02337,0-12 months,East,T1,4,1.0,5,0.818,Other brand,Health-conscious
CON02338,1-5 years,North,T2,2,4.0,4,0.446,Not currently buying,Low-awareness
CON02339,0-12 months,North,T1,4,3.0,4,0.832,Not currently buying,Convenience-driven
CON02340,0-12 months,East,T1,5,2.0,5,0.767,Other brand,Health-conscious
CON02341,6-12 years,South,T1,2,3.0,4,0.292,Other brand,Low-awareness
CON02342,0-12 months,North,T3,3,3.0,4,0.822,DePURA Kids,Health-conscious
CON02343,0-12 months,West,T1,4,2.0,4,0.585,Not currently buying,Convenience-driven
CON02344,1-5 years,South,T2,4,2.0,4,0.708,Other brand,Health-conscious
CON02345,13-18 years,North,T2,4,3.0,3,0.581,Other brand,Mainstream
CON02346,0-12 months,South,T2,5,3.0,3,0.905,Other brand,Convenience-driven
CON02347,6-12 years,West,T2,5,2.0,3,0.717,Not currently buying,Convenience-driven
CON02348,6-12 years,South,T2,5,2.0,5,0.268,Other brand,Mainstream
CON02349,1-5 years,South,T1,5,3.0,4,0.614,DePURA Kids,Mainstream
CON02350,13-18 years,East,T2,5,3.0,5,0.753,Other brand,Health-conscious
CON02351,13-18 years,East,T1,5,4.0,2,0.809,Other brand,Price-sensitive
CON02352,0-12 months,West,T1,4,3.0,5,0.948,Other brand,Health-conscious
CON02353,1-5 years,West,T3,4,4.0,3,0.518,Other brand,Price-sensitive
CON02354,0-12 months,East,T3,2,4.0,5,0.72,DePURA Kids,Low-awareness
CON02355,0-12 months,North,T2,3,3.0,4,0.638,DePURA Kids,Mainstream
CON02356,0-12 months,West,T1,4,3.0,3,0.8,Not currently buying,Mainstream
CON02357,1-5 years,South,T1,4,2.0,2,0.691,Other brand,Mainstream
CON02358,1-5 years,West,T1,5,3.0,4,0.444,Other brand,Convenience-driven
CON02359,0-12 months,North,T2,4,2.0,4,0.793,Not currently buying,Health-conscious
CON02360,13-18 years,North,T2,5,4.0,3,0.386,Other brand,Price-sensitive
CON02361,13-18 years,West,T1,3,3.0,4,0.61,Other brand,Mainstream
CON02362,1-5 years,East,T1,5,5.0,5,0.445,DePURA Kids,Price-sensitive
CON02363,13-18 years,Central,T3,4,4.0,3,0.508,Other brand,Price-sensitive
CON02364,0-12 months,West,T1,4,2.0,3,0.818,Other brand,Mainstream
CON02365,1-5 years,North,T2,2,4.0,3,0.935,Other brand,Low-awareness
CON02366,0-12 months,South,T1,4,5.0,4,0.341,Other brand,Price-sensitive
CON02367,0-12 months,North,T3,4,4.0,4,0.669,DePURA Kids,Price-sensitive
CON02368,1-5 years,North,T1,5,3.0,2,0.509,Other brand,Mainstream
CON02369,1-5 years,North,T1,2,2.0,5,0.651,Other brand,Low-awareness
CON02370,0-12 months,South,T1,4,3.0,4,1.0,Other brand,Convenience-driven
CON02371,0-12 months,East,T1,4,4.0,3,0.451,Other brand,Price-sensitive
CON02372,6-12 years,Central,T2,3,4.0,3,0.175,Not currently buying,Price-sensitive
CON02373,6-12 years,West,T1,5,3.0,4,0.488,Other brand,Convenience-driven
CON02374,0-12 months,North,T2,5,3.0,3,0.577,DePURA Kids,Mainstream
CON02375,0-12 months,West,T1,3,4.0,4,0.753,Other brand,Price-sensitive
CON02376,6-12 years,West,T1,2,3.0,3,0.469,Not currently buying,Low-awareness
CON02377,6-12 years,South,T1,3,2.0,4,0.49,Other brand,Mainstream
CON02378,0-12 months,East,T2,4,3.0,5,0.583,Other brand,Convenience-driven
CON02379,0-12 months,North,T2,3,3.0,2,0.296,Not currently buying,Mainstream
CON02380,0-12 months,West,T1,4,2.0,2,0.866,Other brand,Convenience-driven
CON02381,0-12 months,South,T1,3,3.0,4,0.572,DePURA Kids,Convenience-driven
CON02382,6-12 years,West,T1,3,3.0,3,0.583,Other brand,Mainstream
CON02383,6-12 years,North,T2,3,4.0,4,0.538,Not currently buying,Price-sensitive
CON02384,6-12 years,North,T2,3,4.0,4,0.526,Other brand,Price-sensitive
CON02385,0-12 months,South,T1,5,5.0,4,0.932,Not currently buying,Price-sensitive
CON02386,0-12 months,South,T1,4,5.0,4,1.0,Other brand,Price-sensitive
CON02387,6-12 years,South,T1,2,3.0,2,0.497,Other brand,Low-awareness
CON02388,0-12 months,South,T2,5,3.0,3,0.671,Not currently buying,Convenience-driven
CON02389,6-12 years,North,T2,4,5.0,3,0.32,Not currently buying,Price-sensitive
CON02390,13-18 years,West,T1,5,2.0,3,0.527,DePURA Kids,Convenience-driven
CON02391,0-12 months,West,T2,3,2.0,5,0.519,DePURA Kids,Convenience-driven
CON02392,0-12 months,North,T2,4,3.0,5,1.0,DePURA Kids,Health-conscious
CON02393,0-12 months,South,T1,3,2.0,4,0.499,Other brand,Convenience-driven
CON02394,1-5 years,West,T1,4,3.0,4,0.801,Other brand,Health-conscious
CON02395,6-12 years,South,T1,3,3.0,4,0.639,Other brand,Mainstream
CON02396,0-12 months,West,T1,5,3.0,3,0.616,Other brand,Mainstream
CON02397,13-18 years,North,T2,4,3.0,3,0.53,Not currently buying,Mainstream
CON02398,1-5 years,North,T2,3,,4,0.363,Not currently buying,Mainstream
CON02399,6-12 years,Central,T2,4,4.0,5,0.611,DePURA Kids,Price-sensitive
CON02400,1-5 years,North,T2,4,3.0,4,0.263,Other brand,Mainstream
CON02401,6-12 years,South,T3,4,2.0,4,0.736,Other brand,Health-conscious
CON02402,0-12 months,South,T1,4,4.0,3,0.87,Other brand,Price-sensitive
CON02403,0-12 months,South,T1,5,2.0,4,1.0,DePURA Kids,Convenience-driven
CON02404,1-5 years,North,T2,3,4.0,3,0.407,Other brand,Price-sensitive
CON02405,1-5 years,East,T1,3,2.0,4,0.648,Other brand,Convenience-driven
CON02406,6-12 years,Central,T2,3,3.0,4,0.758,Not currently buying,Convenience-driven
CON02407,0-12 months,South,T1,5,3.0,4,0.885,DePURA Kids,Health-conscious
CON02408,0-12 months,East,T2,4,3.0,4,0.848,Other brand,Health-conscious
CON02409,0-12 months,Central,T2,4,2.0,4,1.0,Not currently buying,Health-conscious
CON02410,6-12 years,East,T1,4,3.0,4,0.642,Other brand,Mainstream
CON02411,0-12 months,West,T1,5,5.0,3,0.845,DePURA Kids,Price-sensitive
CON02412,6-12 years,South,T2,5,4.0,4,0.744,Other brand,Price-sensitive
CON02413,6-12 years,East,T3,2,3.0,4,0.428,Other brand,Low-awareness
CON02414,0-12 months,North,T3,4,5.0,4,0.532,Other brand,Price-sensitive
CON02415,6-12 years,Central,T2,5,3.0,4,0.779,Other brand,Convenience-driven
CON02416,0-12 months,East,T3,5,4.0,4,0.513,Other brand,Price-sensitive
CON02417,0-12 months,West,T1,4,2.0,3,0.627,Other brand,Mainstream
CON02418,0-12 months,South,T1,5,5.0,4,0.643,Other brand,Price-sensitive
CON02419,6-12 years,North,T2,3,3.0,4,0.753,Other brand,Health-conscious
CON02420,1-5 years,West,T1,4,5.0,3,0.389,Other brand,Price-sensitive
CON02421,0-12 months,South,T1,4,3.0,3,0.878,Other brand,Convenience-driven
CON02422,0-12 months,West,T1,4,4.0,4,0.597,Other brand,Price-sensitive
CON02423,1-5 years,South,T1,5,3.0,4,0.773,Not currently buying,Convenience-driven
CON02424,1-5 years,Central,T3,2,3.0,5,0.517,Other brand,Low-awareness
CON02425,0-12 months,East,T2,4,3.0,4,0.704,Other brand,Convenience-driven
CON02426,0-12 months,North,T2,5,3.0,5,0.59,DePURA Kids,Mainstream
CON02427,0-12 months,South,T1,5,4.0,3,0.793,Not currently buying,Price-sensitive
CON02428,1-5 years,West,T2,5,3.0,5,0.741,DePURA Kids,Health-conscious
CON02429,0-12 months,East,T2,4,3.0,5,0.506,DePURA Kids,Mainstream
CON02430,0-12 months,East,T1,5,3.0,5,0.832,Not currently buying,Convenience-driven
CON02431,0-12 months,West,T1,4,2.0,5,0.876,DePURA Kids,Convenience-driven
CON02432,0-12 months,South,T2,4,3.0,4,0.87,DePURA Kids,Health-conscious
CON02433,6-12 years,South,T1,4,4.0,4,0.831,Not currently buying,Price-sensitive
CON02434,6-12 years,West,T1,5,3.0,3,0.97,DePURA Kids,Mainstream
CON02435,0-12 months,North,T2,3,4.0,5,0.571,Other brand,Price-sensitive
CON02436,1-5 years,North,T2,4,5.0,5,0.32,Other brand,Price-sensitive
CON02437,1-5 years,South,T1,4,4.0,2,0.848,DePURA Kids,Price-sensitive
CON02438,13-18 years,Central,T2,4,3.0,4,0.531,Not currently buying,Mainstream
CON02439,0-12 months,North,T2,2,3.0,3,0.66,DePURA Kids,Low-awareness
CON02440,0-12 months,East,T3,3,4.0,5,0.825,Other brand,Price-sensitive
CON02441,0-12 months,South,T1,4,3.0,3,0.792,Other brand,Mainstream
CON02442,1-5 years,East,T2,3,3.0,3,0.25,Not currently buying,Convenience-driven
CON02443,0-12 months,West,T1,4,4.0,4,0.468,DePURA Kids,Price-sensitive
CON02444,1-5 years,North,T3,2,5.0,4,0.812,Other brand,Low-awareness
CON02445,0-12 months,East,T1,4,3.0,4,0.677,Other brand,Mainstream
CON02446,0-12 months,South,T1,3,4.0,2,0.431,Other brand,Price-sensitive
CON02447,0-12 months,North,T2,4,3.0,4,0.875,Other brand,Health-conscious
CON02448,0-12 months,West,T1,4,1.0,5,0.887,DePURA Kids,Health-conscious
CON02449,6-12 years,West,T1,4,3.0,4,0.583,Other brand,Mainstream
CON02450,0-12 months,South,T1,4,3.0,5,0.664,Other brand,Mainstream
CON02451,0-12 months,North,T2,3,3.0,4,0.929,DePURA Kids,Health-conscious
CON02452,0-12 months,North,T1,4,2.0,3,0.71,Other brand,Mainstream
CON02453,6-12 years,South,T2,3,4.0,4,0.411,Other brand,Price-sensitive
CON02454,6-12 years,North,T1,3,3.0,3,0.598,Other brand,Convenience-driven
CON02455,0-12 months,South,T1,3,3.0,4,0.622,Other brand,Mainstream
CON02456,0-12 months,West,T1,3,4.0,2,0.723,Not currently buying,Price-sensitive
CON02457,0-12 months,West,T1,2,3.0,3,0.451,Other brand,Low-awareness
CON02458,1-5 years,North,T1,4,3.0,4,0.737,Not currently buying,Health-conscious
CON02459,0-12 months,North,T2,3,3.0,5,0.675,Other brand,Mainstream
CON02460,0-12 months,Central,T2,4,3.0,4,0.688,Not currently buying,Mainstream
CON02461,1-5 years,West,T2,4,3.0,4,0.603,DePURA Kids,Mainstream
CON02462,1-5 years,West,T1,4,4.0,4,0.875,DePURA Kids,Price-sensitive
CON02463,6-12 years,North,T1,4,5.0,4,0.403,Other brand,Price-sensitive
CON02464,0-12 months,East,T2,2,3.0,2,0.384,Other brand,Low-awareness
CON02465,0-12 months,Central,T2,3,2.0,4,0.878,Other brand,Health-conscious
CON02466,0-12 months,West,T1,2,2.0,4,0.691,DePURA Kids,Low-awareness
CON02467,0-12 months,East,T1,5,3.0,4,0.765,Not currently buying,Health-conscious
CON02468,6-12 years,North,T1,2,2.0,4,0.834,Not currently buying,Low-awareness
CON02469,0-12 months,West,T1,4,3.0,3,0.563,Other brand,Convenience-driven
CON02470,1-5 years,South,T1,3,3.0,4,0.86,Not currently buying,Health-conscious
CON02471,1-5 years,West,T1,2,4.0,4,0.519,Not currently buying,Low-awareness
CON02472,1-5 years,North,T3,5,3.0,2,0.363,Other brand,Mainstream
CON02473,6-12 years,North,T2,4,5.0,3,0.532,Other brand,Price-sensitive
CON02474,6-12 years,South,T1,5,4.0,3,0.596,DePURA Kids,Price-sensitive
CON02475,1-5 years,South,T3,3,4.0,2,0.37,Other brand,Price-sensitive
CON02476,1-5 years,West,T1,3,3.0,4,0.362,Other brand,Convenience-driven
CON02477,0-12 months,North,T2,4,2.0,4,0.789,Not currently buying,Convenience-driven
CON02478,1-5 years,North,T3,4,2.0,3,0.848,DePURA Kids,Mainstream
CON02479,0-12 months,West,T1,5,3.0,5,0.703,DePURA Kids,Convenience-driven
CON02480,6-12 years,North,T3,4,5.0,4,0.368,Other brand,Price-sensitive
CON02481,6-12 years,South,T2,5,4.0,5,0.64,DePURA Kids,Price-sensitive
CON02482,0-12 months,North,T1,5,2.0,4,0.396,DePURA Kids,Mainstream
CON02483,1-5 years,West,T2,4,2.0,3,0.777,Not currently buying,Mainstream
CON02484,1-5 years,East,T1,4,2.0,2,0.73,Not currently buying,Convenience-driven
CON02485,0-12 months,West,T1,5,2.0,5,0.742,Other brand,Convenience-driven
CON02486,0-12 months,South,T1,3,3.0,3,0.449,DePURA Kids,Mainstream
CON02487,0-12 months,West,T1,4,3.0,2,0.609,Other brand,Mainstream
CON02488,1-5 years,South,T1,5,3.0,4,0.678,Other brand,Mainstream
CON02489,0-12 months,Central,T3,3,3.0,3,0.692,Other brand,Mainstream
CON02490,1-5 years,Central,T2,4,2.0,4,0.571,Other brand,Mainstream
CON02491,0-12 months,North,T2,5,4.0,3,0.365,DePURA Kids,Price-sensitive
CON02492,0-12 months,North,T1,4,4.0,4,0.534,Not currently buying,Price-sensitive
CON02493,0-12 months,North,T2,4,3.0,4,0.863,Other brand,Convenience-driven
CON02494,1-5 years,South,T1,4,1.0,5,0.372,Not currently buying,Convenience-driven
CON02495,1-5 years,East,T2,3,2.0,5,0.593,Other brand,Mainstream
CON02496,0-12 months,North,T3,5,4.0,4,1.0,Not currently buying,Price-sensitive
CON02497,6-12 years,North,T3,4,4.0,3,0.956,Not currently buying,Price-sensitive
CON02498,0-12 months,West,T2,4,3.0,3,0.596,Other brand,Mainstream
CON02499,0-12 months,West,T1,4,2.0,5,0.62,DePURA Kids,Mainstream
CON02500,0-12 months,South,T1,3,3.0,4,0.745,Other brand,Health-conscious
CON02501,0-12 months,West,T1,5,3.0,4,0.737,Other brand,Health-conscious
CON02502,6-12 years,South,T1,4,4.0,3,0.549,Other brand,Price-sensitive
CON02503,0-12 months,North,T2,4,2.0,5,0.866,Other brand,Health-conscious
CON02504,6-12 years,South,T2,4,2.0,4,0.466,Other brand,Convenience-driven
CON02505,0-12 months,South,T1,3,2.0,2,0.631,Other brand,Convenience-driven
CON02506,0-12 months,East,T3,5,3.0,5,0.885,DePURA Kids,Health-conscious
CON02507,1-5 years,South,T1,5,3.0,3,0.702,Other brand,Mainstream
CON02508,1-5 years,South,T1,5,2.0,3,0.782,Not currently buying,Mainstream
CON02509,0-12 months,South,T1,4,3.0,3,0.589,Other brand,Convenience-driven
CON02510,0-12 months,North,T2,4,3.0,4,0.666,Other brand,Mainstream
CON02511,6-12 years,West,T1,4,4.0,5,0.502,DePURA Kids,Price-sensitive
CON02512,0-12 months,East,T3,2,5.0,4,0.745,Other brand,Low-awareness
CON02513,6-12 years,East,T1,5,2.0,3,0.814,Not currently buying,Convenience-driven
CON02514,1-5 years,East,T3,3,3.0,4,0.385,Not currently buying,Mainstream
CON02515,13-18 years,South,T3,4,4.0,2,0.563,Other brand,Price-sensitive
CON02516,6-12 years,North,T2,4,3.0,5,0.684,Other brand,Mainstream
CON02517,1-5 years,South,T2,5,2.0,4,0.463,Not currently buying,Mainstream
CON02518,1-5 years,South,T1,5,4.0,5,0.616,DePURA Kids,Price-sensitive
CON02519,1-5 years,North,T2,5,3.0,4,0.582,DePURA Kids,Convenience-driven
CON02520,1-5 years,North,T1,2,3.0,3,0.656,Other brand,Low-awareness
CON02521,13-18 years,South,T1,5,2.0,4,0.439,Other brand,Mainstream
CON02522,0-12 months,South,T1,5,3.0,3,0.397,DePURA Kids,Convenience-driven
CON02523,1-5 years,West,T1,4,4.0,3,0.586,Not currently buying,Price-sensitive
CON02524,0-12 months,East,T3,3,3.0,5,0.578,Not currently buying,Mainstream
CON02525,1-5 years,North,T2,5,3.0,4,0.6,Other brand,Mainstream
CON02526,0-12 months,North,T2,5,2.0,4,0.982,DePURA Kids,Health-conscious
CON02527,0-12 months,West,T1,3,3.0,4,0.711,Other brand,Convenience-driven
CON02528,1-5 years,Central,T2,3,1.0,3,0.804,Other brand,Convenience-driven
CON02529,0-12 months,West,T3,5,2.0,4,1.0,Other brand,Health-conscious
CON02530,1-5 years,South,T1,2,2.0,5,0.595,Other brand,Low-awareness
CON02531,1-5 years,North,T2,3,4.0,4,0.566,Other brand,Price-sensitive
CON02532,1-5 years,Central,T2,4,3.0,4,0.67,Other brand,Mainstream
CON02533,0-12 months,Central,T2,1,3.0,5,0.74,Other brand,Low-awareness
CON02534,0-12 months,East,T3,2,3.0,4,0.65,Other brand,Low-awareness
CON02535,1-5 years,South,T2,2,3.0,4,0.553,DePURA Kids,Low-awareness
CON02536,0-12 months,East,T1,3,2.0,5,0.766,DePURA Kids,Health-conscious
CON02537,0-12 months,East,T1,3,2.0,5,0.863,Other brand,Health-conscious
CON02538,0-12 months,North,T2,5,3.0,4,0.52,Not currently buying,Mainstream
CON02539,6-12 years,Central,T2,2,3.0,4,0.53,Other brand,Low-awareness
CON02540,0-12 months,East,T1,5,3.0,3,0.661,DePURA Kids,Mainstream
CON02541,6-12 years,South,T2,4,2.0,3,0.301,Other brand,Mainstream
CON02542,1-5 years,East,T2,4,3.0,4,0.41,DePURA Kids,Mainstream
CON02543,0-12 months,North,T1,4,4.0,4,0.452,Other brand,Price-sensitive
CON02544,1-5 years,West,T1,5,2.0,5,1.0,Not currently buying,Convenience-driven
CON02545,0-12 months,North,T2,4,3.0,3,0.461,Other brand,Convenience-driven
CON02546,6-12 years,North,T2,4,3.0,3,0.692,Other brand,Mainstream
CON02547,0-12 months,Central,T3,5,3.0,5,0.782,DePURA Kids,Health-conscious
CON02548,6-12 years,East,T2,5,3.0,3,0.814,Not currently buying,Mainstream
CON02549,0-12 months,South,T1,3,4.0,4,0.362,Other brand,Price-sensitive
CON02550,0-12 months,Central,T3,5,4.0,3,0.608,DePURA Kids,Price-sensitive
CON02551,1-5 years,South,T2,4,4.0,4,0.551,Not currently buying,Price-sensitive
CON02552,0-12 months,South,T1,4,4.0,4,0.547,Other brand,Price-sensitive
CON02553,0-12 months,North,T1,4,3.0,5,0.729,Other brand,Convenience-driven
CON02554,1-5 years,South,T1,3,3.0,4,0.465,Other brand,Mainstream
CON02555,13-18 years,North,T1,1,3.0,3,0.567,Other brand,Low-awareness
CON02556,0-12 months,West,T1,2,4.0,5,0.515,Other brand,Low-awareness
CON02557,13-18 years,West,T1,4,2.0,3,0.728,Other brand,Mainstream
CON02558,1-5 years,East,T2,4,3.0,4,0.729,Not currently buying,Health-conscious
CON02559,13-18 years,North,T2,3,4.0,5,0.594,DePURA Kids,Price-sensitive
CON02560,6-12 years,East,T1,3,3.0,3,0.662,DePURA Kids,Convenience-driven
CON02561,13-18 years,West,T1,4,5.0,4,0.519,Not currently buying,Price-sensitive
CON02562,0-12 months,West,T3,4,3.0,5,0.793,Other brand,Health-conscious
CON02563,0-12 months,East,T1,5,4.0,3,0.446,Not currently buying,Price-sensitive
CON02564,0-12 months,West,T1,3,3.0,4,0.658,Other brand,Mainstream
CON02565,0-12 months,South,T1,4,2.0,4,0.845,DePURA Kids,Health-conscious
CON02566,1-5 years,East,T1,4,4.0,3,0.508,Other brand,Price-sensitive
CON02567,0-12 months,North,T2,2,2.0,3,0.774,Other brand,Low-awareness
CON02568,1-5 years,West,T1,4,1.0,3,0.45,DePURA Kids,Mainstream
CON02569,1-5 years,South,T1,5,2.0,4,0.801,DePURA Kids,Health-conscious
CON02570,6-12 years,West,T1,4,2.0,4,0.825,DePURA Kids,Health-conscious
CON02571,0-12 months,West,T1,3,2.0,3,0.492,Not currently buying,Mainstream
CON02572,0-12 months,South,T1,4,2.0,3,0.59,Other brand,Mainstream
CON02573,0-12 months,East,T1,4,4.0,3,0.68,Other brand,Price-sensitive
CON02574,1-5 years,West,T1,4,3.0,4,0.7,Other brand,Convenience-driven
CON02575,1-5 years,West,T1,4,3.0,4,0.731,DePURA Kids,Health-conscious
CON02576,0-12 months,South,T2,4,3.0,3,0.555,Other brand,Convenience-driven
CON02577,0-12 months,South,T1,3,5.0,4,0.49,Other brand,Price-sensitive
CON02578,0-12 months,South,T2,5,2.0,3,0.614,Other brand,Mainstream
CON02579,0-12 months,East,T3,4,5.0,3,0.813,Other brand,Price-sensitive
CON02580,0-12 months,North,T2,1,3.0,2,0.693,Other brand,Low-awareness
CON02581,6-12 years,South,T1,3,3.0,4,0.562,Other brand,Convenience-driven
CON02582,0-12 months,West,T1,2,3.0,4,0.852,DePURA Kids,Low-awareness
CON02583,1-5 years,North,T2,4,2.0,5,0.598,Other brand,Convenience-driven
CON02584,1-5 years,South,T2,4,3.0,3,0.49,Other brand,Mainstream
CON02585,1-5 years,West,T1,5,3.0,4,0.54,Other brand,Convenience-driven
CON02586,0-12 months,North,T1,5,5.0,5,0.815,Other brand,Price-sensitive
CON02587,1-5 years,West,T1,5,3.0,4,0.488,Other brand,Mainstream
CON02588,0-12 months,West,T1,4,3.0,5,0.625,DePURA Kids,Mainstream
CON02589,0-12 months,North,T1,4,2.0,4,0.622,Other brand,Mainstream
CON02590,0-12 months,West,T1,4,4.0,5,0.429,Not currently buying,Price-sensitive
CON02591,6-12 years,West,T1,3,4.0,3,0.371,Other brand,Price-sensitive
CON02592,1-5 years,Central,T2,5,2.0,5,0.667,DePURA Kids,Mainstream
CON02593,6-12 years,Central,T2,4,1.0,4,1.0,DePURA Kids,Health-conscious
CON02594,0-12 months,North,T2,5,2.0,4,0.789,Not currently buying,Health-conscious
CON02595,1-5 years,South,T1,5,3.0,4,0.701,Other brand,Convenience-driven
CON02596,0-12 months,East,T2,4,2.0,4,0.624,Other brand,Mainstream
CON02597,0-12 months,South,T2,3,4.0,4,0.651,Other brand,Price-sensitive
CON02598,1-5 years,North,T2,4,3.0,3,0.726,Not currently buying,Mainstream
CON02599,0-12 months,Central,T3,4,4.0,5,0.907,Other brand,Price-sensitive
CON02600,1-5 years,North,T3,5,3.0,5,0.526,Other brand,Mainstream
CON02601,6-12 years,West,T2,4,4.0,4,0.619,Other brand,Price-sensitive
CON02602,0-12 months,East,T1,4,3.0,4,0.928,Other brand,Convenience-driven
CON02603,13-18 years,North,T2,4,4.0,2,0.424,Not currently buying,Price-sensitive
CON02604,0-12 months,East,T3,4,4.0,4,0.432,Not currently buying,Price-sensitive
CON02605,0-12 months,West,T1,5,3.0,4,0.937,DePURA Kids,Convenience-driven
CON02606,0-12 months,South,T1,3,3.0,2,0.501,Not currently buying,Mainstream
CON02607,0-12 months,Central,T2,4,5.0,4,0.709,Other brand,Price-sensitive
CON02608,0-12 months,Central,T3,3,5.0,4,0.614,Other brand,Price-sensitive
CON02609,0-12 months,South,T1,4,4.0,4,0.624,Other brand,Price-sensitive
CON02610,6-12 years,North,T1,5,3.0,4,0.559,DePURA Kids,Mainstream
CON02611,13-18 years,North,T2,5,3.0,4,0.876,Other brand,Convenience-driven
CON02612,0-12 months,South,T1,3,3.0,4,0.55,Other brand,Convenience-driven
CON02613,0-12 months,South,T2,5,2.0,4,0.712,DePURA Kids,Health-conscious
CON02614,0-12 months,Central,T3,4,3.0,3,0.619,Other brand,Mainstream
CON02615,13-18 years,East,T3,4,3.0,4,0.551,Other brand,Mainstream
CON02616,13-18 years,North,T1,3,3.0,3,0.43,Not currently buying,Mainstream
CON02617,1-5 years,East,T3,5,4.0,3,0.383,DePURA Kids,Price-sensitive
CON02618,0-12 months,West,T1,4,3.0,4,0.831,Other brand,Health-conscious
CON02619,0-12 months,East,T2,2,2.0,3,0.805,Other brand,Low-awareness
CON02620,1-5 years,West,T3,5,3.0,5,0.629,Other brand,Mainstream
CON02621,0-12 months,South,T1,3,3.0,4,0.533,Other brand,Mainstream
CON02622,6-12 years,East,T2,3,3.0,3,0.814,Other brand,Mainstream
CON02623,6-12 years,East,T1,4,3.0,3,0.725,Not currently buying,Convenience-driven
CON02624,1-5 years,North,T1,4,5.0,5,0.426,Not currently buying,Price-sensitive
CON02625,1-5 years,South,T1,4,2.0,3,0.431,Other brand,Mainstream
CON02626,0-12 months,West,T2,3,3.0,5,0.67,Other brand,Convenience-driven
CON02627,1-5 years,West,T1,3,2.0,4,0.675,Other brand,Mainstream
CON02628,0-12 months,South,T1,2,3.0,5,0.957,DePURA Kids,Low-awareness
CON02629,6-12 years,West,T1,2,4.0,3,0.501,Other brand,Low-awareness
CON02630,0-12 months,South,T1,4,2.0,3,0.537,Other brand,Convenience-driven
CON02631,6-12 years,South,T1,5,3.0,4,0.512,DePURA Kids,Convenience-driven
CON02632,0-12 months,South,T2,4,3.0,3,0.548,Not currently buying,Mainstream
CON02633,1-5 years,West,T3,3,5.0,4,0.171,Not currently buying,Price-sensitive
CON02634,0-12 months,West,T1,3,2.0,3,0.452,Other brand,Mainstream
CON02635,1-5 years,West,T1,4,3.0,3,0.428,Other brand,Mainstream
CON02636,6-12 years,South,T1,4,2.0,3,0.918,Not currently buying,Mainstream
CON02637,6-12 years,East,T3,4,4.0,5,0.599,Other brand,Price-sensitive
CON02638,0-12 months,West,T1,2,4.0,3,0.548,Other brand,Low-awareness
CON02639,0-12 months,West,T1,3,2.0,4,1.0,DePURA Kids,Health-conscious
CON02640,1-5 years,South,T1,3,4.0,3,0.559,Other brand,Price-sensitive
CON02641,1-5 years,West,T1,4,3.0,4,0.59,Other brand,Convenience-driven
CON02642,6-12 years,North,T1,4,5.0,2,0.595,Other brand,Price-sensitive
CON02643,0-12 months,North,T1,4,5.0,5,0.617,Other brand,Price-sensitive
CON02644,6-12 years,South,T1,4,4.0,5,0.796,DePURA Kids,Price-sensitive
CON02645,0-12 months,West,T2,4,3.0,4,0.997,DePURA Kids,Health-conscious
CON02646,0-12 months,South,T1,5,2.0,5,0.782,DePURA Kids,Health-conscious
CON02647,0-12 months,South,T1,3,2.0,3,0.495,DePURA Kids,Convenience-driven
CON02648,0-12 months,West,T1,5,3.0,4,0.728,DePURA Kids,Convenience-driven
CON02649,6-12 years,South,T1,4,3.0,3,0.372,Other brand,Convenience-driven
CON02650,0-12 months,West,T1,5,5.0,4,0.68,Other brand,Price-sensitive
CON02651,0-12 months,East,T2,4,2.0,4,0.678,Other brand,Mainstream
CON02652,0-12 months,East,T2,3,1.0,4,0.781,Not currently buying,Convenience-driven
CON02653,6-12 years,South,T3,3,3.0,3,0.376,Other brand,Convenience-driven
CON02654,1-5 years,West,T2,4,3.0,5,0.773,Other brand,Health-conscious
CON02655,1-5 years,East,T3,3,4.0,4,0.298,Other brand,Price-sensitive
CON02656,6-12 years,West,T1,5,3.0,2,0.403,DePURA Kids,Mainstream
CON02657,6-12 years,Central,T2,3,3.0,5,0.352,Other brand,Mainstream
CON02658,13-18 years,East,T3,3,3.0,5,0.723,DePURA Kids,Health-conscious
CON02659,6-12 years,South,T1,5,4.0,4,0.578,DePURA Kids,Price-sensitive
CON02660,0-12 months,West,T2,4,3.0,4,0.873,Other brand,Health-conscious
CON02661,1-5 years,North,T1,4,2.0,3,0.701,DePURA Kids,Mainstream
CON02662,13-18 years,South,T1,3,4.0,2,0.407,Other brand,Price-sensitive
CON02663,1-5 years,North,T1,3,4.0,1,0.405,Not currently buying,Price-sensitive
CON02664,1-5 years,North,T1,5,4.0,4,0.534,DePURA Kids,Price-sensitive
CON02665,1-5 years,North,T2,3,2.0,5,0.34,Other brand,Mainstream
CON02666,1-5 years,South,T1,3,,4,0.61,DePURA Kids,Mainstream
CON02667,1-5 years,East,T3,4,4.0,5,0.902,DePURA Kids,Price-sensitive
CON02668,6-12 years,North,T1,4,2.0,3,0.47,Other brand,Mainstream
CON02669,1-5 years,South,T1,3,5.0,4,0.482,Not currently buying,Price-sensitive
CON02670,0-12 months,Central,T2,4,3.0,5,0.847,DePURA Kids,Health-conscious
CON02671,0-12 months,South,T1,5,2.0,4,0.894,Other brand,Convenience-driven
CON02672,1-5 years,South,T1,3,4.0,3,0.612,Other brand,Price-sensitive
CON02673,6-12 years,South,T1,5,3.0,4,0.628,Other brand,Convenience-driven
CON02674,6-12 years,South,T2,4,2.0,5,0.713,DePURA Kids,Health-conscious
CON02675,0-12 months,North,T2,4,4.0,4,1.0,DePURA Kids,Price-sensitive
CON02676,1-5 years,North,T2,3,3.0,4,0.761,Other brand,Convenience-driven
CON02677,6-12 years,East,T1,3,3.0,1,0.626,Other brand,Mainstream
CON02678,1-5 years,North,T1,5,4.0,5,0.751,DePURA Kids,Price-sensitive
CON02679,6-12 years,East,T2,3,5.0,4,0.506,Other brand,Price-sensitive
CON02680,1-5 years,West,T2,4,4.0,4,0.624,DePURA Kids,Price-sensitive
CON02681,0-12 months,West,T1,3,4.0,4,0.656,Other brand,Price-sensitive
CON02682,0-12 months,West,T1,4,4.0,4,0.492,DePURA Kids,Price-sensitive
CON02683,1-5 years,West,T1,4,2.0,2,0.43,Not currently buying,Mainstream
CON02684,1-5 years,South,T2,5,4.0,4,0.58,DePURA Kids,Price-sensitive
CON02685,0-12 months,South,T1,5,2.0,5,0.861,Other brand,Convenience-driven
CON02686,6-12 years,West,T1,3,3.0,4,0.361,Other brand,Mainstream
CON02687,6-12 years,South,T1,3,5.0,5,0.401,Not currently buying,Price-sensitive
CON02688,6-12 years,South,T1,2,3.0,3,0.734,DePURA Kids,Low-awareness
CON02689,1-5 years,South,T1,4,4.0,4,0.607,Not currently buying,Price-sensitive
CON02690,0-12 months,West,T1,5,3.0,3,0.947,Other brand,Convenience-driven
CON02691,0-12 months,East,T1,2,3.0,5,0.722,DePURA Kids,Low-awareness
CON02692,1-5 years,North,T2,3,2.0,3,0.76,Not currently buying,Mainstream
CON02693,6-12 years,East,T3,5,3.0,5,0.525,DePURA Kids,Mainstream
CON02694,6-12 years,South,T1,4,3.0,5,0.478,Other brand,Mainstream
CON02695,0-12 months,East,T3,4,3.0,5,0.836,Other brand,Health-conscious
CON02696,0-12 months,East,T3,5,2.0,3,0.484,Other brand,Convenience-driven
CON02697,0-12 months,North,T1,5,2.0,4,0.759,Other brand,Convenience-driven
CON02698,1-5 years,West,T1,4,1.0,4,0.553,Not currently buying,Mainstream
CON02699,0-12 months,South,T1,5,2.0,3,0.989,DePURA Kids,Convenience-driven
CON02700,0-12 months,North,T2,3,2.0,4,0.645,Not currently buying,Mainstream
CON02701,1-5 years,Central,T3,5,2.0,3,0.42,Other brand,Mainstream
CON02702,0-12 months,West,T1,5,3.0,5,1.0,Other brand,Convenience-driven
CON02703,0-12 months,East,T2,2,3.0,4,0.674,Other brand,Low-awareness
CON02704,0-12 months,North,T2,4,3.0,4,0.898,Not currently buying,Health-conscious
CON02705,0-12 months,North,T2,4,2.0,2,0.586,DePURA Kids,Mainstream
CON02706,0-12 months,West,T2,5,3.0,3,0.803,Other brand,Mainstream
CON02707,6-12 years,North,T2,5,5.0,4,0.684,Not currently buying,Price-sensitive
CON02708,0-12 months,South,T2,3,3.0,4,0.506,Other brand,Mainstream
CON02709,1-5 years,North,T1,5,1.0,2,0.448,Other brand,Mainstream
CON02710,0-12 months,South,T1,3,4.0,3,0.472,Other brand,Price-sensitive
CON02711,0-12 months,West,T1,3,2.0,2,0.818,Other brand,Mainstream
CON02712,0-12 months,East,T3,3,3.0,2,0.823,DePURA Kids,Mainstream
CON02713,0-12 months,East,T2,5,5.0,4,0.573,Other brand,Price-sensitive
CON02714,0-12 months,South,T2,3,3.0,3,0.715,Other brand,Mainstream
CON02715,0-12 months,West,T1,4,1.0,5,0.995,DePURA Kids,Health-conscious
CON02716,0-12 months,West,T1,5,3.0,5,0.888,DePURA Kids,Convenience-driven
CON02717,0-12 months,North,T1,3,2.0,5,0.529,Other brand,Convenience-driven
CON02718,0-12 months,East,T2,4,4.0,3,0.752,Other brand,Price-sensitive
CON02719,0-12 months,East,T2,4,4.0,4,0.873,Other brand,Price-sensitive
CON02720,6-12 years,North,T2,3,4.0,4,0.658,DePURA Kids,Price-sensitive
CON02721,6-12 years,West,T3,5,3.0,3,0.588,Other brand,Mainstream
CON02722,1-5 years,South,T1,3,3.0,5,0.488,Other brand,Mainstream
CON02723,6-12 years,Central,T3,2,2.0,2,0.413,Other brand,Low-awareness
CON02724,1-5 years,West,T3,3,4.0,3,0.617,Not currently buying,Price-sensitive
CON02725,0-12 months,South,T1,3,3.0,4,0.735,Other brand,Health-conscious
CON02726,0-12 months,South,T1,2,1.0,2,0.532,Other brand,Low-awareness
CON02727,0-12 months,West,T1,3,3.0,3,0.826,Other brand,Mainstream
CON02728,0-12 months,North,T1,4,3.0,3,0.839,Other brand,Mainstream
CON02729,0-12 months,West,T1,4,3.0,4,0.236,DePURA Kids,Mainstream
CON02730,0-12 months,North,T2,4,3.0,3,0.951,Other brand,Mainstream
CON02731,6-12 years,South,T1,4,4.0,3,0.509,Other brand,Price-sensitive
CON02732,0-12 months,Central,T2,4,3.0,4,1.0,Other brand,Health-conscious
CON02733,13-18 years,North,T2,3,2.0,3,0.839,Other brand,Mainstream
CON02734,0-12 months,West,T1,4,3.0,4,1.0,Other brand,Health-conscious
CON02735,0-12 months,East,T2,5,2.0,3,0.672,DePURA Kids,Mainstream
CON02736,1-5 years,East,T1,5,,4,0.38,Not currently buying,Mainstream
CON02737,0-12 months,South,T1,3,2.0,5,0.579,DePURA Kids,Convenience-driven
CON02738,6-12 years,North,T1,3,3.0,4,0.492,Not currently buying,Convenience-driven
CON02739,1-5 years,South,T1,2,3.0,3,0.502,Other brand,Low-awareness
CON02740,0-12 months,North,T1,2,4.0,4,0.673,Not currently buying,Low-awareness
CON02741,0-12 months,East,T2,2,2.0,4,0.64,Other brand,Low-awareness
CON02742,0-12 months,South,T1,2,4.0,5,0.372,Other brand,Low-awareness
CON02743,0-12 months,North,T3,4,4.0,4,0.831,Other brand,Price-sensitive
CON02744,0-12 months,North,T2,4,4.0,4,0.771,Other brand,Price-sensitive
CON02745,0-12 months,South,T2,4,4.0,4,0.709,DePURA Kids,Price-sensitive
CON02746,0-12 months,North,T2,2,2.0,4,0.903,Other brand,Low-awareness
CON02747,6-12 years,West,T2,3,4.0,3,0.58,Not currently buying,Price-sensitive
CON02748,1-5 years,North,T1,4,2.0,4,0.597,Other brand,Mainstream
CON02749,0-12 months,East,T2,3,3.0,2,0.895,Other brand,Convenience-driven
CON02750,0-12 months,South,T1,3,4.0,3,0.523,Other brand,Price-sensitive
CON02751,0-12 months,North,T2,2,5.0,5,0.223,Other brand,Low-awareness
CON02752,1-5 years,South,T1,4,3.0,3,0.581,Other brand,Mainstream
CON02753,13-18 years,West,T3,2,,3,0.59,Other brand,Low-awareness
CON02754,6-12 years,North,T1,4,5.0,5,0.515,Other brand,Price-sensitive
CON02755,1-5 years,West,T3,1,5.0,5,0.524,Other brand,Low-awareness
CON02756,1-5 years,West,T1,3,4.0,4,0.513,Other brand,Price-sensitive
CON02757,0-12 months,North,T2,3,2.0,5,0.774,Other brand,Health-conscious
CON02758,0-12 months,East,T3,4,4.0,5,0.433,Other brand,Price-sensitive
CON02759,6-12 years,North,T2,3,4.0,4,0.417,Not currently buying,Price-sensitive
CON02760,0-12 months,South,T3,3,3.0,4,0.999,DePURA Kids,Convenience-driven
CON02761,1-5 years,East,T2,2,4.0,2,0.296,Other brand,Low-awareness
CON02762,6-12 years,North,T1,5,3.0,4,0.515,Other brand,Mainstream
CON02763,0-12 months,North,T2,3,1.0,3,1.0,DePURA Kids,Mainstream
CON02764,1-5 years,South,T1,4,2.0,4,0.622,DePURA Kids,Mainstream
CON02765,0-12 months,Central,T3,4,4.0,4,0.697,Not currently buying,Price-sensitive
CON02766,0-12 months,South,T2,3,3.0,5,0.761,Other brand,Convenience-driven
CON02767,0-12 months,West,T3,4,4.0,4,0.946,Other brand,Price-sensitive
CON02768,1-5 years,East,T2,5,5.0,3,0.667,Other brand,Price-sensitive
CON02769,0-12 months,North,T2,5,2.0,4,0.862,Other brand,Health-conscious
CON02770,0-12 months,West,T3,3,5.0,3,0.975,Other brand,Price-sensitive
CON02771,0-12 months,East,T1,5,4.0,2,0.671,Other brand,Price-sensitive
CON02772,0-12 months,North,T2,3,2.0,5,0.93,DePURA Kids,Health-conscious
CON02773,1-5 years,South,T1,4,3.0,4,0.65,Not currently buying,Mainstream
CON02774,0-12 months,West,T1,4,5.0,3,0.871,Other brand,Price-sensitive
CON02775,0-12 months,South,T1,3,3.0,4,0.638,DePURA Kids,Mainstream
CON02776,0-12 months,North,T2,5,3.0,3,0.364,Other brand,Mainstream
CON02777,0-12 months,South,T1,3,4.0,4,0.847,Other brand,Price-sensitive
CON02778,1-5 years,South,T1,3,2.0,5,0.519,Not currently buying,Mainstream
CON02779,1-5 years,South,T1,5,4.0,4,0.386,Other brand,Price-sensitive
CON02780,1-5 years,North,T3,4,3.0,5,0.663,Other brand,Mainstream
CON02781,1-5 years,West,T2,2,2.0,3,0.488,Other brand,Low-awareness
CON02782,0-12 months,West,T2,3,4.0,3,0.525,Other brand,Price-sensitive
CON02783,0-12 months,South,T1,4,3.0,2,0.641,Not currently buying,Mainstream
CON02784,0-12 months,East,T3,3,5.0,5,0.739,Other brand,Price-sensitive
CON02785,0-12 months,North,T1,5,5.0,4,0.647,Other brand,Price-sensitive
CON02786,1-5 years,East,T3,2,4.0,3,0.55,Other brand,Low-awareness
CON02787,6-12 years,East,T1,3,3.0,2,0.566,Other brand,Convenience-driven
CON02788,0-12 months,West,T2,3,5.0,4,0.403,Other brand,Price-sensitive
CON02789,0-12 months,Central,T3,4,4.0,4,0.614,Other brand,Price-sensitive
CON02790,6-12 years,North,T3,3,4.0,4,0.47,Other brand,Price-sensitive
CON02791,1-5 years,Central,T2,4,3.0,4,0.56,Not currently buying,Mainstream
CON02792,0-12 months,South,T2,5,3.0,4,0.906,Other brand,Health-conscious
CON02793,1-5 years,North,T1,3,2.0,2,0.655,Other brand,Mainstream
CON02794,0-12 months,East,T3,5,4.0,5,0.9,Other brand,Price-sensitive
CON02795,6-12 years,Central,T2,2,1.0,5,0.667,DePURA Kids,Low-awareness
CON02796,1-5 years,South,T1,4,3.0,4,0.246,Not currently buying,Mainstream
CON02797,1-5 years,West,T3,3,4.0,4,0.683,Other brand,Price-sensitive
CON02798,6-12 years,North,T2,4,5.0,4,0.349,Not currently buying,Price-sensitive
CON02799,0-12 months,West,T2,3,4.0,4,0.596,Other brand,Price-sensitive
CON02800,0-12 months,Central,T2,3,2.0,4,0.302,DePURA Kids,Mainstream
CON02801,1-5 years,West,T1,4,3.0,3,0.804,DePURA Kids,Mainstream
CON02802,0-12 months,South,T1,4,3.0,3,0.628,Other brand,Mainstream
CON02803,1-5 years,North,T1,3,3.0,3,0.542,Other brand,Convenience-driven
CON02804,1-5 years,South,T1,3,3.0,5,0.496,Other brand,Convenience-driven
CON02805,0-12 months,Central,T3,3,4.0,5,0.882,Not currently buying,Price-sensitive
CON02806,0-12 months,East,T2,5,3.0,5,0.511,Other brand,Mainstream
CON02807,6-12 years,Central,T2,3,3.0,3,0.733,Other brand,Mainstream
CON02808,0-12 months,North,T1,3,3.0,3,0.873,Other brand,Mainstream
CON02809,0-12 months,South,T2,4,3.0,5,0.813,Other brand,Health-conscious
CON02810,0-12 months,East,T3,3,4.0,3,0.491,Not currently buying,Price-sensitive
CON02811,6-12 years,South,T1,4,2.0,4,0.434,Other brand,Mainstream
CON02812,0-12 months,West,T2,3,3.0,4,0.766,Other brand,Health-conscious
CON02813,0-12 months,Central,T3,4,5.0,4,0.785,DePURA Kids,Price-sensitive
CON02814,0-12 months,East,T1,3,,2,0.651,Other brand,Mainstream
CON02815,0-12 months,North,T1,3,3.0,4,0.458,Other brand,Mainstream
CON02816,1-5 years,North,T1,3,4.0,4,0.587,Other brand,Price-sensitive
CON02817,6-12 years,South,T2,3,3.0,4,0.341,Other brand,Mainstream
CON02818,0-12 months,North,T2,1,4.0,1,0.618,Other brand,Low-awareness
CON02819,0-12 months,South,T1,3,5.0,4,0.705,Not currently buying,Price-sensitive
CON02820,13-18 years,East,T2,3,2.0,5,0.682,DePURA Kids,Mainstream
CON02821,1-5 years,North,T2,3,2.0,4,0.751,DePURA Kids,Health-conscious
CON02822,0-12 months,East,T3,5,4.0,5,0.816,Not currently buying,Price-sensitive
CON02823,6-12 years,South,T2,3,2.0,4,0.595,DePURA Kids,Mainstream
CON02824,13-18 years,South,T1,4,2.0,3,0.556,Other brand,Mainstream
CON02825,0-12 months,Central,T2,1,3.0,4,0.685,Not currently buying,Low-awareness
CON02826,6-12 years,North,T2,4,3.0,4,0.508,Not currently buying,Mainstream
CON02827,0-12 months,South,T1,4,4.0,5,0.673,Other brand,Price-sensitive
CON02828,1-5 years,North,T1,4,2.0,4,0.656,DePURA Kids,Mainstream
CON02829,0-12 months,West,T1,3,5.0,2,0.421,Not currently buying,Price-sensitive
CON02830,0-12 months,South,T1,4,4.0,5,0.62,Other brand,Price-sensitive
CON02831,0-12 months,East,T1,5,4.0,5,0.779,Other brand,Price-sensitive
CON02832,6-12 years,North,T2,4,4.0,4,0.667,Other brand,Price-sensitive
CON02833,1-5 years,North,T1,2,3.0,4,0.465,Other brand,Low-awareness
CON02834,0-12 months,North,T1,2,3.0,3,1.0,DePURA Kids,Low-awareness
CON02835,0-12 months,South,T2,4,4.0,5,0.785,DePURA Kids,Price-sensitive
CON02836,1-5 years,West,T1,4,2.0,5,0.625,Other brand,Convenience-driven
CON02837,0-12 months,North,T2,3,2.0,3,0.666,Not currently buying,Mainstream
CON02838,0-12 months,South,T2,1,4.0,3,0.447,Not currently buying,Low-awareness
CON02839,0-12 months,North,T2,2,5.0,2,0.52,Other brand,Low-awareness
CON02840,13-18 years,Central,T3,3,3.0,4,0.634,Other brand,Mainstream
CON02841,0-12 months,South,T1,5,3.0,5,0.645,Other brand,Convenience-driven
CON02842,0-12 months,East,T3,5,4.0,2,0.774,DePURA Kids,Price-sensitive
CON02843,0-12 months,West,T1,4,3.0,4,0.767,DePURA Kids,Health-conscious
CON02844,6-12 years,South,T1,4,2.0,3,0.848,Not currently buying,Convenience-driven
CON02845,0-12 months,North,T1,4,4.0,5,0.81,Other brand,Price-sensitive
CON02846,0-12 months,Central,T2,4,5.0,3,1.0,Other brand,Price-sensitive
CON02847,0-12 months,West,T1,3,3.0,4,0.652,Not currently buying,Mainstream
CON02848,0-12 months,West,T1,3,3.0,3,0.727,Other brand,Mainstream
CON02849,0-12 months,East,T2,3,3.0,5,0.432,Other brand,Mainstream
CON02850,6-12 years,South,T1,5,2.0,3,0.558,Other brand,Mainstream
CON02851,1-5 years,Central,T3,3,3.0,3,0.532,Other brand,Mainstream
CON02852,0-12 months,North,T2,3,3.0,3,0.541,Other brand,Mainstream
CON02853,0-12 months,South,T1,3,5.0,5,0.829,Not currently buying,Price-sensitive
CON02854,1-5 years,West,T2,4,3.0,5,0.549,Other brand,Mainstream
CON02855,0-12 months,South,T1,3,2.0,5,0.72,DePURA Kids,Health-conscious
CON02856,1-5 years,South,T2,3,2.0,4,0.462,Not currently buying,Mainstream
CON02857,1-5 years,South,T2,4,1.0,2,0.577,Other brand,Mainstream
CON02858,0-12 months,West,T1,4,4.0,5,0.908,Other brand,Price-sensitive
CON02859,6-12 years,East,T1,3,2.0,5,0.72,DePURA Kids,Convenience-driven
CON02860,6-12 years,West,T1,5,4.0,2,0.601,Other brand,Price-sensitive
CON02861,6-12 years,South,T3,4,5.0,5,0.577,Not currently buying,Price-sensitive
CON02862,1-5 years,West,T1,5,4.0,2,0.737,Other brand,Price-sensitive
CON02863,1-5 years,East,T3,3,4.0,5,0.339,Other brand,Price-sensitive
CON02864,0-12 months,West,T1,5,3.0,5,0.965,DePURA Kids,Health-conscious
CON02865,1-5 years,North,T2,3,3.0,3,0.395,Not currently buying,Convenience-driven
CON02866,1-5 years,East,T2,5,2.0,4,0.441,Not currently buying,Mainstream
CON02867,6-12 years,West,T1,4,3.0,4,0.462,Other brand,Mainstream
CON02868,1-5 years,East,T3,5,3.0,3,0.789,Other brand,Mainstream
CON02869,6-12 years,East,T1,4,4.0,4,0.4,Not currently buying,Price-sensitive
CON02870,6-12 years,Central,T3,3,3.0,5,0.468,DePURA Kids,Convenience-driven
CON02871,1-5 years,West,T1,4,3.0,4,0.396,Not currently buying,Convenience-driven
CON02872,1-5 years,North,T1,4,2.0,3,0.622,DePURA Kids,Convenience-driven
CON02873,1-5 years,North,T3,4,2.0,4,0.452,Other brand,Mainstream
CON02874,0-12 months,East,T1,3,3.0,3,0.698,Other brand,Mainstream
CON02875,1-5 years,West,T1,3,4.0,4,0.88,Not currently buying,Price-sensitive
CON02876,0-12 months,North,T2,2,4.0,4,0.396,Other brand,Low-awareness
CON02877,0-12 months,North,T1,5,4.0,4,0.557,Other brand,Price-sensitive
CON02878,0-12 months,Central,T2,1,3.0,4,0.391,Other brand,Low-awareness
CON02879,6-12 years,Central,T3,4,4.0,5,0.675,Not currently buying,Price-sensitive
CON02880,0-12 months,South,T1,4,4.0,5,0.806,DePURA Kids,Price-sensitive
CON02881,1-5 years,East,T1,5,3.0,5,1.0,Other brand,Health-conscious
CON02882,6-12 years,North,T2,2,2.0,3,0.525,Not currently buying,Low-awareness
CON02883,6-12 years,West,T1,2,3.0,4,0.693,Other brand,Low-awareness
CON02884,0-12 months,South,T1,3,3.0,4,0.741,Not currently buying,Health-conscious
CON02885,0-12 months,North,T2,4,4.0,4,0.519,Other brand,Price-sensitive
CON02886,6-12 years,West,T1,5,2.0,2,0.464,Other brand,Convenience-driven
CON02887,0-12 months,South,T2,3,3.0,4,0.598,Other brand,Mainstream
CON02888,0-12 months,North,T1,5,2.0,5,0.897,Other brand,Health-conscious
CON02889,0-12 months,East,T3,4,4.0,3,0.712,Not currently buying,Price-sensitive
CON02890,0-12 months,South,T1,3,2.0,3,0.442,Other brand,Convenience-driven
CON02891,1-5 years,West,T1,2,4.0,4,0.495,Other brand,Low-awareness
CON02892,0-12 months,West,T1,5,2.0,3,0.741,DePURA Kids,Mainstream
CON02893,6-12 years,North,T2,3,3.0,5,0.614,Other brand,Convenience-driven
CON02894,6-12 years,North,T1,4,5.0,2,0.469,DePURA Kids,Price-sensitive
CON02895,0-12 months,South,T1,4,3.0,4,0.88,DePURA Kids,Health-conscious
CON02896,0-12 months,South,T2,4,4.0,3,0.87,Other brand,Price-sensitive
CON02897,1-5 years,North,T3,4,4.0,3,0.455,Not currently buying,Price-sensitive
CON02898,6-12 years,West,T2,4,2.0,4,0.526,Other brand,Mainstream
CON02899,0-12 months,West,T2,5,4.0,4,0.483,Not currently buying,Price-sensitive
CON02900,0-12 months,North,T1,3,3.0,2,0.478,Other brand,Mainstream
CON02901,0-12 months,West,T1,4,3.0,5,0.937,Other brand,Health-conscious
CON02902,6-12 years,West,T1,5,2.0,4,0.479,DePURA Kids,Mainstream
CON02903,6-12 years,East,T1,4,4.0,4,0.59,DePURA Kids,Price-sensitive
CON02904,0-12 months,North,T2,3,2.0,5,0.782,Other brand,Health-conscious
CON02905,1-5 years,North,T2,3,2.0,5,0.904,DePURA Kids,Convenience-driven
CON02906,0-12 months,West,T2,4,3.0,5,0.624,DePURA Kids,Mainstream
CON02907,0-12 months,North,T2,4,2.0,2,0.458,Not currently buying,Mainstream
CON02908,0-12 months,North,T2,3,2.0,4,0.546,DePURA Kids,Mainstream
CON02909,0-12 months,East,T3,4,3.0,4,0.731,DePURA Kids,Health-conscious
CON02910,0-12 months,East,T1,5,1.0,5,0.781,Other brand,Health-conscious
CON02911,0-12 months,North,T2,3,4.0,2,0.608,Other brand,Price-sensitive
CON02912,6-12 years,West,T1,4,3.0,4,0.736,DePURA Kids,Convenience-driven
CON02913,0-12 months,East,T1,5,3.0,4,0.776,DePURA Kids,Health-conscious
CON02914,0-12 months,West,T1,3,3.0,3,0.575,Not currently buying,Mainstream
CON02915,0-12 months,West,T1,4,2.0,5,0.7,Not currently buying,Health-conscious
CON02916,0-12 months,North,T3,2,2.0,4,0.775,DePURA Kids,Low-awareness
CON02917,0-12 months,Central,T3,3,2.0,5,0.977,Not currently buying,Health-conscious
CON02918,1-5 years,North,T2,3,3.0,5,0.62,DePURA Kids,Convenience-driven
CON02919,0-12 months,Central,T2,3,2.0,3,0.771,Not currently buying,Mainstream
CON02920,1-5 years,East,T2,5,4.0,4,0.559,Other brand,Price-sensitive
CON02921,1-5 years,West,T3,2,3.0,3,0.768,Other brand,Low-awareness
CON02922,6-12 years,South,T2,4,3.0,4,0.554,Other brand,Mainstream
CON02923,0-12 months,Central,T3,5,4.0,4,0.529,Not currently buying,Price-sensitive
CON02924,1-5 years,West,T1,3,2.0,3,0.275,Other brand,Mainstream
CON02925,1-5 years,East,T3,3,3.0,5,0.823,DePURA Kids,Health-conscious
CON02926,6-12 years,East,T2,5,3.0,3,0.526,Other brand,Mainstream
CON02927,13-18 years,West,T1,4,4.0,4,0.598,Other brand,Price-sensitive
CON02928,0-12 months,East,T2,4,3.0,5,0.58,Other brand,Convenience-driven
CON02929,6-12 years,East,T2,3,3.0,4,0.693,Other brand,Convenience-driven
CON02930,6-12 years,West,T1,5,4.0,5,0.652,DePURA Kids,Price-sensitive
CON02931,0-12 months,West,T2,4,3.0,4,0.328,Not currently buying,Mainstream
CON02932,1-5 years,North,T1,5,3.0,4,0.538,Other brand,Convenience-driven
CON02933,0-12 months,North,T1,5,3.0,4,0.837,Other brand,Convenience-driven
CON02934,1-5 years,North,T2,3,,4,0.458,Not currently buying,Mainstream
CON02935,6-12 years,West,T1,4,3.0,1,0.658,Other brand,Convenience-driven
CON02936,0-12 months,East,T3,4,5.0,4,0.715,Other brand,Price-sensitive
CON02937,6-12 years,West,T1,5,2.0,4,0.674,DePURA Kids,Mainstream
CON02938,0-12 months,South,T1,4,3.0,2,0.489,Other brand,Mainstream
CON02939,0-12 months,East,T3,3,4.0,3,0.663,Other brand,Price-sensitive
CON02940,0-12 months,Central,T2,3,3.0,2,0.597,Other brand,Mainstream
CON02941,0-12 months,East,T1,4,3.0,3,0.653,Other brand,Mainstream
CON02942,6-12 years,West,T1,5,3.0,4,0.317,Other brand,Mainstream
CON02943,1-5 years,North,T3,2,4.0,4,0.571,Other brand,Low-awareness
CON02944,0-12 months,South,T1,4,4.0,3,0.469,DePURA Kids,Price-sensitive
CON02945,1-5 years,South,T1,3,3.0,2,0.572,Other brand,Mainstream
CON02946,0-12 months,South,T1,3,4.0,3,0.585,Other brand,Price-sensitive
CON02947,1-5 years,West,T1,4,2.0,5,0.56,Other brand,Convenience-driven
CON02948,0-12 months,Central,T2,3,4.0,4,0.469,Other brand,Price-sensitive
CON02949,0-12 months,West,T2,3,2.0,4,0.859,DePURA Kids,Health-conscious
CON02950,0-12 months,East,T3,3,3.0,5,0.515,Other brand,Mainstream
CON02951,1-5 years,East,T3,5,4.0,5,0.725,DePURA Kids,Price-sensitive
CON02952,0-12 months,North,T2,5,4.0,4,0.568,Other brand,Price-sensitive
CON02953,13-18 years,South,T1,3,3.0,5,0.89,Not currently buying,Convenience-driven
CON02954,6-12 years,North,T3,4,3.0,3,0.581,Not currently buying,Mainstream
CON02955,6-12 years,South,T1,4,3.0,4,0.526,Other brand,Mainstream
CON02956,0-12 months,North,T3,4,3.0,4,0.888,Not currently buying,Convenience-driven
CON02957,0-12 months,West,T1,5,1.0,4,0.618,Other brand,Convenience-driven
CON02958,6-12 years,West,T1,4,1.0,5,0.627,Other brand,Mainstream
CON02959,0-12 months,South,T2,4,2.0,5,0.526,Not currently buying,Mainstream
CON02960,0-12 months,West,T1,4,4.0,5,0.752,Not currently buying,Price-sensitive
CON02961,1-5 years,East,T2,4,3.0,4,0.974,DePURA Kids,Health-conscious
CON02962,13-18 years,North,T2,4,4.0,4,0.721,DePURA Kids,Price-sensitive
CON02963,0-12 months,North,T2,3,2.0,4,0.62,DePURA Kids,Mainstream
CON02964,0-12 months,North,T2,3,3.0,4,0.814,Not currently buying,Health-conscious
CON02965,0-12 months,North,T3,4,5.0,5,0.605,Other brand,Price-sensitive
CON02966,6-12 years,South,T1,3,3.0,4,0.638,DePURA Kids,Mainstream
CON02967,6-12 years,West,T2,3,3.0,2,0.398,Other brand,Mainstream
CON02968,0-12 months,West,T2,4,2.0,5,0.782,Other brand,Health-conscious
CON02969,6-12 years,East,T2,5,3.0,3,0.924,Other brand,Convenience-driven
CON02970,13-18 years,South,T2,4,3.0,3,0.8,DePURA Kids,Mainstream
CON02971,1-5 years,West,T1,3,3.0,3,0.793,Other brand,Convenience-driven
CON02972,1-5 years,South,T2,3,3.0,4,0.429,Not currently buying,Convenience-driven
CON02973,6-12 years,North,T2,3,3.0,5,0.694,Other brand,Convenience-driven
CON02974,1-5 years,West,T1,3,2.0,5,0.661,Other brand,Mainstream
CON02975,6-12 years,East,T3,3,3.0,5,0.721,Other brand,Health-conscious
CON02976,0-12 months,East,T2,4,4.0,4,0.661,Other brand,Price-sensitive
CON02977,0-12 months,East,T1,4,3.0,4,0.895,Other brand,Health-conscious
CON02978,1-5 years,South,T1,3,4.0,4,0.338,Other brand,Price-sensitive
CON02979,13-18 years,South,T2,3,4.0,4,0.625,DePURA Kids,Price-sensitive
CON02980,1-5 years,North,T2,3,2.0,3,0.476,Other brand,Mainstream
CON02981,0-12 months,West,T2,1,4.0,2,0.466,Other brand,Low-awareness
CON02982,0-12 months,South,T1,5,2.0,4,0.559,DePURA Kids,Convenience-driven
CON02983,13-18 years,South,T1,2,2.0,5,0.705,Other brand,Low-awareness
CON02984,1-5 years,West,T1,4,4.0,4,0.738,Other brand,Price-sensitive
CON02985,0-12 months,South,T1,3,2.0,3,0.865,Not currently buying,Convenience-driven
CON02986,0-12 months,West,T1,4,2.0,5,0.972,DePURA Kids,Health-conscious
CON02987,0-12 months,South,T1,3,4.0,3,0.446,Other brand,Price-sensitive
CON02988,6-12 years,West,T3,4,3.0,5,0.846,Not currently buying,Health-conscious
CON02989,6-12 years,Central,T3,5,3.0,4,0.379,DePURA Kids,Mainstream
CON02990,0-12 months,East,T3,4,3.0,4,0.62,DePURA Kids,Mainstream
CON02991,0-12 months,East,T2,2,4.0,3,0.747,Other brand,Low-awareness
CON02992,0-12 months,South,T2,3,3.0,5,0.55,DePURA Kids,Convenience-driven
CON02993,0-12 months,West,T1,4,3.0,3,0.707,Other brand,Convenience-driven
CON02994,0-12 months,West,T1,2,2.0,3,0.956,Not currently buying,Low-awareness
CON02995,0-12 months,Central,T2,4,4.0,4,0.367,Other brand,Price-sensitive
CON02996,1-5 years,South,T1,4,3.0,3,0.694,DePURA Kids,Mainstream
CON02997,0-12 months,South,T2,5,4.0,2,0.759,Not currently buying,Price-sensitive
CON02998,1-5 years,West,T1,3,3.0,5,0.341,Other brand,Mainstream
CON02999,0-12 months,West,T2,4,3.0,4,0.824,Other brand,Health-conscious
CON03000,0-12 months,South,T1,2,1.0,4,0.609,Other brand,Low-awareness
