hcp_id,specialty,territory_id,region,city_tier,years_in_practice,monthly_patient_volume,category_awareness,brand_awareness,recommendation_rate,digital_engagement,rep_visits_last_quarter,pre_recall_prescriber,competitor_preference
HCP00001,Obstetrician-Gynecologist,TR29,South,T2,12,89.0,4,1,0.026,0.673,3,False,Arachitol Kids
HCP00002,Obstetrician-Gynecologist,TR33,East,T2,6,194.0,4,3,0.041,0.649,8,False,Ultra D3
HCP00003,Obstetrician-Gynecologist,TR27,South,T2,17,159.0,4,4,0.115,0.579,2,False,Other / Generic
HCP00004,Obstetrician-Gynecologist,TR17,West,T2,29,169.0,5,3,0.166,0.145,10,False,Uprise-D3
HCP00005,General Practitioner,TR11,North,T3,14,55.0,4,2,0.038,0.584,5,False,Uprise-D3
HCP00006,Pediatrician,TR19,Central,T2,19,318.0,4,4,0.349,0.489,7,True,D3 Must Forte
HCP00007,Pediatrician,TR15,West,T2,38,325.0,4,5,0.154,0.115,6,False,Arachitol Kids
HCP00008,General Practitioner,TR31,East,T1,8,157.0,4,4,0.051,0.454,10,False,Arachitol Kids
HCP00009,General Practitioner,TR22,Central,T3,17,141.0,5,4,0.202,0.564,12,False,Kidrich D3 Nano
HCP00010,Pediatrician,TR14,West,T1,6,447.0,5,5,0.397,0.57,2,True,Arachitol Kids
HCP00011,Pediatrician,TR18,West,T3,21,113.0,5,3,0.133,0.327,11,False,Uprise-D3
HCP00012,Neonatologist,TR33,East,T2,11,140.0,5,3,0.213,0.637,5,True,Arachitol Kids
HCP00013,Pediatrician,TR23,South,T1,11,462.0,4,5,0.546,0.541,9,False,Arachitol Kids
HCP00014,Pediatrician,TR09,North,T2,23,310.0,5,5,0.519,0.551,6,True,Arachitol Kids
HCP00015,General Practitioner,TR18,West,T3,18,251.0,4,3,0.153,0.557,4,False,Ultra D3
HCP00016,Pediatrician,TR16,West,T1,26,300.0,4,5,0.218,0.58,6,False,Uprise-D3
HCP00017,Pediatrician,TR13,West,T1,19,130.0,5,5,0.425,0.517,4,False,Arachitol Kids
HCP00018,General Practitioner,TR26,South,T1,18,137.0,4,4,0.201,0.496,4,True,Arachitol Kids
HCP00019,Neonatologist,TR12,West,T1,17,233.0,5,2,0.125,0.444,6,True,Arachitol Kids
HCP00020,Pediatrician,TR17,West,T2,11,163.0,4,5,0.759,0.777,6,True,No alternative (DePURA loyal)
HCP00021,Pediatrician,TR16,West,T1,13,371.0,4,4,0.285,0.664,4,False,Arachitol Kids
HCP00022,Pediatrician,TR16,West,T1,14,434.0,3,5,0.438,0.529,8,False,D3 Must Forte
HCP00023,General Practitioner,TR22,Central,T3,16,212.0,4,4,0.32,0.135,4,True,D3 Must Forte
HCP00024,Pediatrician,TR25,South,T3,5,403.0,5,5,0.609,0.733,7,False,No alternative (DePURA loyal)
HCP00025,Pediatrician,TR04,North,T2,6,652.0,4,4,0.073,0.777,4,False,Uprise-D3
HCP00026,General Practitioner,TR12,West,T1,21,211.0,4,3,0.074,0.672,0,False,Arachitol Kids
HCP00027,Neonatologist,TR28,South,T1,4,215.0,5,5,0.43,0.595,6,True,Arachitol Kids
HCP00028,Pediatrician,TR32,East,T3,12,149.0,5,4,0.475,0.609,10,True,Arachitol Kids
HCP00029,General Practitioner,TR01,North,T1,3,98.0,3,4,0.078,0.765,8,False,Uprise-D3
HCP00030,General Practitioner,TR02,North,T1,17,253.0,2,3,0.02,0.53,7,False,D3 Must Forte
HCP00031,Pediatrician,TR33,East,T2,30,761.0,4,5,0.451,0.541,11,True,Other / Generic
HCP00032,Obstetrician-Gynecologist,TR05,North,T2,17,87.0,4,4,0.189,0.635,1,True,Arachitol Kids
HCP00033,Pediatrician,TR36,East,T2,7,221.0,5,4,0.427,0.752,5,False,D3 Must Forte
HCP00034,Pediatrician,TR29,South,T2,13,178.0,4,2,0.153,0.618,7,True,Other / Generic
HCP00035,Pediatrician,TR04,North,T2,28,129.0,5,2,0.221,0.38,8,True,Uprise-D3
HCP00036,Pediatrician,TR03,North,T2,20,622.0,5,5,0.607,0.375,13,True,No alternative (DePURA loyal)
HCP00037,General Practitioner,TR35,East,T2,40,117.0,3,3,0.031,0.289,2,False,Kidrich D3 Nano
HCP00038,General Practitioner,TR11,North,T3,14,235.0,3,2,0.022,0.512,5,False,Uprise-D3
HCP00039,General Practitioner,TR20,Central,T2,31,158.0,4,3,0.21,0.556,7,False,Arachitol Kids
HCP00040,General Practitioner,TR10,North,T2,17,76.0,3,5,0.149,0.378,9,False,Kidrich D3 Nano
HCP00041,Pediatrician,TR23,South,T1,6,473.0,5,3,0.491,0.463,6,True,Uprise-D3
HCP00042,Neonatologist,TR30,South,T2,4,211.0,4,4,0.369,0.722,8,True,Arachitol Kids
HCP00043,Obstetrician-Gynecologist,TR24,South,T1,10,73.0,5,3,0.053,0.737,3,False,Ultra D3
HCP00044,Pediatrician,TR01,North,T1,21,118.0,4,3,0.082,0.697,5,True,Uprise-D3
HCP00045,General Practitioner,TR23,South,T1,18,126.0,3,4,0.074,0.409,6,False,Kidrich D3 Nano
HCP00046,Obstetrician-Gynecologist,TR24,South,T1,10,115.0,4,3,0.075,0.585,1,False,Arachitol Kids
HCP00047,Pediatrician,TR08,North,T2,22,343.0,5,5,0.511,0.532,6,True,Uprise-D3
HCP00048,Pediatrician,TR27,South,T2,40,429.0,4,4,0.233,0.204,6,False,Uprise-D3
HCP00049,Pediatrician,TR24,South,T1,18,820.0,5,4,0.393,0.46,2,True,D3 Must Forte
HCP00050,Neonatologist,TR01,North,T1,10,96.0,4,3,0.457,0.478,6,True,Ultra D3
HCP00051,General Practitioner,TR34,East,T3,14,199.0,3,3,0.07,0.58,1,False,Other / Generic
HCP00052,General Practitioner,TR16,West,T1,37,260.0,3,3,0.294,0.073,5,True,Arachitol Kids
HCP00053,Obstetrician-Gynecologist,TR10,North,T2,19,70.0,3,3,0.033,0.462,2,False,D3 Must Forte
HCP00054,Pediatrician,TR02,North,T1,9,230.0,5,4,0.218,0.707,10,True,D3 Must Forte
HCP00055,Neonatologist,TR14,West,T1,11,307.0,4,2,0.117,0.245,7,True,Ultra D3
HCP00056,Pediatrician,TR13,West,T1,10,144.0,3,4,0.503,0.757,1,True,Arachitol Kids
HCP00057,General Practitioner,TR12,West,T1,9,203.0,3,3,0.115,0.687,3,True,Other / Generic
HCP00058,Pediatrician,TR28,South,T1,22,217.0,5,4,0.252,0.256,8,True,Arachitol Kids
HCP00059,Pediatrician,TR24,South,T1,7,271.0,4,4,0.333,0.601,6,False,Other / Generic
HCP00060,Pediatrician,TR04,North,T2,13,1045.0,3,2,0.108,0.468,7,False,Uprise-D3
HCP00061,Pediatrician,TR26,South,T1,17,465.0,4,3,0.123,0.53,7,False,Arachitol Kids
HCP00062,Pediatrician,TR26,South,T1,1,346.0,5,3,0.063,0.735,5,False,D3 Must Forte
HCP00063,Pediatrician,TR19,Central,T2,11,190.0,3,3,0.447,0.571,9,True,Arachitol Kids
HCP00064,General Practitioner,TR36,East,T2,20,121.0,3,5,0.081,0.536,6,False,Other / Generic
HCP00065,Obstetrician-Gynecologist,TR12,West,T1,15,126.0,5,5,0.144,,0,True,Kidrich D3 Nano
HCP00066,Pediatrician,TR02,North,T1,14,110.0,4,4,0.307,0.664,6,False,Other / Generic
HCP00067,Pediatrician,TR01,North,T1,20,556.0,4,4,0.169,0.673,10,False,Arachitol Kids
HCP00068,General Practitioner,TR13,West,T1,12,323.0,4,4,0.086,0.441,3,False,Ultra D3
HCP00069,General Practitioner,TR18,West,T3,6,76.0,3,3,0.217,0.585,4,False,Ultra D3
HCP00070,General Practitioner,TR02,North,T1,12,136.0,3,4,0.128,0.704,5,False,D3 Must Forte
HCP00071,Neonatologist,TR22,Central,T3,7,459.0,5,4,0.167,0.275,5,True,D3 Must Forte
HCP00072,Pediatrician,TR31,East,T1,33,539.0,4,4,0.138,0.534,5,True,Arachitol Kids
HCP00073,Pediatrician,TR28,South,T1,27,356.0,5,5,0.286,0.474,6,False,Kidrich D3 Nano
HCP00074,Obstetrician-Gynecologist,TR24,South,T1,33,263.0,4,5,0.156,0.354,4,False,Arachitol Kids
HCP00075,General Practitioner,TR24,South,T1,13,96.0,3,4,0.211,0.473,4,True,Ultra D3
HCP00076,General Practitioner,TR26,South,T1,8,279.0,4,2,0.036,0.637,7,True,D3 Must Forte
HCP00077,Neonatologist,TR18,West,T3,9,133.0,4,3,0.09,,11,False,Other / Generic
HCP00078,Pediatrician,TR15,West,T2,14,157.0,4,4,0.337,0.702,6,False,Other / Generic
HCP00079,Pediatrician,TR13,West,T1,24,280.0,4,4,0.519,0.531,5,True,Arachitol Kids
HCP00080,Pediatrician,TR03,North,T2,6,117.0,4,5,0.619,0.47,5,True,Uprise-D3
HCP00081,Obstetrician-Gynecologist,TR21,Central,T3,4,161.0,3,2,0.073,0.527,2,False,Ultra D3
HCP00082,Obstetrician-Gynecologist,TR16,West,T1,13,133.0,4,3,0.152,0.846,7,True,Kidrich D3 Nano
HCP00083,Pediatrician,TR04,North,T2,36,242.0,5,5,0.395,0.5,7,False,Ultra D3
HCP00084,Pediatrician,TR12,West,T1,19,936.0,5,4,0.275,0.423,5,False,Kidrich D3 Nano
HCP00085,General Practitioner,TR28,South,T1,8,119.0,3,4,0.102,0.726,10,False,Uprise-D3
HCP00086,Pediatrician,TR11,North,T3,9,273.0,5,3,0.194,0.816,6,False,Arachitol Kids
HCP00087,Obstetrician-Gynecologist,TR16,West,T1,24,179.0,5,3,0.046,0.443,4,False,Kidrich D3 Nano
HCP00088,Pediatrician,TR05,North,T2,6,147.0,5,3,0.15,0.73,9,False,Arachitol Kids
HCP00089,Obstetrician-Gynecologist,TR06,North,T2,11,61.0,5,4,0.309,,5,False,Ultra D3
HCP00090,General Practitioner,TR27,South,T2,14,68.0,4,3,0.184,0.487,1,True,Ultra D3
HCP00091,Pediatrician,TR02,North,T1,20,312.0,5,5,0.291,0.847,9,True,Arachitol Kids
HCP00092,General Practitioner,TR12,West,T1,3,135.0,3,3,0.068,0.83,2,False,Uprise-D3
HCP00093,General Practitioner,TR36,East,T2,4,216.0,4,3,0.169,0.717,12,True,D3 Must Forte
HCP00094,Pediatrician,TR16,West,T1,2,325.0,5,3,0.051,0.554,1,False,Arachitol Kids
HCP00095,Pediatrician,TR23,South,T1,16,426.0,4,4,0.404,0.484,3,True,Kidrich D3 Nano
HCP00096,Obstetrician-Gynecologist,TR24,South,T1,21,88.0,3,5,0.185,0.205,3,False,Uprise-D3
HCP00097,General Practitioner,TR08,North,T2,13,181.0,2,4,0.093,0.633,4,False,Uprise-D3
HCP00098,General Practitioner,TR14,West,T1,6,232.0,4,4,0.143,0.894,4,False,Uprise-D3
HCP00099,Pediatrician,TR15,West,T2,14,325.0,4,4,0.541,0.761,8,False,D3 Must Forte
HCP00100,General Practitioner,TR10,North,T2,28,100.0,3,2,0.044,,7,False,Arachitol Kids
HCP00101,General Practitioner,TR10,North,T2,40,109.0,4,2,0.027,0.12,9,False,Arachitol Kids
HCP00102,Pediatrician,TR23,South,T1,8,344.0,4,3,0.277,0.798,7,True,Other / Generic
HCP00103,Pediatrician,TR03,North,T2,5,358.0,5,5,0.428,0.646,7,True,Kidrich D3 Nano
HCP00104,Pediatrician,TR04,North,T2,40,291.0,5,5,0.549,0.411,8,False,Uprise-D3
HCP00105,General Practitioner,TR22,Central,T3,10,86.0,4,3,0.022,0.389,5,False,Uprise-D3
HCP00106,Pediatrician,TR16,West,T1,22,101.0,4,5,0.383,0.513,2,False,D3 Must Forte
HCP00107,Obstetrician-Gynecologist,TR23,South,T1,10,121.0,5,4,0.346,0.74,13,True,Arachitol Kids
HCP00108,Pediatrician,TR01,North,T1,22,227.0,4,3,0.24,0.209,5,True,Arachitol Kids
HCP00109,Obstetrician-Gynecologist,TR26,South,T1,6,119.0,4,3,0.069,0.514,1,True,Ultra D3
HCP00110,Pediatrician,TR30,South,T2,4,457.0,4,4,0.523,,9,True,D3 Must Forte
HCP00111,General Practitioner,TR19,Central,T2,40,182.0,3,3,0.054,0.251,6,False,Ultra D3
HCP00112,General Practitioner,TR30,South,T2,13,43.0,4,4,0.252,0.348,3,True,D3 Must Forte
HCP00113,General Practitioner,TR15,West,T2,8,224.0,3,3,0.243,0.619,7,True,Kidrich D3 Nano
HCP00114,Neonatologist,TR02,North,T1,7,295.0,5,4,0.316,0.477,6,True,Other / Generic
HCP00115,Pediatrician,TR14,West,T1,31,482.0,5,5,0.727,0.302,9,True,Arachitol Kids
HCP00116,Pediatrician,TR16,West,T1,16,780.0,4,4,0.72,0.755,11,True,No alternative (DePURA loyal)
HCP00117,Pediatrician,TR31,East,T1,17,808.0,4,5,0.366,0.492,9,False,Kidrich D3 Nano
HCP00118,Pediatrician,TR13,West,T1,37,222.0,3,3,0.189,0.326,6,True,D3 Must Forte
HCP00119,Obstetrician-Gynecologist,TR13,West,T1,20,145.0,5,4,0.229,0.822,3,False,Kidrich D3 Nano
HCP00120,Pediatrician,TR31,East,T1,3,491.0,4,5,0.748,0.611,9,True,No alternative (DePURA loyal)
HCP00121,General Practitioner,TR11,North,T3,15,105.0,3,3,0.269,0.539,2,True,Arachitol Kids
HCP00122,Pediatrician,TR24,South,T1,16,571.0,5,5,0.644,0.325,4,True,Uprise-D3
HCP00123,Neonatologist,TR13,West,T1,4,411.0,4,2,0.265,0.649,3,True,Uprise-D3
HCP00124,Pediatrician,TR34,East,T3,17,341.0,5,3,0.064,0.624,2,False,Uprise-D3
HCP00125,Neonatologist,TR08,North,T2,20,113.0,3,3,0.102,0.32,3,False,Other / Generic
HCP00126,General Practitioner,TR26,South,T1,12,155.0,2,2,0.021,0.615,5,False,Arachitol Kids
HCP00127,Neonatologist,TR20,Central,T2,22,154.0,4,3,0.13,0.263,3,True,Other / Generic
HCP00128,General Practitioner,TR36,East,T2,12,84.0,3,3,0.07,0.491,6,False,Kidrich D3 Nano
HCP00129,Pediatrician,TR36,East,T2,19,599.0,5,5,0.358,0.565,7,False,Kidrich D3 Nano
HCP00130,Obstetrician-Gynecologist,TR28,South,T1,20,70.0,4,5,0.668,0.327,5,True,Uprise-D3
HCP00131,Pediatrician,TR03,North,T2,7,142.0,4,4,0.191,,1,True,Other / Generic
HCP00132,Pediatrician,TR16,West,T1,15,347.0,4,4,0.281,0.618,7,True,Arachitol Kids
HCP00133,Pediatrician,TR30,South,T2,11,172.0,3,5,0.216,0.463,9,False,Arachitol Kids
HCP00134,Obstetrician-Gynecologist,TR24,South,T1,29,210.0,4,5,0.33,0.433,8,False,Uprise-D3
HCP00135,General Practitioner,TR31,East,T1,13,255.0,4,4,0.238,0.543,7,True,Uprise-D3
HCP00136,Pediatrician,TR28,South,T1,1,505.0,4,3,0.381,0.854,5,True,Uprise-D3
HCP00137,Obstetrician-Gynecologist,TR13,West,T1,13,95.0,5,4,0.27,0.585,4,False,Arachitol Kids
HCP00138,Pediatrician,TR08,North,T2,29,304.0,5,4,0.471,0.484,7,True,Kidrich D3 Nano
HCP00139,Pediatrician,TR13,West,T1,10,197.0,4,3,0.471,0.545,4,True,Arachitol Kids
HCP00140,Pediatrician,TR26,South,T1,14,279.0,5,3,0.075,0.521,6,False,Other / Generic
HCP00141,Pediatrician,TR16,West,T1,13,627.0,4,4,0.361,0.621,7,True,Other / Generic
HCP00142,General Practitioner,TR01,North,T1,14,202.0,3,4,0.181,0.767,8,False,Uprise-D3
HCP00143,Pediatrician,TR27,South,T2,9,580.0,5,4,0.095,0.578,8,False,Uprise-D3
HCP00144,Pediatrician,TR01,North,T1,13,385.0,3,4,0.342,0.402,4,True,Other / Generic
HCP00145,Pediatrician,TR15,West,T2,32,272.0,5,3,0.152,0.176,5,False,Other / Generic
HCP00146,Obstetrician-Gynecologist,TR16,West,T1,29,136.0,5,4,0.1,0.727,1,False,Arachitol Kids
HCP00147,General Practitioner,TR18,West,T3,12,173.0,4,1,0.036,0.456,5,False,Kidrich D3 Nano
HCP00148,Pediatrician,TR04,North,T2,2,317.0,5,4,0.268,0.596,11,True,Kidrich D3 Nano
HCP00149,General Practitioner,TR27,South,T2,25,103.0,4,3,0.277,0.184,4,True,Other / Generic
HCP00150,Pediatrician,TR30,South,T2,23,208.0,4,4,0.153,0.342,3,False,Arachitol Kids
HCP00151,Obstetrician-Gynecologist,TR26,South,T1,1,191.0,4,3,0.025,0.507,2,False,Kidrich D3 Nano
HCP00152,Pediatrician,TR34,East,T3,9,693.0,4,2,0.051,0.532,6,False,Arachitol Kids
HCP00153,Pediatrician,TR11,North,T3,16,531.0,4,4,0.403,0.895,3,True,D3 Must Forte
HCP00154,Pediatrician,TR05,North,T2,16,204.0,5,4,0.575,0.547,5,True,D3 Must Forte
HCP00155,Pediatrician,TR02,North,T1,10,470.0,3,4,0.11,0.456,5,False,Uprise-D3
HCP00156,Pediatrician,TR26,South,T1,2,190.0,5,4,0.185,0.685,4,True,Uprise-D3
HCP00157,General Practitioner,TR05,North,T2,33,206.0,5,2,0.052,0.165,6,False,Uprise-D3
HCP00158,Pediatrician,TR33,East,T2,13,380.0,5,4,0.654,0.712,8,True,No alternative (DePURA loyal)
HCP00159,Pediatrician,TR23,South,T1,15,313.0,5,5,0.349,0.651,6,True,Arachitol Kids
HCP00160,General Practitioner,TR28,South,T1,29,105.0,3,3,0.194,0.219,9,False,Arachitol Kids
HCP00161,General Practitioner,TR16,West,T1,9,121.0,3,3,0.054,0.575,3,False,Uprise-D3
HCP00162,Obstetrician-Gynecologist,TR26,South,T1,14,163.0,4,3,0.099,0.578,4,True,Ultra D3
HCP00163,Pediatrician,TR16,West,T1,14,600.0,5,4,0.147,0.45,1,False,Uprise-D3
HCP00164,Obstetrician-Gynecologist,TR20,Central,T2,19,81.0,4,2,0.046,0.347,6,False,Arachitol Kids
HCP00165,General Practitioner,TR28,South,T1,16,133.0,5,2,0.055,0.853,4,True,D3 Must Forte
HCP00166,General Practitioner,TR10,North,T2,5,78.0,5,3,0.12,0.749,6,True,Uprise-D3
HCP00167,Pediatrician,TR31,East,T1,12,302.0,4,5,0.442,0.443,9,True,Other / Generic
HCP00168,Pediatrician,TR26,South,T1,13,300.0,5,3,0.107,0.52,5,False,Kidrich D3 Nano
HCP00169,Pediatrician,TR27,South,T2,4,547.0,3,5,0.243,0.58,1,False,Kidrich D3 Nano
HCP00170,General Practitioner,TR10,North,T2,15,247.0,3,3,0.213,0.492,4,True,Uprise-D3
HCP00171,General Practitioner,TR02,North,T1,22,239.0,3,4,0.055,0.318,6,False,Kidrich D3 Nano
HCP00172,Pediatrician,TR02,North,T1,4,452.0,4,3,0.098,0.575,9,False,Uprise-D3
HCP00173,Pediatrician,TR24,South,T1,12,579.0,4,4,0.247,0.479,5,False,D3 Must Forte
HCP00174,Obstetrician-Gynecologist,TR05,North,T2,16,97.0,5,4,0.116,0.546,2,True,Arachitol Kids
HCP00175,Pediatrician,TR36,East,T2,14,271.0,5,5,0.732,0.537,8,True,No alternative (DePURA loyal)
HCP00176,General Practitioner,TR34,East,T3,2,108.0,2,3,0.134,0.638,1,True,Uprise-D3
HCP00177,Neonatologist,TR01,North,T1,24,106.0,3,2,0.053,0.591,6,False,D3 Must Forte
HCP00178,Pediatrician,TR26,South,T1,28,330.0,3,3,0.162,0.236,4,False,Kidrich D3 Nano
HCP00179,General Practitioner,TR11,North,T3,10,81.0,5,4,0.089,0.477,1,False,Uprise-D3
HCP00180,General Practitioner,TR13,West,T1,26,202.0,3,4,0.177,0.054,6,True,Uprise-D3
HCP00181,Pediatrician,TR10,North,T2,17,209.0,4,3,0.082,0.482,5,True,Arachitol Kids
HCP00182,Pediatrician,TR29,South,T2,5,702.0,5,4,0.343,0.617,6,False,Arachitol Kids
HCP00183,Obstetrician-Gynecologist,TR31,East,T1,12,74.0,4,3,0.128,0.538,3,True,Uprise-D3
HCP00184,Pediatrician,TR01,North,T1,10,319.0,5,3,0.305,0.639,7,True,Arachitol Kids
HCP00185,Pediatrician,TR12,West,T1,7,528.0,4,5,0.52,0.428,4,True,Other / Generic
HCP00186,Pediatrician,TR16,West,T1,7,808.0,5,4,0.034,0.612,2,False,Uprise-D3
HCP00187,General Practitioner,TR19,Central,T2,14,128.0,3,3,0.331,0.593,7,True,Arachitol Kids
HCP00188,Pediatrician,TR02,North,T1,4,224.0,5,5,0.313,0.953,6,False,Arachitol Kids
HCP00189,Pediatrician,TR29,South,T2,14,404.0,4,3,0.306,0.674,5,True,D3 Must Forte
HCP00190,Pediatrician,TR33,East,T2,6,175.0,4,4,0.147,0.661,10,False,Arachitol Kids
HCP00191,Pediatrician,TR15,West,T2,16,549.0,3,4,0.084,0.334,8,False,Uprise-D3
HCP00192,General Practitioner,TR30,South,T2,9,135.0,4,4,0.104,0.432,9,False,Ultra D3
HCP00193,Obstetrician-Gynecologist,TR25,South,T3,21,172.0,4,4,0.103,0.172,7,False,Uprise-D3
HCP00194,Pediatrician,TR23,South,T1,20,148.0,5,4,0.369,0.283,9,True,Kidrich D3 Nano
HCP00195,General Practitioner,TR29,South,T2,13,140.0,4,3,0.098,,1,False,D3 Must Forte
HCP00196,General Practitioner,TR16,West,T1,11,244.0,2,3,0.021,0.36,5,False,Kidrich D3 Nano
HCP00197,General Practitioner,TR20,Central,T2,24,249.0,5,3,0.141,0.488,6,False,Uprise-D3
HCP00198,General Practitioner,TR12,West,T1,10,258.0,4,3,0.047,0.313,6,False,Kidrich D3 Nano
HCP00199,Pediatrician,TR26,South,T1,22,144.0,4,3,0.21,0.489,1,False,Kidrich D3 Nano
HCP00200,General Practitioner,TR05,North,T2,11,113.0,3,5,0.117,0.507,5,False,D3 Must Forte
HCP00201,General Practitioner,TR10,North,T2,16,217.0,3,4,0.104,0.465,3,False,Other / Generic
HCP00202,General Practitioner,TR16,West,T1,15,120.0,4,5,0.23,0.402,2,False,Arachitol Kids
HCP00203,Pediatrician,TR14,West,T1,14,720.0,4,3,0.191,0.746,15,False,Uprise-D3
HCP00204,Pediatrician,TR10,North,T2,18,280.0,3,4,0.568,0.437,9,True,Arachitol Kids
HCP00205,Pediatrician,TR08,North,T2,22,190.0,3,5,0.405,0.423,6,True,D3 Must Forte
HCP00206,Pediatrician,TR31,East,T1,14,854.0,4,4,0.199,0.526,3,True,Arachitol Kids
HCP00207,Pediatrician,TR23,South,T1,14,407.0,5,5,0.266,0.638,6,False,Arachitol Kids
HCP00208,Pediatrician,TR14,West,T1,37,121.0,4,5,0.393,0.533,6,True,Ultra D3
HCP00209,Pediatrician,TR30,South,T2,10,456.0,3,4,0.63,0.673,11,True,No alternative (DePURA loyal)
HCP00210,Pediatrician,TR29,South,T2,8,343.0,4,2,0.127,0.674,1,True,D3 Must Forte
HCP00211,Neonatologist,TR03,North,T2,5,270.0,4,5,0.313,0.649,1,False,Ultra D3
HCP00212,Pediatrician,TR22,Central,T3,9,166.0,4,3,0.096,0.574,1,False,Other / Generic
HCP00213,Pediatrician,TR12,West,T1,7,257.0,3,4,0.129,0.53,3,False,Other / Generic
HCP00214,General Practitioner,TR20,Central,T2,7,112.0,3,4,0.138,0.623,4,True,Arachitol Kids
HCP00215,Pediatrician,TR26,South,T1,17,340.0,4,4,0.444,0.423,6,True,D3 Must Forte
HCP00216,Pediatrician,TR01,North,T1,21,400.0,4,4,0.258,0.34,5,False,Arachitol Kids
HCP00217,Pediatrician,TR18,West,T3,11,344.0,4,4,0.367,0.772,6,True,Uprise-D3
HCP00218,Pediatrician,TR12,West,T1,6,399.0,5,4,0.315,0.528,4,True,Uprise-D3
HCP00219,General Practitioner,TR19,Central,T2,10,74.0,3,4,0.061,0.587,3,False,Arachitol Kids
HCP00220,Pediatrician,TR03,North,T2,9,283.0,5,3,0.272,0.867,4,True,Uprise-D3
HCP00221,Pediatrician,TR28,South,T1,11,393.0,5,5,0.612,0.544,3,False,No alternative (DePURA loyal)
HCP00222,Pediatrician,TR20,Central,T2,21,386.0,3,5,0.196,0.13,11,False,Other / Generic
HCP00223,Pediatrician,TR09,North,T2,14,181.0,5,3,0.284,0.44,8,True,Uprise-D3
HCP00224,General Practitioner,TR28,South,T1,30,192.0,4,4,0.112,0.575,3,False,Arachitol Kids
HCP00225,Pediatrician,TR01,North,T1,8,173.0,4,4,0.336,0.641,6,True,Ultra D3
HCP00226,Pediatrician,TR23,South,T1,10,307.0,5,3,0.101,0.73,4,False,Arachitol Kids
HCP00227,Pediatrician,TR18,West,T3,21,334.0,5,4,0.512,0.374,12,True,D3 Must Forte
HCP00228,General Practitioner,TR01,North,T1,1,229.0,3,4,0.147,0.844,11,False,D3 Must Forte
HCP00229,Pediatrician,TR10,North,T2,4,349.0,5,4,0.111,0.53,7,False,Arachitol Kids
HCP00230,Obstetrician-Gynecologist,TR02,North,T1,8,130.0,5,3,0.186,0.593,8,True,D3 Must Forte
HCP00231,Pediatrician,TR26,South,T1,9,206.0,4,3,0.053,0.67,5,False,Ultra D3
HCP00232,Neonatologist,TR26,South,T1,19,415.0,4,3,0.232,0.511,5,True,Arachitol Kids
HCP00233,Pediatrician,TR02,North,T1,19,288.0,5,4,0.109,0.492,8,False,Uprise-D3
HCP00234,General Practitioner,TR03,North,T2,3,175.0,2,4,0.097,0.755,6,False,Arachitol Kids
HCP00235,Pediatrician,TR31,East,T1,9,439.0,4,4,0.607,0.665,5,True,Ultra D3
HCP00236,Pediatrician,TR08,North,T2,19,539.0,4,5,0.453,0.526,8,True,Arachitol Kids
HCP00237,General Practitioner,TR12,West,T1,22,266.0,4,3,0.127,0.539,1,False,Kidrich D3 Nano
HCP00238,Neonatologist,TR25,South,T3,11,398.0,5,3,0.299,0.857,9,False,D3 Must Forte
HCP00239,General Practitioner,TR02,North,T1,15,553.0,4,4,0.121,0.362,5,False,Kidrich D3 Nano
HCP00240,Pediatrician,TR34,East,T3,20,443.0,4,3,0.404,0.747,8,True,Ultra D3
HCP00241,Pediatrician,TR01,North,T1,24,404.0,3,4,0.36,0.575,4,True,D3 Must Forte
HCP00242,Pediatrician,TR30,South,T2,29,329.0,3,3,0.245,0.411,4,True,Other / Generic
HCP00243,General Practitioner,TR14,West,T1,16,85.0,3,4,0.178,0.445,10,False,Uprise-D3
HCP00244,Pediatrician,TR05,North,T2,5,493.0,5,4,0.264,0.813,5,False,Arachitol Kids
HCP00245,Pediatrician,TR14,West,T1,9,336.0,4,4,0.167,0.526,1,False,Arachitol Kids
HCP00246,Pediatrician,TR35,East,T2,17,275.0,5,4,0.389,0.253,5,True,Arachitol Kids
HCP00247,Neonatologist,TR19,Central,T2,29,278.0,4,4,0.282,0.372,3,False,D3 Must Forte
HCP00248,Pediatrician,TR02,North,T1,4,520.0,5,4,0.089,0.444,6,False,D3 Must Forte
HCP00249,Pediatrician,TR33,East,T2,32,234.0,3,3,0.131,0.323,5,False,Uprise-D3
HCP00250,Pediatrician,TR05,North,T2,5,284.0,4,4,0.492,0.407,5,True,Other / Generic
HCP00251,Pediatrician,TR01,North,T1,21,543.0,5,3,0.396,0.368,9,True,D3 Must Forte
HCP00252,Pediatrician,TR01,North,T1,11,191.0,4,3,0.224,0.544,12,False,Ultra D3
HCP00253,General Practitioner,TR29,South,T2,6,109.0,4,3,0.342,0.298,4,True,D3 Must Forte
HCP00254,Pediatrician,TR05,North,T2,11,508.0,5,4,0.385,0.487,2,True,Kidrich D3 Nano
HCP00255,Pediatrician,TR07,North,T3,8,175.0,4,3,0.077,0.511,2,False,Uprise-D3
HCP00256,Pediatrician,TR34,East,T3,7,445.0,4,3,0.417,0.353,2,True,Other / Generic
HCP00257,Pediatrician,TR23,South,T1,10,426.0,5,4,0.434,0.557,8,True,Kidrich D3 Nano
HCP00258,General Practitioner,TR12,West,T1,7,151.0,3,5,0.511,0.681,5,True,Kidrich D3 Nano
HCP00259,Pediatrician,TR23,South,T1,15,186.0,3,3,0.495,0.685,3,True,Arachitol Kids
HCP00260,General Practitioner,TR10,North,T2,22,79.0,4,3,0.162,0.339,4,True,Uprise-D3
HCP00261,Pediatrician,TR18,West,T3,9,664.0,3,3,0.226,0.785,2,True,Other / Generic
HCP00262,Pediatrician,TR13,West,T1,9,276.0,4,5,0.354,0.464,2,True,D3 Must Forte
HCP00263,Pediatrician,TR23,South,T1,16,623.0,4,4,0.134,0.548,9,False,Kidrich D3 Nano
HCP00264,Pediatrician,TR27,South,T2,9,277.0,4,5,0.698,0.462,3,True,No alternative (DePURA loyal)
HCP00265,Pediatrician,TR14,West,T1,8,412.0,4,5,0.683,0.716,6,True,Uprise-D3
HCP00266,Pediatrician,TR05,North,T2,6,574.0,4,5,0.706,0.592,9,True,No alternative (DePURA loyal)
HCP00267,Obstetrician-Gynecologist,TR14,West,T1,30,59.0,4,3,0.109,0.522,6,True,Other / Generic
HCP00268,Pediatrician,TR27,South,T2,14,154.0,4,5,0.481,0.502,1,True,Uprise-D3
HCP00269,Pediatrician,TR28,South,T1,26,288.0,4,4,0.213,0.569,7,False,Kidrich D3 Nano
HCP00270,Pediatrician,TR28,South,T1,27,215.0,4,4,0.699,0.564,5,True,No alternative (DePURA loyal)
HCP00271,Pediatrician,TR35,East,T2,5,355.0,5,3,0.121,0.644,3,False,Uprise-D3
HCP00272,Pediatrician,TR29,South,T2,9,393.0,4,4,0.32,0.332,2,True,Uprise-D3
HCP00273,General Practitioner,TR35,East,T2,14,122.0,4,4,0.135,0.389,2,False,Arachitol Kids
HCP00274,General Practitioner,TR24,South,T1,17,150.0,3,3,0.037,0.77,4,False,Arachitol Kids
HCP00275,General Practitioner,TR09,North,T2,8,148.0,3,3,0.012,0.221,0,False,Arachitol Kids
HCP00276,Pediatrician,TR23,South,T1,17,235.0,4,4,0.125,0.282,1,True,Arachitol Kids
HCP00277,Pediatrician,TR08,North,T2,23,393.0,4,5,0.559,0.321,4,True,D3 Must Forte
HCP00278,General Practitioner,TR02,North,T1,9,72.0,5,4,0.287,0.444,9,False,Ultra D3
HCP00279,Pediatrician,TR12,West,T1,8,465.0,4,5,0.545,0.592,4,True,D3 Must Forte
HCP00280,General Practitioner,TR14,West,T1,13,219.0,4,3,0.202,0.714,10,False,Kidrich D3 Nano
HCP00281,General Practitioner,TR26,South,T1,7,86.0,4,3,0.099,0.74,3,True,Kidrich D3 Nano
HCP00282,Pediatrician,TR14,West,T1,23,405.0,5,4,0.264,0.518,8,True,Arachitol Kids
HCP00283,Pediatrician,TR01,North,T1,8,466.0,5,3,0.12,0.601,6,False,Kidrich D3 Nano
HCP00284,General Practitioner,TR32,East,T3,16,364.0,3,4,0.076,0.341,3,False,Arachitol Kids
HCP00285,Pediatrician,TR23,South,T1,22,699.0,4,3,0.081,0.288,10,False,Uprise-D3
HCP00286,Pediatrician,TR09,North,T2,18,408.0,4,4,0.251,0.567,6,False,Other / Generic
HCP00287,Pediatrician,TR11,North,T3,7,220.0,4,3,0.224,0.516,5,False,D3 Must Forte
HCP00288,Pediatrician,TR04,North,T2,1,559.0,5,4,0.579,0.538,9,True,Other / Generic
HCP00289,General Practitioner,TR32,East,T3,6,90.0,4,3,0.285,0.568,4,True,D3 Must Forte
HCP00290,Pediatrician,TR09,North,T2,18,185.0,5,4,0.501,0.618,6,True,Ultra D3
HCP00291,Obstetrician-Gynecologist,TR33,East,T2,13,189.0,5,3,0.095,0.731,7,False,Arachitol Kids
HCP00292,Neonatologist,TR11,North,T3,16,486.0,4,3,0.233,0.44,3,True,Ultra D3
HCP00293,Neonatologist,TR28,South,T1,22,165.0,5,5,0.811,0.563,9,True,D3 Must Forte
HCP00294,Pediatrician,TR01,North,T1,9,591.0,4,4,0.498,0.509,9,True,Uprise-D3
HCP00295,Pediatrician,TR17,West,T2,6,178.0,4,4,0.351,0.5,9,True,Arachitol Kids
HCP00296,Obstetrician-Gynecologist,TR14,West,T1,14,112.0,4,3,0.041,0.64,8,False,Arachitol Kids
HCP00297,General Practitioner,TR13,West,T1,6,114.0,4,2,0.026,0.578,3,False,Kidrich D3 Nano
HCP00298,Pediatrician,TR36,East,T2,4,391.0,4,4,0.155,0.413,2,False,Other / Generic
HCP00299,Obstetrician-Gynecologist,TR26,South,T1,12,50.0,4,2,0.045,0.481,5,True,Uprise-D3
HCP00300,General Practitioner,TR11,North,T3,13,174.0,3,3,0.227,0.707,7,False,Arachitol Kids
HCP00301,General Practitioner,TR27,South,T2,19,109.0,4,4,0.317,0.485,7,False,Arachitol Kids
HCP00302,Neonatologist,TR04,North,T2,23,156.0,4,4,0.176,1.0,5,False,Kidrich D3 Nano
HCP00303,Neonatologist,TR33,East,T2,12,292.0,4,3,0.192,0.47,8,True,Uprise-D3
HCP00304,Pediatrician,TR16,West,T1,16,220.0,4,3,0.385,0.711,2,True,Arachitol Kids
HCP00305,Pediatrician,TR08,North,T2,11,208.0,4,4,0.179,0.544,6,False,Uprise-D3
HCP00306,General Practitioner,TR12,West,T1,17,204.0,3,5,0.136,0.265,3,False,Arachitol Kids
HCP00307,General Practitioner,TR05,North,T2,22,157.0,3,3,0.162,0.558,7,False,Arachitol Kids
HCP00308,General Practitioner,TR33,East,T2,2,146.0,3,3,0.033,0.894,6,False,Uprise-D3
HCP00309,Pediatrician,TR12,West,T1,20,309.0,4,5,0.339,0.553,1,False,Kidrich D3 Nano
HCP00310,General Practitioner,TR04,North,T2,19,264.0,2,3,0.114,0.457,7,False,Other / Generic
HCP00311,Pediatrician,TR28,South,T1,5,188.0,4,3,0.379,0.668,11,True,Arachitol Kids
HCP00312,Neonatologist,TR09,North,T2,7,223.0,5,4,0.44,0.622,6,True,Kidrich D3 Nano
HCP00313,Obstetrician-Gynecologist,TR02,North,T1,19,178.0,4,5,0.191,0.404,8,False,Arachitol Kids
HCP00314,Pediatrician,TR24,South,T1,9,309.0,5,4,0.121,0.536,10,False,Other / Generic
HCP00315,General Practitioner,TR01,North,T1,2,181.0,4,3,0.161,0.597,9,True,Arachitol Kids
HCP00316,General Practitioner,TR29,South,T2,5,103.0,4,2,0.02,0.695,0,False,Kidrich D3 Nano
HCP00317,Pediatrician,TR21,Central,T3,7,472.0,5,4,0.436,0.662,4,True,D3 Must Forte
HCP00318,Pediatrician,TR10,North,T2,29,121.0,5,3,0.148,0.294,5,False,Uprise-D3
HCP00319,General Practitioner,TR16,West,T1,2,156.0,4,5,0.402,0.803,5,True,Arachitol Kids
HCP00320,General Practitioner,TR11,North,T3,19,174.0,4,3,0.049,0.562,6,False,D3 Must Forte
HCP00321,Pediatrician,TR19,Central,T2,11,192.0,4,3,0.096,0.779,7,False,D3 Must Forte
HCP00322,Obstetrician-Gynecologist,TR22,Central,T3,18,101.0,4,2,0.06,0.195,5,True,Uprise-D3
HCP00323,Neonatologist,TR28,South,T1,28,106.0,4,2,0.031,0.403,3,False,Arachitol Kids
HCP00324,Obstetrician-Gynecologist,TR16,West,T1,37,130.0,5,4,0.482,0.164,5,True,Arachitol Kids
HCP00325,Neonatologist,TR28,South,T1,34,175.0,5,5,0.398,,7,True,Kidrich D3 Nano
HCP00326,Pediatrician,TR02,North,T1,27,204.0,4,4,0.23,0.495,9,False,Uprise-D3
HCP00327,Obstetrician-Gynecologist,TR33,East,T2,26,60.0,5,3,0.028,0.202,5,False,D3 Must Forte
HCP00328,Neonatologist,TR07,North,T3,31,214.0,5,3,0.247,0.31,4,True,Arachitol Kids
HCP00329,General Practitioner,TR29,South,T2,11,171.0,4,3,0.076,0.371,6,False,Other / Generic
HCP00330,Pediatrician,TR18,West,T3,30,385.0,5,3,0.268,0.338,6,False,Uprise-D3
HCP00331,Pediatrician,TR03,North,T2,26,149.0,5,2,0.119,0.551,2,True,Kidrich D3 Nano
HCP00332,Pediatrician,TR14,West,T1,7,245.0,5,4,0.176,0.377,11,False,Kidrich D3 Nano
HCP00333,General Practitioner,TR32,East,T3,15,132.0,5,4,0.104,0.849,8,False,Uprise-D3
HCP00334,Pediatrician,TR29,South,T2,17,483.0,5,3,0.355,0.519,6,True,Other / Generic
HCP00335,General Practitioner,TR26,South,T1,8,136.0,5,2,0.019,0.708,3,False,D3 Must Forte
HCP00336,General Practitioner,TR14,West,T1,40,84.0,4,4,0.166,0.282,7,False,Uprise-D3
HCP00337,Pediatrician,TR23,South,T1,5,165.0,4,5,0.504,0.76,5,True,Arachitol Kids
HCP00338,Pediatrician,TR10,North,T2,9,449.0,4,3,0.222,0.61,7,True,Other / Generic
HCP00339,General Practitioner,TR24,South,T1,37,127.0,4,4,0.136,0.211,4,False,D3 Must Forte
HCP00340,Pediatrician,TR11,North,T3,22,418.0,5,2,0.249,0.496,2,True,Ultra D3
HCP00341,Neonatologist,TR29,South,T2,9,138.0,4,2,0.121,0.663,1,True,Other / Generic
HCP00342,Obstetrician-Gynecologist,TR26,South,T1,10,109.0,5,4,0.089,0.582,3,False,Kidrich D3 Nano
HCP00343,Pediatrician,TR14,West,T1,21,540.0,4,4,0.603,0.594,6,True,No alternative (DePURA loyal)
HCP00344,General Practitioner,TR24,South,T1,6,135.0,3,4,0.339,0.729,5,True,Arachitol Kids
HCP00345,Obstetrician-Gynecologist,TR13,West,T1,10,85.0,5,4,0.206,0.604,3,True,D3 Must Forte
HCP00346,Obstetrician-Gynecologist,TR05,North,T2,14,188.0,3,3,0.038,0.68,10,False,Arachitol Kids
HCP00347,General Practitioner,TR10,North,T2,23,133.0,2,2,0.038,0.405,5,False,Uprise-D3
HCP00348,Neonatologist,TR12,West,T1,6,288.0,5,3,0.262,0.467,2,True,Other / Generic
HCP00349,Pediatrician,TR09,North,T2,10,322.0,4,3,0.11,0.287,7,False,Kidrich D3 Nano
HCP00350,Pediatrician,TR25,South,T3,12,456.0,4,3,0.289,0.526,6,True,Uprise-D3
HCP00351,General Practitioner,TR27,South,T2,3,81.0,3,4,0.12,0.763,3,False,Ultra D3
HCP00352,General Practitioner,TR16,West,T1,7,88.0,3,3,0.218,0.392,4,True,Arachitol Kids
HCP00353,Neonatologist,TR36,East,T2,8,203.0,5,4,0.37,0.664,8,True,Kidrich D3 Nano
HCP00354,Pediatrician,TR31,East,T1,8,612.0,5,5,0.28,0.57,7,True,Uprise-D3
HCP00355,Pediatrician,TR02,North,T1,35,255.0,3,4,0.128,0.387,5,False,D3 Must Forte
HCP00356,General Practitioner,TR16,West,T1,14,121.0,4,4,0.309,0.815,3,False,Arachitol Kids
HCP00357,Obstetrician-Gynecologist,TR32,East,T3,1,81.0,5,3,0.125,0.644,3,False,Other / Generic
HCP00358,General Practitioner,TR09,North,T2,34,172.0,3,4,0.067,0.277,3,False,Arachitol Kids
HCP00359,Pediatrician,TR14,West,T1,7,352.0,4,4,0.208,0.566,5,False,Uprise-D3
HCP00360,Obstetrician-Gynecologist,TR34,East,T3,16,163.0,4,2,0.083,0.644,1,True,Other / Generic
HCP00361,General Practitioner,TR28,South,T1,20,73.0,4,5,0.177,0.136,9,False,Uprise-D3
HCP00362,Obstetrician-Gynecologist,TR29,South,T2,11,140.0,4,2,0.204,0.553,5,True,Uprise-D3
HCP00363,Obstetrician-Gynecologist,TR31,East,T1,22,124.0,4,3,0.136,0.077,10,True,Other / Generic
HCP00364,Pediatrician,TR06,North,T2,9,603.0,4,4,0.379,0.528,7,True,Other / Generic
HCP00365,Neonatologist,TR26,South,T1,7,195.0,5,4,0.356,0.763,3,True,Uprise-D3
HCP00366,Pediatrician,TR28,South,T1,4,333.0,3,4,0.684,0.629,8,True,Other / Generic
HCP00367,Neonatologist,TR09,North,T2,3,96.0,4,3,0.107,0.717,0,True,Other / Generic
HCP00368,Pediatrician,TR01,North,T1,13,789.0,3,3,0.197,0.527,6,False,Uprise-D3
HCP00369,General Practitioner,TR07,North,T3,14,94.0,4,3,0.053,0.754,1,False,D3 Must Forte
HCP00370,Pediatrician,TR27,South,T2,30,475.0,4,4,0.179,0.22,2,True,Uprise-D3
HCP00371,Pediatrician,TR26,South,T1,15,279.0,4,3,0.148,0.821,3,True,Uprise-D3
HCP00372,Neonatologist,TR31,East,T1,6,211.0,4,3,0.163,0.713,2,False,Arachitol Kids
HCP00373,Pediatrician,TR13,West,T1,16,587.0,5,3,0.302,0.445,2,True,Kidrich D3 Nano
HCP00374,Pediatrician,TR23,South,T1,21,403.0,5,4,0.567,0.09,4,True,Uprise-D3
HCP00375,Obstetrician-Gynecologist,TR01,North,T1,13,157.0,5,3,0.179,0.502,12,False,Arachitol Kids
HCP00376,Pediatrician,TR33,East,T2,15,327.0,4,3,0.353,0.797,7,False,Ultra D3
HCP00377,General Practitioner,TR21,Central,T3,15,161.0,5,3,0.233,,5,True,Kidrich D3 Nano
HCP00378,Neonatologist,TR27,South,T2,27,189.0,4,4,0.218,0.269,3,False,Uprise-D3
HCP00379,Pediatrician,TR12,West,T1,11,287.0,4,3,0.209,0.489,3,False,Kidrich D3 Nano
HCP00380,Pediatrician,TR02,North,T1,5,814.0,4,5,0.613,0.628,7,True,No alternative (DePURA loyal)
HCP00381,General Practitioner,TR02,North,T1,4,202.0,3,3,0.138,0.713,4,False,Kidrich D3 Nano
HCP00382,General Practitioner,TR28,South,T1,14,119.0,2,3,0.147,0.424,7,False,D3 Must Forte
HCP00383,Pediatrician,TR05,North,T2,11,202.0,3,4,0.126,0.666,5,False,Arachitol Kids
HCP00384,Pediatrician,TR29,South,T2,25,157.0,3,4,0.508,0.576,7,True,Arachitol Kids
HCP00385,Pediatrician,TR11,North,T3,26,454.0,4,4,0.159,0.486,3,False,D3 Must Forte
HCP00386,Pediatrician,TR20,Central,T2,15,295.0,4,4,0.2,0.528,10,False,Arachitol Kids
HCP00387,Pediatrician,TR11,North,T3,21,391.0,5,3,0.1,0.366,4,False,D3 Must Forte
HCP00388,Obstetrician-Gynecologist,TR01,North,T1,16,94.0,5,4,0.124,0.754,6,False,Uprise-D3
HCP00389,Pediatrician,TR20,Central,T2,10,834.0,5,3,0.111,0.492,2,True,Arachitol Kids
HCP00390,Pediatrician,TR14,West,T1,5,397.0,5,3,0.063,0.432,6,False,Uprise-D3
HCP00391,Neonatologist,TR16,West,T1,25,113.0,5,3,0.129,0.405,4,True,Kidrich D3 Nano
HCP00392,Pediatrician,TR23,South,T1,9,187.0,5,4,0.201,0.773,9,False,Kidrich D3 Nano
HCP00393,Neonatologist,TR13,West,T1,13,154.0,3,5,0.531,0.732,3,False,Kidrich D3 Nano
HCP00394,Obstetrician-Gynecologist,TR22,Central,T3,21,97.0,5,4,0.456,0.249,8,True,D3 Must Forte
HCP00395,Pediatrician,TR24,South,T1,18,431.0,5,4,0.664,0.362,4,True,No alternative (DePURA loyal)
HCP00396,Pediatrician,TR02,North,T1,16,318.0,3,3,0.293,0.555,8,True,D3 Must Forte
HCP00397,Pediatrician,TR14,West,T1,28,421.0,4,4,0.585,0.452,7,True,Uprise-D3
HCP00398,Pediatrician,TR02,North,T1,6,497.0,5,4,0.14,0.493,9,False,Ultra D3
HCP00399,Pediatrician,TR01,North,T1,8,482.0,4,3,0.188,0.527,9,True,D3 Must Forte
HCP00400,Pediatrician,TR01,North,T1,15,225.0,4,4,0.481,0.799,8,True,Arachitol Kids
HCP00401,Pediatrician,TR23,South,T1,6,667.0,5,4,0.191,0.9,7,False,Kidrich D3 Nano
HCP00402,Obstetrician-Gynecologist,TR02,North,T1,2,159.0,5,3,0.185,1.0,8,True,D3 Must Forte
HCP00403,Pediatrician,TR31,East,T1,11,365.0,5,4,0.55,0.471,7,True,Uprise-D3
HCP00404,Pediatrician,TR27,South,T2,17,327.0,5,5,0.598,0.549,0,True,Kidrich D3 Nano
HCP00405,Pediatrician,TR01,North,T1,25,932.0,4,4,0.695,0.457,10,True,No alternative (DePURA loyal)
HCP00406,Pediatrician,TR22,Central,T3,21,413.0,3,4,0.236,0.404,5,True,Uprise-D3
HCP00407,General Practitioner,TR01,North,T1,7,128.0,3,5,0.456,0.656,5,True,Uprise-D3
HCP00408,General Practitioner,TR03,North,T2,8,59.0,4,4,0.201,0.399,4,False,Kidrich D3 Nano
HCP00409,Pediatrician,TR36,East,T2,28,387.0,5,2,0.265,0.554,5,True,D3 Must Forte
HCP00410,General Practitioner,TR16,West,T1,10,235.0,3,3,0.067,0.736,5,False,Kidrich D3 Nano
HCP00411,Pediatrician,TR01,North,T1,6,230.0,5,5,0.608,0.576,12,True,No alternative (DePURA loyal)
HCP00412,Obstetrician-Gynecologist,TR30,South,T2,13,61.0,4,3,0.125,0.426,5,False,Arachitol Kids
HCP00413,Pediatrician,TR32,East,T3,4,177.0,4,4,0.304,0.668,6,False,Ultra D3
HCP00414,General Practitioner,TR20,Central,T2,10,215.0,4,4,0.129,0.699,3,False,D3 Must Forte
HCP00415,Pediatrician,TR26,South,T1,15,352.0,3,3,0.257,0.544,4,True,Ultra D3
HCP00416,Pediatrician,TR28,South,T1,15,421.0,4,5,0.648,0.532,6,True,Uprise-D3
HCP00417,Pediatrician,TR26,South,T1,6,495.0,4,3,0.048,0.708,2,False,Ultra D3
HCP00418,Pediatrician,TR18,West,T3,19,377.0,4,2,0.076,0.759,7,False,Uprise-D3
HCP00419,General Practitioner,TR29,South,T2,15,119.0,2,3,0.047,0.339,1,False,Uprise-D3
HCP00420,General Practitioner,TR19,Central,T2,9,78.0,4,2,0.043,0.595,7,False,Arachitol Kids
HCP00421,Pediatrician,TR11,North,T3,5,764.0,5,3,0.422,0.686,8,True,Ultra D3
HCP00422,Neonatologist,TR01,North,T1,19,245.0,4,4,0.596,0.383,5,True,Arachitol Kids
HCP00423,Pediatrician,TR14,West,T1,21,408.0,5,4,0.422,0.646,5,True,Arachitol Kids
HCP00424,Obstetrician-Gynecologist,TR02,North,T1,14,334.0,5,5,0.113,0.434,10,False,Arachitol Kids
HCP00425,Pediatrician,TR02,North,T1,28,408.0,5,5,0.69,0.148,11,True,No alternative (DePURA loyal)
HCP00426,Pediatrician,TR16,West,T1,20,516.0,5,3,0.197,0.583,2,False,Ultra D3
HCP00427,Pediatrician,TR34,East,T3,25,376.0,4,4,0.557,0.426,1,True,Uprise-D3
HCP00428,General Practitioner,TR03,North,T2,21,260.0,3,3,0.069,0.362,2,False,Ultra D3
HCP00429,General Practitioner,TR12,West,T1,18,682.0,4,2,0.04,0.339,6,False,Ultra D3
HCP00430,General Practitioner,TR29,South,T2,10,134.0,3,4,0.084,0.615,2,False,Other / Generic
HCP00431,Pediatrician,TR15,West,T2,12,450.0,5,3,0.134,0.829,5,False,Other / Generic
HCP00432,Pediatrician,TR27,South,T2,12,270.0,3,3,0.152,0.697,3,False,Other / Generic
HCP00433,General Practitioner,TR20,Central,T2,11,233.0,5,2,0.065,0.55,5,True,Other / Generic
HCP00434,Obstetrician-Gynecologist,TR23,South,T1,6,152.0,3,3,0.124,0.394,7,False,Kidrich D3 Nano
HCP00435,Pediatrician,TR05,North,T2,18,259.0,5,4,0.201,0.216,6,True,Other / Generic
HCP00436,Obstetrician-Gynecologist,TR14,West,T1,8,314.0,3,3,0.322,0.533,15,True,D3 Must Forte
HCP00437,General Practitioner,TR23,South,T1,13,155.0,3,5,0.158,0.605,7,False,Uprise-D3
HCP00438,Pediatrician,TR01,North,T1,14,329.0,4,4,0.6,0.832,7,True,Arachitol Kids
HCP00439,General Practitioner,TR07,North,T3,19,177.0,4,3,0.191,0.497,6,True,Ultra D3
HCP00440,Pediatrician,TR14,West,T1,19,896.0,5,5,0.243,0.486,5,False,Kidrich D3 Nano
HCP00441,Pediatrician,TR24,South,T1,24,343.0,5,4,0.699,0.584,2,True,Arachitol Kids
HCP00442,General Practitioner,TR18,West,T3,14,161.0,4,3,0.037,0.58,8,False,D3 Must Forte
HCP00443,Neonatologist,TR26,South,T1,15,82.0,5,2,0.145,0.581,6,True,Other / Generic
HCP00444,Pediatrician,TR26,South,T1,16,648.0,4,3,0.052,0.567,8,False,Arachitol Kids
HCP00445,Pediatrician,TR01,North,T1,11,391.0,4,5,0.644,0.567,6,True,No alternative (DePURA loyal)
HCP00446,Pediatrician,TR31,East,T1,16,576.0,4,4,0.124,0.428,10,False,Arachitol Kids
HCP00447,Pediatrician,TR29,South,T2,17,403.0,5,3,0.259,0.41,7,False,Arachitol Kids
HCP00448,General Practitioner,TR12,West,T1,27,456.0,3,5,0.291,0.258,4,True,D3 Must Forte
HCP00449,Pediatrician,TR17,West,T2,6,283.0,4,4,0.641,0.602,8,True,No alternative (DePURA loyal)
HCP00450,Pediatrician,TR13,West,T1,8,437.0,5,4,0.676,0.758,4,True,No alternative (DePURA loyal)
HCP00451,General Practitioner,TR32,East,T3,13,140.0,4,4,0.286,0.464,0,True,Ultra D3
HCP00452,Pediatrician,TR14,West,T1,6,842.0,4,5,0.468,0.801,12,False,Other / Generic
HCP00453,Pediatrician,TR14,West,T1,8,328.0,3,5,0.286,0.561,3,False,Arachitol Kids
HCP00454,General Practitioner,TR32,East,T3,12,105.0,3,4,0.124,0.815,7,False,Ultra D3
HCP00455,Pediatrician,TR23,South,T1,3,1276.0,5,4,0.265,0.551,10,False,Arachitol Kids
HCP00456,Pediatrician,TR04,North,T2,21,444.0,4,4,0.215,0.47,13,False,Other / Generic
HCP00457,Pediatrician,TR24,South,T1,16,564.0,5,5,0.249,0.66,6,False,Arachitol Kids
HCP00458,Pediatrician,TR28,South,T1,1,310.0,4,3,0.506,0.608,9,True,Arachitol Kids
HCP00459,Obstetrician-Gynecologist,TR13,West,T1,10,141.0,3,3,0.12,0.577,3,False,Other / Generic
HCP00460,General Practitioner,TR19,Central,T2,25,100.0,3,4,0.32,0.554,5,False,Uprise-D3
HCP00461,Pediatrician,TR24,South,T1,17,202.0,3,4,0.204,0.223,3,False,Arachitol Kids
HCP00462,Pediatrician,TR18,West,T3,22,405.0,3,4,0.233,0.373,3,True,Ultra D3
HCP00463,Pediatrician,TR36,East,T2,18,178.0,4,4,0.208,0.495,4,True,Kidrich D3 Nano
HCP00464,Obstetrician-Gynecologist,TR18,West,T3,8,126.0,4,4,0.42,0.637,9,False,Ultra D3
HCP00465,General Practitioner,TR24,South,T1,21,248.0,3,5,0.135,0.274,2,False,Ultra D3
HCP00466,General Practitioner,TR28,South,T1,3,150.0,4,4,0.125,0.953,6,False,Other / Generic
HCP00467,Pediatrician,TR04,North,T2,21,137.0,5,4,0.214,0.421,4,False,Arachitol Kids
HCP00468,Neonatologist,TR01,North,T1,17,169.0,4,4,0.417,0.847,7,False,D3 Must Forte
HCP00469,Obstetrician-Gynecologist,TR35,East,T2,3,84.0,5,2,0.108,0.912,6,True,Uprise-D3
HCP00470,Pediatrician,TR26,South,T1,7,232.0,5,3,0.084,0.675,6,False,Uprise-D3
HCP00471,Pediatrician,TR14,West,T1,13,221.0,5,2,0.104,0.744,3,False,Uprise-D3
HCP00472,Pediatrician,TR01,North,T1,25,386.0,4,3,0.209,0.445,13,True,D3 Must Forte
HCP00473,General Practitioner,TR06,North,T2,10,290.0,5,3,0.025,0.732,2,False,Uprise-D3
HCP00474,Pediatrician,TR01,North,T1,10,396.0,5,5,0.394,0.469,9,False,Arachitol Kids
HCP00475,Pediatrician,TR14,West,T1,10,502.0,4,3,0.437,0.743,6,True,Kidrich D3 Nano
HCP00476,General Practitioner,TR21,Central,T3,4,90.0,4,4,0.089,1.0,7,False,Uprise-D3
HCP00477,General Practitioner,TR05,North,T2,24,146.0,2,2,0.054,0.463,6,False,Ultra D3
HCP00478,Pediatrician,TR24,South,T1,8,303.0,5,4,0.212,0.666,3,False,Uprise-D3
HCP00479,Pediatrician,TR34,East,T3,9,322.0,4,4,0.129,0.801,2,False,Other / Generic
HCP00480,Pediatrician,TR36,East,T2,24,155.0,3,5,0.613,0.175,7,True,No alternative (DePURA loyal)
HCP00481,Pediatrician,TR29,South,T2,40,352.0,4,4,0.116,0.367,3,False,D3 Must Forte
HCP00482,Obstetrician-Gynecologist,TR16,West,T1,35,221.0,3,4,0.39,0.338,3,True,Other / Generic
HCP00483,General Practitioner,TR20,Central,T2,10,63.0,4,4,0.288,0.663,6,True,D3 Must Forte
HCP00484,Neonatologist,TR18,West,T3,10,141.0,4,3,0.145,0.634,3,True,D3 Must Forte
HCP00485,General Practitioner,TR05,North,T2,12,169.0,5,3,0.065,0.475,9,False,D3 Must Forte
HCP00486,General Practitioner,TR30,South,T2,8,84.0,3,5,0.229,0.867,8,False,Arachitol Kids
HCP00487,Pediatrician,TR25,South,T3,13,318.0,4,4,0.66,0.299,1,True,Arachitol Kids
HCP00488,Pediatrician,TR24,South,T1,31,286.0,4,5,0.255,0.336,1,False,Uprise-D3
HCP00489,Obstetrician-Gynecologist,TR09,North,T2,23,159.0,5,5,0.228,0.445,5,False,Uprise-D3
HCP00490,General Practitioner,TR05,North,T2,12,49.0,4,3,0.068,0.539,5,True,Arachitol Kids
HCP00491,Obstetrician-Gynecologist,TR31,East,T1,31,66.0,5,4,0.083,0.432,8,False,Arachitol Kids
HCP00492,General Practitioner,TR07,North,T3,11,230.0,3,3,0.071,0.392,4,False,Ultra D3
HCP00493,Pediatrician,TR02,North,T1,7,557.0,4,5,0.199,0.528,5,False,Arachitol Kids
HCP00494,Pediatrician,TR24,South,T1,17,771.0,5,3,0.282,0.494,4,False,Arachitol Kids
HCP00495,Pediatrician,TR26,South,T1,14,184.0,4,2,0.052,0.636,2,False,Uprise-D3
HCP00496,General Practitioner,TR04,North,T2,22,167.0,4,4,0.087,0.592,5,False,Arachitol Kids
HCP00497,Neonatologist,TR09,North,T2,5,111.0,4,4,0.554,0.604,5,True,D3 Must Forte
HCP00498,Obstetrician-Gynecologist,TR28,South,T1,16,80.0,3,3,0.127,0.243,3,False,Arachitol Kids
HCP00499,Pediatrician,TR33,East,T2,6,1079.0,5,4,0.236,0.63,12,False,Arachitol Kids
HCP00500,Pediatrician,TR16,West,T1,18,432.0,4,4,0.269,0.516,6,True,Arachitol Kids
HCP00501,Pediatrician,TR28,South,T1,9,381.0,5,4,0.65,0.618,5,True,No alternative (DePURA loyal)
HCP00502,Pediatrician,TR13,West,T1,15,138.0,4,4,0.579,0.307,3,True,Arachitol Kids
HCP00503,Neonatologist,TR26,South,T1,2,171.0,4,4,0.139,0.574,0,False,Arachitol Kids
HCP00504,General Practitioner,TR21,Central,T3,13,150.0,4,4,0.066,0.432,4,False,D3 Must Forte
HCP00505,Pediatrician,TR30,South,T2,14,421.0,5,3,0.538,0.548,5,True,Uprise-D3
HCP00506,Obstetrician-Gynecologist,TR28,South,T1,21,234.0,5,1,0.073,0.525,4,False,Other / Generic
HCP00507,Pediatrician,TR12,West,T1,13,341.0,5,3,0.448,0.439,5,True,D3 Must Forte
HCP00508,Neonatologist,TR05,North,T2,28,120.0,4,5,0.333,,6,False,Other / Generic
HCP00509,General Practitioner,TR28,South,T1,9,117.0,2,2,0.089,0.658,6,False,Arachitol Kids
HCP00510,Pediatrician,TR01,North,T1,6,392.0,3,4,0.587,0.703,14,True,Arachitol Kids
HCP00511,General Practitioner,TR25,South,T3,19,219.0,3,4,0.082,0.503,11,False,Other / Generic
HCP00512,Pediatrician,TR16,West,T1,22,464.0,5,5,0.496,0.421,5,True,Arachitol Kids
HCP00513,General Practitioner,TR02,North,T1,4,159.0,3,3,0.055,0.495,6,False,Arachitol Kids
HCP00514,Pediatrician,TR25,South,T3,13,646.0,4,4,0.206,0.658,8,False,Other / Generic
HCP00515,Pediatrician,TR17,West,T2,16,770.0,4,4,0.274,0.682,9,True,Other / Generic
HCP00516,General Practitioner,TR31,East,T1,14,109.0,3,3,0.214,,10,True,Uprise-D3
HCP00517,Pediatrician,TR09,North,T2,31,209.0,4,3,0.096,0.065,3,False,Uprise-D3
HCP00518,Pediatrician,TR01,North,T1,12,314.0,3,3,0.127,0.527,4,True,Arachitol Kids
HCP00519,Obstetrician-Gynecologist,TR04,North,T2,11,136.0,5,3,0.119,0.66,7,False,Arachitol Kids
HCP00520,Pediatrician,TR12,West,T1,18,249.0,5,4,0.595,0.444,2,True,Kidrich D3 Nano
HCP00521,General Practitioner,TR24,South,T1,12,248.0,3,4,0.18,0.753,4,False,D3 Must Forte
HCP00522,General Practitioner,TR14,West,T1,13,109.0,4,3,0.033,0.65,3,False,Arachitol Kids
HCP00523,Pediatrician,TR04,North,T2,17,492.0,5,4,0.334,0.642,7,False,Uprise-D3
HCP00524,Neonatologist,TR36,East,T2,6,129.0,4,4,0.18,0.573,5,False,Ultra D3
HCP00525,Pediatrician,TR03,North,T2,10,333.0,4,4,0.204,0.54,6,False,Kidrich D3 Nano
HCP00526,Pediatrician,TR14,West,T1,3,170.0,4,3,0.251,0.342,7,True,D3 Must Forte
HCP00527,Pediatrician,TR31,East,T1,5,332.0,4,5,0.32,0.717,1,False,Uprise-D3
HCP00528,General Practitioner,TR24,South,T1,10,301.0,3,4,0.213,0.572,4,False,Arachitol Kids
HCP00529,Pediatrician,TR13,West,T1,12,631.0,4,4,0.175,0.896,4,False,Kidrich D3 Nano
HCP00530,Pediatrician,TR35,East,T2,12,311.0,5,2,0.15,0.409,4,True,Ultra D3
HCP00531,Pediatrician,TR18,West,T3,5,634.0,5,4,0.321,0.668,4,True,Uprise-D3
HCP00532,General Practitioner,TR01,North,T1,5,156.0,3,3,0.069,0.742,4,False,Arachitol Kids
HCP00533,Pediatrician,TR01,North,T1,10,373.0,5,4,0.21,0.392,4,False,Arachitol Kids
HCP00534,Pediatrician,TR33,East,T2,8,205.0,4,4,0.103,0.733,6,False,Uprise-D3
HCP00535,Pediatrician,TR12,West,T1,9,260.0,5,3,0.321,0.677,5,True,Arachitol Kids
HCP00536,Pediatrician,TR28,South,T1,40,417.0,4,4,0.509,0.283,8,False,Kidrich D3 Nano
HCP00537,General Practitioner,TR01,North,T1,2,204.0,4,2,0.081,0.514,3,False,Arachitol Kids
HCP00538,Pediatrician,TR05,North,T2,19,396.0,4,3,0.4,0.436,7,True,D3 Must Forte
HCP00539,Pediatrician,TR30,South,T2,2,169.0,4,4,0.421,0.716,3,True,Other / Generic
HCP00540,Pediatrician,TR36,East,T2,9,261.0,5,4,0.529,0.426,2,True,Other / Generic
HCP00541,General Practitioner,TR01,North,T1,5,126.0,3,3,0.04,0.668,9,False,Other / Generic
HCP00542,General Practitioner,TR06,North,T2,11,176.0,3,4,0.082,0.552,4,False,Uprise-D3
HCP00543,Pediatrician,TR26,South,T1,5,266.0,4,4,0.419,0.741,4,True,Ultra D3
HCP00544,General Practitioner,TR19,Central,T2,5,197.0,4,2,0.22,0.457,4,True,D3 Must Forte
HCP00545,General Practitioner,TR15,West,T2,27,220.0,3,4,0.291,0.19,9,False,D3 Must Forte
HCP00546,Pediatrician,TR08,North,T2,20,190.0,4,4,0.43,0.441,2,True,Uprise-D3
HCP00547,Pediatrician,TR34,East,T3,20,211.0,4,3,0.1,0.178,2,True,Uprise-D3
HCP00548,Pediatrician,TR06,North,T2,25,284.0,5,3,0.205,0.368,5,False,Uprise-D3
HCP00549,Obstetrician-Gynecologist,TR11,North,T3,5,146.0,4,3,0.194,0.584,7,True,Ultra D3
HCP00550,Pediatrician,TR13,West,T1,13,538.0,4,5,0.536,0.42,2,True,Ultra D3
HCP00551,Pediatrician,TR04,North,T2,23,428.0,4,5,0.398,0.461,6,False,Other / Generic
HCP00552,Pediatrician,TR19,Central,T2,3,332.0,3,2,0.059,0.708,5,False,Arachitol Kids
HCP00553,Pediatrician,TR13,West,T1,12,205.0,5,3,0.239,0.563,3,True,Arachitol Kids
HCP00554,Obstetrician-Gynecologist,TR23,South,T1,12,139.0,3,5,0.332,0.522,8,True,Arachitol Kids
HCP00555,Pediatrician,TR14,West,T1,25,584.0,5,4,0.451,0.024,11,True,Arachitol Kids
HCP00556,Pediatrician,TR04,North,T2,5,818.0,4,4,0.146,0.677,8,False,Arachitol Kids
HCP00557,General Practitioner,TR31,East,T1,12,76.0,3,5,0.268,,7,False,Ultra D3
HCP00558,General Practitioner,TR18,West,T3,13,141.0,3,3,0.07,0.463,8,False,D3 Must Forte
HCP00559,Neonatologist,TR13,West,T1,18,130.0,4,3,0.057,0.482,2,False,D3 Must Forte
HCP00560,General Practitioner,TR01,North,T1,8,104.0,3,1,0.018,0.592,5,False,Other / Generic
HCP00561,Pediatrician,TR23,South,T1,15,602.0,4,3,0.11,0.744,4,False,Ultra D3
HCP00562,Pediatrician,TR28,South,T1,2,235.0,5,5,0.441,0.625,9,False,Arachitol Kids
HCP00563,Neonatologist,TR24,South,T1,21,211.0,4,4,0.225,0.589,4,False,Arachitol Kids
HCP00564,General Practitioner,TR28,South,T1,40,207.0,2,3,0.08,0.078,5,True,Uprise-D3
HCP00565,Pediatrician,TR05,North,T2,7,233.0,4,4,0.363,0.51,3,False,Uprise-D3
HCP00566,Pediatrician,TR35,East,T2,12,455.0,5,3,0.161,0.336,2,False,Arachitol Kids
HCP00567,General Practitioner,TR09,North,T2,13,114.0,3,4,0.182,0.364,7,False,Arachitol Kids
HCP00568,Pediatrician,TR12,West,T1,23,398.0,5,5,0.652,0.271,3,True,Ultra D3
HCP00569,General Practitioner,TR18,West,T3,22,327.0,3,2,0.113,0.345,5,True,Uprise-D3
HCP00570,General Practitioner,TR01,North,T1,15,274.0,4,4,0.106,0.639,10,False,Kidrich D3 Nano
HCP00571,Pediatrician,TR16,West,T1,8,693.0,3,4,0.487,0.353,2,True,D3 Must Forte
HCP00572,Neonatologist,TR08,North,T2,6,43.0,5,5,0.254,0.761,3,False,D3 Must Forte
HCP00573,Neonatologist,TR27,South,T2,8,105.0,4,4,0.203,0.771,2,False,Arachitol Kids
HCP00574,Pediatrician,TR27,South,T2,9,171.0,3,3,0.198,0.454,1,True,Ultra D3
HCP00575,Pediatrician,TR23,South,T1,7,568.0,3,3,0.258,0.706,12,True,Uprise-D3
HCP00576,Obstetrician-Gynecologist,TR16,West,T1,11,338.0,5,1,0.049,0.488,4,False,Arachitol Kids
HCP00577,Pediatrician,TR13,West,T1,4,412.0,4,5,0.354,0.781,1,False,D3 Must Forte
HCP00578,Neonatologist,TR29,South,T2,8,112.0,5,4,0.339,0.484,3,False,Arachitol Kids
HCP00579,Pediatrician,TR18,West,T3,13,271.0,4,3,0.107,0.637,11,False,D3 Must Forte
HCP00580,General Practitioner,TR18,West,T3,17,42.0,3,2,0.018,0.36,7,False,Uprise-D3
HCP00581,General Practitioner,TR03,North,T2,5,78.0,3,3,0.098,0.488,5,False,Arachitol Kids
HCP00582,Pediatrician,TR09,North,T2,8,408.0,4,4,0.225,0.719,6,False,Uprise-D3
HCP00583,General Practitioner,TR14,West,T1,10,184.0,4,5,0.198,0.473,5,False,Arachitol Kids
HCP00584,Pediatrician,TR26,South,T1,22,196.0,5,5,0.629,0.464,5,True,No alternative (DePURA loyal)
HCP00585,Pediatrician,TR30,South,T2,13,148.0,5,3,0.128,0.501,9,True,Uprise-D3
HCP00586,Pediatrician,TR36,East,T2,14,319.0,4,4,0.159,0.37,5,False,Other / Generic
HCP00587,Pediatrician,TR16,West,T1,8,454.0,4,2,0.08,0.873,5,False,Arachitol Kids
HCP00588,Pediatrician,TR16,West,T1,32,111.0,3,5,0.467,0.282,4,True,Arachitol Kids
HCP00589,Pediatrician,TR28,South,T1,3,393.0,4,4,0.184,0.593,5,False,Arachitol Kids
HCP00590,Pediatrician,TR13,West,T1,8,405.0,4,3,0.215,0.62,5,True,Other / Generic
HCP00591,Pediatrician,TR20,Central,T2,11,601.0,5,3,0.307,0.339,6,True,Arachitol Kids
HCP00592,Pediatrician,TR25,South,T3,3,341.0,4,3,0.414,0.901,7,False,Uprise-D3
HCP00593,Obstetrician-Gynecologist,TR10,North,T2,10,36.0,5,3,0.041,0.714,6,False,Kidrich D3 Nano
HCP00594,Pediatrician,TR12,West,T1,16,284.0,4,2,0.154,0.578,2,False,Ultra D3
HCP00595,General Practitioner,TR14,West,T1,26,317.0,2,4,0.067,0.171,5,False,Kidrich D3 Nano
HCP00596,Pediatrician,TR22,Central,T3,40,343.0,4,4,0.9,0.245,6,True,D3 Must Forte
HCP00597,Pediatrician,TR12,West,T1,21,261.0,3,4,0.181,0.58,4,True,Kidrich D3 Nano
HCP00598,Pediatrician,TR09,North,T2,19,133.0,4,4,0.331,0.448,8,False,Uprise-D3
HCP00599,Pediatrician,TR05,North,T2,12,750.0,4,4,0.352,0.626,1,True,Uprise-D3
HCP00600,Pediatrician,TR28,South,T1,7,539.0,3,5,0.594,0.631,9,False,Uprise-D3
HCP00601,General Practitioner,TR31,East,T1,27,178.0,4,5,0.28,0.286,9,False,Arachitol Kids
HCP00602,Pediatrician,TR32,East,T3,33,184.0,4,4,0.337,0.188,10,True,Arachitol Kids
HCP00603,Pediatrician,TR29,South,T2,5,583.0,5,4,0.376,0.736,4,True,Arachitol Kids
HCP00604,Obstetrician-Gynecologist,TR04,North,T2,4,49.0,5,3,0.047,0.785,8,False,Other / Generic
HCP00605,Pediatrician,TR03,North,T2,14,209.0,4,4,0.357,0.559,4,True,D3 Must Forte
HCP00606,General Practitioner,TR18,West,T3,7,488.0,3,2,0.063,0.734,13,False,Kidrich D3 Nano
HCP00607,General Practitioner,TR19,Central,T2,6,147.0,3,4,0.126,0.495,10,False,D3 Must Forte
HCP00608,Pediatrician,TR26,South,T1,20,388.0,4,4,0.095,0.208,3,False,Uprise-D3
HCP00609,Pediatrician,TR09,North,T2,9,677.0,5,5,0.28,0.624,9,False,Arachitol Kids
HCP00610,Pediatrician,TR33,East,T2,11,636.0,3,4,0.578,0.842,5,True,D3 Must Forte
HCP00611,General Practitioner,TR13,West,T1,17,126.0,4,4,0.161,0.481,6,False,Ultra D3
HCP00612,Neonatologist,TR22,Central,T3,2,124.0,5,3,0.447,0.56,6,True,Other / Generic
HCP00613,Pediatrician,TR31,East,T1,22,584.0,3,4,0.188,0.567,6,False,Arachitol Kids
HCP00614,Neonatologist,TR19,Central,T2,12,73.0,5,2,0.297,0.678,6,True,D3 Must Forte
HCP00615,Pediatrician,TR27,South,T2,13,468.0,4,5,0.597,0.623,4,True,Ultra D3
HCP00616,Pediatrician,TR27,South,T2,11,505.0,5,4,0.778,0.751,6,True,No alternative (DePURA loyal)
HCP00617,Pediatrician,TR28,South,T1,34,316.0,4,3,0.238,0.537,6,True,Arachitol Kids
HCP00618,Neonatologist,TR28,South,T1,21,314.0,4,3,0.334,0.519,7,True,Arachitol Kids
HCP00619,Pediatrician,TR14,West,T1,13,323.0,4,4,0.435,0.666,7,True,Ultra D3
HCP00620,General Practitioner,TR14,West,T1,2,255.0,3,4,0.174,0.879,8,False,Arachitol Kids
HCP00621,Pediatrician,TR28,South,T1,10,124.0,5,4,0.377,0.637,9,False,Kidrich D3 Nano
HCP00622,Obstetrician-Gynecologist,TR22,Central,T3,10,58.0,5,2,0.258,0.534,13,True,Kidrich D3 Nano
HCP00623,Obstetrician-Gynecologist,TR23,South,T1,3,117.0,3,3,0.133,,4,True,D3 Must Forte
HCP00624,General Practitioner,TR15,West,T2,29,179.0,3,2,0.014,0.566,4,False,Uprise-D3
HCP00625,General Practitioner,TR08,North,T2,5,93.0,4,4,0.099,0.779,7,False,Ultra D3
HCP00626,Pediatrician,TR16,West,T1,5,585.0,4,4,0.205,0.548,4,True,Arachitol Kids
HCP00627,Neonatologist,TR35,East,T2,12,128.0,3,3,0.252,0.667,1,True,Kidrich D3 Nano
HCP00628,General Practitioner,TR12,West,T1,5,213.0,3,3,0.086,0.787,4,True,Ultra D3
HCP00629,Pediatrician,TR12,West,T1,28,262.0,5,4,0.406,0.641,5,True,Kidrich D3 Nano
HCP00630,Obstetrician-Gynecologist,TR04,North,T2,15,86.0,5,5,0.132,0.505,5,False,Ultra D3
HCP00631,General Practitioner,TR16,West,T1,5,257.0,3,4,0.072,0.679,6,False,D3 Must Forte
HCP00632,General Practitioner,TR12,West,T1,22,123.0,4,3,0.112,0.416,1,False,Arachitol Kids
HCP00633,General Practitioner,TR25,South,T3,15,117.0,3,3,0.064,0.449,8,False,D3 Must Forte
HCP00634,Pediatrician,TR04,North,T2,7,229.0,5,4,0.128,0.464,8,False,Uprise-D3
HCP00635,Pediatrician,TR10,North,T2,9,136.0,5,5,0.243,0.547,6,False,Uprise-D3
HCP00636,Pediatrician,TR02,North,T1,10,192.0,5,4,0.663,0.505,5,True,Arachitol Kids
HCP00637,Obstetrician-Gynecologist,TR01,North,T1,12,85.0,4,2,0.024,0.506,7,False,Kidrich D3 Nano
HCP00638,General Practitioner,TR28,South,T1,30,97.0,3,4,0.187,0.354,5,False,Kidrich D3 Nano
HCP00639,Obstetrician-Gynecologist,TR32,East,T3,17,102.0,5,4,0.534,0.49,4,True,Uprise-D3
HCP00640,Pediatrician,TR27,South,T2,21,206.0,4,5,0.617,0.3,6,True,Arachitol Kids
HCP00641,Neonatologist,TR31,East,T1,7,333.0,4,4,0.349,0.923,13,True,D3 Must Forte
HCP00642,Pediatrician,TR02,North,T1,19,261.0,4,4,0.339,0.446,12,False,D3 Must Forte
HCP00643,Pediatrician,TR31,East,T1,6,350.0,4,5,0.244,0.451,6,False,D3 Must Forte
HCP00644,Neonatologist,TR16,West,T1,37,339.0,5,4,0.279,0.562,4,True,Arachitol Kids
HCP00645,General Practitioner,TR28,South,T1,15,216.0,2,5,0.428,0.476,8,True,Arachitol Kids
HCP00646,Neonatologist,TR23,South,T1,13,235.0,5,2,0.228,0.547,12,True,Arachitol Kids
HCP00647,General Practitioner,TR14,West,T1,12,431.0,4,4,0.166,0.43,4,False,Other / Generic
HCP00648,Pediatrician,TR11,North,T3,20,313.0,5,3,0.331,0.563,5,True,D3 Must Forte
HCP00649,Pediatrician,TR04,North,T2,15,484.0,5,4,0.254,0.379,6,False,Arachitol Kids
HCP00650,Obstetrician-Gynecologist,TR15,West,T2,22,146.0,4,2,0.025,0.454,2,False,Kidrich D3 Nano
HCP00651,Pediatrician,TR18,West,T3,19,158.0,4,4,0.353,0.255,7,True,Arachitol Kids
HCP00652,General Practitioner,TR36,East,T2,2,68.0,4,3,0.056,0.76,8,False,Uprise-D3
HCP00653,Pediatrician,TR01,North,T1,27,354.0,5,3,0.177,0.345,5,False,Ultra D3
HCP00654,Pediatrician,TR23,South,T1,13,231.0,3,5,0.201,0.676,5,False,Arachitol Kids
HCP00655,Obstetrician-Gynecologist,TR19,Central,T2,13,122.0,5,4,0.058,0.365,8,False,D3 Must Forte
HCP00656,Neonatologist,TR01,North,T1,17,247.0,4,4,0.416,0.456,7,True,Arachitol Kids
HCP00657,Pediatrician,TR13,West,T1,14,289.0,5,3,0.118,0.422,7,False,Arachitol Kids
HCP00658,Pediatrician,TR16,West,T1,4,337.0,4,4,0.344,0.588,4,False,D3 Must Forte
HCP00659,Pediatrician,TR18,West,T3,28,275.0,4,5,0.497,0.738,3,True,Uprise-D3
HCP00660,Pediatrician,TR10,North,T2,28,635.0,4,3,0.339,0.341,11,True,Ultra D3
HCP00661,Obstetrician-Gynecologist,TR01,North,T1,28,72.0,4,3,0.092,0.309,9,False,Arachitol Kids
HCP00662,Pediatrician,TR12,West,T1,12,863.0,5,3,0.327,0.758,8,False,Uprise-D3
HCP00663,Pediatrician,TR29,South,T2,31,839.0,4,3,0.609,0.709,9,True,Arachitol Kids
HCP00664,General Practitioner,TR28,South,T1,11,78.0,3,3,0.054,0.803,5,False,Other / Generic
HCP00665,General Practitioner,TR07,North,T3,5,89.0,4,2,0.062,0.741,3,False,D3 Must Forte
HCP00666,Pediatrician,TR24,South,T1,20,271.0,5,5,0.451,0.354,5,True,Arachitol Kids
HCP00667,Obstetrician-Gynecologist,TR33,East,T2,10,99.0,3,5,0.634,0.861,8,True,No alternative (DePURA loyal)
HCP00668,Pediatrician,TR06,North,T2,9,545.0,4,5,0.709,0.497,6,True,No alternative (DePURA loyal)
HCP00669,Pediatrician,TR04,North,T2,10,181.0,4,5,0.552,0.627,8,True,Uprise-D3
HCP00670,Obstetrician-Gynecologist,TR01,North,T1,5,337.0,5,4,0.135,0.573,8,False,Uprise-D3
HCP00671,Pediatrician,TR06,North,T2,12,430.0,5,5,0.172,0.656,2,False,Arachitol Kids
HCP00672,Neonatologist,TR28,South,T1,14,168.0,5,2,0.098,0.447,6,False,Kidrich D3 Nano
HCP00673,General Practitioner,TR28,South,T1,4,162.0,5,5,0.337,0.633,6,False,D3 Must Forte
HCP00674,Obstetrician-Gynecologist,TR20,Central,T2,4,176.0,4,4,0.34,0.517,3,True,Arachitol Kids
HCP00675,Pediatrician,TR13,West,T1,13,281.0,4,4,0.29,,4,False,Ultra D3
HCP00676,Pediatrician,TR28,South,T1,18,122.0,4,4,0.482,0.238,3,True,Other / Generic
HCP00677,Obstetrician-Gynecologist,TR08,North,T2,12,117.0,4,4,0.332,0.734,7,False,D3 Must Forte
HCP00678,Obstetrician-Gynecologist,TR04,North,T2,16,110.0,4,3,0.217,0.519,5,False,D3 Must Forte
HCP00679,Obstetrician-Gynecologist,TR02,North,T1,22,76.0,4,5,0.283,0.319,4,True,Ultra D3
HCP00680,Pediatrician,TR30,South,T2,10,167.0,4,4,0.458,0.503,5,True,Arachitol Kids
HCP00681,General Practitioner,TR26,South,T1,2,94.0,3,1,0.037,0.655,3,False,Arachitol Kids
HCP00682,Pediatrician,TR24,South,T1,8,470.0,4,3,0.212,0.747,6,True,Other / Generic
HCP00683,Pediatrician,TR26,South,T1,12,407.0,3,2,0.037,0.861,3,False,Ultra D3
HCP00684,Pediatrician,TR05,North,T2,19,198.0,4,4,0.694,0.766,6,True,Arachitol Kids
HCP00685,General Practitioner,TR14,West,T1,6,146.0,3,2,0.017,0.721,8,False,D3 Must Forte
HCP00686,Pediatrician,TR28,South,T1,8,673.0,4,4,0.619,0.609,10,True,No alternative (DePURA loyal)
HCP00687,Pediatrician,TR32,East,T3,17,571.0,5,4,0.569,0.262,8,True,Arachitol Kids
HCP00688,Obstetrician-Gynecologist,TR18,West,T3,3,163.0,4,4,0.334,0.86,7,True,Arachitol Kids
HCP00689,Neonatologist,TR04,North,T2,19,110.0,3,4,0.16,0.487,2,False,Uprise-D3
HCP00690,Pediatrician,TR36,East,T2,8,187.0,4,3,0.278,0.628,4,True,Uprise-D3
HCP00691,Obstetrician-Gynecologist,TR14,West,T1,19,154.0,5,4,0.191,0.143,5,False,Ultra D3
HCP00692,Obstetrician-Gynecologist,TR13,West,T1,20,165.0,4,4,0.135,0.675,2,False,D3 Must Forte
HCP00693,Pediatrician,TR04,North,T2,30,411.0,5,5,0.663,0.591,4,True,Uprise-D3
HCP00694,General Practitioner,TR01,North,T1,18,266.0,5,3,0.084,0.513,8,False,Arachitol Kids
HCP00695,Neonatologist,TR23,South,T1,6,227.0,4,3,0.094,0.651,2,False,Kidrich D3 Nano
HCP00696,General Practitioner,TR23,South,T1,13,272.0,4,4,0.152,0.475,5,True,Arachitol Kids
HCP00697,Pediatrician,TR10,North,T2,7,245.0,5,4,0.345,0.727,4,True,Arachitol Kids
HCP00698,General Practitioner,TR05,North,T2,6,245.0,3,3,0.041,0.798,3,False,Ultra D3
HCP00699,General Practitioner,TR19,Central,T2,5,328.0,4,3,0.117,0.718,6,False,Arachitol Kids
HCP00700,General Practitioner,TR16,West,T1,8,130.0,3,3,0.055,0.378,4,True,Kidrich D3 Nano
HCP00701,Pediatrician,TR12,West,T1,26,269.0,5,4,0.271,,4,False,Uprise-D3
HCP00702,Pediatrician,TR09,North,T2,11,173.0,4,5,0.589,0.34,8,True,Uprise-D3
HCP00703,Obstetrician-Gynecologist,TR31,East,T1,15,113.0,5,3,0.183,0.392,4,True,Uprise-D3
HCP00704,Pediatrician,TR36,East,T2,6,339.0,5,3,0.18,0.541,7,False,Ultra D3
HCP00705,Neonatologist,TR14,West,T1,34,125.0,5,3,0.2,0.43,4,True,Kidrich D3 Nano
HCP00706,Pediatrician,TR26,South,T1,9,503.0,5,4,0.482,0.646,5,True,Uprise-D3
HCP00707,Obstetrician-Gynecologist,TR31,East,T1,7,75.0,4,4,0.481,0.57,12,True,Kidrich D3 Nano
HCP00708,Pediatrician,TR01,North,T1,22,427.0,5,3,0.102,0.063,4,False,Kidrich D3 Nano
HCP00709,Obstetrician-Gynecologist,TR32,East,T3,27,152.0,4,3,0.133,0.353,5,False,Other / Generic
HCP00710,Obstetrician-Gynecologist,TR18,West,T3,10,166.0,4,3,0.084,0.51,3,False,Ultra D3
HCP00711,Pediatrician,TR21,Central,T3,13,216.0,3,5,0.751,0.514,7,True,No alternative (DePURA loyal)
HCP00712,Pediatrician,TR20,Central,T2,6,548.0,3,4,0.542,0.67,6,False,Other / Generic
HCP00713,Obstetrician-Gynecologist,TR10,North,T2,30,74.0,4,4,0.209,0.368,13,False,Arachitol Kids
HCP00714,General Practitioner,TR28,South,T1,7,222.0,3,2,0.031,0.565,4,False,Arachitol Kids
HCP00715,General Practitioner,TR26,South,T1,8,112.0,3,3,0.147,0.609,3,True,Arachitol Kids
HCP00716,Pediatrician,TR03,North,T2,14,389.0,4,5,0.698,0.443,4,True,Ultra D3
HCP00717,Obstetrician-Gynecologist,TR21,Central,T3,7,123.0,4,4,0.076,0.315,3,False,Uprise-D3
HCP00718,General Practitioner,TR34,East,T3,13,215.0,4,3,0.025,0.672,0,False,Other / Generic
HCP00719,Pediatrician,TR31,East,T1,3,381.0,4,4,0.258,0.548,8,False,Arachitol Kids
HCP00720,Pediatrician,TR24,South,T1,39,475.0,5,4,0.341,0.424,3,False,Kidrich D3 Nano
HCP00721,Pediatrician,TR08,North,T2,13,408.0,4,4,0.511,0.341,10,True,D3 Must Forte
HCP00722,Obstetrician-Gynecologist,TR14,West,T1,10,282.0,4,4,0.342,0.746,6,True,Ultra D3
HCP00723,Obstetrician-Gynecologist,TR05,North,T2,9,170.0,5,4,0.303,0.797,3,False,Kidrich D3 Nano
HCP00724,Pediatrician,TR29,South,T2,19,729.0,2,5,0.431,0.636,2,True,Ultra D3
HCP00725,Pediatrician,TR28,South,T1,9,527.0,4,3,0.209,0.516,10,True,Kidrich D3 Nano
HCP00726,Pediatrician,TR32,East,T3,11,375.0,5,4,0.712,0.447,11,True,Arachitol Kids
HCP00727,Pediatrician,TR02,North,T1,10,592.0,3,4,0.157,0.517,12,False,Arachitol Kids
HCP00728,Neonatologist,TR35,East,T2,23,206.0,4,3,0.086,0.19,3,False,Uprise-D3
HCP00729,General Practitioner,TR35,East,T2,6,337.0,3,3,0.087,0.59,6,False,Other / Generic
HCP00730,Pediatrician,TR24,South,T1,5,350.0,4,4,0.371,0.733,6,False,Uprise-D3
HCP00731,Pediatrician,TR31,East,T1,21,594.0,4,3,0.396,0.409,7,True,Kidrich D3 Nano
HCP00732,Pediatrician,TR16,West,T1,29,409.0,4,4,0.402,0.341,1,True,Uprise-D3
HCP00733,General Practitioner,TR13,West,T1,11,240.0,3,3,0.063,0.68,5,False,Arachitol Kids
HCP00734,Pediatrician,TR05,North,T2,7,159.0,3,4,0.188,0.711,4,False,Uprise-D3
HCP00735,Pediatrician,TR01,North,T1,4,347.0,4,4,0.733,0.748,5,True,No alternative (DePURA loyal)
HCP00736,Neonatologist,TR01,North,T1,8,214.0,3,4,0.501,0.547,5,True,Ultra D3
HCP00737,General Practitioner,TR26,South,T1,7,184.0,3,4,0.22,0.578,4,False,Uprise-D3
HCP00738,Obstetrician-Gynecologist,TR13,West,T1,9,163.0,5,4,0.056,0.65,5,False,Arachitol Kids
HCP00739,Pediatrician,TR01,North,T1,8,204.0,4,4,0.122,0.604,4,False,Arachitol Kids
HCP00740,Pediatrician,TR03,North,T2,19,205.0,5,5,0.193,0.32,6,False,Kidrich D3 Nano
HCP00741,Obstetrician-Gynecologist,TR24,South,T1,9,77.0,4,4,0.289,0.449,6,False,Arachitol Kids
HCP00742,Obstetrician-Gynecologist,TR33,East,T2,4,83.0,4,3,0.104,0.646,7,False,D3 Must Forte
HCP00743,General Practitioner,TR15,West,T2,10,168.0,3,4,0.185,0.67,2,False,D3 Must Forte
HCP00744,General Practitioner,TR28,South,T1,6,331.0,2,3,0.034,0.783,5,False,D3 Must Forte
HCP00745,Pediatrician,TR35,East,T2,10,476.0,4,5,0.653,0.725,6,True,Ultra D3
HCP00746,General Practitioner,TR26,South,T1,2,281.0,4,3,0.227,0.563,2,True,Arachitol Kids
HCP00747,Pediatrician,TR26,South,T1,7,216.0,5,3,0.183,0.571,3,False,Kidrich D3 Nano
HCP00748,Pediatrician,TR23,South,T1,21,880.0,5,4,0.289,0.385,8,False,Kidrich D3 Nano
HCP00749,Pediatrician,TR36,East,T2,5,386.0,3,4,0.751,0.397,10,True,D3 Must Forte
HCP00750,Pediatrician,TR12,West,T1,10,214.0,4,3,0.353,0.368,3,True,Kidrich D3 Nano
HCP00751,Pediatrician,TR28,South,T1,14,292.0,5,4,0.45,0.529,7,True,Arachitol Kids
HCP00752,Pediatrician,TR15,West,T2,32,280.0,5,4,0.303,0.365,7,False,Arachitol Kids
HCP00753,Pediatrician,TR05,North,T2,12,209.0,5,4,0.597,0.515,9,True,Kidrich D3 Nano
HCP00754,Obstetrician-Gynecologist,TR27,South,T2,28,92.0,5,3,0.059,0.348,1,False,Ultra D3
HCP00755,Neonatologist,TR29,South,T2,34,206.0,3,5,0.42,0.183,3,False,D3 Must Forte
HCP00756,Pediatrician,TR31,East,T1,3,362.0,3,4,0.673,0.841,6,True,No alternative (DePURA loyal)
HCP00757,Pediatrician,TR33,East,T2,5,286.0,4,4,0.187,0.716,5,False,D3 Must Forte
HCP00758,Obstetrician-Gynecologist,TR27,South,T2,23,81.0,4,4,0.416,0.59,5,True,D3 Must Forte
HCP00759,Pediatrician,TR19,Central,T2,40,523.0,4,3,0.232,0.208,10,True,Arachitol Kids
HCP00760,General Practitioner,TR33,East,T2,9,136.0,4,3,0.137,0.845,6,False,Arachitol Kids
HCP00761,Pediatrician,TR09,North,T2,26,222.0,3,4,0.282,0.618,5,True,D3 Must Forte
HCP00762,General Practitioner,TR02,North,T1,12,163.0,4,3,0.026,0.534,4,False,Uprise-D3
HCP00763,Pediatrician,TR16,West,T1,19,316.0,4,3,0.183,0.566,5,False,Arachitol Kids
HCP00764,General Practitioner,TR23,South,T1,13,156.0,4,3,0.059,0.956,7,False,Uprise-D3
HCP00765,Pediatrician,TR25,South,T3,8,278.0,5,2,0.09,0.514,6,False,Ultra D3
HCP00766,Pediatrician,TR28,South,T1,33,315.0,5,2,0.047,0.479,5,False,Uprise-D3
HCP00767,Pediatrician,TR01,North,T1,19,453.0,4,4,0.212,0.487,6,True,Arachitol Kids
HCP00768,Pediatrician,TR28,South,T1,8,489.0,5,4,0.476,0.645,9,True,Kidrich D3 Nano
HCP00769,Neonatologist,TR23,South,T1,11,215.0,3,4,0.113,0.403,2,False,Arachitol Kids
HCP00770,Pediatrician,TR34,East,T3,34,139.0,3,2,0.239,0.132,6,True,Uprise-D3
HCP00771,Pediatrician,TR14,West,T1,37,376.0,3,4,0.248,0.193,6,True,Uprise-D3
HCP00772,General Practitioner,TR23,South,T1,10,159.0,5,3,0.053,0.381,11,False,Arachitol Kids
HCP00773,Pediatrician,TR28,South,T1,14,124.0,5,4,0.098,0.362,3,False,Other / Generic
HCP00774,Obstetrician-Gynecologist,TR19,Central,T2,19,148.0,4,3,0.068,0.354,8,False,D3 Must Forte
HCP00775,Obstetrician-Gynecologist,TR05,North,T2,13,117.0,4,3,0.041,0.296,4,True,Arachitol Kids
HCP00776,Pediatrician,TR01,North,T1,26,422.0,5,3,0.241,,6,False,Arachitol Kids
HCP00777,General Practitioner,TR03,North,T2,9,137.0,3,4,0.078,0.535,9,False,Ultra D3
HCP00778,General Practitioner,TR18,West,T3,22,111.0,3,2,0.014,0.448,12,False,Other / Generic
HCP00779,Pediatrician,TR24,South,T1,5,255.0,4,4,0.25,0.813,3,False,Uprise-D3
HCP00780,General Practitioner,TR22,Central,T3,13,70.0,4,3,0.291,0.531,3,True,Ultra D3
HCP00781,Pediatrician,TR26,South,T1,8,428.0,5,3,0.132,0.713,2,False,Uprise-D3
HCP00782,Pediatrician,TR01,North,T1,5,340.0,4,4,0.279,0.643,4,True,Ultra D3
HCP00783,General Practitioner,TR04,North,T2,6,150.0,2,4,0.074,0.727,6,False,Ultra D3
HCP00784,General Practitioner,TR27,South,T2,8,101.0,4,4,0.334,0.416,1,True,Other / Generic
HCP00785,General Practitioner,TR28,South,T1,24,154.0,4,3,0.144,0.715,7,False,Ultra D3
HCP00786,Pediatrician,TR26,South,T1,18,491.0,3,3,0.16,0.46,3,True,Uprise-D3
HCP00787,General Practitioner,TR27,South,T2,22,90.0,2,4,0.157,0.285,6,False,Ultra D3
HCP00788,Pediatrician,TR35,East,T2,15,271.0,5,4,0.279,0.764,7,False,Arachitol Kids
HCP00789,General Practitioner,TR34,East,T3,7,65.0,4,4,0.078,0.66,4,False,Ultra D3
HCP00790,Pediatrician,TR24,South,T1,11,210.0,5,5,0.63,0.375,3,True,Arachitol Kids
HCP00791,Pediatrician,TR13,West,T1,14,608.0,3,4,0.581,0.527,8,True,Other / Generic
HCP00792,Pediatrician,TR01,North,T1,15,838.0,5,4,0.536,0.499,5,True,Ultra D3
HCP00793,Pediatrician,TR24,South,T1,14,316.0,4,4,0.147,0.658,5,True,Arachitol Kids
HCP00794,Pediatrician,TR16,West,T1,6,281.0,3,4,0.597,0.575,2,True,Other / Generic
HCP00795,Pediatrician,TR05,North,T2,11,248.0,4,3,0.137,0.621,4,False,Kidrich D3 Nano
HCP00796,Pediatrician,TR09,North,T2,18,347.0,4,3,0.29,0.59,6,True,Ultra D3
HCP00797,Pediatrician,TR33,East,T2,5,172.0,3,5,0.245,0.512,2,False,Other / Generic
HCP00798,Pediatrician,TR02,North,T1,3,254.0,4,3,0.332,0.704,6,True,D3 Must Forte
HCP00799,General Practitioner,TR28,South,T1,9,320.0,2,3,0.157,0.482,10,False,Arachitol Kids
HCP00800,Neonatologist,TR31,East,T1,32,199.0,5,3,0.096,0.261,5,True,Kidrich D3 Nano
HCP00801,Obstetrician-Gynecologist,TR25,South,T3,7,104.0,5,5,0.18,0.403,8,False,Arachitol Kids
HCP00802,Neonatologist,TR02,North,T1,4,266.0,3,4,0.126,0.567,3,False,Arachitol Kids
HCP00803,Neonatologist,TR30,South,T2,3,128.0,5,2,0.188,0.868,6,False,D3 Must Forte
HCP00804,Pediatrician,TR24,South,T1,34,415.0,4,4,0.429,0.383,3,True,Arachitol Kids
HCP00805,Pediatrician,TR12,West,T1,4,302.0,5,3,0.225,0.517,4,False,Kidrich D3 Nano
HCP00806,Pediatrician,TR24,South,T1,15,267.0,4,4,0.455,0.396,4,False,Uprise-D3
HCP00807,Pediatrician,TR04,North,T2,36,461.0,4,4,0.212,0.423,8,True,D3 Must Forte
HCP00808,Obstetrician-Gynecologist,TR26,South,T1,36,243.0,4,2,0.037,0.221,5,True,Uprise-D3
HCP00809,Obstetrician-Gynecologist,TR31,East,T1,14,242.0,3,4,0.239,0.521,7,True,Kidrich D3 Nano
HCP00810,General Practitioner,TR19,Central,T2,21,122.0,4,3,0.09,0.476,4,False,Kidrich D3 Nano
HCP00811,Obstetrician-Gynecologist,TR34,East,T3,12,114.0,5,4,0.338,0.409,3,True,Arachitol Kids
HCP00812,General Practitioner,TR16,West,T1,13,99.0,4,2,0.033,,3,False,Arachitol Kids
HCP00813,Pediatrician,TR30,South,T2,28,292.0,3,3,0.195,0.278,4,True,Ultra D3
HCP00814,Pediatrician,TR28,South,T1,11,533.0,5,4,0.434,,6,False,Arachitol Kids
HCP00815,Neonatologist,TR02,North,T1,13,345.0,4,3,0.108,0.499,7,False,D3 Must Forte
HCP00816,General Practitioner,TR32,East,T3,8,221.0,4,5,0.384,0.861,5,False,Uprise-D3
HCP00817,Pediatrician,TR32,East,T3,14,141.0,5,4,0.337,0.742,2,True,Other / Generic
HCP00818,Pediatrician,TR14,West,T1,20,289.0,5,4,0.359,0.284,7,False,Uprise-D3
HCP00819,General Practitioner,TR28,South,T1,11,148.0,4,4,0.289,0.498,6,False,Other / Generic
HCP00820,Obstetrician-Gynecologist,TR09,North,T2,13,136.0,5,3,0.114,0.368,5,True,Arachitol Kids
HCP00821,Pediatrician,TR01,North,T1,7,167.0,4,5,0.44,0.412,7,False,Arachitol Kids
HCP00822,Neonatologist,TR09,North,T2,11,211.0,3,4,0.153,0.609,6,False,D3 Must Forte
HCP00823,Pediatrician,TR17,West,T2,23,458.0,5,2,0.333,0.535,14,True,Arachitol Kids
HCP00824,Neonatologist,TR02,North,T1,24,131.0,4,2,0.146,0.57,3,True,Uprise-D3
HCP00825,General Practitioner,TR05,North,T2,9,181.0,4,3,0.028,0.7,7,False,D3 Must Forte
HCP00826,General Practitioner,TR34,East,T3,8,137.0,3,3,0.085,0.726,4,False,Uprise-D3
HCP00827,Obstetrician-Gynecologist,TR18,West,T3,23,127.0,4,2,0.043,0.875,6,False,D3 Must Forte
HCP00828,Obstetrician-Gynecologist,TR29,South,T2,17,71.0,4,3,0.069,0.524,4,False,Arachitol Kids
HCP00829,Pediatrician,TR09,North,T2,10,185.0,4,3,0.129,0.657,4,False,Arachitol Kids
HCP00830,Obstetrician-Gynecologist,TR02,North,T1,16,85.0,4,2,0.026,0.489,1,False,Kidrich D3 Nano
HCP00831,Pediatrician,TR28,South,T1,1,844.0,5,4,0.139,0.694,10,False,Uprise-D3
HCP00832,Pediatrician,TR14,West,T1,6,417.0,5,3,0.099,0.94,6,False,Kidrich D3 Nano
HCP00833,General Practitioner,TR16,West,T1,9,112.0,5,4,0.079,0.647,3,False,Other / Generic
HCP00834,Pediatrician,TR36,East,T2,14,547.0,4,4,0.397,0.674,8,True,D3 Must Forte
HCP00835,Pediatrician,TR13,West,T1,10,265.0,4,3,0.214,0.604,5,True,Uprise-D3
HCP00836,Pediatrician,TR16,West,T1,22,342.0,5,5,0.516,0.448,4,True,Kidrich D3 Nano
HCP00837,Pediatrician,TR24,South,T1,14,463.0,4,4,0.269,0.592,3,True,Arachitol Kids
HCP00838,Pediatrician,TR02,North,T1,7,356.0,4,4,0.128,0.599,10,False,D3 Must Forte
HCP00839,General Practitioner,TR26,South,T1,28,136.0,4,4,0.248,0.426,4,False,D3 Must Forte
HCP00840,Pediatrician,TR16,West,T1,9,280.0,4,4,0.334,0.683,5,True,Kidrich D3 Nano
HCP00841,General Practitioner,TR06,North,T2,9,182.0,4,3,0.075,0.648,3,True,Other / Generic
HCP00842,Pediatrician,TR16,West,T1,10,291.0,5,3,0.291,0.682,5,True,Uprise-D3
HCP00843,Pediatrician,TR16,West,T1,15,376.0,4,5,0.192,0.631,5,False,Arachitol Kids
HCP00844,Pediatrician,TR24,South,T1,5,164.0,4,5,0.491,1.0,4,True,D3 Must Forte
HCP00845,Pediatrician,TR33,East,T2,5,820.0,4,4,0.314,0.24,5,False,Other / Generic
HCP00846,Obstetrician-Gynecologist,TR28,South,T1,16,75.0,4,3,0.122,0.494,3,True,Uprise-D3
HCP00847,Neonatologist,TR14,West,T1,6,207.0,3,4,0.612,0.335,8,True,No alternative (DePURA loyal)
HCP00848,Pediatrician,TR35,East,T2,5,262.0,5,5,0.483,0.685,6,True,Ultra D3
HCP00849,Pediatrician,TR28,South,T1,26,342.0,4,3,0.298,0.073,7,False,Uprise-D3
HCP00850,General Practitioner,TR01,North,T1,13,207.0,4,4,0.149,0.604,5,False,Arachitol Kids
HCP00851,Pediatrician,TR04,North,T2,25,289.0,3,4,0.523,0.522,6,True,Uprise-D3
HCP00852,Pediatrician,TR09,North,T2,25,294.0,5,3,0.089,0.54,13,True,Uprise-D3
HCP00853,Pediatrician,TR02,North,T1,9,658.0,5,2,0.127,1.0,4,True,D3 Must Forte
HCP00854,General Practitioner,TR17,West,T2,31,359.0,3,3,0.314,0.437,9,True,Uprise-D3
HCP00855,Pediatrician,TR13,West,T1,9,580.0,4,4,0.492,0.588,4,True,Arachitol Kids
HCP00856,Obstetrician-Gynecologist,TR35,East,T2,23,117.0,5,2,0.217,0.428,2,True,D3 Must Forte
HCP00857,Pediatrician,TR16,West,T1,15,345.0,4,5,0.359,0.525,1,True,D3 Must Forte
HCP00858,Pediatrician,TR09,North,T2,8,611.0,4,5,0.153,0.781,8,False,Ultra D3
HCP00859,Neonatologist,TR35,East,T2,14,116.0,5,4,0.206,0.562,3,True,Uprise-D3
HCP00860,Pediatrician,TR18,West,T3,9,259.0,4,4,0.492,0.738,6,True,Uprise-D3
HCP00861,Pediatrician,TR02,North,T1,14,722.0,4,3,0.149,0.353,5,True,Arachitol Kids
HCP00862,Pediatrician,TR02,North,T1,33,285.0,4,4,0.451,0.406,4,True,Uprise-D3
HCP00863,General Practitioner,TR24,South,T1,26,74.0,2,5,0.234,0.381,3,False,Uprise-D3
HCP00864,General Practitioner,TR18,West,T3,10,143.0,2,3,0.143,0.688,6,False,Arachitol Kids
HCP00865,Pediatrician,TR24,South,T1,4,422.0,5,5,0.756,0.877,6,True,Kidrich D3 Nano
HCP00866,Pediatrician,TR30,South,T2,8,488.0,4,5,0.667,0.796,3,True,No alternative (DePURA loyal)
HCP00867,Pediatrician,TR25,South,T3,7,147.0,5,2,0.087,0.745,6,False,Uprise-D3
HCP00868,Pediatrician,TR31,East,T1,11,501.0,4,5,0.181,0.419,6,False,Kidrich D3 Nano
HCP00869,Pediatrician,TR27,South,T2,21,303.0,4,5,0.237,0.35,5,False,Arachitol Kids
HCP00870,Pediatrician,TR24,South,T1,10,263.0,4,5,0.392,0.662,4,True,Ultra D3
HCP00871,Pediatrician,TR04,North,T2,2,402.0,3,4,0.257,0.571,4,False,Other / Generic
HCP00872,General Practitioner,TR17,West,T2,9,45.0,4,4,0.123,0.425,3,False,Ultra D3
HCP00873,General Practitioner,TR16,West,T1,11,151.0,3,3,0.098,0.771,1,False,Uprise-D3
HCP00874,General Practitioner,TR20,Central,T2,11,35.0,4,2,0.023,0.48,4,False,Other / Generic
HCP00875,General Practitioner,TR14,West,T1,7,130.0,3,2,0.067,0.796,8,False,Uprise-D3
HCP00876,Pediatrician,TR23,South,T1,3,480.0,4,4,0.244,0.697,7,False,Kidrich D3 Nano
HCP00877,General Practitioner,TR14,West,T1,22,64.0,2,2,0.03,0.252,9,False,Arachitol Kids
HCP00878,Pediatrician,TR21,Central,T3,22,383.0,2,4,0.123,0.241,1,False,Arachitol Kids
HCP00879,General Practitioner,TR14,West,T1,7,233.0,3,3,0.072,0.588,5,False,Kidrich D3 Nano
HCP00880,Pediatrician,TR31,East,T1,10,284.0,5,5,0.28,0.636,6,False,Arachitol Kids
HCP00881,General Practitioner,TR14,West,T1,6,144.0,4,3,0.044,0.381,8,False,Arachitol Kids
HCP00882,Obstetrician-Gynecologist,TR26,South,T1,9,195.0,5,3,0.032,0.402,3,False,Uprise-D3
HCP00883,Pediatrician,TR23,South,T1,6,450.0,4,5,0.185,0.612,8,False,Arachitol Kids
HCP00884,Pediatrician,TR14,West,T1,10,639.0,4,3,0.148,0.75,2,False,Arachitol Kids
HCP00885,Obstetrician-Gynecologist,TR28,South,T1,18,104.0,5,4,0.227,0.451,11,False,Ultra D3
HCP00886,Pediatrician,TR33,East,T2,32,325.0,4,5,0.657,0.225,5,True,No alternative (DePURA loyal)
HCP00887,Pediatrician,TR27,South,T2,16,482.0,4,4,0.199,0.564,2,False,Uprise-D3
HCP00888,Pediatrician,TR34,East,T3,24,371.0,5,4,0.384,0.675,2,True,Other / Generic
HCP00889,Pediatrician,TR16,West,T1,2,334.0,5,4,0.195,0.695,5,False,Uprise-D3
HCP00890,Pediatrician,TR32,East,T3,19,202.0,5,5,0.803,0.461,5,True,No alternative (DePURA loyal)
HCP00891,Obstetrician-Gynecologist,TR31,East,T1,9,168.0,4,3,0.037,0.443,3,False,Arachitol Kids
HCP00892,General Practitioner,TR27,South,T2,4,313.0,2,4,0.352,0.747,4,False,Arachitol Kids
HCP00893,Pediatrician,TR29,South,T2,17,233.0,4,3,0.053,0.65,1,False,Kidrich D3 Nano
HCP00894,General Practitioner,TR26,South,T1,9,237.0,4,4,0.169,0.728,5,True,Uprise-D3
HCP00895,Obstetrician-Gynecologist,TR18,West,T3,13,287.0,4,3,0.09,0.633,8,False,Uprise-D3
HCP00896,Pediatrician,TR21,Central,T3,19,267.0,5,4,0.428,0.67,3,False,Uprise-D3
HCP00897,General Practitioner,TR15,West,T2,6,165.0,4,3,0.134,0.817,5,False,Kidrich D3 Nano
HCP00898,Pediatrician,TR24,South,T1,16,403.0,3,3,0.141,0.489,3,False,Kidrich D3 Nano
HCP00899,Pediatrician,TR13,West,T1,14,432.0,4,4,0.364,0.639,7,True,Other / Generic
HCP00900,General Practitioner,TR27,South,T2,19,95.0,3,4,0.148,0.617,2,False,Other / Generic
HCP00901,General Practitioner,TR18,West,T3,12,125.0,3,2,0.049,0.566,6,False,Uprise-D3
HCP00902,Obstetrician-Gynecologist,TR14,West,T1,19,139.0,4,3,0.082,0.513,12,False,Ultra D3
HCP00903,Pediatrician,TR05,North,T2,12,510.0,4,5,0.488,0.688,9,True,Uprise-D3
HCP00904,Pediatrician,TR11,North,T3,8,563.0,3,4,0.36,0.404,2,False,Arachitol Kids
HCP00905,Pediatrician,TR24,South,T1,14,251.0,4,4,0.38,0.381,4,True,Kidrich D3 Nano
HCP00906,Pediatrician,TR14,West,T1,6,324.0,5,5,0.586,0.648,9,True,Uprise-D3
HCP00907,Pediatrician,TR01,North,T1,5,409.0,4,3,0.396,0.774,8,True,D3 Must Forte
HCP00908,Pediatrician,TR13,West,T1,3,371.0,4,4,0.232,0.746,4,False,Arachitol Kids
HCP00909,General Practitioner,TR14,West,T1,25,99.0,3,3,0.036,0.221,10,False,Ultra D3
HCP00910,Pediatrician,TR10,North,T2,16,341.0,5,2,0.066,0.618,8,False,Arachitol Kids
HCP00911,Pediatrician,TR12,West,T1,10,519.0,4,2,0.099,0.608,10,True,D3 Must Forte
HCP00912,Pediatrician,TR26,South,T1,16,215.0,5,5,0.511,0.484,1,True,Arachitol Kids
HCP00913,General Practitioner,TR27,South,T2,14,186.0,4,4,0.245,0.525,3,False,Uprise-D3
HCP00914,Pediatrician,TR34,East,T3,26,211.0,4,4,0.391,0.419,4,True,Ultra D3
HCP00915,Pediatrician,TR04,North,T2,17,402.0,4,5,0.275,0.457,6,True,Uprise-D3
HCP00916,Pediatrician,TR13,West,T1,25,232.0,3,5,0.309,0.263,3,False,D3 Must Forte
HCP00917,Pediatrician,TR02,North,T1,11,334.0,3,4,0.501,0.749,6,True,Kidrich D3 Nano
HCP00918,Pediatrician,TR23,South,T1,14,429.0,3,4,0.413,0.588,7,False,D3 Must Forte
HCP00919,Obstetrician-Gynecologist,TR01,North,T1,14,137.0,4,4,0.066,0.37,8,False,Other / Generic
HCP00920,Pediatrician,TR08,North,T2,13,342.0,5,4,0.457,0.554,10,True,Ultra D3
HCP00921,Pediatrician,TR23,South,T1,16,234.0,5,5,0.298,0.576,8,False,Arachitol Kids
HCP00922,Pediatrician,TR14,West,T1,40,413.0,5,4,0.37,0.401,11,True,D3 Must Forte
HCP00923,Pediatrician,TR20,Central,T2,10,263.0,5,3,0.079,0.614,3,False,Uprise-D3
HCP00924,Obstetrician-Gynecologist,TR24,South,T1,10,196.0,4,2,0.202,0.595,4,True,Other / Generic
HCP00925,General Practitioner,TR29,South,T2,11,105.0,3,4,0.214,0.355,3,True,D3 Must Forte
HCP00926,Pediatrician,TR14,West,T1,10,202.0,4,3,0.281,0.524,8,False,Ultra D3
HCP00927,General Practitioner,TR12,West,T1,14,104.0,3,3,0.164,0.621,3,True,Arachitol Kids
HCP00928,Pediatrician,TR20,Central,T2,16,299.0,4,5,0.675,0.228,7,True,Uprise-D3
HCP00929,Pediatrician,TR02,North,T1,13,381.0,4,4,0.283,0.413,3,False,Kidrich D3 Nano
HCP00930,Pediatrician,TR01,North,T1,6,411.0,5,4,0.605,1.0,8,True,Other / Generic
HCP00931,Obstetrician-Gynecologist,TR16,West,T1,18,110.0,5,5,0.242,0.545,1,False,Arachitol Kids
HCP00932,General Practitioner,TR09,North,T2,12,184.0,3,4,0.218,0.345,5,False,D3 Must Forte
HCP00933,Pediatrician,TR01,North,T1,13,285.0,5,4,0.304,0.302,6,True,Other / Generic
HCP00934,General Practitioner,TR25,South,T3,9,115.0,4,3,0.104,0.394,11,False,D3 Must Forte
HCP00935,Pediatrician,TR28,South,T1,12,603.0,4,3,0.105,0.44,9,False,D3 Must Forte
HCP00936,Pediatrician,TR05,North,T2,14,513.0,4,3,0.155,0.492,5,False,Uprise-D3
HCP00937,Pediatrician,TR22,Central,T3,9,165.0,3,5,0.486,0.753,5,False,Other / Generic
HCP00938,Pediatrician,TR36,East,T2,7,220.0,3,5,0.797,0.673,5,True,Arachitol Kids
HCP00939,Pediatrician,TR12,West,T1,31,258.0,5,5,0.58,0.363,4,True,Arachitol Kids
HCP00940,Obstetrician-Gynecologist,TR26,South,T1,6,188.0,4,2,0.036,0.883,1,False,D3 Must Forte
HCP00941,Pediatrician,TR05,North,T2,6,300.0,4,3,0.194,0.625,7,True,Arachitol Kids
HCP00942,Pediatrician,TR33,East,T2,10,293.0,5,5,0.069,0.558,4,False,Ultra D3
HCP00943,Pediatrician,TR01,North,T1,31,237.0,3,3,0.127,0.444,5,False,Arachitol Kids
HCP00944,Pediatrician,TR12,West,T1,11,413.0,5,3,0.087,0.673,4,False,Uprise-D3
HCP00945,Pediatrician,TR35,East,T2,3,191.0,4,3,0.194,0.72,6,False,Uprise-D3
HCP00946,Pediatrician,TR24,South,T1,34,219.0,5,3,0.099,0.292,2,True,Arachitol Kids
HCP00947,Pediatrician,TR09,North,T2,8,884.0,3,4,0.161,0.699,4,False,Uprise-D3
HCP00948,Pediatrician,TR28,South,T1,11,334.0,5,4,0.502,0.634,3,True,D3 Must Forte
HCP00949,Pediatrician,TR31,East,T1,8,143.0,4,5,0.182,0.674,5,False,Uprise-D3
HCP00950,General Practitioner,TR17,West,T2,3,120.0,3,5,0.4,0.787,8,False,Uprise-D3
HCP00951,Neonatologist,TR05,North,T2,9,116.0,4,4,0.507,0.581,7,True,Ultra D3
HCP00952,Pediatrician,TR11,North,T3,7,282.0,5,5,0.541,0.891,4,True,Arachitol Kids
HCP00953,General Practitioner,TR34,East,T3,13,85.0,3,3,0.066,0.226,3,False,Uprise-D3
HCP00954,General Practitioner,TR05,North,T2,9,83.0,4,4,0.311,0.823,5,True,Uprise-D3
HCP00955,General Practitioner,TR13,West,T1,17,123.0,3,3,0.042,0.556,5,False,Kidrich D3 Nano
HCP00956,General Practitioner,TR05,North,T2,20,109.0,5,3,0.051,0.591,5,False,D3 Must Forte
HCP00957,Pediatrician,TR03,North,T2,16,320.0,5,4,0.461,0.594,9,False,D3 Must Forte
HCP00958,Neonatologist,TR19,Central,T2,16,268.0,5,3,0.276,0.421,6,False,D3 Must Forte
HCP00959,Pediatrician,TR14,West,T1,16,279.0,5,4,0.587,0.555,6,True,Arachitol Kids
HCP00960,Pediatrician,TR01,North,T1,9,750.0,4,5,0.334,0.547,7,False,Uprise-D3
HCP00961,General Practitioner,TR05,North,T2,24,75.0,3,2,0.031,0.444,5,False,Kidrich D3 Nano
HCP00962,Obstetrician-Gynecologist,TR01,North,T1,16,105.0,4,3,0.086,0.743,4,False,Uprise-D3
HCP00963,Pediatrician,TR01,North,T1,10,507.0,4,3,0.186,0.475,7,True,Arachitol Kids
HCP00964,Neonatologist,TR07,North,T3,10,364.0,4,3,0.12,0.451,4,False,Ultra D3
HCP00965,General Practitioner,TR27,South,T2,17,150.0,4,5,0.284,0.319,7,True,Ultra D3
HCP00966,General Practitioner,TR01,North,T1,17,166.0,5,2,0.025,0.204,3,False,Arachitol Kids
HCP00967,Obstetrician-Gynecologist,TR12,West,T1,9,60.0,2,4,0.149,0.647,5,False,D3 Must Forte
HCP00968,General Practitioner,TR22,Central,T3,7,226.0,4,4,0.287,0.711,6,True,D3 Must Forte
HCP00969,Pediatrician,TR27,South,T2,12,402.0,5,2,0.21,0.456,4,True,Arachitol Kids
HCP00970,General Practitioner,TR25,South,T3,13,147.0,3,3,0.111,0.408,10,False,Uprise-D3
HCP00971,Pediatrician,TR36,East,T2,1,251.0,3,4,0.298,0.628,7,True,Other / Generic
HCP00972,Neonatologist,TR12,West,T1,29,248.0,4,4,0.078,0.44,0,False,Arachitol Kids
HCP00973,Obstetrician-Gynecologist,TR01,North,T1,11,179.0,5,3,0.063,0.638,3,False,Arachitol Kids
HCP00974,General Practitioner,TR01,North,T1,13,253.0,3,3,0.087,0.484,6,False,Arachitol Kids
HCP00975,Pediatrician,TR03,North,T2,8,333.0,4,3,0.445,0.264,6,True,Other / Generic
HCP00976,Pediatrician,TR35,East,T2,14,282.0,4,3,0.172,0.388,3,True,Uprise-D3
HCP00977,Pediatrician,TR22,Central,T3,10,440.0,3,4,0.496,0.486,5,False,Uprise-D3
HCP00978,Pediatrician,TR28,South,T1,9,275.0,4,4,0.405,0.742,8,False,Arachitol Kids
HCP00979,General Practitioner,TR36,East,T2,14,85.0,3,3,0.129,0.573,7,False,Arachitol Kids
HCP00980,Obstetrician-Gynecologist,TR30,South,T2,34,76.0,4,4,0.227,0.152,8,True,D3 Must Forte
HCP00981,General Practitioner,TR15,West,T2,11,398.0,4,3,0.084,0.772,9,False,Other / Generic
HCP00982,Pediatrician,TR31,East,T1,11,328.0,3,5,0.346,0.638,9,True,D3 Must Forte
HCP00983,Neonatologist,TR16,West,T1,8,246.0,2,3,0.25,0.836,4,True,Other / Generic
HCP00984,Obstetrician-Gynecologist,TR03,North,T2,12,111.0,4,2,0.133,0.406,4,True,Kidrich D3 Nano
HCP00985,General Practitioner,TR20,Central,T2,21,148.0,3,5,0.122,0.53,7,False,Ultra D3
HCP00986,Pediatrician,TR32,East,T3,23,307.0,5,5,0.544,0.0,9,False,Arachitol Kids
HCP00987,General Practitioner,TR28,South,T1,18,157.0,4,4,0.075,0.696,6,False,Kidrich D3 Nano
HCP00988,Pediatrician,TR15,West,T2,15,318.0,4,4,0.69,0.552,8,True,Ultra D3
HCP00989,Pediatrician,TR30,South,T2,16,188.0,4,3,0.36,0.44,4,True,Kidrich D3 Nano
HCP00990,General Practitioner,TR16,West,T1,15,136.0,3,3,0.092,0.572,2,False,D3 Must Forte
HCP00991,General Practitioner,TR25,South,T3,18,159.0,5,3,0.074,0.589,7,False,D3 Must Forte
HCP00992,Pediatrician,TR13,West,T1,11,325.0,4,5,0.419,0.542,2,False,Ultra D3
HCP00993,Neonatologist,TR08,North,T2,16,163.0,4,4,0.536,0.573,8,True,Ultra D3
HCP00994,Obstetrician-Gynecologist,TR13,West,T1,21,182.0,3,4,0.177,0.447,6,False,Arachitol Kids
HCP00995,General Practitioner,TR31,East,T1,7,105.0,4,4,0.106,0.611,12,False,Ultra D3
HCP00996,Pediatrician,TR36,East,T2,5,419.0,3,4,0.138,0.643,7,False,D3 Must Forte
HCP00997,Pediatrician,TR11,North,T3,14,200.0,3,2,0.178,0.864,3,True,D3 Must Forte
HCP00998,General Practitioner,TR06,North,T2,10,60.0,2,4,0.178,0.559,3,False,Uprise-D3
HCP00999,Obstetrician-Gynecologist,TR02,North,T1,20,97.0,4,3,0.085,0.61,5,False,Uprise-D3
HCP01000,Pediatrician,TR27,South,T2,22,503.0,5,4,0.64,0.476,4,True,No alternative (DePURA loyal)
HCP01001,Pediatrician,TR19,Central,T2,8,254.0,4,4,0.244,0.839,15,False,Uprise-D3
HCP01002,Pediatrician,TR21,Central,T3,12,392.0,4,4,0.369,0.36,7,True,Ultra D3
HCP01003,Pediatrician,TR01,North,T1,8,342.0,3,3,0.423,0.812,6,True,Arachitol Kids
HCP01004,General Practitioner,TR02,North,T1,12,148.0,3,3,0.058,0.695,13,False,D3 Must Forte
HCP01005,Pediatrician,TR32,East,T3,11,356.0,5,4,0.354,0.639,11,True,Uprise-D3
HCP01006,Pediatrician,TR22,Central,T3,13,480.0,5,4,0.422,0.337,1,True,Ultra D3
HCP01007,Pediatrician,TR09,North,T2,40,283.0,4,3,0.026,0.063,2,False,Kidrich D3 Nano
HCP01008,Obstetrician-Gynecologist,TR09,North,T2,23,188.0,3,3,0.163,0.633,5,True,Arachitol Kids
HCP01009,Pediatrician,TR10,North,T2,25,341.0,5,3,0.185,0.629,3,False,Ultra D3
HCP01010,Pediatrician,TR02,North,T1,11,472.0,5,5,0.274,0.433,6,False,Kidrich D3 Nano
HCP01011,General Practitioner,TR01,North,T1,11,159.0,3,5,0.252,0.471,6,False,Arachitol Kids
HCP01012,Neonatologist,TR26,South,T1,7,225.0,5,3,0.485,0.725,7,True,Arachitol Kids
HCP01013,Pediatrician,TR11,North,T3,11,306.0,5,4,0.261,0.882,9,False,D3 Must Forte
HCP01014,Pediatrician,TR14,West,T1,21,320.0,5,4,0.178,0.573,7,False,D3 Must Forte
HCP01015,General Practitioner,TR20,Central,T2,11,156.0,5,5,0.212,0.601,3,True,Uprise-D3
HCP01016,Pediatrician,TR13,West,T1,2,141.0,5,3,0.471,0.895,2,True,Ultra D3
HCP01017,Obstetrician-Gynecologist,TR16,West,T1,6,115.0,4,3,0.243,0.559,2,True,D3 Must Forte
HCP01018,General Practitioner,TR31,East,T1,19,131.0,3,4,0.18,0.397,9,True,Uprise-D3
HCP01019,Pediatrician,TR10,North,T2,16,300.0,5,3,0.151,0.577,2,True,Ultra D3
HCP01020,Obstetrician-Gynecologist,TR28,South,T1,4,65.0,4,2,0.116,0.574,6,True,Arachitol Kids
HCP01021,General Practitioner,TR11,North,T3,12,346.0,3,3,0.134,0.552,4,True,Other / Generic
HCP01022,Pediatrician,TR07,North,T3,19,350.0,4,4,0.197,0.336,9,False,Uprise-D3
HCP01023,Pediatrician,TR02,North,T1,3,328.0,4,4,0.302,0.594,8,False,Uprise-D3
HCP01024,General Practitioner,TR25,South,T3,18,176.0,2,1,0.01,0.8,3,False,Other / Generic
HCP01025,Obstetrician-Gynecologist,TR15,West,T2,16,116.0,5,3,0.035,0.737,3,False,D3 Must Forte
HCP01026,Pediatrician,TR28,South,T1,14,356.0,4,5,0.646,0.457,7,True,Uprise-D3
HCP01027,Pediatrician,TR04,North,T2,40,422.0,4,5,0.252,0.16,5,False,D3 Must Forte
HCP01028,Neonatologist,TR23,South,T1,9,188.0,4,4,0.104,0.934,4,False,Other / Generic
HCP01029,Pediatrician,TR01,North,T1,26,303.0,4,4,0.327,0.279,4,True,Other / Generic
HCP01030,Pediatrician,TR10,North,T2,22,326.0,3,3,0.076,0.59,5,False,Arachitol Kids
HCP01031,Pediatrician,TR23,South,T1,15,239.0,4,4,0.62,0.591,5,True,Uprise-D3
HCP01032,General Practitioner,TR01,North,T1,10,217.0,4,2,0.03,0.771,6,False,Uprise-D3
HCP01033,General Practitioner,TR14,West,T1,15,103.0,3,2,0.1,0.662,15,False,Uprise-D3
HCP01034,Pediatrician,TR21,Central,T3,10,132.0,4,5,0.576,0.674,2,True,Ultra D3
HCP01035,Pediatrician,TR26,South,T1,12,145.0,5,5,0.676,0.691,6,True,Kidrich D3 Nano
HCP01036,General Practitioner,TR26,South,T1,40,261.0,4,1,0.012,0.22,1,False,Kidrich D3 Nano
HCP01037,General Practitioner,TR05,North,T2,27,158.0,4,3,0.078,0.607,12,False,Arachitol Kids
HCP01038,Pediatrician,TR02,North,T1,18,432.0,5,3,0.14,0.343,4,True,Arachitol Kids
HCP01039,Pediatrician,TR14,West,T1,36,472.0,3,3,0.106,0.434,6,False,Other / Generic
HCP01040,General Practitioner,TR10,North,T2,18,126.0,3,3,0.029,0.554,5,False,D3 Must Forte
HCP01041,Pediatrician,TR12,West,T1,19,206.0,5,4,0.51,0.16,2,True,Arachitol Kids
HCP01042,Pediatrician,TR13,West,T1,30,367.0,5,4,0.439,0.518,6,True,Kidrich D3 Nano
HCP01043,Obstetrician-Gynecologist,TR15,West,T2,18,161.0,5,2,0.147,0.377,10,False,D3 Must Forte
HCP01044,Obstetrician-Gynecologist,TR19,Central,T2,31,97.0,5,3,0.227,0.252,6,True,Arachitol Kids
HCP01045,Pediatrician,TR01,North,T1,21,263.0,4,3,0.397,0.385,7,True,Arachitol Kids
HCP01046,Obstetrician-Gynecologist,TR12,West,T1,3,150.0,5,2,0.031,0.831,6,False,Arachitol Kids
HCP01047,General Practitioner,TR11,North,T3,7,226.0,4,4,0.216,0.502,7,False,Uprise-D3
HCP01048,Neonatologist,TR10,North,T2,15,308.0,5,3,0.296,0.52,8,True,Arachitol Kids
HCP01049,Neonatologist,TR28,South,T1,15,90.0,4,3,0.154,0.606,5,False,Arachitol Kids
HCP01050,General Practitioner,TR11,North,T3,13,167.0,4,2,0.068,0.588,6,False,Arachitol Kids
HCP01051,Pediatrician,TR05,North,T2,11,328.0,5,3,0.179,0.396,2,False,Arachitol Kids
HCP01052,Pediatrician,TR30,South,T2,8,544.0,4,4,0.359,0.594,8,False,Other / Generic
HCP01053,Pediatrician,TR14,West,T1,6,383.0,5,4,0.329,0.716,9,True,Arachitol Kids
HCP01054,Pediatrician,TR07,North,T3,19,428.0,4,3,0.283,0.703,2,False,Arachitol Kids
HCP01055,General Practitioner,TR27,South,T2,40,133.0,4,3,0.122,0.292,5,False,Other / Generic
HCP01056,Pediatrician,TR24,South,T1,12,595.0,5,5,0.333,0.441,5,True,D3 Must Forte
HCP01057,Obstetrician-Gynecologist,TR34,East,T3,7,68.0,4,3,0.162,0.908,3,False,Uprise-D3
HCP01058,Neonatologist,TR31,East,T1,34,173.0,4,5,0.486,0.302,5,True,Arachitol Kids
HCP01059,Pediatrician,TR26,South,T1,19,510.0,3,3,0.17,0.567,4,False,D3 Must Forte
HCP01060,General Practitioner,TR05,North,T2,9,96.0,4,4,0.214,0.599,4,False,Uprise-D3
HCP01061,Obstetrician-Gynecologist,TR17,West,T2,9,80.0,5,3,0.184,0.749,7,True,Arachitol Kids
HCP01062,General Practitioner,TR04,North,T2,16,115.0,4,4,0.064,0.378,3,False,Other / Generic
HCP01063,Neonatologist,TR20,Central,T2,2,325.0,4,3,0.13,0.716,5,False,Kidrich D3 Nano
HCP01064,Pediatrician,TR32,East,T3,6,544.0,5,4,0.405,0.517,9,True,Other / Generic
HCP01065,Pediatrician,TR01,North,T1,13,434.0,5,4,0.35,0.467,6,False,D3 Must Forte
HCP01066,Pediatrician,TR31,East,T1,7,301.0,4,5,0.622,0.753,5,True,Kidrich D3 Nano
HCP01067,Pediatrician,TR20,Central,T2,18,317.0,5,4,0.163,0.408,1,False,Kidrich D3 Nano
HCP01068,Pediatrician,TR05,North,T2,13,218.0,3,3,0.399,0.823,6,True,Other / Generic
HCP01069,General Practitioner,TR30,South,T2,27,95.0,3,5,0.237,0.39,5,False,D3 Must Forte
HCP01070,General Practitioner,TR20,Central,T2,5,158.0,3,3,0.109,0.772,6,False,Arachitol Kids
HCP01071,Pediatrician,TR16,West,T1,23,685.0,4,3,0.138,0.305,1,True,Kidrich D3 Nano
HCP01072,Pediatrician,TR18,West,T3,23,347.0,5,2,0.069,0.522,5,False,Uprise-D3
HCP01073,Pediatrician,TR05,North,T2,19,249.0,4,5,0.434,0.497,7,False,Arachitol Kids
HCP01074,Pediatrician,TR03,North,T2,16,265.0,5,3,0.535,0.422,3,True,D3 Must Forte
HCP01075,Pediatrician,TR24,South,T1,15,502.0,5,4,0.167,0.781,2,False,Kidrich D3 Nano
HCP01076,Pediatrician,TR31,East,T1,25,315.0,4,5,0.797,0.479,6,True,No alternative (DePURA loyal)
HCP01077,Obstetrician-Gynecologist,TR26,South,T1,5,62.0,4,4,0.112,0.864,4,False,Uprise-D3
HCP01078,Neonatologist,TR30,South,T2,8,167.0,4,4,0.523,0.808,5,True,Arachitol Kids
HCP01079,Pediatrician,TR30,South,T2,2,194.0,4,3,0.068,0.396,11,False,Uprise-D3
HCP01080,General Practitioner,TR01,North,T1,18,154.0,3,3,0.192,0.494,6,True,Other / Generic
HCP01081,Neonatologist,TR28,South,T1,8,442.0,4,4,0.303,0.572,9,False,Ultra D3
HCP01082,Pediatrician,TR28,South,T1,9,343.0,4,4,0.257,0.79,8,True,Uprise-D3
HCP01083,Pediatrician,TR14,West,T1,7,394.0,5,4,0.356,0.542,3,True,Arachitol Kids
HCP01084,Pediatrician,TR15,West,T2,10,727.0,5,1,0.207,0.486,6,True,D3 Must Forte
HCP01085,Pediatrician,TR27,South,T2,22,177.0,4,5,0.741,0.196,4,True,Other / Generic
HCP01086,Pediatrician,TR36,East,T2,17,883.0,3,4,0.348,0.478,4,True,D3 Must Forte
HCP01087,General Practitioner,TR36,East,T2,6,99.0,3,3,0.085,0.708,2,False,D3 Must Forte
HCP01088,Pediatrician,TR16,West,T1,12,222.0,5,4,0.2,0.37,1,False,Uprise-D3
HCP01089,Pediatrician,TR28,South,T1,22,385.0,4,3,0.445,0.217,8,True,Kidrich D3 Nano
HCP01090,Pediatrician,TR16,West,T1,14,291.0,5,5,0.276,0.478,4,True,Kidrich D3 Nano
HCP01091,Pediatrician,TR31,East,T1,7,428.0,5,5,0.201,0.553,8,False,Other / Generic
HCP01092,Pediatrician,TR24,South,T1,24,442.0,4,5,0.366,0.461,6,True,Kidrich D3 Nano
HCP01093,Pediatrician,TR33,East,T2,29,441.0,3,5,0.586,0.169,5,True,D3 Must Forte
HCP01094,Pediatrician,TR36,East,T2,36,239.0,4,3,0.197,0.427,6,False,Uprise-D3
HCP01095,Pediatrician,TR13,West,T1,21,750.0,3,5,0.62,0.354,5,True,No alternative (DePURA loyal)
HCP01096,General Practitioner,TR36,East,T2,7,105.0,3,3,0.066,,6,False,Kidrich D3 Nano
HCP01097,Pediatrician,TR26,South,T1,11,236.0,5,4,0.164,0.609,2,True,Other / Generic
HCP01098,General Practitioner,TR10,North,T2,9,114.0,2,2,0.073,0.497,4,False,Ultra D3
HCP01099,Obstetrician-Gynecologist,TR01,North,T1,6,166.0,4,4,0.061,0.514,7,False,D3 Must Forte
HCP01100,Pediatrician,TR25,South,T3,8,914.0,5,4,0.323,0.481,14,False,D3 Must Forte
HCP01101,Pediatrician,TR09,North,T2,37,573.0,4,4,0.089,0.06,7,False,Arachitol Kids
HCP01102,General Practitioner,TR10,North,T2,10,169.0,4,2,0.052,0.633,6,False,Kidrich D3 Nano
HCP01103,Pediatrician,TR21,Central,T3,11,247.0,5,4,0.246,0.561,3,True,Kidrich D3 Nano
HCP01104,Obstetrician-Gynecologist,TR01,North,T1,4,53.0,5,3,0.18,0.613,8,False,Arachitol Kids
HCP01105,General Practitioner,TR15,West,T2,2,186.0,3,3,0.046,0.788,6,False,Arachitol Kids
HCP01106,Pediatrician,TR28,South,T1,7,199.0,4,5,0.719,0.573,5,True,Uprise-D3
HCP01107,Pediatrician,TR01,North,T1,15,418.0,4,5,0.452,0.528,2,True,Ultra D3
HCP01108,General Practitioner,TR24,South,T1,3,299.0,2,5,0.665,0.936,6,True,No alternative (DePURA loyal)
HCP01109,General Practitioner,TR05,North,T2,9,188.0,2,3,0.068,0.471,4,True,Arachitol Kids
HCP01110,Pediatrician,TR31,East,T1,27,399.0,4,5,0.281,0.768,13,False,Other / Generic
HCP01111,General Practitioner,TR14,West,T1,7,175.0,2,3,0.155,0.944,7,False,Uprise-D3
HCP01112,Pediatrician,TR28,South,T1,28,362.0,5,5,0.583,0.12,11,True,Kidrich D3 Nano
HCP01113,Obstetrician-Gynecologist,TR26,South,T1,20,104.0,3,2,0.052,0.669,4,False,Arachitol Kids
HCP01114,Obstetrician-Gynecologist,TR31,East,T1,4,168.0,5,4,0.139,0.573,7,True,Arachitol Kids
HCP01115,Pediatrician,TR19,Central,T2,19,261.0,4,3,0.426,0.428,3,True,Arachitol Kids
HCP01116,Pediatrician,TR17,West,T2,26,278.0,5,3,0.287,0.232,5,True,D3 Must Forte
HCP01117,Pediatrician,TR01,North,T1,23,339.0,4,5,0.526,0.569,7,True,Other / Generic
HCP01118,Obstetrician-Gynecologist,TR19,Central,T2,6,162.0,4,3,0.083,0.578,14,False,D3 Must Forte
HCP01119,Pediatrician,TR19,Central,T2,3,317.0,4,4,0.132,0.543,5,False,D3 Must Forte
HCP01120,Pediatrician,TR23,South,T1,17,359.0,5,5,0.468,0.612,2,True,D3 Must Forte
HCP01121,General Practitioner,TR04,North,T2,14,137.0,3,2,0.054,0.427,5,False,Arachitol Kids
HCP01122,Pediatrician,TR20,Central,T2,29,607.0,4,3,0.358,0.474,6,True,Arachitol Kids
HCP01123,Pediatrician,TR16,West,T1,11,444.0,5,5,0.512,0.415,8,False,D3 Must Forte
HCP01124,General Practitioner,TR23,South,T1,12,406.0,4,4,0.299,0.58,8,True,D3 Must Forte
HCP01125,Pediatrician,TR24,South,T1,12,509.0,4,4,0.16,0.639,4,False,Arachitol Kids
HCP01126,General Practitioner,TR14,West,T1,24,70.0,5,3,0.1,0.597,4,False,Uprise-D3
HCP01127,Pediatrician,TR18,West,T3,10,250.0,5,2,0.284,0.78,5,True,Uprise-D3
HCP01128,Pediatrician,TR14,West,T1,8,629.0,3,5,0.414,0.48,7,True,Kidrich D3 Nano
HCP01129,Pediatrician,TR28,South,T1,19,650.0,4,4,0.107,0.255,12,False,Kidrich D3 Nano
HCP01130,Pediatrician,TR28,South,T1,11,240.0,5,3,0.187,0.654,5,False,Uprise-D3
HCP01131,Neonatologist,TR12,West,T1,12,263.0,5,4,0.102,0.659,6,False,Kidrich D3 Nano
HCP01132,Pediatrician,TR11,North,T3,7,576.0,5,3,0.155,0.474,9,True,D3 Must Forte
HCP01133,Pediatrician,TR25,South,T3,16,199.0,4,4,0.2,0.506,8,False,Uprise-D3
HCP01134,Obstetrician-Gynecologist,TR28,South,T1,13,301.0,5,4,0.115,0.336,14,False,D3 Must Forte
HCP01135,Pediatrician,TR01,North,T1,10,336.0,5,4,0.11,0.704,6,False,D3 Must Forte
HCP01136,Neonatologist,TR16,West,T1,9,274.0,4,3,0.131,0.356,3,False,Kidrich D3 Nano
HCP01137,Pediatrician,TR13,West,T1,4,132.0,4,5,0.733,0.338,5,True,No alternative (DePURA loyal)
HCP01138,Pediatrician,TR28,South,T1,14,175.0,3,5,0.674,0.807,6,True,Other / Generic
HCP01139,Pediatrician,TR05,North,T2,23,383.0,4,4,0.247,0.453,5,False,Uprise-D3
HCP01140,Pediatrician,TR28,South,T1,13,193.0,5,4,0.31,0.81,11,False,D3 Must Forte
HCP01141,Obstetrician-Gynecologist,TR24,South,T1,2,72.0,3,4,0.074,0.894,3,False,Kidrich D3 Nano
HCP01142,Neonatologist,TR30,South,T2,10,230.0,4,4,0.267,0.276,5,False,Arachitol Kids
HCP01143,General Practitioner,TR36,East,T2,8,217.0,3,2,0.163,0.694,12,True,Arachitol Kids
HCP01144,Pediatrician,TR16,West,T1,21,129.0,4,3,0.144,0.478,4,False,Arachitol Kids
HCP01145,Pediatrician,TR26,South,T1,4,171.0,4,4,0.233,0.622,3,True,Arachitol Kids
HCP01146,Pediatrician,TR26,South,T1,25,283.0,4,5,0.251,0.485,4,False,Kidrich D3 Nano
HCP01147,Pediatrician,TR30,South,T2,15,387.0,3,4,0.471,0.754,4,False,Ultra D3
HCP01148,Pediatrician,TR19,Central,T2,16,241.0,4,4,0.431,,4,True,Arachitol Kids
HCP01149,Pediatrician,TR03,North,T2,3,278.0,4,4,0.504,0.669,6,True,Arachitol Kids
HCP01150,Pediatrician,TR36,East,T2,20,476.0,3,5,0.553,0.282,5,False,Arachitol Kids
HCP01151,General Practitioner,TR02,North,T1,5,194.0,2,3,0.041,0.705,3,False,Arachitol Kids
HCP01152,Pediatrician,TR35,East,T2,6,305.0,4,3,0.46,0.848,3,True,Uprise-D3
HCP01153,Pediatrician,TR11,North,T3,5,146.0,4,3,0.112,0.404,1,False,Other / Generic
HCP01154,Pediatrician,TR17,West,T2,7,270.0,5,4,0.588,0.404,9,True,Arachitol Kids
HCP01155,General Practitioner,TR34,East,T3,6,111.0,4,3,0.044,0.66,6,False,Other / Generic
HCP01156,General Practitioner,TR25,South,T3,3,238.0,4,4,0.478,0.529,9,True,Uprise-D3
HCP01157,Pediatrician,TR23,South,T1,13,229.0,4,4,0.076,0.715,3,False,Uprise-D3
HCP01158,Obstetrician-Gynecologist,TR13,West,T1,18,102.0,4,2,0.064,0.344,7,False,Arachitol Kids
HCP01159,General Practitioner,TR12,West,T1,8,102.0,3,5,0.294,0.897,4,False,Other / Generic
HCP01160,Pediatrician,TR01,North,T1,8,411.0,5,4,0.26,0.706,7,True,Arachitol Kids
HCP01161,Pediatrician,TR23,South,T1,16,543.0,5,4,0.173,0.451,8,False,Ultra D3
HCP01162,Neonatologist,TR16,West,T1,23,90.0,5,3,0.183,0.781,6,False,Arachitol Kids
HCP01163,Pediatrician,TR09,North,T2,7,510.0,4,4,0.167,0.679,1,True,Uprise-D3
HCP01164,Pediatrician,TR14,West,T1,20,635.0,5,5,0.88,0.508,11,True,Arachitol Kids
HCP01165,Pediatrician,TR33,East,T2,7,221.0,5,3,0.183,0.777,3,True,Arachitol Kids
HCP01166,Pediatrician,TR30,South,T2,6,137.0,4,3,0.389,0.63,3,True,Uprise-D3
HCP01167,General Practitioner,TR16,West,T1,6,171.0,3,3,0.098,0.557,3,False,Arachitol Kids
HCP01168,General Practitioner,TR36,East,T2,8,253.0,3,3,0.145,0.694,4,True,Ultra D3
HCP01169,Obstetrician-Gynecologist,TR16,West,T1,7,110.0,4,3,0.053,0.59,4,False,Arachitol Kids
HCP01170,General Practitioner,TR14,West,T1,10,376.0,3,2,0.067,0.579,6,False,Arachitol Kids
HCP01171,General Practitioner,TR14,West,T1,9,100.0,3,3,0.27,0.566,2,True,Uprise-D3
HCP01172,Pediatrician,TR31,East,T1,5,200.0,5,4,0.287,0.853,12,True,Kidrich D3 Nano
HCP01173,Obstetrician-Gynecologist,TR12,West,T1,26,94.0,5,3,0.143,0.435,6,True,D3 Must Forte
HCP01174,Pediatrician,TR09,North,T2,10,239.0,4,4,0.295,0.497,10,True,Kidrich D3 Nano
HCP01175,Pediatrician,TR34,East,T3,4,164.0,3,3,0.177,0.653,2,False,Ultra D3
HCP01176,Neonatologist,TR26,South,T1,20,118.0,5,2,0.317,0.432,4,True,Kidrich D3 Nano
HCP01177,Neonatologist,TR27,South,T2,28,225.0,5,4,0.206,0.44,3,False,Arachitol Kids
HCP01178,Pediatrician,TR27,South,T2,7,158.0,3,3,0.41,0.628,1,True,D3 Must Forte
HCP01179,Pediatrician,TR25,South,T3,22,385.0,4,5,0.363,0.566,4,True,Uprise-D3
HCP01180,Pediatrician,TR02,North,T1,17,280.0,4,3,0.468,0.665,4,True,Ultra D3
HCP01181,General Practitioner,TR27,South,T2,8,193.0,3,4,0.081,0.547,5,False,Uprise-D3
HCP01182,Pediatrician,TR10,North,T2,8,168.0,4,3,0.302,0.855,6,True,Uprise-D3
HCP01183,Pediatrician,TR04,North,T2,6,242.0,5,2,0.173,0.563,8,True,Arachitol Kids
HCP01184,Pediatrician,TR36,East,T2,19,196.0,4,3,0.39,0.499,7,False,Uprise-D3
HCP01185,Obstetrician-Gynecologist,TR01,North,T1,28,46.0,4,5,0.199,0.172,3,False,Uprise-D3
HCP01186,Neonatologist,TR01,North,T1,20,555.0,4,5,0.177,0.335,10,False,Uprise-D3
HCP01187,Neonatologist,TR13,West,T1,17,255.0,4,4,0.341,0.648,5,False,Other / Generic
HCP01188,General Practitioner,TR30,South,T2,17,93.0,3,3,0.047,0.479,7,False,Uprise-D3
HCP01189,Pediatrician,TR36,East,T2,13,257.0,4,4,0.385,0.319,6,True,Arachitol Kids
HCP01190,Pediatrician,TR04,North,T2,10,367.0,4,4,0.441,0.574,7,True,Other / Generic
HCP01191,Pediatrician,TR14,West,T1,10,443.0,4,5,0.645,0.54,11,True,Kidrich D3 Nano
HCP01192,Pediatrician,TR26,South,T1,28,383.0,5,3,0.232,0.051,7,True,Arachitol Kids
HCP01193,General Practitioner,TR24,South,T1,7,134.0,4,2,0.04,0.476,3,False,Arachitol Kids
HCP01194,Pediatrician,TR10,North,T2,18,541.0,4,3,0.24,0.188,6,True,Other / Generic
HCP01195,Obstetrician-Gynecologist,TR13,West,T1,10,172.0,5,4,0.072,0.686,2,False,Uprise-D3
HCP01196,Pediatrician,TR23,South,T1,15,448.0,4,4,0.183,0.497,7,False,Arachitol Kids
HCP01197,Pediatrician,TR01,North,T1,9,235.0,3,4,0.17,0.579,11,False,Ultra D3
HCP01198,General Practitioner,TR27,South,T2,13,131.0,4,2,0.124,0.789,4,False,Kidrich D3 Nano
HCP01199,General Practitioner,TR12,West,T1,11,191.0,3,2,0.029,0.458,0,False,Ultra D3
HCP01200,Pediatrician,TR29,South,T2,25,260.0,5,3,0.27,0.0,4,True,Uprise-D3
HCP01201,General Practitioner,TR25,South,T3,7,158.0,4,2,0.033,0.543,11,False,D3 Must Forte
HCP01202,General Practitioner,TR24,South,T1,14,158.0,2,5,0.226,0.624,6,False,D3 Must Forte
HCP01203,Pediatrician,TR28,South,T1,6,400.0,3,5,0.254,0.487,5,False,Ultra D3
HCP01204,Pediatrician,TR02,North,T1,20,435.0,4,3,0.144,0.373,9,True,Other / Generic
HCP01205,Obstetrician-Gynecologist,TR11,North,T3,16,154.0,4,3,0.345,0.648,8,True,Other / Generic
HCP01206,Pediatrician,TR19,Central,T2,5,160.0,3,3,0.463,0.595,15,True,Uprise-D3
HCP01207,Pediatrician,TR28,South,T1,16,530.0,5,5,0.746,0.731,11,True,No alternative (DePURA loyal)
HCP01208,Pediatrician,TR30,South,T2,15,290.0,5,4,0.132,0.636,3,False,Ultra D3
HCP01209,Pediatrician,TR14,West,T1,23,152.0,4,5,0.502,0.487,5,True,Uprise-D3
HCP01210,Neonatologist,TR28,South,T1,9,387.0,5,3,0.101,0.628,6,False,Other / Generic
HCP01211,Pediatrician,TR09,North,T2,14,354.0,4,4,0.11,0.646,5,False,Other / Generic
HCP01212,Obstetrician-Gynecologist,TR02,North,T1,15,138.0,4,2,0.026,0.659,4,False,Arachitol Kids
HCP01213,Obstetrician-Gynecologist,TR10,North,T2,34,62.0,5,4,0.157,0.27,6,False,Uprise-D3
HCP01214,Pediatrician,TR31,East,T1,16,528.0,4,4,0.398,0.616,11,True,Arachitol Kids
HCP01215,General Practitioner,TR20,Central,T2,20,129.0,3,3,0.038,0.216,4,False,Uprise-D3
HCP01216,Neonatologist,TR16,West,T1,8,296.0,3,3,0.449,0.769,1,True,Arachitol Kids
HCP01217,Neonatologist,TR27,South,T2,25,177.0,4,2,0.278,0.333,4,True,Uprise-D3
HCP01218,General Practitioner,TR01,North,T1,33,222.0,3,4,0.307,,7,True,D3 Must Forte
HCP01219,Pediatrician,TR04,North,T2,25,416.0,5,5,0.297,0.575,3,True,Arachitol Kids
HCP01220,Pediatrician,TR03,North,T2,10,404.0,4,5,0.194,0.427,1,False,Uprise-D3
HCP01221,Pediatrician,TR04,North,T2,11,144.0,5,3,0.086,0.83,4,False,Arachitol Kids
HCP01222,General Practitioner,TR16,West,T1,17,135.0,1,3,0.123,0.535,4,True,Kidrich D3 Nano
HCP01223,Pediatrician,TR12,West,T1,17,570.0,4,3,0.311,,5,True,Arachitol Kids
HCP01224,General Practitioner,TR28,South,T1,17,70.0,3,3,0.069,0.421,5,False,Uprise-D3
HCP01225,General Practitioner,TR30,South,T2,25,125.0,5,4,0.195,0.202,6,True,Uprise-D3
HCP01226,Pediatrician,TR33,East,T2,10,271.0,5,4,0.307,0.495,8,True,Uprise-D3
HCP01227,Obstetrician-Gynecologist,TR08,North,T2,21,314.0,4,3,0.102,0.496,6,False,D3 Must Forte
HCP01228,Pediatrician,TR18,West,T3,9,214.0,4,3,0.312,0.931,6,False,Uprise-D3
HCP01229,Pediatrician,TR01,North,T1,5,274.0,5,5,0.552,0.905,8,True,Kidrich D3 Nano
HCP01230,Obstetrician-Gynecologist,TR10,North,T2,14,115.0,4,3,0.261,0.732,10,True,D3 Must Forte
HCP01231,Pediatrician,TR23,South,T1,8,250.0,5,5,0.547,0.685,7,False,Arachitol Kids
HCP01232,Pediatrician,TR16,West,T1,22,242.0,5,3,0.166,0.501,1,True,Uprise-D3
HCP01233,Neonatologist,TR25,South,T3,21,232.0,5,3,0.167,0.416,5,True,Arachitol Kids
HCP01234,Obstetrician-Gynecologist,TR30,South,T2,7,112.0,4,4,0.196,0.67,5,False,Uprise-D3
HCP01235,Obstetrician-Gynecologist,TR02,North,T1,6,74.0,4,3,0.053,0.441,5,False,D3 Must Forte
HCP01236,Pediatrician,TR33,East,T2,4,324.0,4,4,0.282,0.581,5,True,Other / Generic
HCP01237,Pediatrician,TR01,North,T1,5,389.0,5,3,0.146,0.413,9,False,Arachitol Kids
HCP01238,Pediatrician,TR36,East,T2,17,194.0,5,4,0.49,0.567,4,False,Other / Generic
HCP01239,Pediatrician,TR24,South,T1,13,590.0,5,4,0.325,0.344,3,False,Arachitol Kids
HCP01240,Neonatologist,TR01,North,T1,8,229.0,4,4,0.249,0.701,8,True,Arachitol Kids
HCP01241,Pediatrician,TR14,West,T1,21,401.0,5,3,0.365,0.457,7,True,Arachitol Kids
HCP01242,General Practitioner,TR11,North,T3,18,148.0,3,4,0.187,0.557,4,False,Arachitol Kids
HCP01243,Pediatrician,TR28,South,T1,32,247.0,3,5,0.178,0.434,7,False,Uprise-D3
HCP01244,Pediatrician,TR09,North,T2,14,545.0,3,4,0.157,0.434,3,False,D3 Must Forte
HCP01245,Pediatrician,TR29,South,T2,22,711.0,5,2,0.247,0.464,7,True,Ultra D3
HCP01246,Pediatrician,TR13,West,T1,9,824.0,4,4,0.394,0.54,5,True,Arachitol Kids
HCP01247,Pediatrician,TR36,East,T2,1,243.0,5,5,0.354,0.923,9,False,Arachitol Kids
HCP01248,Neonatologist,TR12,West,T1,26,368.0,5,4,0.24,0.486,1,True,Arachitol Kids
HCP01249,General Practitioner,TR25,South,T3,14,78.0,3,2,0.028,0.341,7,False,D3 Must Forte
HCP01250,General Practitioner,TR28,South,T1,14,136.0,2,4,0.107,0.635,8,False,Uprise-D3
HCP01251,Pediatrician,TR09,North,T2,18,354.0,5,4,0.392,0.303,7,True,Arachitol Kids
HCP01252,General Practitioner,TR02,North,T1,21,438.0,3,3,0.195,0.486,7,True,Uprise-D3
HCP01253,General Practitioner,TR21,Central,T3,6,156.0,3,3,0.068,0.586,3,False,D3 Must Forte
HCP01254,Pediatrician,TR25,South,T3,13,248.0,5,3,0.221,0.453,7,True,Uprise-D3
HCP01255,General Practitioner,TR28,South,T1,11,113.0,3,2,0.036,0.708,8,False,Arachitol Kids
HCP01256,Obstetrician-Gynecologist,TR12,West,T1,23,119.0,3,4,0.185,0.576,4,False,Arachitol Kids
HCP01257,Neonatologist,TR31,East,T1,7,104.0,5,5,0.511,0.757,9,True,Arachitol Kids
HCP01258,Neonatologist,TR32,East,T3,11,369.0,3,5,0.313,0.57,6,True,Arachitol Kids
HCP01259,Pediatrician,TR28,South,T1,13,94.0,4,5,0.611,0.513,3,True,Other / Generic
HCP01260,Pediatrician,TR01,North,T1,9,319.0,5,4,0.596,0.55,5,True,Arachitol Kids
HCP01261,Pediatrician,TR02,North,T1,34,478.0,5,5,0.508,0.504,8,True,Arachitol Kids
HCP01262,Pediatrician,TR36,East,T2,12,426.0,4,3,0.143,0.651,12,False,Uprise-D3
HCP01263,Pediatrician,TR26,South,T1,23,360.0,5,3,0.068,0.241,5,True,Ultra D3
HCP01264,Pediatrician,TR24,South,T1,7,119.0,4,4,0.364,0.659,7,True,Ultra D3
HCP01265,General Practitioner,TR31,East,T1,16,175.0,4,5,0.181,0.459,5,True,Uprise-D3
HCP01266,Pediatrician,TR01,North,T1,15,196.0,4,5,0.444,0.441,10,True,Arachitol Kids
HCP01267,General Practitioner,TR27,South,T2,13,101.0,2,4,0.47,0.624,5,True,Ultra D3
HCP01268,Neonatologist,TR24,South,T1,19,221.0,4,4,0.507,0.41,4,True,D3 Must Forte
HCP01269,Pediatrician,TR30,South,T2,11,141.0,4,3,0.132,,6,False,Uprise-D3
HCP01270,Pediatrician,TR28,South,T1,37,187.0,4,5,0.565,0.289,5,True,Uprise-D3
HCP01271,General Practitioner,TR17,West,T2,13,173.0,4,2,0.091,0.681,7,False,Arachitol Kids
HCP01272,Pediatrician,TR02,North,T1,31,336.0,2,5,0.19,0.406,8,False,Arachitol Kids
HCP01273,Pediatrician,TR32,East,T3,8,456.0,4,5,0.187,0.591,4,False,Uprise-D3
HCP01274,Obstetrician-Gynecologist,TR27,South,T2,21,71.0,5,4,0.296,0.552,4,False,D3 Must Forte
HCP01275,Pediatrician,TR14,West,T1,16,362.0,5,4,0.246,0.923,8,False,Uprise-D3
HCP01276,General Practitioner,TR36,East,T2,5,77.0,3,2,0.072,0.483,4,False,Arachitol Kids
HCP01277,Neonatologist,TR13,West,T1,7,154.0,4,5,0.332,0.655,3,False,Arachitol Kids
HCP01278,Pediatrician,TR14,West,T1,23,125.0,5,5,0.314,0.616,5,False,Arachitol Kids
HCP01279,General Practitioner,TR35,East,T2,17,159.0,5,2,0.075,0.684,1,True,Kidrich D3 Nano
HCP01280,Pediatrician,TR24,South,T1,22,215.0,4,4,0.28,0.381,2,True,Arachitol Kids
HCP01281,Pediatrician,TR31,East,T1,17,514.0,3,5,0.151,0.379,5,False,Other / Generic
HCP01282,Pediatrician,TR31,East,T1,10,218.0,4,4,0.187,,9,False,Kidrich D3 Nano
HCP01283,General Practitioner,TR19,Central,T2,20,280.0,4,3,0.297,0.452,4,True,Arachitol Kids
HCP01284,General Practitioner,TR12,West,T1,8,114.0,2,3,0.223,0.701,5,True,Kidrich D3 Nano
HCP01285,Neonatologist,TR30,South,T2,8,185.0,3,5,0.263,0.505,9,True,Uprise-D3
HCP01286,General Practitioner,TR18,West,T3,9,151.0,4,3,0.131,0.383,4,True,Other / Generic
HCP01287,Pediatrician,TR22,Central,T3,8,282.0,5,3,0.327,0.59,3,True,Uprise-D3
HCP01288,Obstetrician-Gynecologist,TR20,Central,T2,9,106.0,4,4,0.263,0.556,5,False,Uprise-D3
HCP01289,Pediatrician,TR01,North,T1,22,380.0,4,4,0.682,0.15,6,True,No alternative (DePURA loyal)
HCP01290,General Practitioner,TR01,North,T1,27,217.0,2,3,0.343,0.232,9,True,Uprise-D3
HCP01291,Pediatrician,TR23,South,T1,6,422.0,4,5,0.113,0.305,7,False,Ultra D3
HCP01292,General Practitioner,TR28,South,T1,14,119.0,4,4,0.106,0.808,5,False,Kidrich D3 Nano
HCP01293,Neonatologist,TR16,West,T1,9,292.0,4,5,0.227,0.769,5,False,Other / Generic
HCP01294,Pediatrician,TR08,North,T2,22,367.0,4,5,0.671,0.765,7,True,No alternative (DePURA loyal)
HCP01295,Pediatrician,TR15,West,T2,15,152.0,4,3,0.209,,2,True,Arachitol Kids
HCP01296,Pediatrician,TR28,South,T1,13,262.0,5,4,0.609,0.166,11,True,Ultra D3
HCP01297,Pediatrician,TR03,North,T2,17,130.0,4,5,0.633,0.556,7,True,Arachitol Kids
HCP01298,Pediatrician,TR21,Central,T3,8,219.0,4,5,0.533,0.62,4,True,D3 Must Forte
HCP01299,General Practitioner,TR26,South,T1,14,215.0,3,3,0.213,0.642,3,True,Uprise-D3
HCP01300,Pediatrician,TR15,West,T2,16,268.0,4,2,0.254,1.0,5,False,Arachitol Kids
HCP01301,Pediatrician,TR23,South,T1,7,325.0,4,4,0.37,0.566,9,True,Uprise-D3
HCP01302,General Practitioner,TR31,East,T1,14,70.0,3,4,0.164,0.499,6,False,Arachitol Kids
HCP01303,General Practitioner,TR09,North,T2,11,369.0,3,3,0.079,0.527,8,True,Arachitol Kids
HCP01304,Pediatrician,TR04,North,T2,23,262.0,5,4,0.217,0.462,5,False,Arachitol Kids
HCP01305,Neonatologist,TR02,North,T1,25,256.0,4,4,0.272,0.284,7,False,Uprise-D3
HCP01306,Obstetrician-Gynecologist,TR26,South,T1,23,92.0,2,3,0.222,0.45,2,True,Arachitol Kids
HCP01307,Neonatologist,TR31,East,T1,5,298.0,4,4,0.145,0.822,7,False,Ultra D3
HCP01308,Pediatrician,TR25,South,T3,12,266.0,5,3,0.308,0.681,5,True,Other / Generic
HCP01309,Pediatrician,TR35,East,T2,7,547.0,5,4,0.381,0.939,9,True,D3 Must Forte
HCP01310,Pediatrician,TR26,South,T1,19,344.0,4,4,0.209,0.43,1,True,Uprise-D3
HCP01311,Neonatologist,TR12,West,T1,16,96.0,4,4,0.115,0.407,2,False,D3 Must Forte
HCP01312,Obstetrician-Gynecologist,TR11,North,T3,11,197.0,4,3,0.068,0.513,6,False,Other / Generic
HCP01313,General Practitioner,TR24,South,T1,10,433.0,4,3,0.131,0.556,4,False,Kidrich D3 Nano
HCP01314,Pediatrician,TR25,South,T3,10,160.0,5,4,0.146,0.758,3,False,Uprise-D3
HCP01315,Pediatrician,TR19,Central,T2,12,434.0,4,3,0.119,0.717,6,False,Uprise-D3
HCP01316,General Practitioner,TR19,Central,T2,9,121.0,3,5,0.388,0.612,4,True,Uprise-D3
HCP01317,Pediatrician,TR15,West,T2,33,457.0,4,3,0.149,0.233,2,True,Ultra D3
HCP01318,Pediatrician,TR14,West,T1,25,508.0,4,4,0.055,0.651,3,False,Uprise-D3
HCP01319,General Practitioner,TR24,South,T1,40,584.0,3,4,0.106,0.224,3,False,Other / Generic
HCP01320,General Practitioner,TR27,South,T2,4,231.0,3,4,0.158,0.969,2,False,Uprise-D3
HCP01321,Pediatrician,TR28,South,T1,6,220.0,4,3,0.378,0.599,6,True,Arachitol Kids
HCP01322,General Practitioner,TR13,West,T1,7,126.0,4,4,0.228,0.657,5,True,Arachitol Kids
HCP01323,Pediatrician,TR30,South,T2,7,366.0,4,4,0.488,0.628,4,False,Uprise-D3
HCP01324,Pediatrician,TR12,West,T1,3,444.0,4,3,0.212,0.55,6,False,Arachitol Kids
HCP01325,Pediatrician,TR12,West,T1,10,398.0,3,3,0.094,0.555,3,False,Other / Generic
HCP01326,Pediatrician,TR28,South,T1,11,263.0,5,3,0.426,0.577,4,True,Uprise-D3
HCP01327,Pediatrician,TR35,East,T2,25,81.0,5,4,0.346,0.353,6,True,Kidrich D3 Nano
HCP01328,Pediatrician,TR33,East,T2,4,347.0,5,3,0.454,0.548,6,True,Uprise-D3
HCP01329,Pediatrician,TR03,North,T2,15,283.0,4,4,0.312,0.363,6,False,D3 Must Forte
HCP01330,Pediatrician,TR12,West,T1,21,622.0,3,5,0.606,0.4,7,True,Kidrich D3 Nano
HCP01331,Pediatrician,TR27,South,T2,8,342.0,4,5,0.493,0.497,6,False,D3 Must Forte
HCP01332,General Practitioner,TR28,South,T1,14,109.0,3,5,0.354,0.431,5,False,Kidrich D3 Nano
HCP01333,Pediatrician,TR18,West,T3,10,714.0,5,3,0.252,0.525,8,True,Uprise-D3
HCP01334,Pediatrician,TR01,North,T1,22,255.0,4,4,0.584,0.513,7,True,Ultra D3
HCP01335,Pediatrician,TR18,West,T3,8,394.0,5,4,0.275,0.518,7,False,Uprise-D3
HCP01336,Pediatrician,TR01,North,T1,9,302.0,4,2,0.089,0.784,4,False,Other / Generic
HCP01337,General Practitioner,TR12,West,T1,7,74.0,3,3,0.3,0.747,5,True,Ultra D3
HCP01338,Obstetrician-Gynecologist,TR24,South,T1,14,121.0,2,4,0.101,0.421,9,False,Uprise-D3
HCP01339,Pediatrician,TR04,North,T2,21,286.0,5,4,0.482,0.374,8,True,Uprise-D3
HCP01340,Pediatrician,TR26,South,T1,2,768.0,3,3,0.27,0.471,5,True,Kidrich D3 Nano
HCP01341,Pediatrician,TR23,South,T1,3,467.0,3,5,0.606,0.532,10,False,Ultra D3
HCP01342,Pediatrician,TR16,West,T1,26,361.0,5,4,0.22,0.124,4,False,Arachitol Kids
HCP01343,Obstetrician-Gynecologist,TR14,West,T1,9,179.0,4,4,0.163,0.709,11,False,Uprise-D3
HCP01344,General Practitioner,TR32,East,T3,5,140.0,3,3,0.292,0.864,5,True,D3 Must Forte
HCP01345,General Practitioner,TR21,Central,T3,9,189.0,3,4,0.121,0.727,3,False,Uprise-D3
HCP01346,Obstetrician-Gynecologist,TR31,East,T1,21,157.0,4,4,0.131,0.583,10,True,Arachitol Kids
HCP01347,General Practitioner,TR15,West,T2,16,143.0,3,4,0.06,0.64,6,False,D3 Must Forte
HCP01348,Pediatrician,TR23,South,T1,21,428.0,4,3,0.203,0.551,5,True,D3 Must Forte
HCP01349,General Practitioner,TR34,East,T3,6,168.0,3,3,0.036,0.748,2,False,Arachitol Kids
HCP01350,General Practitioner,TR04,North,T2,11,150.0,5,3,0.119,0.729,2,True,Uprise-D3
HCP01351,Pediatrician,TR11,North,T3,7,377.0,4,5,0.22,0.565,9,False,Uprise-D3
HCP01352,General Practitioner,TR32,East,T3,15,115.0,3,4,0.175,0.338,5,True,Arachitol Kids
HCP01353,Pediatrician,TR16,West,T1,11,311.0,4,3,0.179,0.521,3,False,Uprise-D3
HCP01354,Pediatrician,TR12,West,T1,18,207.0,4,3,0.326,0.559,6,False,Kidrich D3 Nano
HCP01355,General Practitioner,TR36,East,T2,10,82.0,5,2,0.021,0.421,6,False,Kidrich D3 Nano
HCP01356,Pediatrician,TR03,North,T2,19,304.0,5,4,0.265,0.411,5,False,D3 Must Forte
HCP01357,Pediatrician,TR23,South,T1,14,358.0,4,5,0.524,0.597,5,True,Other / Generic
HCP01358,Pediatrician,TR28,South,T1,3,150.0,5,4,0.269,0.651,7,False,Arachitol Kids
HCP01359,General Practitioner,TR28,South,T1,8,302.0,4,2,0.018,0.544,6,False,Arachitol Kids
HCP01360,Obstetrician-Gynecologist,TR16,West,T1,9,90.0,4,4,0.455,0.593,3,True,Arachitol Kids
HCP01361,General Practitioner,TR01,North,T1,23,337.0,4,1,0.059,0.443,11,True,Uprise-D3
HCP01362,General Practitioner,TR30,South,T2,30,160.0,3,5,0.181,0.645,13,False,Kidrich D3 Nano
HCP01363,Pediatrician,TR28,South,T1,13,573.0,5,3,0.291,,6,True,Arachitol Kids
HCP01364,General Practitioner,TR10,North,T2,29,79.0,4,3,0.05,0.276,6,False,D3 Must Forte
HCP01365,Pediatrician,TR13,West,T1,14,424.0,5,3,0.088,0.525,4,False,Other / Generic
HCP01366,Pediatrician,TR18,West,T3,16,232.0,5,4,0.328,0.732,4,True,Uprise-D3
HCP01367,General Practitioner,TR03,North,T2,11,182.0,4,4,0.186,0.533,6,False,Arachitol Kids
HCP01368,Pediatrician,TR29,South,T2,8,336.0,4,2,0.11,0.664,8,False,Uprise-D3
HCP01369,Obstetrician-Gynecologist,TR33,East,T2,32,183.0,4,3,0.068,0.28,6,False,Uprise-D3
HCP01370,Pediatrician,TR13,West,T1,10,335.0,5,5,0.29,0.49,3,True,Kidrich D3 Nano
HCP01371,General Practitioner,TR33,East,T2,7,106.0,3,3,0.176,0.457,5,False,Uprise-D3
HCP01372,Pediatrician,TR28,South,T1,5,333.0,5,4,0.351,0.714,9,False,Ultra D3
HCP01373,General Practitioner,TR26,South,T1,2,343.0,3,2,0.093,0.606,6,True,Uprise-D3
HCP01374,General Practitioner,TR35,East,T2,5,181.0,2,2,0.047,0.59,5,True,D3 Must Forte
HCP01375,Pediatrician,TR13,West,T1,5,210.0,5,3,0.255,0.572,5,False,Other / Generic
HCP01376,Neonatologist,TR32,East,T3,15,154.0,3,4,0.375,0.53,6,True,Kidrich D3 Nano
HCP01377,General Practitioner,TR03,North,T2,11,167.0,3,3,0.268,0.451,2,True,Arachitol Kids
HCP01378,Pediatrician,TR16,West,T1,5,651.0,5,2,0.191,0.7,7,True,D3 Must Forte
HCP01379,General Practitioner,TR21,Central,T3,22,179.0,4,5,0.256,0.666,3,False,Other / Generic
HCP01380,Pediatrician,TR04,North,T2,26,303.0,5,5,0.306,0.383,4,False,Uprise-D3
HCP01381,General Practitioner,TR26,South,T1,5,114.0,2,3,0.065,0.503,6,False,Arachitol Kids
HCP01382,Pediatrician,TR16,West,T1,6,1139.0,4,4,0.401,0.665,8,True,Uprise-D3
HCP01383,Obstetrician-Gynecologist,TR16,West,T1,19,144.0,4,3,0.248,0.541,4,True,D3 Must Forte
HCP01384,Pediatrician,TR22,Central,T3,9,231.0,4,4,0.206,0.662,6,True,Arachitol Kids
HCP01385,General Practitioner,TR04,North,T2,27,117.0,4,4,0.462,0.193,7,True,Arachitol Kids
HCP01386,Obstetrician-Gynecologist,TR08,North,T2,6,286.0,4,4,0.076,0.487,5,False,D3 Must Forte
HCP01387,Neonatologist,TR07,North,T3,26,187.0,5,4,0.431,0.294,7,True,Uprise-D3
HCP01388,General Practitioner,TR34,East,T3,7,155.0,3,3,0.028,0.389,2,False,D3 Must Forte
HCP01389,General Practitioner,TR28,South,T1,26,179.0,3,4,0.276,0.171,7,True,Other / Generic
HCP01390,Pediatrician,TR19,Central,T2,16,276.0,3,2,0.142,0.704,10,True,D3 Must Forte
HCP01391,Pediatrician,TR24,South,T1,15,361.0,4,5,0.724,0.572,6,True,No alternative (DePURA loyal)
HCP01392,General Practitioner,TR24,South,T1,17,205.0,3,2,0.056,0.411,3,True,Kidrich D3 Nano
HCP01393,General Practitioner,TR11,North,T3,7,129.0,4,3,0.233,0.867,2,True,Other / Generic
HCP01394,Pediatrician,TR02,North,T1,2,556.0,5,5,0.767,0.814,3,True,No alternative (DePURA loyal)
HCP01395,General Practitioner,TR21,Central,T3,6,308.0,3,4,0.098,0.961,2,False,Uprise-D3
HCP01396,Pediatrician,TR11,North,T3,16,146.0,4,3,0.399,0.571,6,True,Uprise-D3
HCP01397,General Practitioner,TR31,East,T1,4,233.0,4,4,0.269,0.802,7,False,D3 Must Forte
HCP01398,Pediatrician,TR10,North,T2,6,503.0,5,3,0.114,0.511,4,False,Other / Generic
HCP01399,Obstetrician-Gynecologist,TR22,Central,T3,7,72.0,5,4,0.229,0.788,5,False,Arachitol Kids
HCP01400,Pediatrician,TR15,West,T2,13,384.0,4,5,0.507,0.446,3,True,D3 Must Forte
HCP01401,Pediatrician,TR27,South,T2,20,586.0,4,5,0.499,0.381,4,True,Ultra D3
HCP01402,General Practitioner,TR34,East,T3,1,148.0,4,3,0.161,0.726,2,False,Uprise-D3
HCP01403,Pediatrician,TR15,West,T2,7,153.0,4,4,0.58,0.747,5,True,Arachitol Kids
HCP01404,Pediatrician,TR01,North,T1,11,363.0,4,4,0.164,0.555,7,False,Uprise-D3
HCP01405,General Practitioner,TR24,South,T1,35,97.0,3,4,0.042,0.396,2,False,Arachitol Kids
HCP01406,Obstetrician-Gynecologist,TR04,North,T2,11,101.0,5,3,0.169,0.336,6,False,Ultra D3
HCP01407,General Practitioner,TR03,North,T2,12,255.0,4,2,0.035,0.384,2,True,Uprise-D3
HCP01408,Pediatrician,TR24,South,T1,9,320.0,5,5,0.453,0.932,6,True,Other / Generic
HCP01409,Pediatrician,TR03,North,T2,14,168.0,4,5,0.572,0.545,7,False,Arachitol Kids
HCP01410,General Practitioner,TR04,North,T2,23,96.0,4,4,0.143,0.675,9,False,Arachitol Kids
HCP01411,General Practitioner,TR16,West,T1,8,70.0,4,5,0.464,0.852,6,True,Kidrich D3 Nano
HCP01412,Neonatologist,TR16,West,T1,14,263.0,5,3,0.448,0.637,7,True,Arachitol Kids
HCP01413,Pediatrician,TR32,East,T3,9,194.0,4,5,0.59,0.416,8,True,D3 Must Forte
HCP01414,Pediatrician,TR12,West,T1,5,186.0,4,4,0.205,0.692,2,True,Other / Generic
HCP01415,Neonatologist,TR15,West,T2,14,167.0,5,3,0.052,0.245,5,False,D3 Must Forte
HCP01416,Pediatrician,TR26,South,T1,9,250.0,4,3,0.083,0.566,8,True,Ultra D3
HCP01417,Neonatologist,TR29,South,T2,9,226.0,5,2,0.025,0.656,4,False,Kidrich D3 Nano
HCP01418,Pediatrician,TR14,West,T1,29,219.0,5,5,0.388,0.206,6,False,Arachitol Kids
HCP01419,General Practitioner,TR24,South,T1,2,235.0,4,5,0.234,0.579,2,False,Uprise-D3
HCP01420,Pediatrician,TR24,South,T1,10,287.0,5,4,0.56,0.742,4,True,Arachitol Kids
HCP01421,Obstetrician-Gynecologist,TR12,West,T1,9,144.0,4,3,0.103,0.413,2,True,Arachitol Kids
HCP01422,Obstetrician-Gynecologist,TR04,North,T2,13,51.0,4,3,0.205,0.61,10,True,Kidrich D3 Nano
HCP01423,Pediatrician,TR25,South,T3,21,276.0,4,4,0.183,0.513,7,False,D3 Must Forte
HCP01424,General Practitioner,TR12,West,T1,21,241.0,3,3,0.158,0.451,6,True,Arachitol Kids
HCP01425,Pediatrician,TR13,West,T1,11,335.0,4,4,0.335,0.449,5,True,Arachitol Kids
HCP01426,Pediatrician,TR22,Central,T3,16,340.0,4,3,0.182,0.437,2,True,D3 Must Forte
HCP01427,General Practitioner,TR05,North,T2,8,120.0,3,4,0.35,0.695,4,True,Arachitol Kids
HCP01428,General Practitioner,TR10,North,T2,12,177.0,4,3,0.104,0.517,10,False,Other / Generic
HCP01429,Pediatrician,TR16,West,T1,17,585.0,3,3,0.478,0.434,3,True,D3 Must Forte
HCP01430,Pediatrician,TR31,East,T1,35,351.0,3,4,0.598,0.643,4,True,Kidrich D3 Nano
HCP01431,Pediatrician,TR28,South,T1,4,266.0,4,5,0.325,0.98,5,True,Arachitol Kids
HCP01432,Pediatrician,TR13,West,T1,25,326.0,4,3,0.164,0.581,3,False,Uprise-D3
HCP01433,Pediatrician,TR12,West,T1,10,250.0,4,4,0.343,0.733,4,True,D3 Must Forte
HCP01434,Pediatrician,TR36,East,T2,4,208.0,4,5,0.649,0.619,8,True,No alternative (DePURA loyal)
HCP01435,Obstetrician-Gynecologist,TR24,South,T1,6,178.0,4,3,0.08,0.77,4,False,Arachitol Kids
HCP01436,Pediatrician,TR25,South,T3,21,469.0,4,3,0.274,0.237,9,True,Arachitol Kids
HCP01437,Obstetrician-Gynecologist,TR01,North,T1,8,30.0,4,4,0.3,0.645,8,True,Ultra D3
HCP01438,Pediatrician,TR03,North,T2,13,265.0,4,2,0.179,0.703,4,False,D3 Must Forte
HCP01439,Pediatrician,TR12,West,T1,39,202.0,5,4,0.137,0.229,6,False,Kidrich D3 Nano
HCP01440,Pediatrician,TR30,South,T2,16,263.0,4,5,0.622,0.528,5,True,Other / Generic
HCP01441,Pediatrician,TR32,East,T3,3,248.0,5,3,0.667,0.919,8,True,Other / Generic
HCP01442,General Practitioner,TR08,North,T2,5,226.0,4,4,0.155,0.554,3,False,Other / Generic
HCP01443,Pediatrician,TR26,South,T1,26,407.0,5,3,0.12,0.331,2,True,D3 Must Forte
HCP01444,Pediatrician,TR31,East,T1,7,602.0,5,5,0.345,0.698,10,True,Arachitol Kids
HCP01445,Pediatrician,TR31,East,T1,7,405.0,3,5,0.175,0.788,4,True,Kidrich D3 Nano
HCP01446,General Practitioner,TR16,West,T1,13,398.0,4,3,0.132,0.717,4,True,Arachitol Kids
HCP01447,Pediatrician,TR11,North,T3,22,467.0,4,4,0.501,0.358,11,True,Arachitol Kids
HCP01448,Pediatrician,TR34,East,T3,21,241.0,4,3,0.293,0.494,3,True,Other / Generic
HCP01449,Pediatrician,TR12,West,T1,6,345.0,3,3,0.332,0.804,1,True,Uprise-D3
HCP01450,General Practitioner,TR11,North,T3,16,69.0,4,3,0.207,0.693,3,True,Uprise-D3
HCP01451,Neonatologist,TR08,North,T2,13,64.0,5,4,0.248,0.25,3,False,Arachitol Kids
HCP01452,Pediatrician,TR19,Central,T2,15,386.0,4,2,0.51,0.644,5,True,Ultra D3
HCP01453,Pediatrician,TR03,North,T2,4,384.0,5,5,0.373,0.648,6,True,Uprise-D3
HCP01454,Pediatrician,TR22,Central,T3,28,409.0,5,4,0.554,0.381,9,True,Other / Generic
HCP01455,Neonatologist,TR34,East,T3,39,167.0,4,3,0.14,0.0,4,False,Arachitol Kids
HCP01456,Pediatrician,TR18,West,T3,12,252.0,5,4,0.574,0.509,8,False,Ultra D3
HCP01457,General Practitioner,TR35,East,T2,29,152.0,3,4,0.169,0.408,3,False,Other / Generic
HCP01458,General Practitioner,TR32,East,T3,28,61.0,3,4,0.311,0.445,3,True,Uprise-D3
HCP01459,Pediatrician,TR28,South,T1,32,617.0,4,3,0.41,0.346,6,True,Other / Generic
HCP01460,General Practitioner,TR23,South,T1,21,150.0,3,4,0.183,0.525,6,True,Uprise-D3
HCP01461,General Practitioner,TR31,East,T1,4,202.0,3,4,0.169,0.697,6,True,Arachitol Kids
HCP01462,Pediatrician,TR21,Central,T3,23,364.0,5,5,0.362,0.133,0,False,Other / Generic
HCP01463,Pediatrician,TR09,North,T2,11,989.0,4,4,0.269,0.777,8,False,D3 Must Forte
HCP01464,Pediatrician,TR33,East,T2,16,418.0,4,3,0.164,0.611,11,True,Arachitol Kids
HCP01465,Pediatrician,TR18,West,T3,20,428.0,4,4,0.095,0.542,6,False,Ultra D3
HCP01466,General Practitioner,TR32,East,T3,6,191.0,4,3,0.117,0.695,9,False,Uprise-D3
HCP01467,General Practitioner,TR14,West,T1,13,304.0,3,4,0.249,0.666,4,True,D3 Must Forte
HCP01468,Obstetrician-Gynecologist,TR13,West,T1,40,116.0,3,3,0.26,0.2,5,True,Arachitol Kids
HCP01469,Pediatrician,TR28,South,T1,24,444.0,5,4,0.682,,7,True,No alternative (DePURA loyal)
HCP01470,Pediatrician,TR24,South,T1,17,253.0,4,4,0.105,0.404,1,False,Uprise-D3
HCP01471,Pediatrician,TR16,West,T1,30,453.0,5,4,0.386,0.228,5,True,Arachitol Kids
HCP01472,General Practitioner,TR31,East,T1,4,170.0,4,3,0.084,0.783,6,False,Arachitol Kids
HCP01473,Pediatrician,TR19,Central,T2,3,270.0,3,3,0.203,0.892,7,False,Uprise-D3
HCP01474,Pediatrician,TR01,North,T1,2,437.0,3,5,0.594,0.677,2,True,Kidrich D3 Nano
HCP01475,General Practitioner,TR26,South,T1,11,125.0,2,3,0.06,0.675,2,False,Kidrich D3 Nano
HCP01476,General Practitioner,TR02,North,T1,10,109.0,3,2,0.03,0.446,6,False,Uprise-D3
HCP01477,Pediatrician,TR16,West,T1,17,226.0,5,3,0.227,0.271,3,False,Kidrich D3 Nano
HCP01478,General Practitioner,TR08,North,T2,11,119.0,3,4,0.152,0.499,1,False,Arachitol Kids
HCP01479,Pediatrician,TR10,North,T2,24,362.0,5,5,0.461,0.449,5,True,Uprise-D3
HCP01480,General Practitioner,TR36,East,T2,4,157.0,4,3,0.205,0.808,4,True,Uprise-D3
HCP01481,General Practitioner,TR03,North,T2,7,192.0,4,3,0.235,0.414,8,True,Uprise-D3
HCP01482,General Practitioner,TR27,South,T2,5,217.0,2,3,0.159,,1,False,Ultra D3
HCP01483,Pediatrician,TR24,South,T1,11,624.0,5,4,0.57,0.686,7,True,D3 Must Forte
HCP01484,General Practitioner,TR08,North,T2,17,125.0,3,3,0.037,0.412,7,False,D3 Must Forte
HCP01485,Pediatrician,TR33,East,T2,12,175.0,5,4,0.301,0.661,3,True,Uprise-D3
HCP01486,Pediatrician,TR08,North,T2,14,209.0,5,4,0.439,0.549,7,False,Arachitol Kids
HCP01487,Neonatologist,TR19,Central,T2,14,163.0,5,3,0.236,0.629,7,True,Uprise-D3
HCP01488,Pediatrician,TR28,South,T1,20,366.0,5,3,0.076,0.74,7,False,Arachitol Kids
HCP01489,General Practitioner,TR27,South,T2,12,102.0,2,3,0.174,0.879,7,True,Kidrich D3 Nano
HCP01490,Pediatrician,TR13,West,T1,11,523.0,4,4,0.123,0.629,0,False,Arachitol Kids
HCP01491,Pediatrician,TR30,South,T2,7,219.0,5,4,0.272,0.629,10,False,Uprise-D3
HCP01492,Pediatrician,TR35,East,T2,13,185.0,5,2,0.048,0.735,2,False,Uprise-D3
HCP01493,Pediatrician,TR16,West,T1,7,263.0,5,3,0.063,0.645,1,False,D3 Must Forte
HCP01494,General Practitioner,TR24,South,T1,8,351.0,4,4,0.115,0.786,6,False,Ultra D3
HCP01495,Neonatologist,TR14,West,T1,18,61.0,5,3,0.408,0.432,8,True,D3 Must Forte
HCP01496,Obstetrician-Gynecologist,TR14,West,T1,5,120.0,4,5,0.107,0.446,12,False,Arachitol Kids
HCP01497,Neonatologist,TR16,West,T1,11,268.0,3,3,0.184,0.692,4,True,Arachitol Kids
HCP01498,Pediatrician,TR08,North,T2,8,173.0,4,4,0.607,0.675,5,True,No alternative (DePURA loyal)
HCP01499,Neonatologist,TR25,South,T3,7,105.0,4,4,0.278,0.658,6,True,Other / Generic
HCP01500,Pediatrician,TR06,North,T2,24,462.0,5,4,0.452,0.133,6,True,Other / Generic
HCP01501,Pediatrician,TR01,North,T1,12,153.0,3,3,0.242,0.779,7,True,Uprise-D3
HCP01502,Pediatrician,TR16,West,T1,16,211.0,5,4,0.211,0.655,2,False,Uprise-D3
HCP01503,Pediatrician,TR02,North,T1,18,591.0,5,3,0.154,0.682,8,False,Other / Generic
HCP01504,General Practitioner,TR21,Central,T3,22,57.0,5,3,0.108,0.711,4,False,Arachitol Kids
HCP01505,Pediatrician,TR19,Central,T2,4,131.0,5,4,0.414,0.496,13,True,Uprise-D3
HCP01506,Pediatrician,TR04,North,T2,2,199.0,4,3,0.263,0.533,5,True,Other / Generic
HCP01507,Pediatrician,TR10,North,T2,12,316.0,4,4,0.507,0.676,4,True,Uprise-D3
HCP01508,Pediatrician,TR01,North,T1,24,446.0,5,3,0.207,0.469,9,True,Kidrich D3 Nano
HCP01509,Obstetrician-Gynecologist,TR23,South,T1,13,237.0,4,4,0.181,0.686,5,False,Ultra D3
HCP01510,Pediatrician,TR12,West,T1,2,188.0,4,3,0.318,0.656,5,True,Kidrich D3 Nano
HCP01511,Pediatrician,TR26,South,T1,10,591.0,4,4,0.373,0.55,6,False,Kidrich D3 Nano
HCP01512,General Practitioner,TR24,South,T1,11,114.0,2,3,0.021,,2,False,Arachitol Kids
HCP01513,Obstetrician-Gynecologist,TR14,West,T1,19,218.0,5,3,0.298,0.467,12,True,Uprise-D3
HCP01514,Pediatrician,TR01,North,T1,4,357.0,4,4,0.286,0.784,5,True,Kidrich D3 Nano
HCP01515,Pediatrician,TR13,West,T1,12,162.0,4,4,0.622,0.623,3,True,Arachitol Kids
HCP01516,Neonatologist,TR13,West,T1,26,177.0,5,3,0.291,0.269,2,True,Other / Generic
HCP01517,Pediatrician,TR13,West,T1,17,230.0,4,4,0.464,0.663,4,True,Uprise-D3
HCP01518,Pediatrician,TR34,East,T3,20,256.0,3,3,0.298,0.249,2,True,Arachitol Kids
HCP01519,Pediatrician,TR06,North,T2,8,359.0,3,4,0.227,0.611,5,False,Uprise-D3
HCP01520,Pediatrician,TR12,West,T1,17,636.0,5,5,0.867,,6,True,Kidrich D3 Nano
HCP01521,Neonatologist,TR29,South,T2,13,347.0,4,4,0.24,0.588,6,False,Arachitol Kids
HCP01522,Neonatologist,TR33,East,T2,6,141.0,4,4,0.368,0.772,4,True,D3 Must Forte
HCP01523,Pediatrician,TR16,West,T1,14,193.0,4,3,0.331,0.401,6,True,D3 Must Forte
HCP01524,General Practitioner,TR20,Central,T2,13,346.0,3,4,0.099,0.359,2,False,Arachitol Kids
HCP01525,Obstetrician-Gynecologist,TR01,North,T1,10,181.0,4,4,0.245,0.764,7,False,Ultra D3
HCP01526,General Practitioner,TR28,South,T1,7,194.0,4,4,0.407,0.438,9,True,Arachitol Kids
HCP01527,General Practitioner,TR23,South,T1,7,52.0,3,3,0.032,0.718,1,False,Uprise-D3
HCP01528,Neonatologist,TR16,West,T1,25,461.0,4,3,0.059,,3,False,Arachitol Kids
HCP01529,Pediatrician,TR12,West,T1,12,179.0,4,4,0.504,0.516,1,True,Kidrich D3 Nano
HCP01530,Pediatrician,TR16,West,T1,13,521.0,4,4,0.154,0.325,6,True,Arachitol Kids
HCP01531,General Practitioner,TR26,South,T1,3,123.0,4,2,0.012,0.602,3,False,Uprise-D3
HCP01532,General Practitioner,TR02,North,T1,3,97.0,3,3,0.093,0.686,6,False,Ultra D3
HCP01533,Pediatrician,TR18,West,T3,10,281.0,3,3,0.168,0.717,5,False,Uprise-D3
HCP01534,Pediatrician,TR01,North,T1,22,344.0,5,4,0.105,0.346,5,False,Kidrich D3 Nano
HCP01535,General Practitioner,TR28,South,T1,14,265.0,4,2,0.039,0.527,8,False,Arachitol Kids
HCP01536,Pediatrician,TR09,North,T2,17,326.0,4,5,0.205,0.771,1,False,D3 Must Forte
HCP01537,Obstetrician-Gynecologist,TR31,East,T1,36,216.0,3,4,0.133,0.237,7,True,Other / Generic
HCP01538,Obstetrician-Gynecologist,TR16,West,T1,11,130.0,5,4,0.201,0.5,3,True,D3 Must Forte
HCP01539,Pediatrician,TR16,West,T1,4,337.0,4,4,0.67,0.897,4,True,Other / Generic
HCP01540,General Practitioner,TR14,West,T1,3,191.0,4,4,0.207,0.944,10,False,Arachitol Kids
HCP01541,General Practitioner,TR19,Central,T2,5,101.0,4,3,0.208,0.372,6,True,Kidrich D3 Nano
HCP01542,Pediatrician,TR13,West,T1,29,276.0,5,4,0.187,0.336,4,False,Uprise-D3
HCP01543,Pediatrician,TR14,West,T1,32,314.0,5,5,0.39,0.577,8,True,D3 Must Forte
HCP01544,Pediatrician,TR08,North,T2,40,367.0,4,4,0.384,0.471,9,True,Arachitol Kids
HCP01545,Obstetrician-Gynecologist,TR13,West,T1,5,60.0,4,4,0.12,0.685,3,True,D3 Must Forte
HCP01546,Obstetrician-Gynecologist,TR28,South,T1,9,79.0,3,3,0.181,0.528,4,True,D3 Must Forte
HCP01547,Pediatrician,TR10,North,T2,40,230.0,4,4,0.203,0.108,5,True,D3 Must Forte
HCP01548,Obstetrician-Gynecologist,TR29,South,T2,10,135.0,5,2,0.122,0.723,1,True,Kidrich D3 Nano
HCP01549,General Practitioner,TR31,East,T1,15,60.0,4,3,0.118,0.737,3,True,Kidrich D3 Nano
HCP01550,Pediatrician,TR24,South,T1,10,698.0,5,4,0.305,0.791,4,False,Uprise-D3
HCP01551,Pediatrician,TR01,North,T1,19,346.0,3,4,0.594,0.325,5,True,Uprise-D3
HCP01552,Obstetrician-Gynecologist,TR21,Central,T3,14,98.0,4,3,0.053,0.509,4,False,Other / Generic
HCP01553,Pediatrician,TR29,South,T2,11,197.0,3,3,0.182,0.541,6,True,Uprise-D3
HCP01554,General Practitioner,TR14,West,T1,12,188.0,4,2,0.018,0.508,4,False,Arachitol Kids
HCP01555,General Practitioner,TR12,West,T1,7,150.0,2,5,0.19,0.715,6,False,Kidrich D3 Nano
HCP01556,General Practitioner,TR13,West,T1,2,336.0,4,2,0.076,0.703,5,True,Uprise-D3
HCP01557,Pediatrician,TR16,West,T1,23,179.0,4,4,0.157,0.626,4,False,Kidrich D3 Nano
HCP01558,Pediatrician,TR02,North,T1,4,253.0,5,5,0.444,0.505,7,False,D3 Must Forte
HCP01559,Obstetrician-Gynecologist,TR10,North,T2,8,180.0,5,2,0.078,0.6,4,False,Other / Generic
HCP01560,Pediatrician,TR24,South,T1,26,398.0,4,4,0.183,0.267,5,False,Arachitol Kids
HCP01561,Pediatrician,TR16,West,T1,28,632.0,4,5,0.475,0.449,6,False,D3 Must Forte
HCP01562,Pediatrician,TR10,North,T2,11,473.0,5,4,0.186,0.565,5,False,D3 Must Forte
HCP01563,General Practitioner,TR33,East,T2,40,205.0,3,3,0.11,0.11,7,True,D3 Must Forte
HCP01564,Pediatrician,TR12,West,T1,23,154.0,4,2,0.1,0.272,4,False,Kidrich D3 Nano
HCP01565,General Practitioner,TR04,North,T2,6,159.0,4,5,0.091,0.716,2,False,Arachitol Kids
HCP01566,Pediatrician,TR08,North,T2,6,200.0,3,4,0.426,0.718,9,False,D3 Must Forte
HCP01567,General Practitioner,TR12,West,T1,21,194.0,3,5,0.136,0.509,4,False,Arachitol Kids
HCP01568,Obstetrician-Gynecologist,TR19,Central,T2,7,145.0,3,2,0.063,0.996,9,False,D3 Must Forte
HCP01569,Pediatrician,TR02,North,T1,19,245.0,5,3,0.075,0.36,8,False,Arachitol Kids
HCP01570,General Practitioner,TR30,South,T2,20,90.0,4,2,0.038,0.29,8,False,Ultra D3
HCP01571,General Practitioner,TR31,East,T1,9,103.0,4,3,0.251,0.595,3,True,Uprise-D3
HCP01572,General Practitioner,TR13,West,T1,11,225.0,3,3,0.085,0.582,1,False,Uprise-D3
HCP01573,Pediatrician,TR28,South,T1,40,631.0,5,5,0.125,0.124,2,False,Arachitol Kids
HCP01574,General Practitioner,TR23,South,T1,10,80.0,3,3,0.062,0.712,6,True,Arachitol Kids
HCP01575,Pediatrician,TR30,South,T2,13,289.0,2,4,0.102,0.652,5,False,Ultra D3
HCP01576,Pediatrician,TR12,West,T1,24,311.0,5,4,0.176,0.5,3,False,Arachitol Kids
HCP01577,Pediatrician,TR23,South,T1,8,207.0,5,3,0.249,0.706,5,True,Ultra D3
HCP01578,Pediatrician,TR02,North,T1,6,517.0,4,5,0.464,0.708,11,True,D3 Must Forte
HCP01579,Pediatrician,TR01,North,T1,19,178.0,5,4,0.39,0.592,6,False,Uprise-D3
HCP01580,General Practitioner,TR31,East,T1,8,68.0,3,3,0.036,0.398,9,False,Arachitol Kids
HCP01581,General Practitioner,TR12,West,T1,12,120.0,4,3,0.217,0.536,2,True,Uprise-D3
HCP01582,Pediatrician,TR16,West,T1,24,179.0,4,4,0.09,0.187,4,False,Ultra D3
HCP01583,Pediatrician,TR10,North,T2,10,208.0,5,3,0.102,0.602,4,False,Ultra D3
HCP01584,General Practitioner,TR31,East,T1,14,163.0,3,3,0.063,0.248,7,True,Kidrich D3 Nano
HCP01585,Pediatrician,TR14,West,T1,21,227.0,5,4,0.448,0.438,7,True,Arachitol Kids
HCP01586,General Practitioner,TR07,North,T3,9,151.0,2,4,0.165,0.847,3,False,Ultra D3
HCP01587,Pediatrician,TR23,South,T1,10,334.0,4,4,0.18,0.357,4,False,Uprise-D3
HCP01588,Obstetrician-Gynecologist,TR08,North,T2,15,106.0,3,3,0.07,0.893,9,False,Arachitol Kids
HCP01589,Pediatrician,TR11,North,T3,16,178.0,3,1,0.039,0.515,2,True,Uprise-D3
HCP01590,General Practitioner,TR24,South,T1,33,274.0,5,3,0.037,0.224,0,False,Kidrich D3 Nano
HCP01591,Pediatrician,TR34,East,T3,6,281.0,5,4,0.151,0.532,3,True,Ultra D3
HCP01592,Pediatrician,TR27,South,T2,21,101.0,5,4,0.387,0.269,2,True,Arachitol Kids
HCP01593,Neonatologist,TR04,North,T2,16,169.0,4,2,0.144,0.659,8,True,Other / Generic
HCP01594,Obstetrician-Gynecologist,TR13,West,T1,32,133.0,3,3,0.344,0.241,1,True,Uprise-D3
HCP01595,Pediatrician,TR28,South,T1,18,428.0,4,5,0.543,0.419,5,True,Arachitol Kids
HCP01596,Pediatrician,TR12,West,T1,29,282.0,5,4,0.326,0.483,3,True,Ultra D3
HCP01597,Obstetrician-Gynecologist,TR27,South,T2,8,51.0,3,4,0.13,0.859,5,False,Uprise-D3
HCP01598,Pediatrician,TR16,West,T1,16,387.0,4,4,0.162,0.411,1,False,Uprise-D3
HCP01599,Neonatologist,TR31,East,T1,21,91.0,4,3,0.117,0.27,8,True,Other / Generic
HCP01600,Pediatrician,TR14,West,T1,9,468.0,4,3,0.166,0.699,14,False,Arachitol Kids
HCP01601,Pediatrician,TR33,East,T2,15,539.0,4,3,0.074,0.528,5,False,Kidrich D3 Nano
HCP01602,Pediatrician,TR15,West,T2,16,717.0,5,2,0.163,0.622,6,False,Arachitol Kids
HCP01603,Pediatrician,TR26,South,T1,1,410.0,4,2,0.13,0.652,4,True,Arachitol Kids
HCP01604,Pediatrician,TR08,North,T2,6,345.0,4,5,0.426,0.548,5,False,Other / Generic
HCP01605,Pediatrician,TR19,Central,T2,8,303.0,5,3,0.507,0.614,6,True,Arachitol Kids
HCP01606,Obstetrician-Gynecologist,TR13,West,T1,3,94.0,4,2,0.296,,4,True,Arachitol Kids
HCP01607,Pediatrician,TR01,North,T1,26,414.0,5,4,0.196,0.645,6,True,Arachitol Kids
HCP01608,General Practitioner,TR16,West,T1,26,187.0,5,3,0.077,0.543,2,False,Uprise-D3
HCP01609,Pediatrician,TR06,North,T2,33,226.0,3,3,0.406,0.525,8,True,D3 Must Forte
HCP01610,General Practitioner,TR34,East,T3,5,165.0,4,3,0.072,0.699,4,True,Other / Generic
HCP01611,Pediatrician,TR28,South,T1,12,294.0,5,5,0.625,0.766,6,False,Arachitol Kids
HCP01612,General Practitioner,TR27,South,T2,13,243.0,3,4,0.083,0.501,4,False,Kidrich D3 Nano
HCP01613,General Practitioner,TR16,West,T1,3,219.0,3,2,0.089,0.889,3,True,Arachitol Kids
HCP01614,Obstetrician-Gynecologist,TR11,North,T3,17,184.0,4,2,0.056,0.546,9,False,D3 Must Forte
HCP01615,Obstetrician-Gynecologist,TR13,West,T1,21,177.0,5,4,0.079,0.292,2,False,Kidrich D3 Nano
HCP01616,Pediatrician,TR08,North,T2,21,314.0,4,4,0.722,0.378,6,True,No alternative (DePURA loyal)
HCP01617,Pediatrician,TR21,Central,T3,15,214.0,4,4,0.279,0.669,4,False,Kidrich D3 Nano
HCP01618,Pediatrician,TR28,South,T1,6,580.0,5,5,0.78,0.833,6,True,No alternative (DePURA loyal)
HCP01619,General Practitioner,TR07,North,T3,15,76.0,5,3,0.106,0.362,4,True,Arachitol Kids
HCP01620,Pediatrician,TR01,North,T1,10,440.0,5,5,0.629,0.676,5,True,Kidrich D3 Nano
HCP01621,Obstetrician-Gynecologist,TR04,North,T2,5,81.0,4,3,0.049,0.781,1,False,Uprise-D3
HCP01622,Neonatologist,TR16,West,T1,8,221.0,4,2,0.129,0.555,5,True,Uprise-D3
HCP01623,Pediatrician,TR01,North,T1,8,349.0,4,5,0.258,0.457,7,False,Arachitol Kids
HCP01624,Pediatrician,TR15,West,T2,10,565.0,4,3,0.047,0.814,6,False,Arachitol Kids
HCP01625,Pediatrician,TR03,North,T2,15,301.0,5,3,0.558,0.473,7,True,D3 Must Forte
HCP01626,Pediatrician,TR03,North,T2,11,778.0,4,5,0.171,0.704,5,False,Kidrich D3 Nano
HCP01627,Pediatrician,TR26,South,T1,10,281.0,3,5,0.176,0.674,3,False,Kidrich D3 Nano
HCP01628,Pediatrician,TR36,East,T2,11,377.0,5,3,0.178,0.618,11,False,Arachitol Kids
HCP01629,Obstetrician-Gynecologist,TR08,North,T2,6,116.0,4,3,0.353,0.841,14,True,Uprise-D3
HCP01630,General Practitioner,TR09,North,T2,30,130.0,4,3,0.03,0.476,4,False,Uprise-D3
HCP01631,Pediatrician,TR12,West,T1,17,162.0,4,4,0.202,0.494,3,True,Arachitol Kids
HCP01632,Pediatrician,TR28,South,T1,9,360.0,4,5,0.559,0.66,10,False,Kidrich D3 Nano
HCP01633,General Practitioner,TR18,West,T3,20,252.0,3,4,0.15,0.706,8,False,Arachitol Kids
HCP01634,Pediatrician,TR22,Central,T3,10,609.0,5,5,0.421,0.404,9,False,Other / Generic
HCP01635,Obstetrician-Gynecologist,TR20,Central,T2,17,143.0,5,4,0.386,0.652,8,True,Arachitol Kids
HCP01636,Pediatrician,TR33,East,T2,21,401.0,5,4,0.596,0.461,10,True,Uprise-D3
HCP01637,Neonatologist,TR01,North,T1,18,246.0,5,4,0.384,0.501,5,True,Arachitol Kids
HCP01638,General Practitioner,TR05,North,T2,6,162.0,3,4,0.154,0.842,6,False,Other / Generic
HCP01639,Obstetrician-Gynecologist,TR14,West,T1,2,172.0,4,5,0.352,0.69,6,False,Kidrich D3 Nano
HCP01640,General Practitioner,TR17,West,T2,8,90.0,3,2,0.089,0.662,7,True,D3 Must Forte
HCP01641,General Practitioner,TR03,North,T2,15,168.0,3,3,0.22,0.27,6,False,Ultra D3
HCP01642,Pediatrician,TR31,East,T1,5,364.0,4,5,0.335,0.55,8,False,Kidrich D3 Nano
HCP01643,General Practitioner,TR25,South,T3,24,161.0,3,3,0.054,0.603,13,False,D3 Must Forte
HCP01644,General Practitioner,TR33,East,T2,29,118.0,4,3,0.099,0.116,8,False,D3 Must Forte
HCP01645,Pediatrician,TR33,East,T2,18,576.0,4,3,0.262,0.366,2,True,Arachitol Kids
HCP01646,General Practitioner,TR18,West,T3,6,152.0,3,3,0.136,0.925,7,False,Arachitol Kids
HCP01647,Pediatrician,TR30,South,T2,21,487.0,5,3,0.251,0.546,8,False,D3 Must Forte
HCP01648,Pediatrician,TR26,South,T1,32,792.0,4,4,0.117,0.334,8,False,Uprise-D3
HCP01649,Pediatrician,TR14,West,T1,17,692.0,4,3,0.271,0.709,5,False,Uprise-D3
HCP01650,Pediatrician,TR24,South,T1,13,349.0,4,5,0.43,0.3,5,False,Uprise-D3
HCP01651,Pediatrician,TR34,East,T3,5,253.0,5,2,0.046,0.659,3,False,Ultra D3
HCP01652,Obstetrician-Gynecologist,TR27,South,T2,12,63.0,4,3,0.085,,3,False,D3 Must Forte
HCP01653,Pediatrician,TR26,South,T1,9,406.0,5,3,0.173,0.718,4,True,Arachitol Kids
HCP01654,Obstetrician-Gynecologist,TR09,North,T2,24,288.0,5,3,0.073,0.407,7,False,Arachitol Kids
HCP01655,Neonatologist,TR29,South,T2,5,102.0,4,3,0.13,0.592,4,False,Other / Generic
HCP01656,Pediatrician,TR14,West,T1,33,569.0,4,4,0.308,0.195,7,False,Kidrich D3 Nano
HCP01657,General Practitioner,TR24,South,T1,13,76.0,3,4,0.048,0.522,6,False,Uprise-D3
HCP01658,Pediatrician,TR25,South,T3,24,183.0,4,4,0.091,0.342,7,False,Uprise-D3
HCP01659,Obstetrician-Gynecologist,TR19,Central,T2,7,77.0,4,2,0.16,0.59,4,True,Other / Generic
HCP01660,Pediatrician,TR06,North,T2,4,739.0,4,4,0.371,0.933,4,True,Uprise-D3
HCP01661,Pediatrician,TR26,South,T1,12,409.0,4,3,0.323,0.738,4,True,Kidrich D3 Nano
HCP01662,Pediatrician,TR10,North,T2,17,353.0,4,3,0.105,0.503,7,False,D3 Must Forte
HCP01663,General Practitioner,TR11,North,T3,4,182.0,2,4,0.057,0.608,4,False,D3 Must Forte
HCP01664,Pediatrician,TR04,North,T2,7,200.0,4,3,0.223,0.556,3,False,D3 Must Forte
HCP01665,Pediatrician,TR23,South,T1,6,491.0,5,5,0.242,0.55,8,False,Other / Generic
HCP01666,Obstetrician-Gynecologist,TR04,North,T2,15,67.0,4,2,0.092,0.496,8,True,Other / Generic
HCP01667,Pediatrician,TR13,West,T1,11,330.0,5,4,0.091,0.585,1,False,Arachitol Kids
HCP01668,General Practitioner,TR31,East,T1,19,248.0,3,4,0.085,0.523,10,False,Arachitol Kids
HCP01669,General Practitioner,TR16,West,T1,18,117.0,4,3,0.031,0.419,6,False,Kidrich D3 Nano
HCP01670,Pediatrician,TR31,East,T1,12,475.0,4,5,0.32,0.467,4,False,D3 Must Forte
HCP01671,Pediatrician,TR17,West,T2,9,200.0,4,4,0.191,0.519,7,False,Ultra D3
HCP01672,Pediatrician,TR07,North,T3,8,382.0,4,3,0.19,0.613,4,False,Uprise-D3
HCP01673,Neonatologist,TR27,South,T2,15,104.0,4,3,0.4,0.649,4,True,Arachitol Kids
HCP01674,General Practitioner,TR14,West,T1,17,134.0,4,4,0.133,0.621,4,False,Other / Generic
HCP01675,Pediatrician,TR35,East,T2,12,377.0,5,3,0.116,0.715,6,False,D3 Must Forte
HCP01676,Obstetrician-Gynecologist,TR11,North,T3,9,138.0,4,2,0.062,0.73,8,False,Uprise-D3
HCP01677,Pediatrician,TR29,South,T2,7,183.0,4,5,0.531,0.691,2,True,Arachitol Kids
HCP01678,Pediatrician,TR18,West,T3,7,326.0,4,4,0.512,0.731,7,True,D3 Must Forte
HCP01679,Pediatrician,TR30,South,T2,12,265.0,3,5,0.1,0.536,7,False,Ultra D3
HCP01680,General Practitioner,TR07,North,T3,12,133.0,3,2,0.071,0.386,5,False,Uprise-D3
HCP01681,Pediatrician,TR24,South,T1,5,201.0,5,4,0.589,0.569,4,True,Arachitol Kids
HCP01682,General Practitioner,TR03,North,T2,8,147.0,2,5,0.22,0.805,5,False,Arachitol Kids
HCP01683,Pediatrician,TR28,South,T1,19,262.0,5,3,0.165,0.714,4,False,D3 Must Forte
HCP01684,General Practitioner,TR10,North,T2,4,84.0,2,2,0.089,0.916,4,False,Uprise-D3
HCP01685,Obstetrician-Gynecologist,TR16,West,T1,2,73.0,5,2,0.03,0.7,1,False,Uprise-D3
HCP01686,Pediatrician,TR24,South,T1,4,249.0,3,3,0.24,0.433,5,True,Kidrich D3 Nano
HCP01687,Pediatrician,TR16,West,T1,7,430.0,3,4,0.214,0.897,3,False,Other / Generic
HCP01688,General Practitioner,TR28,South,T1,8,187.0,4,2,0.098,0.724,10,False,Arachitol Kids
HCP01689,Pediatrician,TR25,South,T3,19,143.0,4,3,0.322,0.486,7,True,Other / Generic
HCP01690,Pediatrician,TR04,North,T2,10,508.0,4,4,0.204,0.858,10,False,Uprise-D3
HCP01691,General Practitioner,TR28,South,T1,10,183.0,2,3,0.102,0.667,6,False,Arachitol Kids
HCP01692,Pediatrician,TR16,West,T1,17,293.0,5,3,0.384,0.729,5,False,Uprise-D3
HCP01693,General Practitioner,TR23,South,T1,14,71.0,4,4,0.204,0.284,7,True,Arachitol Kids
HCP01694,Pediatrician,TR09,North,T2,19,315.0,3,4,0.211,0.329,5,False,Ultra D3
HCP01695,Pediatrician,TR16,West,T1,14,256.0,4,4,0.354,0.454,3,True,Other / Generic
HCP01696,General Practitioner,TR28,South,T1,18,187.0,3,3,0.058,1.0,6,False,Arachitol Kids
HCP01697,General Practitioner,TR33,East,T2,30,151.0,4,3,0.174,0.443,1,False,D3 Must Forte
HCP01698,Pediatrician,TR33,East,T2,15,487.0,4,5,0.248,0.276,2,False,Arachitol Kids
HCP01699,Pediatrician,TR26,South,T1,20,272.0,4,3,0.181,0.647,4,False,Arachitol Kids
HCP01700,Pediatrician,TR02,North,T1,25,349.0,5,5,0.633,0.578,11,True,No alternative (DePURA loyal)
HCP01701,Pediatrician,TR16,West,T1,21,359.0,4,4,0.233,0.64,1,True,Other / Generic
HCP01702,Neonatologist,TR08,North,T2,40,215.0,4,4,0.378,0.255,7,True,Other / Generic
HCP01703,Pediatrician,TR26,South,T1,12,671.0,3,3,0.128,0.525,2,True,Other / Generic
HCP01704,General Practitioner,TR05,North,T2,28,91.0,3,2,0.016,0.486,4,False,D3 Must Forte
HCP01705,Pediatrician,TR36,East,T2,7,338.0,5,3,0.081,0.67,4,False,Kidrich D3 Nano
HCP01706,Pediatrician,TR08,North,T2,18,996.0,4,5,0.293,0.505,5,False,Ultra D3
HCP01707,General Practitioner,TR01,North,T1,17,52.0,4,3,0.087,0.602,6,True,Arachitol Kids
HCP01708,General Practitioner,TR30,South,T2,32,187.0,4,2,0.109,0.441,10,False,Ultra D3
HCP01709,Pediatrician,TR08,North,T2,17,231.0,4,4,0.485,0.413,9,True,Arachitol Kids
HCP01710,Pediatrician,TR01,North,T1,17,240.0,4,5,0.604,0.791,7,True,No alternative (DePURA loyal)
HCP01711,Pediatrician,TR20,Central,T2,21,178.0,5,2,0.312,0.536,10,True,D3 Must Forte
HCP01712,Pediatrician,TR35,East,T2,7,382.0,5,3,0.073,0.725,4,False,Kidrich D3 Nano
HCP01713,General Practitioner,TR12,West,T1,13,98.0,3,3,0.062,0.449,4,False,Uprise-D3
HCP01714,Pediatrician,TR15,West,T2,9,178.0,5,5,0.498,0.574,4,False,D3 Must Forte
HCP01715,Pediatrician,TR10,North,T2,7,378.0,4,4,0.301,0.655,7,False,Arachitol Kids
HCP01716,Pediatrician,TR21,Central,T3,13,252.0,4,4,0.074,0.34,3,False,D3 Must Forte
HCP01717,Obstetrician-Gynecologist,TR13,West,T1,4,97.0,4,2,0.075,0.588,7,False,Arachitol Kids
HCP01718,Pediatrician,TR23,South,T1,9,523.0,4,4,0.165,0.729,13,False,Uprise-D3
HCP01719,General Practitioner,TR16,West,T1,10,129.0,3,3,0.151,0.793,5,True,Uprise-D3
HCP01720,Pediatrician,TR33,East,T2,28,435.0,5,4,0.472,0.637,6,False,Kidrich D3 Nano
HCP01721,Pediatrician,TR24,South,T1,13,223.0,4,4,0.359,0.579,5,False,Arachitol Kids
HCP01722,Pediatrician,TR25,South,T3,9,221.0,5,2,0.561,0.661,11,False,Arachitol Kids
HCP01723,General Practitioner,TR17,West,T2,12,168.0,4,5,0.232,0.538,5,False,D3 Must Forte
HCP01724,Pediatrician,TR12,West,T1,16,224.0,5,3,0.108,0.72,2,False,D3 Must Forte
HCP01725,Neonatologist,TR13,West,T1,10,553.0,4,3,0.39,0.722,8,True,D3 Must Forte
HCP01726,Pediatrician,TR18,West,T3,14,377.0,4,4,0.46,0.518,3,True,Arachitol Kids
HCP01727,Obstetrician-Gynecologist,TR08,North,T2,21,69.0,5,5,0.346,0.557,6,True,Uprise-D3
HCP01728,Pediatrician,TR04,North,T2,5,544.0,4,3,0.143,0.796,7,True,Kidrich D3 Nano
HCP01729,Pediatrician,TR14,West,T1,15,330.0,3,4,0.22,0.592,2,True,Arachitol Kids
HCP01730,General Practitioner,TR04,North,T2,13,105.0,3,2,0.016,,3,False,Arachitol Kids
HCP01731,Pediatrician,TR10,North,T2,13,895.0,4,4,0.146,0.907,6,False,D3 Must Forte
HCP01732,Pediatrician,TR19,Central,T2,14,464.0,3,4,0.519,0.522,10,True,Arachitol Kids
HCP01733,Obstetrician-Gynecologist,TR28,South,T1,21,114.0,4,3,0.054,0.561,7,False,D3 Must Forte
HCP01734,General Practitioner,TR09,North,T2,16,89.0,4,3,0.024,0.16,7,False,D3 Must Forte
HCP01735,Obstetrician-Gynecologist,TR28,South,T1,24,132.0,4,5,0.555,0.451,3,True,Arachitol Kids
HCP01736,Pediatrician,TR01,North,T1,22,511.0,5,3,0.28,0.308,4,True,Ultra D3
HCP01737,General Practitioner,TR36,East,T2,27,131.0,3,2,0.069,0.282,8,False,Kidrich D3 Nano
HCP01738,General Practitioner,TR19,Central,T2,13,160.0,5,3,0.034,0.446,9,False,Ultra D3
HCP01739,General Practitioner,TR16,West,T1,9,113.0,3,4,0.117,0.612,8,True,Arachitol Kids
HCP01740,General Practitioner,TR24,South,T1,7,258.0,4,3,0.431,0.766,5,True,Kidrich D3 Nano
HCP01741,General Practitioner,TR16,West,T1,7,96.0,4,3,0.125,0.971,5,False,Arachitol Kids
HCP01742,Obstetrician-Gynecologist,TR15,West,T2,13,84.0,4,2,0.087,0.513,2,True,Uprise-D3
HCP01743,Pediatrician,TR14,West,T1,27,223.0,5,5,0.428,0.349,9,True,Arachitol Kids
HCP01744,Pediatrician,TR36,East,T2,21,405.0,4,4,0.208,0.221,7,False,Other / Generic
HCP01745,Pediatrician,TR31,East,T1,16,282.0,5,4,0.125,0.423,3,False,Kidrich D3 Nano
HCP01746,Pediatrician,TR18,West,T3,9,173.0,4,3,0.367,0.763,5,False,Uprise-D3
HCP01747,General Practitioner,TR29,South,T2,6,217.0,4,2,0.035,0.759,5,False,Arachitol Kids
HCP01748,Pediatrician,TR05,North,T2,11,346.0,5,3,0.431,0.649,5,True,Other / Generic
HCP01749,Pediatrician,TR19,Central,T2,6,881.0,4,3,0.161,0.695,7,False,Arachitol Kids
HCP01750,Obstetrician-Gynecologist,TR16,West,T1,40,56.0,4,4,0.171,0.457,6,False,D3 Must Forte
HCP01751,Obstetrician-Gynecologist,TR13,West,T1,24,177.0,4,4,0.241,0.503,5,False,Arachitol Kids
HCP01752,Pediatrician,TR32,East,T3,7,323.0,4,3,0.157,0.484,2,False,Uprise-D3
HCP01753,Pediatrician,TR29,South,T2,8,190.0,4,3,0.069,0.571,0,False,Arachitol Kids
HCP01754,Pediatrician,TR32,East,T3,23,372.0,5,4,0.667,0.158,12,True,D3 Must Forte
HCP01755,Pediatrician,TR24,South,T1,30,218.0,5,3,0.173,0.127,2,False,Other / Generic
HCP01756,Pediatrician,TR14,West,T1,11,503.0,4,3,0.454,0.721,8,True,Uprise-D3
HCP01757,Pediatrician,TR27,South,T2,10,190.0,4,5,0.609,0.539,4,True,No alternative (DePURA loyal)
HCP01758,General Practitioner,TR03,North,T2,10,194.0,3,4,0.071,0.345,8,False,D3 Must Forte
HCP01759,Pediatrician,TR30,South,T2,35,227.0,4,4,0.64,0.04,8,True,Other / Generic
HCP01760,Pediatrician,TR01,North,T1,16,455.0,4,3,0.175,0.777,5,True,Ultra D3
HCP01761,General Practitioner,TR29,South,T2,16,283.0,3,2,0.062,0.411,5,False,Uprise-D3
HCP01762,Pediatrician,TR26,South,T1,26,225.0,4,4,0.367,0.205,3,True,D3 Must Forte
HCP01763,Pediatrician,TR02,North,T1,7,547.0,5,5,0.545,0.535,5,False,Arachitol Kids
HCP01764,Pediatrician,TR05,North,T2,17,249.0,4,4,0.209,0.499,5,True,Uprise-D3
HCP01765,Pediatrician,TR16,West,T1,20,370.0,5,4,0.171,0.57,5,False,Arachitol Kids
HCP01766,Pediatrician,TR12,West,T1,21,352.0,4,4,0.189,0.212,5,True,Uprise-D3
HCP01767,Pediatrician,TR31,East,T1,5,791.0,4,4,0.512,0.279,8,False,Arachitol Kids
HCP01768,Pediatrician,TR08,North,T2,8,503.0,5,4,0.494,0.561,10,True,D3 Must Forte
HCP01769,Obstetrician-Gynecologist,TR15,West,T2,9,119.0,5,3,0.142,0.592,8,False,D3 Must Forte
HCP01770,Obstetrician-Gynecologist,TR11,North,T3,31,107.0,3,4,0.113,0.276,3,False,D3 Must Forte
HCP01771,Pediatrician,TR04,North,T2,33,192.0,4,5,0.485,0.527,10,False,D3 Must Forte
HCP01772,Obstetrician-Gynecologist,TR11,North,T3,32,129.0,4,3,0.207,0.737,6,True,Uprise-D3
HCP01773,Pediatrician,TR31,East,T1,9,186.0,4,5,0.56,0.605,10,True,Other / Generic
HCP01774,Pediatrician,TR26,South,T1,17,968.0,4,5,0.149,0.442,4,False,Ultra D3
HCP01775,Pediatrician,TR32,East,T3,10,236.0,5,5,0.627,0.725,7,True,No alternative (DePURA loyal)
HCP01776,Pediatrician,TR15,West,T2,23,253.0,4,4,0.513,0.416,7,True,Other / Generic
HCP01777,Pediatrician,TR10,North,T2,10,137.0,4,4,0.384,0.472,7,True,D3 Must Forte
HCP01778,Neonatologist,TR01,North,T1,8,214.0,5,5,0.334,0.656,6,True,Arachitol Kids
HCP01779,Pediatrician,TR18,West,T3,7,250.0,5,5,0.554,0.882,5,False,Ultra D3
HCP01780,Pediatrician,TR01,North,T1,12,282.0,4,4,0.366,0.657,5,True,Arachitol Kids
HCP01781,Pediatrician,TR01,North,T1,8,231.0,4,3,0.248,0.645,9,True,Arachitol Kids
HCP01782,Obstetrician-Gynecologist,TR23,South,T1,5,274.0,5,3,0.121,0.663,8,True,D3 Must Forte
HCP01783,Pediatrician,TR06,North,T2,18,759.0,5,4,0.333,0.307,7,True,Arachitol Kids
HCP01784,Obstetrician-Gynecologist,TR21,Central,T3,16,224.0,5,4,0.074,0.807,3,False,D3 Must Forte
HCP01785,Pediatrician,TR22,Central,T3,9,254.0,5,4,0.632,0.651,7,True,No alternative (DePURA loyal)
HCP01786,General Practitioner,TR26,South,T1,17,126.0,4,3,0.048,0.468,2,True,Uprise-D3
HCP01787,Pediatrician,TR14,West,T1,7,358.0,4,4,0.508,0.722,6,True,Arachitol Kids
HCP01788,Pediatrician,TR26,South,T1,14,400.0,5,4,0.512,0.503,5,True,D3 Must Forte
HCP01789,Pediatrician,TR14,West,T1,20,750.0,3,4,0.272,0.386,7,False,Arachitol Kids
HCP01790,Pediatrician,TR03,North,T2,16,215.0,4,4,0.4,0.527,5,True,Other / Generic
HCP01791,Pediatrician,TR13,West,T1,17,560.0,5,3,0.116,0.494,8,False,Arachitol Kids
HCP01792,Pediatrician,TR01,North,T1,13,202.0,4,4,0.353,0.487,7,False,Uprise-D3
HCP01793,General Practitioner,TR16,West,T1,18,249.0,4,2,0.018,0.632,1,False,Uprise-D3
HCP01794,General Practitioner,TR27,South,T2,9,112.0,3,4,0.181,0.634,11,False,Arachitol Kids
HCP01795,Pediatrician,TR28,South,T1,19,238.0,5,3,0.457,0.654,5,True,Kidrich D3 Nano
HCP01796,General Practitioner,TR10,North,T2,9,81.0,4,4,0.081,0.548,3,False,Other / Generic
HCP01797,General Practitioner,TR03,North,T2,13,136.0,3,4,0.138,0.267,1,False,Uprise-D3
HCP01798,Neonatologist,TR07,North,T3,32,101.0,3,3,0.07,0.079,4,True,Ultra D3
HCP01799,Pediatrician,TR36,East,T2,1,328.0,3,4,0.475,0.536,9,False,Kidrich D3 Nano
HCP01800,Pediatrician,TR13,West,T1,17,271.0,5,3,0.403,0.477,4,True,Uprise-D3
HCP01801,Neonatologist,TR16,West,T1,5,349.0,4,4,0.053,0.586,2,False,D3 Must Forte
HCP01802,Neonatologist,TR02,North,T1,22,109.0,5,2,0.127,0.524,5,True,Uprise-D3
HCP01803,Neonatologist,TR28,South,T1,15,347.0,3,3,0.237,0.763,5,False,Arachitol Kids
HCP01804,General Practitioner,TR16,West,T1,12,168.0,3,3,0.078,0.495,2,False,D3 Must Forte
HCP01805,General Practitioner,TR02,North,T1,17,346.0,4,3,0.101,0.636,7,True,D3 Must Forte
HCP01806,Neonatologist,TR16,West,T1,21,307.0,5,4,0.274,0.539,4,True,D3 Must Forte
HCP01807,Pediatrician,TR26,South,T1,14,412.0,4,4,0.241,0.432,7,True,Arachitol Kids
HCP01808,Pediatrician,TR16,West,T1,3,230.0,5,3,0.254,0.757,1,False,Arachitol Kids
HCP01809,Neonatologist,TR35,East,T2,8,180.0,5,3,0.263,0.492,2,True,Arachitol Kids
HCP01810,Obstetrician-Gynecologist,TR31,East,T1,15,78.0,4,3,0.076,0.502,3,False,D3 Must Forte
HCP01811,Pediatrician,TR19,Central,T2,16,173.0,4,4,0.372,0.503,2,True,D3 Must Forte
HCP01812,Pediatrician,TR33,East,T2,19,274.0,4,5,0.185,0.512,10,False,Other / Generic
HCP01813,Obstetrician-Gynecologist,TR28,South,T1,10,59.0,4,3,0.068,0.593,6,False,Other / Generic
HCP01814,Pediatrician,TR14,West,T1,11,270.0,4,5,0.584,0.57,4,True,Kidrich D3 Nano
HCP01815,General Practitioner,TR28,South,T1,6,192.0,3,3,0.218,0.499,6,False,Other / Generic
HCP01816,Pediatrician,TR18,West,T3,6,323.0,4,4,0.125,1.0,4,False,Ultra D3
HCP01817,Pediatrician,TR20,Central,T2,30,195.0,3,5,0.292,0.669,5,False,Uprise-D3
HCP01818,General Practitioner,TR19,Central,T2,17,104.0,4,2,0.095,0.618,4,False,Kidrich D3 Nano
HCP01819,Neonatologist,TR28,South,T1,11,362.0,5,4,0.419,0.547,6,False,Other / Generic
HCP01820,Pediatrician,TR32,East,T3,14,330.0,4,4,0.441,0.819,4,True,Uprise-D3
HCP01821,Pediatrician,TR13,West,T1,9,160.0,4,2,0.192,0.661,1,True,D3 Must Forte
HCP01822,Pediatrician,TR24,South,T1,12,457.0,4,4,0.382,0.771,7,True,Uprise-D3
HCP01823,Pediatrician,TR24,South,T1,19,445.0,5,4,0.471,0.679,2,True,Other / Generic
HCP01824,Neonatologist,TR31,East,T1,9,267.0,4,3,0.115,0.852,3,True,Arachitol Kids
HCP01825,Pediatrician,TR16,West,T1,9,415.0,4,5,0.458,0.797,3,True,Uprise-D3
HCP01826,Neonatologist,TR08,North,T2,27,608.0,5,3,0.279,0.272,12,True,D3 Must Forte
HCP01827,Obstetrician-Gynecologist,TR08,North,T2,9,85.0,4,4,0.241,0.655,4,True,Other / Generic
HCP01828,Pediatrician,TR01,North,T1,7,251.0,5,5,0.261,0.511,4,False,Ultra D3
HCP01829,Pediatrician,TR03,North,T2,9,265.0,4,3,0.281,0.543,3,True,Arachitol Kids
HCP01830,Neonatologist,TR12,West,T1,6,564.0,4,3,0.347,0.35,5,True,Kidrich D3 Nano
HCP01831,Pediatrician,TR03,North,T2,4,340.0,5,4,0.387,0.679,6,True,Uprise-D3
HCP01832,Obstetrician-Gynecologist,TR31,East,T1,4,172.0,4,5,0.147,0.398,3,False,Ultra D3
HCP01833,Pediatrician,TR14,West,T1,10,441.0,5,2,0.362,0.853,2,True,Kidrich D3 Nano
HCP01834,Pediatrician,TR14,West,T1,9,433.0,4,4,0.184,0.492,4,False,Ultra D3
HCP01835,Pediatrician,TR27,South,T2,30,231.0,5,4,0.273,0.246,7,False,Arachitol Kids
HCP01836,Pediatrician,TR12,West,T1,9,350.0,5,5,0.782,0.697,4,True,D3 Must Forte
HCP01837,General Practitioner,TR26,South,T1,9,157.0,3,3,0.056,0.766,1,False,Arachitol Kids
HCP01838,General Practitioner,TR29,South,T2,24,204.0,3,2,0.068,0.542,3,False,Uprise-D3
HCP01839,Pediatrician,TR14,West,T1,13,675.0,4,4,0.274,0.49,8,False,D3 Must Forte
HCP01840,Pediatrician,TR16,West,T1,4,306.0,4,3,0.095,0.722,5,False,Arachitol Kids
HCP01841,Pediatrician,TR13,West,T1,13,838.0,4,4,0.501,0.582,8,True,Uprise-D3
HCP01842,Neonatologist,TR16,West,T1,16,112.0,4,3,0.252,0.437,2,True,Uprise-D3
HCP01843,Obstetrician-Gynecologist,TR22,Central,T3,7,85.0,5,2,0.149,0.801,7,True,Arachitol Kids
HCP01844,General Practitioner,TR14,West,T1,5,127.0,3,5,0.213,0.464,8,True,Arachitol Kids
HCP01845,Neonatologist,TR16,West,T1,23,157.0,5,3,0.231,0.543,3,True,D3 Must Forte
HCP01846,Pediatrician,TR18,West,T3,9,571.0,3,1,0.281,0.658,3,True,D3 Must Forte
HCP01847,Pediatrician,TR01,North,T1,14,533.0,4,4,0.586,0.552,9,True,Uprise-D3
HCP01848,Pediatrician,TR06,North,T2,3,358.0,4,2,0.161,0.777,7,True,Uprise-D3
HCP01849,Obstetrician-Gynecologist,TR20,Central,T2,7,63.0,4,4,0.403,0.741,2,True,Uprise-D3
HCP01850,Pediatrician,TR01,North,T1,15,460.0,3,4,0.544,0.529,7,True,Arachitol Kids
HCP01851,Obstetrician-Gynecologist,TR26,South,T1,15,245.0,5,3,0.066,0.563,4,False,Arachitol Kids
HCP01852,Pediatrician,TR32,East,T3,22,380.0,5,5,0.513,0.641,9,False,Other / Generic
HCP01853,Pediatrician,TR27,South,T2,14,192.0,5,4,0.3,0.564,4,False,Uprise-D3
HCP01854,Pediatrician,TR13,West,T1,14,233.0,4,4,0.174,0.262,4,False,Kidrich D3 Nano
HCP01855,General Practitioner,TR16,West,T1,6,180.0,4,5,0.347,0.579,6,False,Uprise-D3
HCP01856,Pediatrician,TR24,South,T1,11,500.0,5,4,0.41,0.416,2,True,Ultra D3
HCP01857,Obstetrician-Gynecologist,TR25,South,T3,14,148.0,5,4,0.137,0.618,5,False,Uprise-D3
HCP01858,General Practitioner,TR35,East,T2,2,186.0,4,3,0.287,0.568,4,True,D3 Must Forte
HCP01859,Pediatrician,TR17,West,T2,12,273.0,4,5,0.239,0.72,7,False,Uprise-D3
HCP01860,General Practitioner,TR10,North,T2,17,265.0,3,2,0.03,0.59,4,False,Uprise-D3
HCP01861,Pediatrician,TR14,West,T1,21,326.0,5,4,0.199,0.391,8,False,Arachitol Kids
HCP01862,Obstetrician-Gynecologist,TR33,East,T2,25,157.0,3,2,0.069,0.406,11,True,Ultra D3
HCP01863,Pediatrician,TR24,South,T1,24,198.0,5,5,0.253,0.611,9,False,Arachitol Kids
HCP01864,General Practitioner,TR31,East,T1,19,145.0,3,3,0.067,0.648,11,False,D3 Must Forte
HCP01865,Pediatrician,TR26,South,T1,27,265.0,4,4,0.076,0.367,4,False,Ultra D3
HCP01866,Pediatrician,TR35,East,T2,15,330.0,4,3,0.123,0.472,6,False,Other / Generic
HCP01867,General Practitioner,TR18,West,T3,14,122.0,3,2,0.057,0.66,5,False,D3 Must Forte
HCP01868,Pediatrician,TR34,East,T3,16,927.0,3,3,0.096,0.317,6,False,Kidrich D3 Nano
HCP01869,General Practitioner,TR31,East,T1,17,146.0,4,3,0.29,0.487,5,True,Arachitol Kids
HCP01870,Pediatrician,TR30,South,T2,23,424.0,5,4,0.615,0.455,4,True,Arachitol Kids
HCP01871,Pediatrician,TR33,East,T2,16,569.0,4,3,0.529,0.556,10,True,Other / Generic
HCP01872,Pediatrician,TR19,Central,T2,13,136.0,5,4,0.357,0.272,7,False,Ultra D3
HCP01873,General Practitioner,TR27,South,T2,26,151.0,2,5,0.392,0.459,1,True,D3 Must Forte
HCP01874,Pediatrician,TR21,Central,T3,12,233.0,5,4,0.21,0.564,3,False,Arachitol Kids
HCP01875,Pediatrician,TR28,South,T1,3,500.0,4,4,0.526,0.703,9,True,Arachitol Kids
HCP01876,Pediatrician,TR27,South,T2,11,691.0,5,4,0.601,0.648,3,True,Kidrich D3 Nano
HCP01877,Pediatrician,TR27,South,T2,12,495.0,4,4,0.444,0.475,5,True,D3 Must Forte
HCP01878,General Practitioner,TR16,West,T1,13,140.0,3,4,0.16,0.357,3,True,Arachitol Kids
HCP01879,Obstetrician-Gynecologist,TR28,South,T1,15,157.0,5,2,0.043,0.362,3,False,Arachitol Kids
HCP01880,General Practitioner,TR31,East,T1,9,78.0,3,5,0.554,0.511,4,True,D3 Must Forte
HCP01881,Pediatrician,TR24,South,T1,10,297.0,4,4,0.101,0.31,4,False,Uprise-D3
HCP01882,Pediatrician,TR16,West,T1,13,287.0,4,4,0.388,0.848,3,True,Arachitol Kids
HCP01883,General Practitioner,TR30,South,T2,9,103.0,3,2,0.157,0.484,8,False,Kidrich D3 Nano
HCP01884,General Practitioner,TR28,South,T1,11,106.0,3,3,0.063,0.617,6,False,D3 Must Forte
HCP01885,Pediatrician,TR16,West,T1,13,275.0,4,4,0.213,0.58,3,False,Uprise-D3
HCP01886,General Practitioner,TR22,Central,T3,12,76.0,4,3,0.113,0.465,4,False,D3 Must Forte
HCP01887,Pediatrician,TR25,South,T3,7,484.0,4,3,0.208,0.735,8,False,Other / Generic
HCP01888,Pediatrician,TR25,South,T3,7,214.0,5,3,0.402,0.648,5,True,Kidrich D3 Nano
HCP01889,Pediatrician,TR13,West,T1,6,142.0,4,4,0.258,0.472,3,False,D3 Must Forte
HCP01890,Pediatrician,TR12,West,T1,15,352.0,5,4,0.213,0.631,5,False,Uprise-D3
HCP01891,Pediatrician,TR31,East,T1,28,314.0,5,4,0.482,0.373,7,True,Uprise-D3
HCP01892,Pediatrician,TR33,East,T2,9,501.0,4,3,0.295,0.658,4,True,D3 Must Forte
HCP01893,Pediatrician,TR15,West,T2,4,236.0,4,4,0.249,0.686,3,False,Arachitol Kids
HCP01894,Pediatrician,TR32,East,T3,6,300.0,4,4,0.48,0.749,5,True,Uprise-D3
HCP01895,Pediatrician,TR16,West,T1,3,183.0,5,5,0.391,0.532,1,False,Arachitol Kids
HCP01896,Pediatrician,TR06,North,T2,18,389.0,4,4,0.287,0.502,6,False,Other / Generic
HCP01897,Obstetrician-Gynecologist,TR26,South,T1,16,133.0,4,3,0.037,0.4,9,False,Arachitol Kids
HCP01898,General Practitioner,TR01,North,T1,11,165.0,4,3,0.054,0.726,8,True,D3 Must Forte
HCP01899,Pediatrician,TR03,North,T2,22,135.0,4,5,0.709,0.411,8,True,Other / Generic
HCP01900,Pediatrician,TR33,East,T2,7,389.0,4,2,0.048,0.449,7,False,Uprise-D3
HCP01901,Pediatrician,TR19,Central,T2,12,428.0,4,3,0.491,0.326,8,True,D3 Must Forte
HCP01902,Pediatrician,TR11,North,T3,10,192.0,4,3,0.537,0.243,6,True,Uprise-D3
HCP01903,Pediatrician,TR16,West,T1,29,242.0,4,5,0.286,0.267,2,False,Uprise-D3
HCP01904,Pediatrician,TR22,Central,T3,2,238.0,5,5,0.452,0.445,8,False,Other / Generic
HCP01905,Pediatrician,TR24,South,T1,15,253.0,4,4,0.278,0.381,6,False,Ultra D3
HCP01906,General Practitioner,TR14,West,T1,16,139.0,4,4,0.306,0.481,7,False,D3 Must Forte
HCP01907,Pediatrician,TR14,West,T1,12,213.0,4,3,0.397,0.564,7,True,Arachitol Kids
HCP01908,Pediatrician,TR20,Central,T2,15,321.0,4,4,0.269,0.349,6,True,Arachitol Kids
HCP01909,Pediatrician,TR24,South,T1,18,420.0,3,5,0.352,0.245,5,True,Kidrich D3 Nano
HCP01910,Obstetrician-Gynecologist,TR33,East,T2,14,131.0,4,4,0.16,0.619,3,False,D3 Must Forte
HCP01911,General Practitioner,TR14,West,T1,12,459.0,3,5,0.249,0.633,2,False,Arachitol Kids
HCP01912,General Practitioner,TR31,East,T1,15,392.0,3,5,0.271,0.368,8,True,Kidrich D3 Nano
HCP01913,Obstetrician-Gynecologist,TR36,East,T2,11,207.0,3,2,0.024,0.573,5,False,Uprise-D3
HCP01914,Pediatrician,TR13,West,T1,16,361.0,4,5,0.662,0.579,2,False,Ultra D3
HCP01915,Pediatrician,TR01,North,T1,22,134.0,3,4,0.098,0.32,5,False,D3 Must Forte
HCP01916,General Practitioner,TR23,South,T1,18,139.0,3,3,0.042,0.263,4,False,Uprise-D3
HCP01917,Pediatrician,TR31,East,T1,1,923.0,5,4,0.491,0.763,7,False,Uprise-D3
HCP01918,General Practitioner,TR01,North,T1,16,233.0,4,3,0.204,0.424,9,True,Uprise-D3
HCP01919,Pediatrician,TR08,North,T2,30,301.0,4,4,0.411,0.386,8,False,Uprise-D3
HCP01920,Pediatrician,TR25,South,T3,10,526.0,4,4,0.317,0.502,6,True,Uprise-D3
HCP01921,Pediatrician,TR28,South,T1,20,995.0,4,4,0.567,0.457,12,True,Arachitol Kids
HCP01922,Pediatrician,TR02,North,T1,12,380.0,4,4,0.271,0.668,5,True,Kidrich D3 Nano
HCP01923,General Practitioner,TR14,West,T1,15,122.0,3,4,0.301,0.399,8,True,D3 Must Forte
HCP01924,Pediatrician,TR10,North,T2,5,219.0,5,3,0.094,0.782,4,False,Uprise-D3
HCP01925,Pediatrician,TR35,East,T2,9,185.0,4,1,0.112,0.677,6,True,Arachitol Kids
HCP01926,Pediatrician,TR25,South,T3,14,208.0,4,3,0.33,0.608,8,True,Ultra D3
HCP01927,Obstetrician-Gynecologist,TR16,West,T1,4,163.0,4,5,0.214,0.675,5,False,D3 Must Forte
HCP01928,General Practitioner,TR31,East,T1,25,140.0,2,5,0.116,0.708,2,False,Arachitol Kids
HCP01929,General Practitioner,TR20,Central,T2,5,115.0,3,3,0.115,0.698,4,True,Arachitol Kids
HCP01930,Pediatrician,TR32,East,T3,8,239.0,4,4,0.24,0.448,5,True,D3 Must Forte
HCP01931,Pediatrician,TR10,North,T2,22,252.0,4,4,0.384,0.51,6,True,Kidrich D3 Nano
HCP01932,Pediatrician,TR01,North,T1,9,1006.0,4,4,0.246,0.488,4,False,Kidrich D3 Nano
HCP01933,Pediatrician,TR16,West,T1,10,234.0,5,4,0.373,0.688,4,False,Ultra D3
HCP01934,Pediatrician,TR08,North,T2,12,273.0,5,3,0.219,0.585,5,True,Arachitol Kids
HCP01935,Obstetrician-Gynecologist,TR29,South,T2,11,105.0,4,3,0.092,0.713,3,False,D3 Must Forte
HCP01936,Pediatrician,TR19,Central,T2,4,373.0,5,4,0.542,0.731,4,True,Uprise-D3
HCP01937,Pediatrician,TR12,West,T1,27,242.0,4,3,0.431,0.405,4,True,Other / Generic
HCP01938,Pediatrician,TR28,South,T1,12,331.0,5,5,0.508,0.794,5,True,Uprise-D3
HCP01939,Pediatrician,TR19,Central,T2,14,282.0,4,3,0.388,0.423,4,True,D3 Must Forte
HCP01940,Pediatrician,TR18,West,T3,9,691.0,3,3,0.096,0.493,6,False,Uprise-D3
HCP01941,General Practitioner,TR07,North,T3,2,125.0,4,5,0.35,0.624,2,False,Uprise-D3
HCP01942,Obstetrician-Gynecologist,TR36,East,T2,9,168.0,3,3,0.054,0.591,1,False,Kidrich D3 Nano
HCP01943,General Practitioner,TR24,South,T1,5,69.0,3,3,0.314,0.865,4,True,Other / Generic
HCP01944,Obstetrician-Gynecologist,TR30,South,T2,12,105.0,4,3,0.102,0.793,8,True,Ultra D3
HCP01945,Pediatrician,TR27,South,T2,22,436.0,4,5,0.483,0.703,3,True,Arachitol Kids
HCP01946,General Practitioner,TR18,West,T3,6,80.0,4,3,0.456,0.869,6,True,Arachitol Kids
HCP01947,Obstetrician-Gynecologist,TR01,North,T1,7,45.0,4,3,0.414,0.785,9,True,Uprise-D3
HCP01948,Pediatrician,TR24,South,T1,23,244.0,4,4,0.292,0.46,6,True,Other / Generic
HCP01949,General Practitioner,TR03,North,T2,8,149.0,3,3,0.149,0.618,9,False,Uprise-D3
HCP01950,Neonatologist,TR34,East,T3,33,210.0,4,3,0.065,0.0,4,False,Uprise-D3
HCP01951,General Practitioner,TR10,North,T2,5,127.0,4,2,0.044,0.609,4,False,D3 Must Forte
HCP01952,Pediatrician,TR14,West,T1,6,446.0,5,5,0.698,0.95,2,True,Ultra D3
HCP01953,Pediatrician,TR21,Central,T3,13,359.0,5,4,0.387,0.629,4,True,Ultra D3
HCP01954,General Practitioner,TR18,West,T3,11,138.0,4,3,0.103,0.814,3,False,Other / Generic
HCP01955,Obstetrician-Gynecologist,TR24,South,T1,10,126.0,5,3,0.135,0.538,3,False,D3 Must Forte
HCP01956,Pediatrician,TR28,South,T1,13,164.0,4,4,0.245,0.647,6,True,Arachitol Kids
HCP01957,Pediatrician,TR27,South,T2,30,283.0,3,4,0.421,0.441,1,True,Kidrich D3 Nano
HCP01958,Pediatrician,TR32,East,T3,27,214.0,5,4,0.12,0.479,8,False,Uprise-D3
HCP01959,Pediatrician,TR16,West,T1,6,416.0,4,4,0.447,0.734,4,True,Uprise-D3
HCP01960,General Practitioner,TR19,Central,T2,4,57.0,3,3,0.118,0.891,4,True,D3 Must Forte
HCP01961,Pediatrician,TR31,East,T1,28,220.0,4,5,0.296,0.465,5,False,D3 Must Forte
HCP01962,Pediatrician,TR12,West,T1,23,373.0,4,4,0.14,0.565,5,False,D3 Must Forte
HCP01963,General Practitioner,TR10,North,T2,6,100.0,4,3,0.241,0.658,7,True,Ultra D3
HCP01964,Pediatrician,TR01,North,T1,22,156.0,5,5,0.189,0.45,7,False,Arachitol Kids
HCP01965,General Practitioner,TR26,South,T1,14,187.0,4,4,0.06,0.547,5,False,Kidrich D3 Nano
HCP01966,Pediatrician,TR25,South,T3,17,510.0,5,4,0.106,0.222,6,False,Uprise-D3
HCP01967,Pediatrician,TR12,West,T1,5,323.0,4,3,0.086,0.533,7,False,Ultra D3
HCP01968,Obstetrician-Gynecologist,TR04,North,T2,18,66.0,4,3,0.22,0.66,4,True,Uprise-D3
HCP01969,Pediatrician,TR01,North,T1,18,948.0,3,3,0.328,0.417,9,False,Uprise-D3
HCP01970,Pediatrician,TR17,West,T2,3,233.0,5,5,0.291,0.402,5,False,Uprise-D3
HCP01971,Pediatrician,TR08,North,T2,17,437.0,5,4,0.443,0.258,6,False,Uprise-D3
HCP01972,General Practitioner,TR28,South,T1,13,128.0,3,4,0.074,0.403,7,False,Arachitol Kids
HCP01973,Pediatrician,TR34,East,T3,2,592.0,5,5,0.22,0.511,7,True,Ultra D3
HCP01974,Pediatrician,TR28,South,T1,12,556.0,4,3,0.254,0.636,12,True,Kidrich D3 Nano
HCP01975,Pediatrician,TR30,South,T2,21,242.0,5,4,0.596,0.563,7,True,Arachitol Kids
HCP01976,Obstetrician-Gynecologist,TR36,East,T2,3,149.0,4,3,0.079,0.81,4,False,Other / Generic
HCP01977,General Practitioner,TR27,South,T2,23,243.0,4,2,0.198,0.594,1,False,Other / Generic
HCP01978,Obstetrician-Gynecologist,TR22,Central,T3,10,113.0,4,5,0.351,0.621,3,False,Kidrich D3 Nano
HCP01979,General Practitioner,TR28,South,T1,9,477.0,4,3,0.116,0.622,9,False,Ultra D3
HCP01980,Obstetrician-Gynecologist,TR22,Central,T3,27,164.0,3,2,0.052,0.34,6,False,D3 Must Forte
HCP01981,Pediatrician,TR16,West,T1,6,350.0,5,4,0.253,0.616,2,False,D3 Must Forte
HCP01982,Pediatrician,TR01,North,T1,17,170.0,4,3,0.183,0.804,4,True,D3 Must Forte
HCP01983,Obstetrician-Gynecologist,TR24,South,T1,9,303.0,5,4,0.057,0.73,7,False,Other / Generic
HCP01984,Obstetrician-Gynecologist,TR31,East,T1,4,99.0,4,4,0.634,0.964,5,True,No alternative (DePURA loyal)
HCP01985,Obstetrician-Gynecologist,TR26,South,T1,8,178.0,4,3,0.25,0.716,3,False,Arachitol Kids
HCP01986,Neonatologist,TR15,West,T2,18,195.0,4,4,0.374,0.426,8,True,Arachitol Kids
HCP01987,General Practitioner,TR23,South,T1,11,169.0,3,4,0.072,0.568,1,False,Ultra D3
HCP01988,Pediatrician,TR28,South,T1,13,544.0,3,4,0.534,0.443,7,True,Arachitol Kids
HCP01989,General Practitioner,TR27,South,T2,11,257.0,3,3,0.061,0.472,5,False,Ultra D3
HCP01990,Pediatrician,TR17,West,T2,37,290.0,4,5,0.496,0.125,8,True,Uprise-D3
HCP01991,General Practitioner,TR14,West,T1,12,266.0,4,4,0.141,0.778,9,False,Ultra D3
HCP01992,Obstetrician-Gynecologist,TR15,West,T2,3,261.0,4,3,0.162,0.865,9,False,Uprise-D3
HCP01993,General Practitioner,TR32,East,T3,9,149.0,3,3,0.074,0.927,9,False,Arachitol Kids
HCP01994,Pediatrician,TR06,North,T2,14,283.0,3,4,0.348,0.552,2,False,Arachitol Kids
HCP01995,General Practitioner,TR31,East,T1,6,92.0,3,3,0.239,0.579,2,True,Arachitol Kids
HCP01996,Obstetrician-Gynecologist,TR08,North,T2,20,76.0,4,4,0.083,0.67,9,False,Arachitol Kids
HCP01997,Pediatrician,TR36,East,T2,3,401.0,3,3,0.082,0.479,4,False,Uprise-D3
HCP01998,Pediatrician,TR16,West,T1,19,556.0,5,4,0.222,0.64,4,False,Ultra D3
HCP01999,General Practitioner,TR26,South,T1,11,81.0,4,4,0.148,0.566,6,False,Other / Generic
HCP02000,Obstetrician-Gynecologist,TR26,South,T1,11,115.0,4,2,0.039,0.435,8,False,Uprise-D3
HCP02001,General Practitioner,TR28,South,T1,32,89.0,3,3,0.046,0.353,7,False,Uprise-D3
HCP02002,General Practitioner,TR28,South,T1,11,175.0,3,5,0.469,0.444,6,False,Kidrich D3 Nano
HCP02003,Pediatrician,TR01,North,T1,9,175.0,4,3,0.325,0.583,2,True,Arachitol Kids
HCP02004,Pediatrician,TR12,West,T1,13,791.0,5,5,0.825,0.595,7,True,No alternative (DePURA loyal)
HCP02005,Obstetrician-Gynecologist,TR09,North,T2,18,66.0,5,3,0.056,0.599,3,False,Uprise-D3
HCP02006,Pediatrician,TR26,South,T1,18,429.0,4,5,0.233,0.604,2,False,Kidrich D3 Nano
HCP02007,Pediatrician,TR25,South,T3,9,322.0,5,4,0.186,0.837,5,False,Kidrich D3 Nano
HCP02008,Pediatrician,TR12,West,T1,40,555.0,3,4,0.464,0.139,7,True,Uprise-D3
HCP02009,Pediatrician,TR28,South,T1,12,746.0,5,4,0.416,,9,True,Arachitol Kids
HCP02010,Pediatrician,TR13,West,T1,20,263.0,5,3,0.109,0.438,6,False,Other / Generic
HCP02011,General Practitioner,TR13,West,T1,10,106.0,5,5,0.215,0.627,3,True,Kidrich D3 Nano
HCP02012,Pediatrician,TR15,West,T2,13,791.0,4,4,0.363,0.622,7,True,D3 Must Forte
HCP02013,General Practitioner,TR27,South,T2,19,147.0,4,4,0.251,0.42,5,True,Arachitol Kids
HCP02014,Pediatrician,TR01,North,T1,15,329.0,4,3,0.202,0.725,12,False,Kidrich D3 Nano
HCP02015,Obstetrician-Gynecologist,TR32,East,T3,16,109.0,5,3,0.09,0.466,4,False,Arachitol Kids
HCP02016,Pediatrician,TR26,South,T1,20,227.0,5,2,0.379,0.599,7,True,Uprise-D3
HCP02017,Pediatrician,TR23,South,T1,16,606.0,4,5,0.543,0.455,4,True,Uprise-D3
HCP02018,Pediatrician,TR10,North,T2,31,543.0,5,4,0.143,0.346,6,False,Uprise-D3
HCP02019,Neonatologist,TR28,South,T1,8,434.0,5,4,0.135,0.447,10,False,Ultra D3
HCP02020,General Practitioner,TR31,East,T1,26,140.0,3,4,0.189,0.789,2,True,Arachitol Kids
HCP02021,General Practitioner,TR18,West,T3,17,234.0,4,3,0.183,0.321,7,True,Uprise-D3
HCP02022,Pediatrician,TR12,West,T1,2,374.0,3,5,0.695,0.77,4,True,D3 Must Forte
HCP02023,Pediatrician,TR14,West,T1,28,332.0,4,5,0.267,0.131,9,False,Kidrich D3 Nano
HCP02024,Neonatologist,TR15,West,T2,4,157.0,4,4,0.129,0.532,5,False,Arachitol Kids
HCP02025,Pediatrician,TR12,West,T1,18,295.0,4,5,0.297,0.602,2,False,Kidrich D3 Nano
HCP02026,General Practitioner,TR26,South,T1,13,235.0,3,4,0.066,0.478,3,False,Arachitol Kids
HCP02027,Obstetrician-Gynecologist,TR13,West,T1,13,42.0,4,3,0.082,0.413,2,False,Uprise-D3
HCP02028,General Practitioner,TR29,South,T2,14,156.0,5,2,0.039,0.481,1,False,Arachitol Kids
HCP02029,Pediatrician,TR16,West,T1,21,421.0,4,4,0.373,0.54,1,False,D3 Must Forte
HCP02030,Pediatrician,TR24,South,T1,13,1057.0,5,5,0.573,0.631,3,True,Uprise-D3
HCP02031,Pediatrician,TR34,East,T3,4,778.0,4,3,0.231,0.682,5,True,Arachitol Kids
HCP02032,Neonatologist,TR16,West,T1,7,116.0,4,5,0.53,0.607,5,True,Ultra D3
HCP02033,Obstetrician-Gynecologist,TR06,North,T2,19,174.0,4,3,0.029,0.299,1,False,Uprise-D3
HCP02034,Pediatrician,TR20,Central,T2,12,452.0,3,2,0.042,0.586,9,False,Other / Generic
HCP02035,Obstetrician-Gynecologist,TR18,West,T3,12,138.0,3,2,0.252,0.675,2,True,Ultra D3
HCP02036,Pediatrician,TR28,South,T1,5,671.0,5,5,0.669,0.78,10,False,D3 Must Forte
HCP02037,Pediatrician,TR31,East,T1,9,134.0,4,4,0.506,0.673,14,True,Kidrich D3 Nano
HCP02038,Pediatrician,TR26,South,T1,3,320.0,4,3,0.21,0.462,4,True,Kidrich D3 Nano
HCP02039,Obstetrician-Gynecologist,TR35,East,T2,12,129.0,4,3,0.077,0.458,2,True,Arachitol Kids
HCP02040,Pediatrician,TR12,West,T1,16,276.0,4,4,0.419,0.515,3,True,Arachitol Kids
HCP02041,Pediatrician,TR10,North,T2,9,288.0,4,3,0.178,0.773,8,True,Uprise-D3
HCP02042,Pediatrician,TR12,West,T1,23,168.0,3,3,0.278,0.439,6,True,Kidrich D3 Nano
HCP02043,Pediatrician,TR24,South,T1,10,640.0,4,3,0.236,0.657,1,True,Arachitol Kids
HCP02044,Pediatrician,TR10,North,T2,19,263.0,3,3,0.197,0.176,6,True,Other / Generic
HCP02045,Pediatrician,TR02,North,T1,27,207.0,5,4,0.111,0.604,8,False,Arachitol Kids
HCP02046,Obstetrician-Gynecologist,TR36,East,T2,17,132.0,4,2,0.203,0.504,6,True,Ultra D3
HCP02047,Neonatologist,TR13,West,T1,18,361.0,4,2,0.057,0.546,4,False,Arachitol Kids
HCP02048,Pediatrician,TR09,North,T2,8,216.0,4,2,0.144,0.498,6,False,Arachitol Kids
HCP02049,Neonatologist,TR14,West,T1,13,215.0,5,3,0.073,0.348,9,False,Arachitol Kids
HCP02050,Obstetrician-Gynecologist,TR05,North,T2,11,86.0,4,3,0.156,0.394,4,False,Ultra D3
HCP02051,Obstetrician-Gynecologist,TR01,North,T1,3,109.0,4,4,0.162,0.636,6,False,D3 Must Forte
HCP02052,Pediatrician,TR12,West,T1,29,327.0,3,4,0.101,0.276,4,False,Arachitol Kids
HCP02053,Obstetrician-Gynecologist,TR13,West,T1,32,121.0,5,3,0.097,0.217,3,False,Uprise-D3
HCP02054,General Practitioner,TR28,South,T1,2,228.0,4,5,0.51,,7,True,Uprise-D3
HCP02055,Pediatrician,TR16,West,T1,17,623.0,5,3,0.196,0.604,5,False,Arachitol Kids
HCP02056,General Practitioner,TR26,South,T1,5,192.0,4,3,0.145,0.745,5,False,Arachitol Kids
HCP02057,Pediatrician,TR26,South,T1,15,285.0,5,3,0.407,,6,True,Uprise-D3
HCP02058,General Practitioner,TR28,South,T1,21,129.0,3,3,0.142,0.561,6,False,Arachitol Kids
HCP02059,General Practitioner,TR32,East,T3,10,142.0,3,2,0.11,0.688,6,False,D3 Must Forte
HCP02060,Pediatrician,TR18,West,T3,15,338.0,4,3,0.149,0.648,11,False,D3 Must Forte
HCP02061,Pediatrician,TR03,North,T2,17,133.0,5,2,0.042,0.331,3,False,Uprise-D3
HCP02062,Obstetrician-Gynecologist,TR01,North,T1,8,193.0,4,3,0.118,0.739,7,True,Kidrich D3 Nano
HCP02063,Pediatrician,TR07,North,T3,3,261.0,3,3,0.167,0.705,10,False,Other / Generic
HCP02064,Obstetrician-Gynecologist,TR29,South,T2,17,78.0,4,3,0.061,0.528,2,True,Other / Generic
HCP02065,General Practitioner,TR22,Central,T3,7,92.0,4,3,0.122,0.736,2,True,Other / Generic
HCP02066,Pediatrician,TR04,North,T2,8,347.0,3,5,0.251,0.603,4,False,Kidrich D3 Nano
HCP02067,Pediatrician,TR04,North,T2,22,95.0,3,4,0.169,0.498,10,False,Arachitol Kids
HCP02068,Neonatologist,TR31,East,T1,24,425.0,4,4,0.401,0.444,4,True,Ultra D3
HCP02069,Neonatologist,TR19,Central,T2,5,182.0,3,3,0.192,0.766,7,False,Uprise-D3
HCP02070,Pediatrician,TR06,North,T2,6,131.0,2,3,0.318,0.699,2,True,Arachitol Kids
HCP02071,Pediatrician,TR31,East,T1,9,363.0,4,3,0.175,0.828,7,False,Ultra D3
HCP02072,Pediatrician,TR26,South,T1,9,560.0,4,3,0.179,0.699,5,True,Arachitol Kids
HCP02073,General Practitioner,TR16,West,T1,17,103.0,4,3,0.069,0.619,5,False,Arachitol Kids
HCP02074,Pediatrician,TR16,West,T1,19,336.0,4,4,0.205,0.367,4,False,D3 Must Forte
HCP02075,Pediatrician,TR24,South,T1,2,751.0,4,4,0.148,0.704,2,False,Uprise-D3
HCP02076,Pediatrician,TR13,West,T1,5,471.0,3,5,0.605,0.759,8,True,No alternative (DePURA loyal)
HCP02077,Neonatologist,TR36,East,T2,11,341.0,5,3,0.282,0.559,6,True,Arachitol Kids
HCP02078,Pediatrician,TR28,South,T1,27,116.0,4,3,0.429,0.497,8,True,Uprise-D3
HCP02079,General Practitioner,TR24,South,T1,17,148.0,4,5,0.238,0.664,5,False,Arachitol Kids
HCP02080,Pediatrician,TR25,South,T3,15,631.0,5,3,0.247,0.677,12,True,D3 Must Forte
HCP02081,General Practitioner,TR36,East,T2,3,269.0,4,3,0.08,0.577,3,False,Uprise-D3
HCP02082,General Practitioner,TR01,North,T1,14,106.0,4,4,0.198,0.581,10,False,Uprise-D3
HCP02083,Obstetrician-Gynecologist,TR01,North,T1,8,408.0,4,4,0.121,0.598,4,False,Kidrich D3 Nano
HCP02084,General Practitioner,TR28,South,T1,5,153.0,4,3,0.237,0.865,7,True,Arachitol Kids
HCP02085,Pediatrician,TR09,North,T2,9,270.0,5,4,0.404,0.506,6,True,Ultra D3
HCP02086,Pediatrician,TR25,South,T3,6,246.0,5,4,0.302,0.623,9,True,Uprise-D3
HCP02087,Pediatrician,TR18,West,T3,14,501.0,5,4,0.32,0.563,4,True,Uprise-D3
HCP02088,Pediatrician,TR13,West,T1,14,294.0,5,4,0.176,0.831,2,False,Arachitol Kids
HCP02089,Neonatologist,TR10,North,T2,19,358.0,4,4,0.232,0.404,8,False,Arachitol Kids
HCP02090,Pediatrician,TR28,South,T1,10,473.0,5,4,0.262,0.681,7,True,Arachitol Kids
HCP02091,Obstetrician-Gynecologist,TR06,North,T2,5,146.0,5,5,0.353,0.873,3,True,D3 Must Forte
HCP02092,Pediatrician,TR05,North,T2,6,157.0,5,4,0.414,,6,False,Ultra D3
HCP02093,Obstetrician-Gynecologist,TR16,West,T1,29,73.0,5,4,0.161,0.281,6,False,Ultra D3
HCP02094,Obstetrician-Gynecologist,TR04,North,T2,11,102.0,5,3,0.175,0.846,8,True,D3 Must Forte
HCP02095,General Practitioner,TR24,South,T1,14,130.0,3,3,0.116,0.775,1,False,Arachitol Kids
HCP02096,Pediatrician,TR36,East,T2,19,298.0,5,4,0.233,0.492,7,False,Ultra D3
HCP02097,Obstetrician-Gynecologist,TR27,South,T2,13,79.0,4,4,0.054,0.445,1,False,Arachitol Kids
HCP02098,Obstetrician-Gynecologist,TR23,South,T1,8,114.0,4,4,0.042,0.536,3,False,Arachitol Kids
HCP02099,Pediatrician,TR14,West,T1,20,606.0,4,4,0.382,0.211,11,True,Other / Generic
HCP02100,Neonatologist,TR36,East,T2,5,182.0,5,4,0.328,0.533,3,True,Ultra D3
HCP02101,Obstetrician-Gynecologist,TR31,East,T1,10,47.0,5,5,0.18,0.818,6,False,Arachitol Kids
HCP02102,Pediatrician,TR29,South,T2,11,618.0,5,3,0.158,0.735,7,False,Arachitol Kids
HCP02103,Pediatrician,TR09,North,T2,6,222.0,4,4,0.218,,4,False,D3 Must Forte
HCP02104,Pediatrician,TR04,North,T2,15,302.0,5,5,0.239,0.497,5,False,Uprise-D3
HCP02105,Pediatrician,TR06,North,T2,2,501.0,4,4,0.391,0.593,4,False,Arachitol Kids
HCP02106,Obstetrician-Gynecologist,TR11,North,T3,17,51.0,5,2,0.137,0.782,7,False,Arachitol Kids
HCP02107,Obstetrician-Gynecologist,TR02,North,T1,14,203.0,5,3,0.136,0.601,8,False,D3 Must Forte
HCP02108,Pediatrician,TR31,East,T1,26,358.0,4,4,0.327,0.322,9,False,Kidrich D3 Nano
HCP02109,General Practitioner,TR07,North,T3,15,72.0,4,3,0.02,0.504,3,False,D3 Must Forte
HCP02110,Pediatrician,TR09,North,T2,32,448.0,5,3,0.113,0.473,8,False,Kidrich D3 Nano
HCP02111,Pediatrician,TR31,East,T1,5,277.0,4,5,0.417,0.527,6,True,D3 Must Forte
HCP02112,General Practitioner,TR34,East,T3,6,86.0,5,3,0.033,0.519,1,False,Other / Generic
HCP02113,General Practitioner,TR09,North,T2,19,234.0,3,4,0.333,0.596,6,True,Uprise-D3
HCP02114,Pediatrician,TR12,West,T1,16,444.0,4,4,0.609,0.602,3,True,Uprise-D3
HCP02115,Pediatrician,TR28,South,T1,5,244.0,5,4,0.568,0.588,5,True,Arachitol Kids
HCP02116,Obstetrician-Gynecologist,TR35,East,T2,6,120.0,4,2,0.038,0.69,3,False,Arachitol Kids
HCP02117,Pediatrician,TR24,South,T1,19,524.0,4,3,0.393,0.424,3,False,Other / Generic
HCP02118,Pediatrician,TR16,West,T1,23,647.0,4,3,0.106,0.617,6,True,Uprise-D3
HCP02119,Neonatologist,TR24,South,T1,10,208.5,4,3,0.154,0.629,9,False,Kidrich D3 Nano
HCP02120,Obstetrician-Gynecologist,TR28,South,T1,21,160.0,3,4,0.038,,3,False,Kidrich D3 Nano
HCP02121,General Practitioner,TR03,North,T2,22,173.0,4,4,0.255,0.22,10,True,Other / Generic
HCP02122,Pediatrician,TR16,West,T1,15,447.0,4,4,0.227,0.405,5,True,Arachitol Kids
HCP02123,General Practitioner,TR30,South,T2,21,110.0,4,3,0.028,0.358,4,False,Kidrich D3 Nano
HCP02124,General Practitioner,TR26,South,T1,12,232.0,3,3,0.062,0.797,2,False,Other / Generic
HCP02125,Pediatrician,TR05,North,T2,7,500.0,5,3,0.26,0.819,4,False,Arachitol Kids
HCP02126,Pediatrician,TR27,South,T2,23,365.0,4,4,0.23,0.519,3,False,Arachitol Kids
HCP02127,Pediatrician,TR24,South,T1,28,243.0,5,4,0.275,0.371,10,True,Arachitol Kids
HCP02128,Pediatrician,TR11,North,T3,9,534.0,5,4,0.387,0.675,4,True,Uprise-D3
HCP02129,Neonatologist,TR13,West,T1,23,311.0,4,5,0.306,0.777,5,False,Arachitol Kids
HCP02130,General Practitioner,TR13,West,T1,3,350.0,2,4,0.329,0.959,5,True,Arachitol Kids
HCP02131,Pediatrician,TR36,East,T2,8,1556.0,4,4,0.358,0.564,7,True,Arachitol Kids
HCP02132,Pediatrician,TR07,North,T3,22,193.0,5,4,0.11,0.314,7,False,D3 Must Forte
HCP02133,Pediatrician,TR29,South,T2,8,356.0,4,1,0.127,0.42,2,True,Arachitol Kids
HCP02134,Pediatrician,TR19,Central,T2,13,218.0,5,2,0.086,0.765,2,False,Ultra D3
HCP02135,Pediatrician,TR31,East,T1,14,272.0,4,5,0.508,0.546,6,True,Arachitol Kids
HCP02136,Neonatologist,TR36,East,T2,19,106.0,4,3,0.111,0.603,13,False,Other / Generic
HCP02137,Obstetrician-Gynecologist,TR34,East,T3,16,100.0,5,3,0.131,0.476,9,False,D3 Must Forte
HCP02138,Neonatologist,TR30,South,T2,23,187.0,4,4,0.187,0.622,6,False,Arachitol Kids
HCP02139,Pediatrician,TR15,West,T2,11,323.0,4,4,0.147,0.653,6,False,Arachitol Kids
HCP02140,Obstetrician-Gynecologist,TR12,West,T1,4,134.0,5,3,0.258,0.745,5,False,Kidrich D3 Nano
HCP02141,General Practitioner,TR13,West,T1,13,191.0,3,4,0.124,0.642,2,False,Kidrich D3 Nano
HCP02142,Pediatrician,TR24,South,T1,14,471.0,5,4,0.145,0.646,7,False,Kidrich D3 Nano
HCP02143,Pediatrician,TR13,West,T1,23,286.0,4,3,0.306,0.637,5,False,Uprise-D3
HCP02144,Pediatrician,TR16,West,T1,7,385.0,4,4,0.302,0.875,3,False,Arachitol Kids
HCP02145,Pediatrician,TR02,North,T1,23,279.0,3,3,0.339,0.655,7,False,Uprise-D3
HCP02146,Obstetrician-Gynecologist,TR28,South,T1,36,59.0,4,4,0.454,0.252,7,True,Kidrich D3 Nano
HCP02147,General Practitioner,TR03,North,T2,7,34.0,3,2,0.033,0.555,5,False,Ultra D3
HCP02148,Neonatologist,TR13,West,T1,5,205.0,4,2,0.214,0.676,7,True,D3 Must Forte
HCP02149,General Practitioner,TR23,South,T1,5,272.0,4,3,0.198,0.787,6,True,Arachitol Kids
HCP02150,Pediatrician,TR19,Central,T2,20,251.0,4,4,0.258,0.582,7,False,Uprise-D3
HCP02151,Pediatrician,TR31,East,T1,16,509.0,4,3,0.597,0.629,7,True,Arachitol Kids
HCP02152,Pediatrician,TR24,South,T1,8,247.0,4,4,0.136,0.603,6,False,Arachitol Kids
HCP02153,Obstetrician-Gynecologist,TR28,South,T1,11,150.0,5,2,0.096,0.687,6,True,Other / Generic
HCP02154,Pediatrician,TR12,West,T1,15,240.0,3,4,0.246,0.377,3,True,Uprise-D3
HCP02155,Pediatrician,TR04,North,T2,10,252.0,5,3,0.139,0.142,4,False,D3 Must Forte
HCP02156,Pediatrician,TR27,South,T2,9,576.0,3,4,0.41,0.49,6,False,Other / Generic
HCP02157,Obstetrician-Gynecologist,TR05,North,T2,28,88.0,4,3,0.136,0.361,2,True,Uprise-D3
HCP02158,Pediatrician,TR29,South,T2,17,416.0,4,2,0.349,0.642,8,True,Uprise-D3
HCP02159,Pediatrician,TR34,East,T3,9,385.0,5,3,0.209,0.378,2,True,Uprise-D3
HCP02160,General Practitioner,TR12,West,T1,21,175.0,5,3,0.027,0.489,5,False,Uprise-D3
HCP02161,Pediatrician,TR27,South,T2,6,290.0,5,5,0.559,0.566,4,True,Other / Generic
HCP02162,General Practitioner,TR16,West,T1,19,284.0,3,3,0.078,0.545,3,False,Kidrich D3 Nano
HCP02163,General Practitioner,TR12,West,T1,23,152.0,3,4,0.102,0.351,0,False,Other / Generic
HCP02164,Pediatrician,TR16,West,T1,5,458.0,4,3,0.225,0.672,5,True,Uprise-D3
HCP02165,Pediatrician,TR24,South,T1,15,512.0,4,4,0.527,0.696,7,True,Uprise-D3
HCP02166,Pediatrician,TR36,East,T2,22,248.0,5,4,0.263,0.465,10,False,Arachitol Kids
HCP02167,Pediatrician,TR12,West,T1,9,163.0,4,2,0.091,0.751,4,False,D3 Must Forte
HCP02168,General Practitioner,TR26,South,T1,24,292.0,2,2,0.033,0.217,8,False,Uprise-D3
HCP02169,Pediatrician,TR13,West,T1,15,201.0,5,5,0.584,0.463,3,True,Uprise-D3
HCP02170,Pediatrician,TR11,North,T3,10,256.0,3,2,0.155,0.412,4,True,Other / Generic
HCP02171,General Practitioner,TR24,South,T1,40,150.0,3,4,0.183,0.268,4,False,Uprise-D3
HCP02172,General Practitioner,TR27,South,T2,40,110.0,4,4,0.095,0.485,1,False,Kidrich D3 Nano
HCP02173,Obstetrician-Gynecologist,TR26,South,T1,32,98.0,5,3,0.077,0.309,1,False,Uprise-D3
HCP02174,Obstetrician-Gynecologist,TR34,East,T3,8,170.0,5,3,0.2,0.508,5,False,Arachitol Kids
HCP02175,Pediatrician,TR03,North,T2,11,345.0,5,3,0.39,0.457,5,True,Uprise-D3
HCP02176,Pediatrician,TR20,Central,T2,5,704.0,3,4,0.44,0.431,7,True,D3 Must Forte
HCP02177,General Practitioner,TR12,West,T1,21,186.0,2,4,0.21,0.218,3,False,D3 Must Forte
HCP02178,General Practitioner,TR28,South,T1,10,92.0,3,4,0.263,0.66,3,False,Uprise-D3
HCP02179,Pediatrician,TR02,North,T1,9,275.0,4,4,0.616,0.867,6,True,No alternative (DePURA loyal)
HCP02180,Neonatologist,TR06,North,T2,18,57.0,4,3,0.416,0.582,7,True,Uprise-D3
HCP02181,General Practitioner,TR28,South,T1,11,318.0,3,4,0.256,0.454,10,False,Other / Generic
HCP02182,Pediatrician,TR14,West,T1,6,1041.0,4,4,0.283,0.469,7,False,Arachitol Kids
HCP02183,General Practitioner,TR25,South,T3,38,140.0,3,3,0.052,0.33,6,False,Uprise-D3
HCP02184,Pediatrician,TR36,East,T2,22,595.0,4,4,0.338,0.368,10,True,Arachitol Kids
HCP02185,Neonatologist,TR16,West,T1,10,264.0,5,5,0.176,0.594,3,False,Ultra D3
HCP02186,Pediatrician,TR19,Central,T2,11,320.0,5,3,0.088,0.875,4,False,Arachitol Kids
HCP02187,General Practitioner,TR35,East,T2,8,110.0,5,3,0.148,0.667,3,True,Arachitol Kids
HCP02188,General Practitioner,TR27,South,T2,14,141.0,3,2,0.08,0.648,2,False,Uprise-D3
HCP02189,Pediatrician,TR08,North,T2,17,249.0,4,5,0.761,0.385,7,True,No alternative (DePURA loyal)
HCP02190,General Practitioner,TR28,South,T1,5,106.0,3,3,0.154,0.592,9,False,Uprise-D3
HCP02191,Pediatrician,TR19,Central,T2,19,190.0,5,4,0.093,0.327,6,False,D3 Must Forte
HCP02192,Pediatrician,TR28,South,T1,5,708.0,3,5,0.705,0.894,10,True,Kidrich D3 Nano
HCP02193,Pediatrician,TR23,South,T1,21,403.0,4,5,0.381,0.284,7,False,Arachitol Kids
HCP02194,Obstetrician-Gynecologist,TR09,North,T2,14,127.0,5,2,0.058,0.351,5,True,Arachitol Kids
HCP02195,Obstetrician-Gynecologist,TR28,South,T1,10,102.0,4,4,0.278,0.584,7,False,Other / Generic
HCP02196,Pediatrician,TR01,North,T1,12,313.0,5,3,0.182,0.903,5,False,Other / Generic
HCP02197,Obstetrician-Gynecologist,TR31,East,T1,4,191.0,5,3,0.072,0.581,7,False,Uprise-D3
HCP02198,Obstetrician-Gynecologist,TR29,South,T2,13,64.0,3,3,0.261,0.311,3,True,Uprise-D3
HCP02199,Pediatrician,TR35,East,T2,11,301.0,4,3,0.134,,3,True,D3 Must Forte
HCP02200,Neonatologist,TR01,North,T1,15,305.0,5,4,0.195,0.614,0,True,Ultra D3
HCP02201,Pediatrician,TR16,West,T1,26,329.0,4,5,0.474,0.423,4,True,Ultra D3
HCP02202,Obstetrician-Gynecologist,TR06,North,T2,3,141.0,5,2,0.087,0.57,6,False,Uprise-D3
HCP02203,General Practitioner,TR14,West,T1,11,78.0,5,4,0.298,0.546,3,True,D3 Must Forte
HCP02204,Neonatologist,TR14,West,T1,14,333.0,3,4,0.141,0.724,4,False,Kidrich D3 Nano
HCP02205,Pediatrician,TR23,South,T1,9,446.0,5,3,0.251,0.785,6,True,Arachitol Kids
HCP02206,Pediatrician,TR16,West,T1,11,418.0,4,5,0.72,0.627,4,True,No alternative (DePURA loyal)
HCP02207,Obstetrician-Gynecologist,TR35,East,T2,12,54.0,4,1,0.016,0.697,2,False,Arachitol Kids
HCP02208,General Practitioner,TR12,West,T1,14,134.0,3,4,0.338,0.816,2,True,Arachitol Kids
HCP02209,General Practitioner,TR15,West,T2,12,92.0,4,5,0.134,0.355,4,False,Arachitol Kids
HCP02210,General Practitioner,TR26,South,T1,15,234.0,3,3,0.035,0.756,3,False,Arachitol Kids
HCP02211,General Practitioner,TR12,West,T1,7,268.0,4,3,0.033,0.664,4,False,Arachitol Kids
HCP02212,Pediatrician,TR26,South,T1,15,339.0,5,1,0.022,0.566,3,False,Uprise-D3
HCP02213,Pediatrician,TR26,South,T1,4,493.0,4,5,0.455,0.361,6,True,Uprise-D3
HCP02214,Pediatrician,TR26,South,T1,25,503.0,5,3,0.355,0.351,5,True,Uprise-D3
HCP02215,Pediatrician,TR24,South,T1,17,497.0,3,5,0.357,0.437,2,False,Arachitol Kids
HCP02216,Obstetrician-Gynecologist,TR28,South,T1,5,55.0,5,5,0.506,0.993,5,True,Kidrich D3 Nano
HCP02217,Pediatrician,TR36,East,T2,5,249.0,4,4,0.274,0.765,4,True,Arachitol Kids
HCP02218,Pediatrician,TR01,North,T1,11,383.0,4,4,0.368,0.278,8,False,Uprise-D3
HCP02219,Pediatrician,TR18,West,T3,19,280.0,4,4,0.257,0.065,9,False,D3 Must Forte
HCP02220,Obstetrician-Gynecologist,TR28,South,T1,22,91.0,4,4,0.307,0.231,3,False,Uprise-D3
HCP02221,Pediatrician,TR01,North,T1,9,650.0,5,4,0.368,0.341,12,False,Uprise-D3
HCP02222,Pediatrician,TR20,Central,T2,23,400.0,4,4,0.522,0.281,3,True,Uprise-D3
HCP02223,Obstetrician-Gynecologist,TR24,South,T1,12,165.0,5,4,0.222,0.327,4,False,Other / Generic
HCP02224,Pediatrician,TR08,North,T2,10,201.0,3,5,0.573,0.628,9,True,Other / Generic
HCP02225,General Practitioner,TR15,West,T2,13,373.0,3,3,0.027,0.484,3,False,D3 Must Forte
HCP02226,Pediatrician,TR28,South,T1,15,241.0,5,4,0.494,0.568,8,True,Uprise-D3
HCP02227,General Practitioner,TR02,North,T1,12,154.0,3,4,0.083,0.56,6,False,Other / Generic
HCP02228,Pediatrician,TR04,North,T2,8,574.0,5,5,0.338,0.227,6,True,Arachitol Kids
HCP02229,Pediatrician,TR29,South,T2,5,999.0,4,3,0.243,0.611,6,True,Arachitol Kids
HCP02230,Pediatrician,TR28,South,T1,10,379.0,4,4,0.684,0.578,7,True,No alternative (DePURA loyal)
HCP02231,General Practitioner,TR23,South,T1,17,245.0,4,4,0.051,0.957,8,False,Other / Generic
HCP02232,Obstetrician-Gynecologist,TR15,West,T2,15,105.0,5,3,0.123,0.456,1,True,Uprise-D3
HCP02233,Pediatrician,TR03,North,T2,13,390.0,4,5,0.407,0.26,12,False,Uprise-D3
HCP02234,General Practitioner,TR28,South,T1,17,111.0,3,5,0.157,0.495,5,False,Kidrich D3 Nano
HCP02235,Pediatrician,TR10,North,T2,16,201.0,4,2,0.12,0.665,13,True,Arachitol Kids
HCP02236,General Practitioner,TR32,East,T3,9,147.0,2,4,0.119,0.755,6,False,Other / Generic
HCP02237,Neonatologist,TR28,South,T1,7,270.0,4,4,0.277,0.447,7,False,Uprise-D3
HCP02238,Pediatrician,TR02,North,T1,5,747.0,5,3,0.258,0.444,12,True,D3 Must Forte
HCP02239,Pediatrician,TR24,South,T1,13,326.0,4,3,0.296,0.625,7,False,Arachitol Kids
HCP02240,General Practitioner,TR32,East,T3,21,136.0,4,4,0.331,0.495,5,False,Other / Generic
HCP02241,Obstetrician-Gynecologist,TR31,East,T1,5,78.0,4,3,0.111,0.549,7,False,Uprise-D3
HCP02242,General Practitioner,TR23,South,T1,25,176.0,3,3,0.052,0.391,5,False,Other / Generic
HCP02243,Pediatrician,TR06,North,T2,6,127.0,3,3,0.154,0.579,3,False,Uprise-D3
HCP02244,General Practitioner,TR25,South,T3,19,67.0,4,3,0.126,0.408,14,False,Arachitol Kids
HCP02245,Pediatrician,TR24,South,T1,19,155.0,5,4,0.433,0.649,3,True,Uprise-D3
HCP02246,Neonatologist,TR23,South,T1,17,303.0,4,3,0.035,0.661,5,False,Ultra D3
HCP02247,Obstetrician-Gynecologist,TR11,North,T3,11,85.0,5,3,0.068,0.416,6,True,Arachitol Kids
HCP02248,Obstetrician-Gynecologist,TR31,East,T1,8,148.0,5,3,0.082,0.683,3,False,Uprise-D3
HCP02249,Obstetrician-Gynecologist,TR18,West,T3,8,66.0,5,3,0.118,0.672,5,False,Uprise-D3
HCP02250,Neonatologist,TR12,West,T1,18,293.0,5,3,0.315,0.302,3,True,Other / Generic
HCP02251,Pediatrician,TR11,North,T3,1,199.0,5,4,0.22,,3,False,Kidrich D3 Nano
HCP02252,Obstetrician-Gynecologist,TR12,West,T1,18,262.0,4,3,0.073,0.569,2,True,Uprise-D3
HCP02253,Pediatrician,TR16,West,T1,7,382.0,5,5,0.538,0.73,5,True,Uprise-D3
HCP02254,Pediatrician,TR10,North,T2,19,564.0,4,4,0.166,0.564,7,True,Other / Generic
HCP02255,Pediatrician,TR19,Central,T2,16,313.0,4,3,0.661,0.218,8,True,Arachitol Kids
HCP02256,Pediatrician,TR08,North,T2,26,294.0,4,4,0.276,0.54,8,False,Uprise-D3
HCP02257,Pediatrician,TR12,West,T1,21,170.0,5,4,0.223,0.381,5,False,Arachitol Kids
HCP02258,Pediatrician,TR04,North,T2,12,218.0,5,4,0.189,0.325,9,False,Kidrich D3 Nano
HCP02259,Pediatrician,TR14,West,T1,15,236.0,4,3,0.27,0.455,9,True,Arachitol Kids
HCP02260,Pediatrician,TR15,West,T2,11,534.0,3,3,0.291,0.752,10,False,Uprise-D3
HCP02261,Pediatrician,TR15,West,T2,23,448.0,4,3,0.26,0.498,7,False,Other / Generic
HCP02262,General Practitioner,TR26,South,T1,22,164.0,2,4,0.128,0.356,2,True,Arachitol Kids
HCP02263,General Practitioner,TR17,West,T2,26,173.0,2,4,0.185,0.462,9,True,Uprise-D3
HCP02264,General Practitioner,TR26,South,T1,14,229.0,4,2,0.036,0.776,5,False,Arachitol Kids
HCP02265,General Practitioner,TR01,North,T1,18,147.0,3,3,0.222,0.803,9,True,Arachitol Kids
HCP02266,General Practitioner,TR16,West,T1,16,209.0,3,3,0.189,0.751,2,False,Other / Generic
HCP02267,Pediatrician,TR02,North,T1,11,199.0,4,4,0.443,0.674,7,False,Arachitol Kids
HCP02268,Pediatrician,TR16,West,T1,10,423.0,4,5,0.403,0.52,5,False,Arachitol Kids
HCP02269,Pediatrician,TR23,South,T1,16,236.0,5,5,0.145,0.448,6,False,Uprise-D3
HCP02270,Pediatrician,TR28,South,T1,20,725.0,4,4,0.138,0.516,6,False,Other / Generic
HCP02271,Obstetrician-Gynecologist,TR20,Central,T2,19,232.0,4,3,0.043,0.605,8,False,Uprise-D3
HCP02272,Pediatrician,TR14,West,T1,21,388.0,4,5,0.678,0.455,5,True,Arachitol Kids
HCP02273,Neonatologist,TR11,North,T3,36,176.0,4,3,0.21,0.044,5,False,Ultra D3
HCP02274,Pediatrician,TR34,East,T3,9,258.0,4,3,0.119,0.632,5,False,D3 Must Forte
HCP02275,General Practitioner,TR08,North,T2,11,159.0,3,5,0.107,0.532,7,False,D3 Must Forte
HCP02276,Pediatrician,TR01,North,T1,9,334.0,5,3,0.252,0.362,8,True,Arachitol Kids
HCP02277,Obstetrician-Gynecologist,TR04,North,T2,9,147.0,4,4,0.5,0.675,7,True,Arachitol Kids
HCP02278,Obstetrician-Gynecologist,TR36,East,T2,22,184.0,5,3,0.342,0.402,9,True,Arachitol Kids
HCP02279,Pediatrician,TR32,East,T3,21,149.0,4,4,0.657,0.509,5,True,Arachitol Kids
HCP02280,Pediatrician,TR13,West,T1,7,399.0,4,3,0.41,0.78,6,True,Uprise-D3
HCP02281,General Practitioner,TR01,North,T1,4,115.0,4,4,0.112,0.7,4,False,Arachitol Kids
HCP02282,Pediatrician,TR28,South,T1,18,530.0,4,4,0.283,0.696,7,True,Arachitol Kids
HCP02283,Pediatrician,TR12,West,T1,8,308.0,4,4,0.31,0.415,2,True,D3 Must Forte
HCP02284,Neonatologist,TR01,North,T1,29,139.0,4,5,0.39,,5,True,Uprise-D3
HCP02285,General Practitioner,TR16,West,T1,18,82.0,3,4,0.347,0.59,3,True,Arachitol Kids
HCP02286,Pediatrician,TR16,West,T1,15,230.0,5,5,0.676,,3,True,Kidrich D3 Nano
HCP02287,Pediatrician,TR14,West,T1,3,512.0,3,4,0.392,0.477,8,True,Arachitol Kids
HCP02288,Pediatrician,TR24,South,T1,10,437.0,5,5,0.28,0.49,5,False,Other / Generic
HCP02289,Obstetrician-Gynecologist,TR26,South,T1,16,125.0,4,4,0.147,0.825,3,True,Kidrich D3 Nano
HCP02290,Pediatrician,TR21,Central,T3,8,556.0,5,5,0.269,0.572,4,False,Arachitol Kids
HCP02291,Pediatrician,TR01,North,T1,16,157.0,4,4,0.533,0.387,7,True,Arachitol Kids
HCP02292,Pediatrician,TR01,North,T1,26,782.0,4,3,0.209,,6,False,Arachitol Kids
HCP02293,Neonatologist,TR31,East,T1,13,409.0,5,5,0.139,0.58,8,False,Arachitol Kids
HCP02294,Pediatrician,TR07,North,T3,7,174.0,3,3,0.08,,3,False,D3 Must Forte
HCP02295,General Practitioner,TR15,West,T2,18,219.0,4,3,0.111,0.451,6,False,Other / Generic
HCP02296,Pediatrician,TR03,North,T2,40,230.0,4,4,0.264,0.35,3,True,Kidrich D3 Nano
HCP02297,Obstetrician-Gynecologist,TR09,North,T2,10,129.0,5,3,0.099,0.697,4,False,D3 Must Forte
HCP02298,Pediatrician,TR17,West,T2,18,122.0,5,5,0.357,0.745,5,False,Other / Generic
HCP02299,Obstetrician-Gynecologist,TR10,North,T2,8,145.0,4,3,0.089,0.782,4,False,Arachitol Kids
HCP02300,Neonatologist,TR24,South,T1,13,129.0,5,3,0.063,0.471,5,False,Arachitol Kids
HCP02301,Pediatrician,TR14,West,T1,5,331.0,4,4,0.42,0.766,4,True,Other / Generic
HCP02302,Pediatrician,TR28,South,T1,6,283.0,5,5,0.482,0.825,5,True,Arachitol Kids
HCP02303,Neonatologist,TR23,South,T1,19,372.0,4,4,0.375,0.485,2,True,Kidrich D3 Nano
HCP02304,Pediatrician,TR11,North,T3,5,343.0,4,4,0.432,0.628,4,False,Arachitol Kids
HCP02305,Obstetrician-Gynecologist,TR28,South,T1,34,340.0,5,2,0.196,0.224,3,True,Arachitol Kids
HCP02306,Obstetrician-Gynecologist,TR33,East,T2,5,256.0,3,2,0.167,0.599,4,True,Uprise-D3
HCP02307,Pediatrician,TR04,North,T2,13,306.0,5,5,0.656,0.487,5,True,No alternative (DePURA loyal)
HCP02308,Pediatrician,TR24,South,T1,9,547.0,3,5,0.378,0.728,0,True,Arachitol Kids
HCP02309,Pediatrician,TR24,South,T1,24,346.0,4,5,0.699,0.483,4,True,No alternative (DePURA loyal)
HCP02310,General Practitioner,TR24,South,T1,25,242.0,3,4,0.173,0.472,5,False,Arachitol Kids
HCP02311,Pediatrician,TR01,North,T1,22,510.0,5,5,0.254,0.232,2,True,Arachitol Kids
HCP02312,General Practitioner,TR01,North,T1,13,122.0,4,5,0.42,0.795,6,True,Other / Generic
HCP02313,Pediatrician,TR12,West,T1,15,233.0,3,2,0.183,0.759,1,True,D3 Must Forte
HCP02314,Obstetrician-Gynecologist,TR02,North,T1,20,94.0,4,4,0.068,0.519,12,False,Other / Generic
HCP02315,Pediatrician,TR14,West,T1,19,326.0,4,4,0.15,0.419,5,False,Arachitol Kids
HCP02316,Pediatrician,TR31,East,T1,7,456.0,3,5,0.263,0.314,4,False,Other / Generic
HCP02317,Pediatrician,TR14,West,T1,28,211.0,5,5,0.463,0.346,1,False,Arachitol Kids
HCP02318,Pediatrician,TR14,West,T1,9,257.0,5,3,0.219,0.714,6,True,Arachitol Kids
HCP02319,Pediatrician,TR12,West,T1,4,222.0,4,4,0.616,0.887,5,True,Uprise-D3
HCP02320,Obstetrician-Gynecologist,TR16,West,T1,8,110.0,5,3,0.049,0.815,3,False,Other / Generic
HCP02321,Pediatrician,TR28,South,T1,8,404.0,4,4,0.777,0.644,6,True,No alternative (DePURA loyal)
HCP02322,Pediatrician,TR29,South,T2,13,387.0,4,4,0.11,0.625,5,False,D3 Must Forte
HCP02323,General Practitioner,TR15,West,T2,9,129.0,4,4,0.096,0.592,7,False,Other / Generic
HCP02324,General Practitioner,TR15,West,T2,32,140.0,4,4,0.173,0.396,2,True,Ultra D3
HCP02325,Pediatrician,TR08,North,T2,21,298.0,5,5,0.527,0.52,5,True,Arachitol Kids
HCP02326,Pediatrician,TR35,East,T2,11,419.0,5,4,0.301,0.737,7,True,Arachitol Kids
HCP02327,Pediatrician,TR13,West,T1,5,331.0,5,3,0.147,0.449,8,False,Arachitol Kids
HCP02328,Pediatrician,TR13,West,T1,16,474.0,5,2,0.125,0.517,6,True,D3 Must Forte
HCP02329,Pediatrician,TR16,West,T1,18,261.0,3,5,0.417,0.833,1,False,Ultra D3
HCP02330,Pediatrician,TR02,North,T1,11,664.0,4,3,0.38,,7,True,Arachitol Kids
HCP02331,General Practitioner,TR13,West,T1,24,226.0,4,3,0.126,0.353,4,False,Arachitol Kids
HCP02332,Obstetrician-Gynecologist,TR33,East,T2,6,196.0,5,5,0.241,0.861,6,False,Arachitol Kids
HCP02333,Pediatrician,TR02,North,T1,5,256.0,5,4,0.315,0.465,5,False,Arachitol Kids
HCP02334,Pediatrician,TR10,North,T2,6,278.0,5,5,0.721,0.487,3,True,Uprise-D3
HCP02335,Obstetrician-Gynecologist,TR09,North,T2,25,132.0,4,3,0.279,0.489,10,False,Arachitol Kids
HCP02336,General Practitioner,TR10,North,T2,12,164.0,3,1,0.017,0.422,9,False,Ultra D3
HCP02337,General Practitioner,TR34,East,T3,9,94.0,4,3,0.19,0.505,5,False,Kidrich D3 Nano
HCP02338,Obstetrician-Gynecologist,TR26,South,T1,12,84.0,5,3,0.174,0.596,4,False,Arachitol Kids
HCP02339,General Practitioner,TR32,East,T3,10,115.0,2,4,0.382,0.71,6,True,Ultra D3
HCP02340,General Practitioner,TR30,South,T2,11,64.0,4,3,0.294,0.589,4,True,D3 Must Forte
HCP02341,Pediatrician,TR24,South,T1,21,246.0,5,5,0.364,0.256,6,False,Ultra D3
HCP02342,Neonatologist,TR21,Central,T3,9,148.0,4,4,0.233,0.706,2,False,Uprise-D3
HCP02343,General Practitioner,TR18,West,T3,11,81.0,4,2,0.063,0.569,6,False,D3 Must Forte
HCP02344,Pediatrician,TR25,South,T3,16,371.0,5,5,0.703,0.619,4,True,No alternative (DePURA loyal)
HCP02345,General Practitioner,TR26,South,T1,6,47.0,2,4,0.051,0.516,1,False,Uprise-D3
HCP02346,Pediatrician,TR23,South,T1,24,350.0,4,5,0.417,,8,True,Uprise-D3
HCP02347,Pediatrician,TR16,West,T1,15,412.0,5,4,0.154,0.521,2,False,Arachitol Kids
HCP02348,Pediatrician,TR24,South,T1,20,215.0,3,4,0.263,0.313,2,True,Arachitol Kids
HCP02349,General Practitioner,TR05,North,T2,9,175.0,3,3,0.13,0.58,4,True,Arachitol Kids
HCP02350,Pediatrician,TR21,Central,T3,10,192.0,5,3,0.31,0.668,5,True,Kidrich D3 Nano
HCP02351,General Practitioner,TR19,Central,T2,9,97.0,3,3,0.129,,4,False,Ultra D3
HCP02352,General Practitioner,TR19,Central,T2,31,117.0,2,4,0.051,0.467,4,False,Ultra D3
HCP02353,Pediatrician,TR18,West,T3,7,294.0,4,4,0.377,0.759,4,False,D3 Must Forte
HCP02354,Pediatrician,TR27,South,T2,18,415.0,5,2,0.061,0.445,1,False,D3 Must Forte
HCP02355,Pediatrician,TR27,South,T2,13,471.0,5,5,0.65,0.447,2,True,No alternative (DePURA loyal)
HCP02356,General Practitioner,TR13,West,T1,26,70.0,3,4,0.258,0.401,4,True,Arachitol Kids
HCP02357,Neonatologist,TR14,West,T1,11,142.0,3,3,0.04,0.361,9,False,D3 Must Forte
HCP02358,Pediatrician,TR01,North,T1,20,626.0,4,3,0.309,0.438,9,False,Arachitol Kids
HCP02359,General Practitioner,TR03,North,T2,22,90.0,3,3,0.063,0.469,2,False,D3 Must Forte
HCP02360,Neonatologist,TR11,North,T3,11,366.0,5,2,0.093,0.705,2,False,Arachitol Kids
HCP02361,General Practitioner,TR28,South,T1,11,476.0,3,3,0.138,0.56,3,False,Uprise-D3
HCP02362,Pediatrician,TR28,South,T1,19,310.0,4,4,0.249,0.4,9,True,Arachitol Kids
HCP02363,Pediatrician,TR10,North,T2,10,179.0,5,4,0.437,0.366,3,True,Kidrich D3 Nano
HCP02364,Obstetrician-Gynecologist,TR31,East,T1,10,117.0,5,3,0.058,0.744,7,False,Arachitol Kids
HCP02365,Pediatrician,TR14,West,T1,34,410.0,5,4,0.326,0.354,7,True,D3 Must Forte
HCP02366,Pediatrician,TR28,South,T1,3,175.0,5,4,0.164,0.487,4,False,Arachitol Kids
HCP02367,Pediatrician,TR16,West,T1,5,307.0,5,3,0.346,0.502,4,True,Other / Generic
HCP02368,Pediatrician,TR26,South,T1,3,471.0,4,4,0.244,0.429,7,True,Arachitol Kids
HCP02369,General Practitioner,TR14,West,T1,6,223.0,3,4,0.127,0.748,7,False,Arachitol Kids
HCP02370,Neonatologist,TR02,North,T1,9,147.0,5,3,0.16,0.424,12,False,Uprise-D3
HCP02371,Neonatologist,TR11,North,T3,4,346.0,4,3,0.147,0.79,8,False,Other / Generic
HCP02372,General Practitioner,TR26,South,T1,5,156.0,3,2,0.034,0.719,7,False,Uprise-D3
HCP02373,Obstetrician-Gynecologist,TR32,East,T3,18,144.0,4,4,0.033,0.618,6,False,Ultra D3
HCP02374,Obstetrician-Gynecologist,TR24,South,T1,14,122.0,5,3,0.016,0.607,2,False,Other / Generic
HCP02375,Neonatologist,TR28,South,T1,33,476.0,3,4,0.152,0.297,7,False,Other / Generic
HCP02376,Obstetrician-Gynecologist,TR01,North,T1,11,144.0,4,4,0.394,0.658,11,True,Ultra D3
HCP02377,Obstetrician-Gynecologist,TR27,South,T2,16,135.0,5,4,0.12,0.669,3,False,Arachitol Kids
HCP02378,Pediatrician,TR29,South,T2,17,356.0,4,3,0.049,0.712,4,False,Other / Generic
HCP02379,Pediatrician,TR15,West,T2,17,491.0,4,4,0.195,0.179,4,False,Uprise-D3
HCP02380,Pediatrician,TR18,West,T3,18,171.0,4,3,0.153,0.25,2,False,Ultra D3
HCP02381,General Practitioner,TR01,North,T1,11,280.0,3,3,0.127,0.504,12,False,D3 Must Forte
HCP02382,Neonatologist,TR06,North,T2,12,168.0,5,5,0.686,0.387,5,True,Kidrich D3 Nano
HCP02383,Neonatologist,TR01,North,T1,19,264.0,4,4,0.124,0.651,10,False,Other / Generic
HCP02384,Obstetrician-Gynecologist,TR26,South,T1,16,80.0,4,5,0.121,0.67,2,False,Uprise-D3
HCP02385,Obstetrician-Gynecologist,TR28,South,T1,11,59.0,4,5,0.187,0.385,10,False,Uprise-D3
HCP02386,Pediatrician,TR03,North,T2,36,368.0,3,5,0.61,0.392,6,False,No alternative (DePURA loyal)
HCP02387,Pediatrician,TR33,East,T2,25,229.0,4,5,0.508,0.457,5,True,Uprise-D3
HCP02388,General Practitioner,TR30,South,T2,10,183.0,3,4,0.2,0.714,8,False,Uprise-D3
HCP02389,Pediatrician,TR22,Central,T3,24,279.0,5,5,0.493,0.647,4,False,Arachitol Kids
HCP02390,General Practitioner,TR36,East,T2,11,77.0,3,4,0.17,0.758,7,False,Uprise-D3
HCP02391,General Practitioner,TR31,East,T1,21,264.0,3,4,0.119,0.453,5,False,Ultra D3
HCP02392,Pediatrician,TR09,North,T2,11,216.0,5,5,0.208,0.71,7,False,D3 Must Forte
HCP02393,General Practitioner,TR34,East,T3,6,112.0,2,3,0.236,0.534,1,False,Uprise-D3
HCP02394,General Practitioner,TR16,West,T1,9,100.0,5,3,0.08,0.737,2,False,Arachitol Kids
HCP02395,General Practitioner,TR05,North,T2,8,145.0,4,2,0.05,0.575,9,False,Other / Generic
HCP02396,Obstetrician-Gynecologist,TR08,North,T2,19,143.0,4,4,0.099,0.232,4,False,Uprise-D3
HCP02397,Pediatrician,TR25,South,T3,17,244.0,3,3,0.36,0.443,10,True,Kidrich D3 Nano
HCP02398,Obstetrician-Gynecologist,TR36,East,T2,21,73.0,5,4,0.076,0.503,11,False,Uprise-D3
HCP02399,Pediatrician,TR16,West,T1,20,266.0,5,4,0.295,0.375,7,True,Kidrich D3 Nano
HCP02400,Pediatrician,TR22,Central,T3,9,234.0,5,5,0.805,0.767,8,True,Other / Generic
HCP02401,Pediatrician,TR12,West,T1,6,508.0,5,5,0.519,0.438,5,True,Uprise-D3
HCP02402,Obstetrician-Gynecologist,TR30,South,T2,6,179.0,4,4,0.079,0.64,8,False,Uprise-D3
HCP02403,Obstetrician-Gynecologist,TR03,North,T2,18,118.0,4,4,0.079,0.643,6,False,Uprise-D3
HCP02404,Pediatrician,TR23,South,T1,16,349.0,5,4,0.451,0.54,6,True,Arachitol Kids
HCP02405,General Practitioner,TR23,South,T1,4,160.0,4,3,0.077,0.65,5,False,Uprise-D3
HCP02406,Obstetrician-Gynecologist,TR01,North,T1,22,114.0,4,3,0.027,0.567,3,False,Arachitol Kids
HCP02407,Neonatologist,TR33,East,T2,20,104.0,5,3,0.073,0.522,9,False,Kidrich D3 Nano
HCP02408,Pediatrician,TR35,East,T2,21,455.0,3,2,0.032,0.633,3,False,Uprise-D3
HCP02409,Pediatrician,TR16,West,T1,26,359.0,3,5,0.456,0.436,4,True,Uprise-D3
HCP02410,Pediatrician,TR26,South,T1,3,240.0,5,2,0.139,0.493,3,True,Arachitol Kids
HCP02411,Obstetrician-Gynecologist,TR30,South,T2,24,175.0,5,4,0.15,0.524,4,False,Arachitol Kids
HCP02412,Pediatrician,TR04,North,T2,8,254.0,4,4,0.458,0.702,10,True,D3 Must Forte
HCP02413,Pediatrician,TR02,North,T1,11,354.0,4,3,0.251,0.462,8,True,Other / Generic
HCP02414,Neonatologist,TR25,South,T3,18,357.0,4,2,0.253,0.603,6,True,Arachitol Kids
HCP02415,Pediatrician,TR21,Central,T3,20,876.0,5,4,0.343,0.41,5,True,Arachitol Kids
HCP02416,General Practitioner,TR25,South,T3,19,207.0,3,3,0.066,0.505,6,False,Uprise-D3
HCP02417,Neonatologist,TR22,Central,T3,32,136.0,5,3,0.201,0.245,5,True,D3 Must Forte
HCP02418,Pediatrician,TR26,South,T1,3,690.0,4,3,0.273,0.813,7,False,Other / Generic
HCP02419,Pediatrician,TR05,North,T2,4,154.0,4,4,0.129,1.0,7,False,D3 Must Forte
HCP02420,Pediatrician,TR09,North,T2,15,454.0,5,3,0.146,0.614,1,True,D3 Must Forte
HCP02421,General Practitioner,TR10,North,T2,8,177.0,4,3,0.108,0.501,11,False,Uprise-D3
HCP02422,Pediatrician,TR15,West,T2,11,311.0,3,4,0.231,0.533,6,False,D3 Must Forte
HCP02423,Pediatrician,TR27,South,T2,21,595.0,4,3,0.238,0.433,6,False,D3 Must Forte
HCP02424,Pediatrician,TR29,South,T2,2,301.0,3,3,0.467,0.872,4,True,D3 Must Forte
HCP02425,Pediatrician,TR15,West,T2,13,256.0,4,2,0.272,0.923,3,True,Arachitol Kids
HCP02426,Obstetrician-Gynecologist,TR23,South,T1,6,150.0,2,3,0.183,0.621,9,False,D3 Must Forte
HCP02427,Pediatrician,TR12,West,T1,16,221.0,3,3,0.314,0.309,3,True,Other / Generic
HCP02428,General Practitioner,TR16,West,T1,12,173.0,4,3,0.045,0.696,5,False,Arachitol Kids
HCP02429,Neonatologist,TR33,East,T2,6,100.0,4,3,0.028,0.596,4,False,Uprise-D3
HCP02430,General Practitioner,TR12,West,T1,10,218.0,3,3,0.059,0.598,4,False,Kidrich D3 Nano
HCP02431,General Practitioner,TR28,South,T1,11,178.0,5,3,0.134,0.713,9,False,Arachitol Kids
HCP02432,Pediatrician,TR01,North,T1,8,259.0,5,4,0.292,0.56,4,True,D3 Must Forte
HCP02433,Pediatrician,TR13,West,T1,11,333.0,5,4,0.264,0.236,5,False,Uprise-D3
HCP02434,Pediatrician,TR24,South,T1,17,510.0,5,4,0.271,0.624,5,False,Uprise-D3
HCP02435,Pediatrician,TR28,South,T1,35,386.0,4,3,0.252,0.28,13,True,Other / Generic
HCP02436,Neonatologist,TR23,South,T1,31,321.0,5,3,0.294,0.176,5,True,Arachitol Kids
HCP02437,Pediatrician,TR31,East,T1,11,363.0,5,5,0.699,0.804,7,True,Ultra D3
HCP02438,Pediatrician,TR29,South,T2,7,435.0,4,1,0.168,0.451,1,True,Ultra D3
HCP02439,Obstetrician-Gynecologist,TR23,South,T1,8,154.0,4,4,0.213,0.663,6,False,Kidrich D3 Nano
HCP02440,Neonatologist,TR14,West,T1,4,176.0,5,4,0.152,0.793,5,False,Arachitol Kids
HCP02441,General Practitioner,TR14,West,T1,7,139.0,3,3,0.03,0.589,7,False,Uprise-D3
HCP02442,Pediatrician,TR23,South,T1,22,357.0,5,5,0.292,0.222,7,False,Kidrich D3 Nano
HCP02443,General Practitioner,TR24,South,T1,16,189.0,3,4,0.238,0.359,8,False,Arachitol Kids
HCP02444,Pediatrician,TR14,West,T1,8,268.0,5,4,0.321,0.719,10,False,Uprise-D3
HCP02445,General Practitioner,TR15,West,T2,9,152.0,4,2,0.052,0.551,7,False,Arachitol Kids
HCP02446,General Practitioner,TR06,North,T2,23,137.0,3,4,0.159,0.584,2,False,Uprise-D3
HCP02447,Obstetrician-Gynecologist,TR01,North,T1,7,76.0,4,5,0.086,0.602,5,False,Kidrich D3 Nano
HCP02448,Pediatrician,TR16,West,T1,15,225.0,5,4,0.473,0.691,4,True,Arachitol Kids
HCP02449,Neonatologist,TR29,South,T2,12,182.0,4,3,0.122,0.467,1,False,Other / Generic
HCP02450,Pediatrician,TR28,South,T1,20,478.0,4,3,0.332,0.678,12,True,Arachitol Kids
HCP02451,Pediatrician,TR36,East,T2,23,214.0,4,4,0.209,0.276,8,False,Arachitol Kids
HCP02452,Obstetrician-Gynecologist,TR24,South,T1,14,81.0,5,5,0.378,0.339,7,False,Uprise-D3
HCP02453,Pediatrician,TR10,North,T2,6,301.0,4,4,0.381,0.577,5,True,Uprise-D3
HCP02454,Pediatrician,TR25,South,T3,11,490.0,5,4,0.284,0.401,7,False,Other / Generic
HCP02455,Pediatrician,TR29,South,T2,18,452.0,4,3,0.262,0.199,3,True,Other / Generic
HCP02456,Pediatrician,TR24,South,T1,7,349.0,4,3,0.148,0.53,5,True,Arachitol Kids
HCP02457,Pediatrician,TR17,West,T2,1,298.0,5,5,0.37,0.722,6,False,Arachitol Kids
HCP02458,General Practitioner,TR23,South,T1,10,120.0,3,4,0.084,0.546,2,False,Uprise-D3
HCP02459,Pediatrician,TR01,North,T1,12,289.0,5,4,0.484,0.949,4,False,Uprise-D3
HCP02460,Neonatologist,TR11,North,T3,9,210.0,5,2,0.087,0.595,5,True,Uprise-D3
HCP02461,General Practitioner,TR05,North,T2,23,191.0,3,4,0.099,0.457,5,False,Kidrich D3 Nano
HCP02462,Obstetrician-Gynecologist,TR15,West,T2,17,136.0,5,3,0.343,0.521,4,True,Other / Generic
HCP02463,Obstetrician-Gynecologist,TR31,East,T1,13,112.0,4,4,0.177,0.53,10,False,Arachitol Kids
HCP02464,General Practitioner,TR07,North,T3,11,117.0,3,3,0.08,0.419,2,False,Other / Generic
HCP02465,Pediatrician,TR02,North,T1,11,233.0,3,4,0.422,0.485,5,True,Uprise-D3
HCP02466,Obstetrician-Gynecologist,TR28,South,T1,9,113.0,5,3,0.123,0.425,7,False,Uprise-D3
HCP02467,Pediatrician,TR31,East,T1,7,267.0,5,4,0.438,0.437,10,True,Uprise-D3
HCP02468,Pediatrician,TR19,Central,T2,5,202.0,3,5,0.673,0.679,6,False,Arachitol Kids
HCP02469,General Practitioner,TR14,West,T1,13,108.0,3,5,0.327,0.505,6,False,Arachitol Kids
HCP02470,Pediatrician,TR16,West,T1,7,281.0,5,4,0.377,0.681,1,True,Uprise-D3
HCP02471,General Practitioner,TR24,South,T1,18,101.0,5,4,0.108,0.368,3,True,Uprise-D3
HCP02472,Neonatologist,TR29,South,T2,16,363.0,3,3,0.065,0.552,8,False,Arachitol Kids
HCP02473,General Practitioner,TR08,North,T2,21,145.0,4,3,0.284,0.288,9,False,Arachitol Kids
HCP02474,Pediatrician,TR31,East,T1,18,461.0,4,5,0.567,0.475,9,True,Uprise-D3
HCP02475,Pediatrician,TR24,South,T1,13,309.0,3,5,0.439,0.689,8,True,Other / Generic
HCP02476,Pediatrician,TR26,South,T1,24,311.0,5,4,0.148,0.456,4,False,Kidrich D3 Nano
HCP02477,Pediatrician,TR02,North,T1,10,310.0,3,5,0.756,0.741,5,True,Kidrich D3 Nano
HCP02478,General Practitioner,TR32,East,T3,12,290.0,4,4,0.045,0.78,8,False,Uprise-D3
HCP02479,General Practitioner,TR19,Central,T2,5,176.0,2,4,0.083,1.0,6,False,Kidrich D3 Nano
HCP02480,General Practitioner,TR14,West,T1,11,173.0,3,3,0.033,0.876,2,False,Arachitol Kids
HCP02481,General Practitioner,TR15,West,T2,6,190.0,5,2,0.019,0.612,4,False,Ultra D3
HCP02482,Pediatrician,TR12,West,T1,12,226.0,4,4,0.505,0.782,4,True,Other / Generic
HCP02483,Pediatrician,TR05,North,T2,28,489.0,4,4,0.161,0.478,3,False,Arachitol Kids
HCP02484,General Practitioner,TR01,North,T1,27,194.0,4,3,0.057,0.299,3,True,Arachitol Kids
HCP02485,Pediatrician,TR11,North,T3,11,386.0,4,4,0.303,0.87,10,False,D3 Must Forte
HCP02486,Pediatrician,TR18,West,T3,4,229.0,4,2,0.337,0.76,8,True,Ultra D3
HCP02487,General Practitioner,TR24,South,T1,10,212.0,4,4,0.078,0.744,6,False,Arachitol Kids
HCP02488,Pediatrician,TR26,South,T1,19,319.0,2,3,0.273,0.619,5,False,Uprise-D3
HCP02489,Pediatrician,TR23,South,T1,5,226.0,5,3,0.462,,3,True,Uprise-D3
HCP02490,Pediatrician,TR04,North,T2,35,342.0,5,3,0.212,0.178,6,True,Other / Generic
HCP02491,Pediatrician,TR16,West,T1,7,318.0,4,4,0.491,0.814,4,True,Other / Generic
HCP02492,General Practitioner,TR24,South,T1,14,235.0,3,4,0.048,0.549,4,False,D3 Must Forte
HCP02493,Pediatrician,TR27,South,T2,9,450.0,5,5,0.837,0.924,5,True,No alternative (DePURA loyal)
HCP02494,Obstetrician-Gynecologist,TR13,West,T1,40,90.0,4,3,0.098,0.349,4,False,Arachitol Kids
HCP02495,Pediatrician,TR33,East,T2,7,482.0,4,4,0.396,0.341,5,True,Arachitol Kids
HCP02496,Pediatrician,TR28,South,T1,7,287.0,4,5,0.68,0.665,7,True,No alternative (DePURA loyal)
HCP02497,Pediatrician,TR30,South,T2,16,430.0,4,4,0.233,0.116,4,False,Arachitol Kids
HCP02498,Neonatologist,TR24,South,T1,10,119.0,4,5,0.599,0.61,6,True,D3 Must Forte
HCP02499,Pediatrician,TR15,West,T2,27,140.0,4,3,0.234,0.002,6,False,D3 Must Forte
HCP02500,General Practitioner,TR33,East,T2,32,91.0,3,2,0.037,0.053,7,False,Other / Generic
