hcp_id,specialty,territory_id,region,city_tier,monthly_patient_volume,recommendation_rate,digital_engagement,pre_recall_prescriber,hcp_segment
HCP00001,Obstetrician-Gynecologist,TR29,South,T2,89.0,0.026,0.673,False,Low-opportunity
HCP00002,Obstetrician-Gynecologist,TR33,East,T2,194.0,0.041,0.649,False,High-volume non/under-user
HCP00003,Obstetrician-Gynecologist,TR27,South,T2,159.0,0.115,0.579,False,High-volume non/under-user
HCP00004,Obstetrician-Gynecologist,TR17,West,T2,169.0,0.166,0.145,False,High-volume non/under-user
HCP00005,General Practitioner,TR11,North,T3,55.0,0.038,0.584,False,Low-opportunity
HCP00006,Pediatrician,TR19,Central,T2,318.0,0.349,0.489,True,Low-opportunity
HCP00007,Pediatrician,TR15,West,T2,325.0,0.154,0.115,False,Low-opportunity
HCP00008,General Practitioner,TR31,East,T1,157.0,0.051,0.454,False,Low-opportunity
HCP00009,General Practitioner,TR22,Central,T3,141.0,0.202,0.564,False,Low-opportunity
HCP00010,Pediatrician,TR14,West,T1,447.0,0.397,0.57,True,High-volume non/under-user
HCP00011,Pediatrician,TR18,West,T3,113.0,0.133,0.327,False,Low-opportunity
HCP00012,Neonatologist,TR33,East,T2,140.0,0.213,0.637,True,Low-opportunity
HCP00013,Pediatrician,TR23,South,T1,462.0,0.546,0.541,False,High-volume advocate
HCP00014,Pediatrician,TR09,North,T2,310.0,0.519,0.551,True,Low-opportunity
HCP00015,General Practitioner,TR18,West,T3,251.0,0.153,0.557,False,High-volume non/under-user
HCP00016,Pediatrician,TR16,West,T1,300.0,0.218,0.58,False,Low-opportunity
HCP00017,Pediatrician,TR13,West,T1,130.0,0.425,0.517,False,Low-opportunity
HCP00018,General Practitioner,TR26,South,T1,137.0,0.201,0.496,True,Low-opportunity
HCP00019,Neonatologist,TR12,West,T1,233.0,0.125,0.444,True,Low-opportunity
HCP00020,Pediatrician,TR17,West,T2,163.0,0.759,0.777,True,Low-opportunity
HCP00021,Pediatrician,TR16,West,T1,371.0,0.285,0.664,False,Emerging
HCP00022,Pediatrician,TR16,West,T1,434.0,0.438,0.529,False,High-volume advocate
HCP00023,General Practitioner,TR22,Central,T3,212.0,0.32,0.135,True,High-volume non/under-user
HCP00024,Pediatrician,TR25,South,T3,403.0,0.609,0.733,False,Emerging
HCP00025,Pediatrician,TR04,North,T2,652.0,0.073,0.777,False,High-volume non/under-user
HCP00026,General Practitioner,TR12,West,T1,211.0,0.074,0.672,False,High-volume non/under-user
HCP00027,Neonatologist,TR28,South,T1,215.0,0.43,0.595,True,Low-opportunity
HCP00028,Pediatrician,TR32,East,T3,149.0,0.475,0.609,True,Low-opportunity
HCP00029,General Practitioner,TR01,North,T1,98.0,0.078,0.765,False,Low-opportunity
HCP00030,General Practitioner,TR02,North,T1,253.0,0.02,0.53,False,High-volume non/under-user
HCP00031,Pediatrician,TR33,East,T2,761.0,0.451,0.541,True,High-volume advocate
HCP00032,Obstetrician-Gynecologist,TR05,North,T2,87.0,0.189,0.635,True,Low-opportunity
HCP00033,Pediatrician,TR36,East,T2,221.0,0.427,0.752,False,Low-opportunity
HCP00034,Pediatrician,TR29,South,T2,178.0,0.153,0.618,True,Low-opportunity
HCP00035,Pediatrician,TR04,North,T2,129.0,0.221,0.38,True,Low-opportunity
HCP00036,Pediatrician,TR03,North,T2,622.0,0.607,0.375,True,High-volume advocate
HCP00037,General Practitioner,TR35,East,T2,117.0,0.031,0.289,False,Low-opportunity
HCP00038,General Practitioner,TR11,North,T3,235.0,0.022,0.512,False,High-volume non/under-user
HCP00039,General Practitioner,TR20,Central,T2,158.0,0.21,0.556,False,Low-opportunity
HCP00040,General Practitioner,TR10,North,T2,76.0,0.149,0.378,False,Low-opportunity
HCP00041,Pediatrician,TR23,South,T1,473.0,0.491,0.463,True,High-volume advocate
HCP00042,Neonatologist,TR30,South,T2,211.0,0.369,0.722,True,Emerging
HCP00043,Obstetrician-Gynecologist,TR24,South,T1,73.0,0.053,0.737,False,Low-opportunity
HCP00044,Pediatrician,TR01,North,T1,118.0,0.082,0.697,True,Low-opportunity
HCP00045,General Practitioner,TR23,South,T1,126.0,0.074,0.409,False,Low-opportunity
HCP00046,Obstetrician-Gynecologist,TR24,South,T1,115.0,0.075,0.585,False,Low-opportunity
HCP00047,Pediatrician,TR08,North,T2,343.0,0.511,0.532,True,Low-opportunity
HCP00048,Pediatrician,TR27,South,T2,429.0,0.233,0.204,False,High-volume non/under-user
HCP00049,Pediatrician,TR24,South,T1,820.0,0.393,0.46,True,High-volume non/under-user
HCP00050,Neonatologist,TR01,North,T1,96.0,0.457,0.478,True,Low-opportunity
HCP00051,General Practitioner,TR34,East,T3,199.0,0.07,0.58,False,High-volume non/under-user
HCP00052,General Practitioner,TR16,West,T1,260.0,0.294,0.073,True,High-volume non/under-user
HCP00053,Obstetrician-Gynecologist,TR10,North,T2,70.0,0.033,0.462,False,Low-opportunity
HCP00054,Pediatrician,TR02,North,T1,230.0,0.218,0.707,True,Low-opportunity
HCP00055,Neonatologist,TR14,West,T1,307.0,0.117,0.245,True,High-volume non/under-user
HCP00056,Pediatrician,TR13,West,T1,144.0,0.503,0.757,True,Low-opportunity
HCP00057,General Practitioner,TR12,West,T1,203.0,0.115,0.687,True,High-volume non/under-user
HCP00058,Pediatrician,TR28,South,T1,217.0,0.252,0.256,True,Low-opportunity
HCP00059,Pediatrician,TR24,South,T1,271.0,0.333,0.601,False,Low-opportunity
HCP00060,Pediatrician,TR04,North,T2,1045.0,0.108,0.468,False,High-volume non/under-user
HCP00061,Pediatrician,TR26,South,T1,465.0,0.123,0.53,False,High-volume non/under-user
HCP00062,Pediatrician,TR26,South,T1,346.0,0.063,0.735,False,Emerging
HCP00063,Pediatrician,TR19,Central,T2,190.0,0.447,0.571,True,Low-opportunity
HCP00064,General Practitioner,TR36,East,T2,121.0,0.081,0.536,False,Low-opportunity
HCP00065,Obstetrician-Gynecologist,TR12,West,T1,126.0,0.144,,True,Low-opportunity
HCP00066,Pediatrician,TR02,North,T1,110.0,0.307,0.664,False,Low-opportunity
HCP00067,Pediatrician,TR01,North,T1,556.0,0.169,0.673,False,High-volume non/under-user
HCP00068,General Practitioner,TR13,West,T1,323.0,0.086,0.441,False,High-volume non/under-user
HCP00069,General Practitioner,TR18,West,T3,76.0,0.217,0.585,False,Low-opportunity
HCP00070,General Practitioner,TR02,North,T1,136.0,0.128,0.704,False,Emerging
HCP00071,Neonatologist,TR22,Central,T3,459.0,0.167,0.275,True,High-volume non/under-user
HCP00072,Pediatrician,TR31,East,T1,539.0,0.138,0.534,True,High-volume non/under-user
HCP00073,Pediatrician,TR28,South,T1,356.0,0.286,0.474,False,Low-opportunity
HCP00074,Obstetrician-Gynecologist,TR24,South,T1,263.0,0.156,0.354,False,High-volume non/under-user
HCP00075,General Practitioner,TR24,South,T1,96.0,0.211,0.473,True,Low-opportunity
HCP00076,General Practitioner,TR26,South,T1,279.0,0.036,0.637,True,High-volume non/under-user
HCP00077,Neonatologist,TR18,West,T3,133.0,0.09,,False,Low-opportunity
HCP00078,Pediatrician,TR15,West,T2,157.0,0.337,0.702,False,Low-opportunity
HCP00079,Pediatrician,TR13,West,T1,280.0,0.519,0.531,True,Low-opportunity
HCP00080,Pediatrician,TR03,North,T2,117.0,0.619,0.47,True,Low-opportunity
HCP00081,Obstetrician-Gynecologist,TR21,Central,T3,161.0,0.073,0.527,False,High-volume non/under-user
HCP00082,Obstetrician-Gynecologist,TR16,West,T1,133.0,0.152,0.846,True,Emerging
HCP00083,Pediatrician,TR04,North,T2,242.0,0.395,0.5,False,Low-opportunity
HCP00084,Pediatrician,TR12,West,T1,936.0,0.275,0.423,False,High-volume non/under-user
HCP00085,General Practitioner,TR28,South,T1,119.0,0.102,0.726,False,Low-opportunity
HCP00086,Pediatrician,TR11,North,T3,273.0,0.194,0.816,False,Low-opportunity
HCP00087,Obstetrician-Gynecologist,TR16,West,T1,179.0,0.046,0.443,False,High-volume non/under-user
HCP00088,Pediatrician,TR05,North,T2,147.0,0.15,0.73,False,Low-opportunity
HCP00089,Obstetrician-Gynecologist,TR06,North,T2,61.0,0.309,,False,Low-opportunity
HCP00090,General Practitioner,TR27,South,T2,68.0,0.184,0.487,True,Low-opportunity
HCP00091,Pediatrician,TR02,North,T1,312.0,0.291,0.847,True,Emerging
HCP00092,General Practitioner,TR12,West,T1,135.0,0.068,0.83,False,Emerging
HCP00093,General Practitioner,TR36,East,T2,216.0,0.169,0.717,True,High-volume non/under-user
HCP00094,Pediatrician,TR16,West,T1,325.0,0.051,0.554,False,Low-opportunity
HCP00095,Pediatrician,TR23,South,T1,426.0,0.404,0.484,True,High-volume advocate
HCP00096,Obstetrician-Gynecologist,TR24,South,T1,88.0,0.185,0.205,False,Low-opportunity
HCP00097,General Practitioner,TR08,North,T2,181.0,0.093,0.633,False,Emerging
HCP00098,General Practitioner,TR14,West,T1,232.0,0.143,0.894,False,High-volume non/under-user
HCP00099,Pediatrician,TR15,West,T2,325.0,0.541,0.761,False,Emerging
HCP00100,General Practitioner,TR10,North,T2,100.0,0.044,,False,Low-opportunity
HCP00101,General Practitioner,TR10,North,T2,109.0,0.027,0.12,False,Low-opportunity
HCP00102,Pediatrician,TR23,South,T1,344.0,0.277,0.798,True,Emerging
HCP00103,Pediatrician,TR03,North,T2,358.0,0.428,0.646,True,Emerging
HCP00104,Pediatrician,TR04,North,T2,291.0,0.549,0.411,False,Low-opportunity
HCP00105,General Practitioner,TR22,Central,T3,86.0,0.022,0.389,False,Low-opportunity
HCP00106,Pediatrician,TR16,West,T1,101.0,0.383,0.513,False,Low-opportunity
HCP00107,Obstetrician-Gynecologist,TR23,South,T1,121.0,0.346,0.74,True,Emerging
HCP00108,Pediatrician,TR01,North,T1,227.0,0.24,0.209,True,Low-opportunity
HCP00109,Obstetrician-Gynecologist,TR26,South,T1,119.0,0.069,0.514,True,Low-opportunity
HCP00110,Pediatrician,TR30,South,T2,457.0,0.523,,True,High-volume advocate
HCP00111,General Practitioner,TR19,Central,T2,182.0,0.054,0.251,False,Low-opportunity
HCP00112,General Practitioner,TR30,South,T2,43.0,0.252,0.348,True,Low-opportunity
HCP00113,General Practitioner,TR15,West,T2,224.0,0.243,0.619,True,High-volume non/under-user
HCP00114,Neonatologist,TR02,North,T1,295.0,0.316,0.477,True,High-volume non/under-user
HCP00115,Pediatrician,TR14,West,T1,482.0,0.727,0.302,True,High-volume advocate
HCP00116,Pediatrician,TR16,West,T1,780.0,0.72,0.755,True,High-volume advocate
HCP00117,Pediatrician,TR31,East,T1,808.0,0.366,0.492,False,High-volume non/under-user
HCP00118,Pediatrician,TR13,West,T1,222.0,0.189,0.326,True,Low-opportunity
HCP00119,Obstetrician-Gynecologist,TR13,West,T1,145.0,0.229,0.822,False,Emerging
HCP00120,Pediatrician,TR31,East,T1,491.0,0.748,0.611,True,High-volume advocate
HCP00121,General Practitioner,TR11,North,T3,105.0,0.269,0.539,True,Low-opportunity
HCP00122,Pediatrician,TR24,South,T1,571.0,0.644,0.325,True,High-volume advocate
HCP00123,Neonatologist,TR13,West,T1,411.0,0.265,0.649,True,High-volume non/under-user
HCP00124,Pediatrician,TR34,East,T3,341.0,0.064,0.624,False,Emerging
HCP00125,Neonatologist,TR08,North,T2,113.0,0.102,0.32,False,Low-opportunity
HCP00126,General Practitioner,TR26,South,T1,155.0,0.021,0.615,False,Emerging
HCP00127,Neonatologist,TR20,Central,T2,154.0,0.13,0.263,True,Low-opportunity
HCP00128,General Practitioner,TR36,East,T2,84.0,0.07,0.491,False,Low-opportunity
HCP00129,Pediatrician,TR36,East,T2,599.0,0.358,0.565,False,High-volume non/under-user
HCP00130,Obstetrician-Gynecologist,TR28,South,T1,70.0,0.668,0.327,True,Low-opportunity
HCP00131,Pediatrician,TR03,North,T2,142.0,0.191,,True,Low-opportunity
HCP00132,Pediatrician,TR16,West,T1,347.0,0.281,0.618,True,Emerging
HCP00133,Pediatrician,TR30,South,T2,172.0,0.216,0.463,False,Low-opportunity
HCP00134,Obstetrician-Gynecologist,TR24,South,T1,210.0,0.33,0.433,False,High-volume non/under-user
HCP00135,General Practitioner,TR31,East,T1,255.0,0.238,0.543,True,High-volume non/under-user
HCP00136,Pediatrician,TR28,South,T1,505.0,0.381,0.854,True,High-volume non/under-user
HCP00137,Obstetrician-Gynecologist,TR13,West,T1,95.0,0.27,0.585,False,Low-opportunity
HCP00138,Pediatrician,TR08,North,T2,304.0,0.471,0.484,True,Low-opportunity
HCP00139,Pediatrician,TR13,West,T1,197.0,0.471,0.545,True,Low-opportunity
HCP00140,Pediatrician,TR26,South,T1,279.0,0.075,0.521,False,Low-opportunity
HCP00141,Pediatrician,TR16,West,T1,627.0,0.361,0.621,True,High-volume non/under-user
HCP00142,General Practitioner,TR01,North,T1,202.0,0.181,0.767,False,High-volume non/under-user
HCP00143,Pediatrician,TR27,South,T2,580.0,0.095,0.578,False,High-volume non/under-user
HCP00144,Pediatrician,TR01,North,T1,385.0,0.342,0.402,True,Low-opportunity
HCP00145,Pediatrician,TR15,West,T2,272.0,0.152,0.176,False,Low-opportunity
HCP00146,Obstetrician-Gynecologist,TR16,West,T1,136.0,0.1,0.727,False,Emerging
HCP00147,General Practitioner,TR18,West,T3,173.0,0.036,0.456,False,Low-opportunity
HCP00148,Pediatrician,TR04,North,T2,317.0,0.268,0.596,True,Low-opportunity
HCP00149,General Practitioner,TR27,South,T2,103.0,0.277,0.184,True,Low-opportunity
HCP00150,Pediatrician,TR30,South,T2,208.0,0.153,0.342,False,Low-opportunity
HCP00151,Obstetrician-Gynecologist,TR26,South,T1,191.0,0.025,0.507,False,High-volume non/under-user
HCP00152,Pediatrician,TR34,East,T3,693.0,0.051,0.532,False,High-volume non/under-user
HCP00153,Pediatrician,TR11,North,T3,531.0,0.403,0.895,True,High-volume advocate
HCP00154,Pediatrician,TR05,North,T2,204.0,0.575,0.547,True,Low-opportunity
HCP00155,Pediatrician,TR02,North,T1,470.0,0.11,0.456,False,High-volume non/under-user
HCP00156,Pediatrician,TR26,South,T1,190.0,0.185,0.685,True,Low-opportunity
HCP00157,General Practitioner,TR05,North,T2,206.0,0.052,0.165,False,High-volume non/under-user
HCP00158,Pediatrician,TR33,East,T2,380.0,0.654,0.712,True,Emerging
HCP00159,Pediatrician,TR23,South,T1,313.0,0.349,0.651,True,Emerging
HCP00160,General Practitioner,TR28,South,T1,105.0,0.194,0.219,False,Low-opportunity
HCP00161,General Practitioner,TR16,West,T1,121.0,0.054,0.575,False,Low-opportunity
HCP00162,Obstetrician-Gynecologist,TR26,South,T1,163.0,0.099,0.578,True,High-volume non/under-user
HCP00163,Pediatrician,TR16,West,T1,600.0,0.147,0.45,False,High-volume non/under-user
HCP00164,Obstetrician-Gynecologist,TR20,Central,T2,81.0,0.046,0.347,False,Low-opportunity
HCP00165,General Practitioner,TR28,South,T1,133.0,0.055,0.853,True,Low-opportunity
HCP00166,General Practitioner,TR10,North,T2,78.0,0.12,0.749,True,Low-opportunity
HCP00167,Pediatrician,TR31,East,T1,302.0,0.442,0.443,True,Low-opportunity
HCP00168,Pediatrician,TR26,South,T1,300.0,0.107,0.52,False,Low-opportunity
HCP00169,Pediatrician,TR27,South,T2,547.0,0.243,0.58,False,High-volume non/under-user
HCP00170,General Practitioner,TR10,North,T2,247.0,0.213,0.492,True,High-volume non/under-user
HCP00171,General Practitioner,TR02,North,T1,239.0,0.055,0.318,False,High-volume non/under-user
HCP00172,Pediatrician,TR02,North,T1,452.0,0.098,0.575,False,High-volume non/under-user
HCP00173,Pediatrician,TR24,South,T1,579.0,0.247,0.479,False,High-volume non/under-user
HCP00174,Obstetrician-Gynecologist,TR05,North,T2,97.0,0.116,0.546,True,Low-opportunity
HCP00175,Pediatrician,TR36,East,T2,271.0,0.732,0.537,True,Low-opportunity
HCP00176,General Practitioner,TR34,East,T3,108.0,0.134,0.638,True,Low-opportunity
HCP00177,Neonatologist,TR01,North,T1,106.0,0.053,0.591,False,Low-opportunity
HCP00178,Pediatrician,TR26,South,T1,330.0,0.162,0.236,False,Low-opportunity
HCP00179,General Practitioner,TR11,North,T3,81.0,0.089,0.477,False,Low-opportunity
HCP00180,General Practitioner,TR13,West,T1,202.0,0.177,0.054,True,High-volume non/under-user
HCP00181,Pediatrician,TR10,North,T2,209.0,0.082,0.482,True,Low-opportunity
HCP00182,Pediatrician,TR29,South,T2,702.0,0.343,0.617,False,High-volume non/under-user
HCP00183,Obstetrician-Gynecologist,TR31,East,T1,74.0,0.128,0.538,True,Low-opportunity
HCP00184,Pediatrician,TR01,North,T1,319.0,0.305,0.639,True,Emerging
HCP00185,Pediatrician,TR12,West,T1,528.0,0.52,0.428,True,High-volume advocate
HCP00186,Pediatrician,TR16,West,T1,808.0,0.034,0.612,False,High-volume non/under-user
HCP00187,General Practitioner,TR19,Central,T2,128.0,0.331,0.593,True,Low-opportunity
HCP00188,Pediatrician,TR02,North,T1,224.0,0.313,0.953,False,Low-opportunity
HCP00189,Pediatrician,TR29,South,T2,404.0,0.306,0.674,True,Emerging
HCP00190,Pediatrician,TR33,East,T2,175.0,0.147,0.661,False,Low-opportunity
HCP00191,Pediatrician,TR15,West,T2,549.0,0.084,0.334,False,High-volume non/under-user
HCP00192,General Practitioner,TR30,South,T2,135.0,0.104,0.432,False,Low-opportunity
HCP00193,Obstetrician-Gynecologist,TR25,South,T3,172.0,0.103,0.172,False,High-volume non/under-user
HCP00194,Pediatrician,TR23,South,T1,148.0,0.369,0.283,True,Low-opportunity
HCP00195,General Practitioner,TR29,South,T2,140.0,0.098,,False,Low-opportunity
HCP00196,General Practitioner,TR16,West,T1,244.0,0.021,0.36,False,High-volume non/under-user
HCP00197,General Practitioner,TR20,Central,T2,249.0,0.141,0.488,False,High-volume non/under-user
HCP00198,General Practitioner,TR12,West,T1,258.0,0.047,0.313,False,High-volume non/under-user
HCP00199,Pediatrician,TR26,South,T1,144.0,0.21,0.489,False,Low-opportunity
HCP00200,General Practitioner,TR05,North,T2,113.0,0.117,0.507,False,Low-opportunity
HCP00201,General Practitioner,TR10,North,T2,217.0,0.104,0.465,False,High-volume non/under-user
HCP00202,General Practitioner,TR16,West,T1,120.0,0.23,0.402,False,Low-opportunity
HCP00203,Pediatrician,TR14,West,T1,720.0,0.191,0.746,False,High-volume non/under-user
HCP00204,Pediatrician,TR10,North,T2,280.0,0.568,0.437,True,Low-opportunity
HCP00205,Pediatrician,TR08,North,T2,190.0,0.405,0.423,True,Low-opportunity
HCP00206,Pediatrician,TR31,East,T1,854.0,0.199,0.526,True,High-volume non/under-user
HCP00207,Pediatrician,TR23,South,T1,407.0,0.266,0.638,False,Emerging
HCP00208,Pediatrician,TR14,West,T1,121.0,0.393,0.533,True,Low-opportunity
HCP00209,Pediatrician,TR30,South,T2,456.0,0.63,0.673,True,High-volume advocate
HCP00210,Pediatrician,TR29,South,T2,343.0,0.127,0.674,True,Emerging
HCP00211,Neonatologist,TR03,North,T2,270.0,0.313,0.649,False,High-volume non/under-user
HCP00212,Pediatrician,TR22,Central,T3,166.0,0.096,0.574,False,Low-opportunity
HCP00213,Pediatrician,TR12,West,T1,257.0,0.129,0.53,False,Low-opportunity
HCP00214,General Practitioner,TR20,Central,T2,112.0,0.138,0.623,True,Low-opportunity
HCP00215,Pediatrician,TR26,South,T1,340.0,0.444,0.423,True,Low-opportunity
HCP00216,Pediatrician,TR01,North,T1,400.0,0.258,0.34,False,Low-opportunity
HCP00217,Pediatrician,TR18,West,T3,344.0,0.367,0.772,True,Emerging
HCP00218,Pediatrician,TR12,West,T1,399.0,0.315,0.528,True,Low-opportunity
HCP00219,General Practitioner,TR19,Central,T2,74.0,0.061,0.587,False,Low-opportunity
HCP00220,Pediatrician,TR03,North,T2,283.0,0.272,0.867,True,Low-opportunity
HCP00221,Pediatrician,TR28,South,T1,393.0,0.612,0.544,False,Low-opportunity
HCP00222,Pediatrician,TR20,Central,T2,386.0,0.196,0.13,False,Low-opportunity
HCP00223,Pediatrician,TR09,North,T2,181.0,0.284,0.44,True,Low-opportunity
HCP00224,General Practitioner,TR28,South,T1,192.0,0.112,0.575,False,High-volume non/under-user
HCP00225,Pediatrician,TR01,North,T1,173.0,0.336,0.641,True,Low-opportunity
HCP00226,Pediatrician,TR23,South,T1,307.0,0.101,0.73,False,Emerging
HCP00227,Pediatrician,TR18,West,T3,334.0,0.512,0.374,True,Low-opportunity
HCP00228,General Practitioner,TR01,North,T1,229.0,0.147,0.844,False,High-volume non/under-user
HCP00229,Pediatrician,TR10,North,T2,349.0,0.111,0.53,False,Low-opportunity
HCP00230,Obstetrician-Gynecologist,TR02,North,T1,130.0,0.186,0.593,True,Low-opportunity
HCP00231,Pediatrician,TR26,South,T1,206.0,0.053,0.67,False,Low-opportunity
HCP00232,Neonatologist,TR26,South,T1,415.0,0.232,0.511,True,High-volume non/under-user
HCP00233,Pediatrician,TR02,North,T1,288.0,0.109,0.492,False,Low-opportunity
HCP00234,General Practitioner,TR03,North,T2,175.0,0.097,0.755,False,Emerging
HCP00235,Pediatrician,TR31,East,T1,439.0,0.607,0.665,True,High-volume advocate
HCP00236,Pediatrician,TR08,North,T2,539.0,0.453,0.526,True,High-volume advocate
HCP00237,General Practitioner,TR12,West,T1,266.0,0.127,0.539,False,High-volume non/under-user
HCP00238,Neonatologist,TR25,South,T3,398.0,0.299,0.857,False,High-volume non/under-user
HCP00239,General Practitioner,TR02,North,T1,553.0,0.121,0.362,False,High-volume non/under-user
HCP00240,Pediatrician,TR34,East,T3,443.0,0.404,0.747,True,High-volume advocate
HCP00241,Pediatrician,TR01,North,T1,404.0,0.36,0.575,True,Low-opportunity
HCP00242,Pediatrician,TR30,South,T2,329.0,0.245,0.411,True,Low-opportunity
HCP00243,General Practitioner,TR14,West,T1,85.0,0.178,0.445,False,Low-opportunity
HCP00244,Pediatrician,TR05,North,T2,493.0,0.264,0.813,False,High-volume non/under-user
HCP00245,Pediatrician,TR14,West,T1,336.0,0.167,0.526,False,Low-opportunity
HCP00246,Pediatrician,TR35,East,T2,275.0,0.389,0.253,True,Low-opportunity
HCP00247,Neonatologist,TR19,Central,T2,278.0,0.282,0.372,False,High-volume non/under-user
HCP00248,Pediatrician,TR02,North,T1,520.0,0.089,0.444,False,High-volume non/under-user
HCP00249,Pediatrician,TR33,East,T2,234.0,0.131,0.323,False,Low-opportunity
HCP00250,Pediatrician,TR05,North,T2,284.0,0.492,0.407,True,Low-opportunity
HCP00251,Pediatrician,TR01,North,T1,543.0,0.396,0.368,True,High-volume non/under-user
HCP00252,Pediatrician,TR01,North,T1,191.0,0.224,0.544,False,Low-opportunity
HCP00253,General Practitioner,TR29,South,T2,109.0,0.342,0.298,True,Low-opportunity
HCP00254,Pediatrician,TR05,North,T2,508.0,0.385,0.487,True,High-volume non/under-user
HCP00255,Pediatrician,TR07,North,T3,175.0,0.077,0.511,False,Low-opportunity
HCP00256,Pediatrician,TR34,East,T3,445.0,0.417,0.353,True,High-volume advocate
HCP00257,Pediatrician,TR23,South,T1,426.0,0.434,0.557,True,High-volume advocate
HCP00258,General Practitioner,TR12,West,T1,151.0,0.511,0.681,True,Emerging
HCP00259,Pediatrician,TR23,South,T1,186.0,0.495,0.685,True,Low-opportunity
HCP00260,General Practitioner,TR10,North,T2,79.0,0.162,0.339,True,Low-opportunity
HCP00261,Pediatrician,TR18,West,T3,664.0,0.226,0.785,True,High-volume non/under-user
HCP00262,Pediatrician,TR13,West,T1,276.0,0.354,0.464,True,Low-opportunity
HCP00263,Pediatrician,TR23,South,T1,623.0,0.134,0.548,False,High-volume non/under-user
HCP00264,Pediatrician,TR27,South,T2,277.0,0.698,0.462,True,Low-opportunity
HCP00265,Pediatrician,TR14,West,T1,412.0,0.683,0.716,True,Emerging
HCP00266,Pediatrician,TR05,North,T2,574.0,0.706,0.592,True,High-volume advocate
HCP00267,Obstetrician-Gynecologist,TR14,West,T1,59.0,0.109,0.522,True,Low-opportunity
HCP00268,Pediatrician,TR27,South,T2,154.0,0.481,0.502,True,Low-opportunity
HCP00269,Pediatrician,TR28,South,T1,288.0,0.213,0.569,False,Low-opportunity
HCP00270,Pediatrician,TR28,South,T1,215.0,0.699,0.564,True,Low-opportunity
HCP00271,Pediatrician,TR35,East,T2,355.0,0.121,0.644,False,Emerging
HCP00272,Pediatrician,TR29,South,T2,393.0,0.32,0.332,True,Low-opportunity
HCP00273,General Practitioner,TR35,East,T2,122.0,0.135,0.389,False,Low-opportunity
HCP00274,General Practitioner,TR24,South,T1,150.0,0.037,0.77,False,Emerging
HCP00275,General Practitioner,TR09,North,T2,148.0,0.012,0.221,False,Low-opportunity
HCP00276,Pediatrician,TR23,South,T1,235.0,0.125,0.282,True,Low-opportunity
HCP00277,Pediatrician,TR08,North,T2,393.0,0.559,0.321,True,Low-opportunity
HCP00278,General Practitioner,TR02,North,T1,72.0,0.287,0.444,False,Low-opportunity
HCP00279,Pediatrician,TR12,West,T1,465.0,0.545,0.592,True,High-volume advocate
HCP00280,General Practitioner,TR14,West,T1,219.0,0.202,0.714,False,High-volume non/under-user
HCP00281,General Practitioner,TR26,South,T1,86.0,0.099,0.74,True,Low-opportunity
HCP00282,Pediatrician,TR14,West,T1,405.0,0.264,0.518,True,Low-opportunity
HCP00283,Pediatrician,TR01,North,T1,466.0,0.12,0.601,False,High-volume non/under-user
HCP00284,General Practitioner,TR32,East,T3,364.0,0.076,0.341,False,High-volume non/under-user
HCP00285,Pediatrician,TR23,South,T1,699.0,0.081,0.288,False,High-volume non/under-user
HCP00286,Pediatrician,TR09,North,T2,408.0,0.251,0.567,False,Low-opportunity
HCP00287,Pediatrician,TR11,North,T3,220.0,0.224,0.516,False,Low-opportunity
HCP00288,Pediatrician,TR04,North,T2,559.0,0.579,0.538,True,High-volume advocate
HCP00289,General Practitioner,TR32,East,T3,90.0,0.285,0.568,True,Low-opportunity
HCP00290,Pediatrician,TR09,North,T2,185.0,0.501,0.618,True,Low-opportunity
HCP00291,Obstetrician-Gynecologist,TR33,East,T2,189.0,0.095,0.731,False,High-volume non/under-user
HCP00292,Neonatologist,TR11,North,T3,486.0,0.233,0.44,True,High-volume non/under-user
HCP00293,Neonatologist,TR28,South,T1,165.0,0.811,0.563,True,Low-opportunity
HCP00294,Pediatrician,TR01,North,T1,591.0,0.498,0.509,True,High-volume advocate
HCP00295,Pediatrician,TR17,West,T2,178.0,0.351,0.5,True,Low-opportunity
HCP00296,Obstetrician-Gynecologist,TR14,West,T1,112.0,0.041,0.64,False,Emerging
HCP00297,General Practitioner,TR13,West,T1,114.0,0.026,0.578,False,Low-opportunity
HCP00298,Pediatrician,TR36,East,T2,391.0,0.155,0.413,False,Low-opportunity
HCP00299,Obstetrician-Gynecologist,TR26,South,T1,50.0,0.045,0.481,True,Low-opportunity
HCP00300,General Practitioner,TR11,North,T3,174.0,0.227,0.707,False,Emerging
HCP00301,General Practitioner,TR27,South,T2,109.0,0.317,0.485,False,Low-opportunity
HCP00302,Neonatologist,TR04,North,T2,156.0,0.176,1.0,False,Low-opportunity
HCP00303,Neonatologist,TR33,East,T2,292.0,0.192,0.47,True,High-volume non/under-user
HCP00304,Pediatrician,TR16,West,T1,220.0,0.385,0.711,True,Low-opportunity
HCP00305,Pediatrician,TR08,North,T2,208.0,0.179,0.544,False,Low-opportunity
HCP00306,General Practitioner,TR12,West,T1,204.0,0.136,0.265,False,High-volume non/under-user
HCP00307,General Practitioner,TR05,North,T2,157.0,0.162,0.558,False,Low-opportunity
HCP00308,General Practitioner,TR33,East,T2,146.0,0.033,0.894,False,Emerging
HCP00309,Pediatrician,TR12,West,T1,309.0,0.339,0.553,False,Low-opportunity
HCP00310,General Practitioner,TR04,North,T2,264.0,0.114,0.457,False,High-volume non/under-user
HCP00311,Pediatrician,TR28,South,T1,188.0,0.379,0.668,True,Low-opportunity
HCP00312,Neonatologist,TR09,North,T2,223.0,0.44,0.622,True,Emerging
HCP00313,Obstetrician-Gynecologist,TR02,North,T1,178.0,0.191,0.404,False,High-volume non/under-user
HCP00314,Pediatrician,TR24,South,T1,309.0,0.121,0.536,False,Low-opportunity
HCP00315,General Practitioner,TR01,North,T1,181.0,0.161,0.597,True,Low-opportunity
HCP00316,General Practitioner,TR29,South,T2,103.0,0.02,0.695,False,Low-opportunity
HCP00317,Pediatrician,TR21,Central,T3,472.0,0.436,0.662,True,High-volume advocate
HCP00318,Pediatrician,TR10,North,T2,121.0,0.148,0.294,False,Low-opportunity
HCP00319,General Practitioner,TR16,West,T1,156.0,0.402,0.803,True,Emerging
HCP00320,General Practitioner,TR11,North,T3,174.0,0.049,0.562,False,Low-opportunity
HCP00321,Pediatrician,TR19,Central,T2,192.0,0.096,0.779,False,Low-opportunity
HCP00322,Obstetrician-Gynecologist,TR22,Central,T3,101.0,0.06,0.195,True,Low-opportunity
HCP00323,Neonatologist,TR28,South,T1,106.0,0.031,0.403,False,Low-opportunity
HCP00324,Obstetrician-Gynecologist,TR16,West,T1,130.0,0.482,0.164,True,Low-opportunity
HCP00325,Neonatologist,TR28,South,T1,175.0,0.398,,True,Low-opportunity
HCP00326,Pediatrician,TR02,North,T1,204.0,0.23,0.495,False,Low-opportunity
HCP00327,Obstetrician-Gynecologist,TR33,East,T2,60.0,0.028,0.202,False,Low-opportunity
HCP00328,Neonatologist,TR07,North,T3,214.0,0.247,0.31,True,Low-opportunity
HCP00329,General Practitioner,TR29,South,T2,171.0,0.076,0.371,False,Low-opportunity
HCP00330,Pediatrician,TR18,West,T3,385.0,0.268,0.338,False,Low-opportunity
HCP00331,Pediatrician,TR03,North,T2,149.0,0.119,0.551,True,Low-opportunity
HCP00332,Pediatrician,TR14,West,T1,245.0,0.176,0.377,False,Low-opportunity
HCP00333,General Practitioner,TR32,East,T3,132.0,0.104,0.849,False,Low-opportunity
HCP00334,Pediatrician,TR29,South,T2,483.0,0.355,0.519,True,High-volume non/under-user
HCP00335,General Practitioner,TR26,South,T1,136.0,0.019,0.708,False,Emerging
HCP00336,General Practitioner,TR14,West,T1,84.0,0.166,0.282,False,Low-opportunity
HCP00337,Pediatrician,TR23,South,T1,165.0,0.504,0.76,True,Low-opportunity
HCP00338,Pediatrician,TR10,North,T2,449.0,0.222,0.61,True,High-volume non/under-user
HCP00339,General Practitioner,TR24,South,T1,127.0,0.136,0.211,False,Low-opportunity
HCP00340,Pediatrician,TR11,North,T3,418.0,0.249,0.496,True,Low-opportunity
HCP00341,Neonatologist,TR29,South,T2,138.0,0.121,0.663,True,Low-opportunity
HCP00342,Obstetrician-Gynecologist,TR26,South,T1,109.0,0.089,0.582,False,Low-opportunity
HCP00343,Pediatrician,TR14,West,T1,540.0,0.603,0.594,True,High-volume advocate
HCP00344,General Practitioner,TR24,South,T1,135.0,0.339,0.729,True,Emerging
HCP00345,Obstetrician-Gynecologist,TR13,West,T1,85.0,0.206,0.604,True,Low-opportunity
HCP00346,Obstetrician-Gynecologist,TR05,North,T2,188.0,0.038,0.68,False,High-volume non/under-user
HCP00347,General Practitioner,TR10,North,T2,133.0,0.038,0.405,False,Low-opportunity
HCP00348,Neonatologist,TR12,West,T1,288.0,0.262,0.467,True,High-volume non/under-user
HCP00349,Pediatrician,TR09,North,T2,322.0,0.11,0.287,False,Low-opportunity
HCP00350,Pediatrician,TR25,South,T3,456.0,0.289,0.526,True,High-volume non/under-user
HCP00351,General Practitioner,TR27,South,T2,81.0,0.12,0.763,False,Low-opportunity
HCP00352,General Practitioner,TR16,West,T1,88.0,0.218,0.392,True,Low-opportunity
HCP00353,Neonatologist,TR36,East,T2,203.0,0.37,0.664,True,Emerging
HCP00354,Pediatrician,TR31,East,T1,612.0,0.28,0.57,True,High-volume non/under-user
HCP00355,Pediatrician,TR02,North,T1,255.0,0.128,0.387,False,Low-opportunity
HCP00356,General Practitioner,TR16,West,T1,121.0,0.309,0.815,False,Low-opportunity
HCP00357,Obstetrician-Gynecologist,TR32,East,T3,81.0,0.125,0.644,False,Low-opportunity
HCP00358,General Practitioner,TR09,North,T2,172.0,0.067,0.277,False,Low-opportunity
HCP00359,Pediatrician,TR14,West,T1,352.0,0.208,0.566,False,Low-opportunity
HCP00360,Obstetrician-Gynecologist,TR34,East,T3,163.0,0.083,0.644,True,High-volume non/under-user
HCP00361,General Practitioner,TR28,South,T1,73.0,0.177,0.136,False,Low-opportunity
HCP00362,Obstetrician-Gynecologist,TR29,South,T2,140.0,0.204,0.553,True,Low-opportunity
HCP00363,Obstetrician-Gynecologist,TR31,East,T1,124.0,0.136,0.077,True,Low-opportunity
HCP00364,Pediatrician,TR06,North,T2,603.0,0.379,0.528,True,High-volume non/under-user
HCP00365,Neonatologist,TR26,South,T1,195.0,0.356,0.763,True,Emerging
HCP00366,Pediatrician,TR28,South,T1,333.0,0.684,0.629,True,Emerging
HCP00367,Neonatologist,TR09,North,T2,96.0,0.107,0.717,True,Low-opportunity
HCP00368,Pediatrician,TR01,North,T1,789.0,0.197,0.527,False,High-volume non/under-user
HCP00369,General Practitioner,TR07,North,T3,94.0,0.053,0.754,False,Low-opportunity
HCP00370,Pediatrician,TR27,South,T2,475.0,0.179,0.22,True,High-volume non/under-user
HCP00371,Pediatrician,TR26,South,T1,279.0,0.148,0.821,True,Low-opportunity
HCP00372,Neonatologist,TR31,East,T1,211.0,0.163,0.713,False,Emerging
HCP00373,Pediatrician,TR13,West,T1,587.0,0.302,0.445,True,High-volume non/under-user
HCP00374,Pediatrician,TR23,South,T1,403.0,0.567,0.09,True,Low-opportunity
HCP00375,Obstetrician-Gynecologist,TR01,North,T1,157.0,0.179,0.502,False,High-volume non/under-user
HCP00376,Pediatrician,TR33,East,T2,327.0,0.353,0.797,False,Emerging
HCP00377,General Practitioner,TR21,Central,T3,161.0,0.233,,True,Low-opportunity
HCP00378,Neonatologist,TR27,South,T2,189.0,0.218,0.269,False,Low-opportunity
HCP00379,Pediatrician,TR12,West,T1,287.0,0.209,0.489,False,Low-opportunity
HCP00380,Pediatrician,TR02,North,T1,814.0,0.613,0.628,True,High-volume advocate
HCP00381,General Practitioner,TR02,North,T1,202.0,0.138,0.713,False,High-volume non/under-user
HCP00382,General Practitioner,TR28,South,T1,119.0,0.147,0.424,False,Low-opportunity
HCP00383,Pediatrician,TR05,North,T2,202.0,0.126,0.666,False,Low-opportunity
HCP00384,Pediatrician,TR29,South,T2,157.0,0.508,0.576,True,Low-opportunity
HCP00385,Pediatrician,TR11,North,T3,454.0,0.159,0.486,False,High-volume non/under-user
HCP00386,Pediatrician,TR20,Central,T2,295.0,0.2,0.528,False,Low-opportunity
HCP00387,Pediatrician,TR11,North,T3,391.0,0.1,0.366,False,Low-opportunity
HCP00388,Obstetrician-Gynecologist,TR01,North,T1,94.0,0.124,0.754,False,Low-opportunity
HCP00389,Pediatrician,TR20,Central,T2,834.0,0.111,0.492,True,High-volume non/under-user
HCP00390,Pediatrician,TR14,West,T1,397.0,0.063,0.432,False,Low-opportunity
HCP00391,Neonatologist,TR16,West,T1,113.0,0.129,0.405,True,Low-opportunity
HCP00392,Pediatrician,TR23,South,T1,187.0,0.201,0.773,False,Low-opportunity
HCP00393,Neonatologist,TR13,West,T1,154.0,0.531,0.732,False,Low-opportunity
HCP00394,Obstetrician-Gynecologist,TR22,Central,T3,97.0,0.456,0.249,True,Low-opportunity
HCP00395,Pediatrician,TR24,South,T1,431.0,0.664,0.362,True,High-volume advocate
HCP00396,Pediatrician,TR02,North,T1,318.0,0.293,0.555,True,Low-opportunity
HCP00397,Pediatrician,TR14,West,T1,421.0,0.585,0.452,True,Low-opportunity
HCP00398,Pediatrician,TR02,North,T1,497.0,0.14,0.493,False,High-volume non/under-user
HCP00399,Pediatrician,TR01,North,T1,482.0,0.188,0.527,True,High-volume non/under-user
HCP00400,Pediatrician,TR01,North,T1,225.0,0.481,0.799,True,Low-opportunity
HCP00401,Pediatrician,TR23,South,T1,667.0,0.191,0.9,False,High-volume non/under-user
HCP00402,Obstetrician-Gynecologist,TR02,North,T1,159.0,0.185,1.0,True,High-volume non/under-user
HCP00403,Pediatrician,TR31,East,T1,365.0,0.55,0.471,True,Low-opportunity
HCP00404,Pediatrician,TR27,South,T2,327.0,0.598,0.549,True,Low-opportunity
HCP00405,Pediatrician,TR01,North,T1,932.0,0.695,0.457,True,High-volume advocate
HCP00406,Pediatrician,TR22,Central,T3,413.0,0.236,0.404,True,Low-opportunity
HCP00407,General Practitioner,TR01,North,T1,128.0,0.456,0.656,True,Low-opportunity
HCP00408,General Practitioner,TR03,North,T2,59.0,0.201,0.399,False,Low-opportunity
HCP00409,Pediatrician,TR36,East,T2,387.0,0.265,0.554,True,Low-opportunity
HCP00410,General Practitioner,TR16,West,T1,235.0,0.067,0.736,False,High-volume non/under-user
HCP00411,Pediatrician,TR01,North,T1,230.0,0.608,0.576,True,Low-opportunity
HCP00412,Obstetrician-Gynecologist,TR30,South,T2,61.0,0.125,0.426,False,Low-opportunity
HCP00413,Pediatrician,TR32,East,T3,177.0,0.304,0.668,False,Low-opportunity
HCP00414,General Practitioner,TR20,Central,T2,215.0,0.129,0.699,False,High-volume non/under-user
HCP00415,Pediatrician,TR26,South,T1,352.0,0.257,0.544,True,Low-opportunity
HCP00416,Pediatrician,TR28,South,T1,421.0,0.648,0.532,True,Low-opportunity
HCP00417,Pediatrician,TR26,South,T1,495.0,0.048,0.708,False,High-volume non/under-user
HCP00418,Pediatrician,TR18,West,T3,377.0,0.076,0.759,False,Emerging
HCP00419,General Practitioner,TR29,South,T2,119.0,0.047,0.339,False,Low-opportunity
HCP00420,General Practitioner,TR19,Central,T2,78.0,0.043,0.595,False,Low-opportunity
HCP00421,Pediatrician,TR11,North,T3,764.0,0.422,0.686,True,High-volume advocate
HCP00422,Neonatologist,TR01,North,T1,245.0,0.596,0.383,True,Low-opportunity
HCP00423,Pediatrician,TR14,West,T1,408.0,0.422,0.646,True,Emerging
HCP00424,Obstetrician-Gynecologist,TR02,North,T1,334.0,0.113,0.434,False,High-volume non/under-user
HCP00425,Pediatrician,TR02,North,T1,408.0,0.69,0.148,True,Low-opportunity
HCP00426,Pediatrician,TR16,West,T1,516.0,0.197,0.583,False,High-volume non/under-user
HCP00427,Pediatrician,TR34,East,T3,376.0,0.557,0.426,True,Low-opportunity
HCP00428,General Practitioner,TR03,North,T2,260.0,0.069,0.362,False,High-volume non/under-user
HCP00429,General Practitioner,TR12,West,T1,682.0,0.04,0.339,False,High-volume non/under-user
HCP00430,General Practitioner,TR29,South,T2,134.0,0.084,0.615,False,Emerging
HCP00431,Pediatrician,TR15,West,T2,450.0,0.134,0.829,False,High-volume non/under-user
HCP00432,Pediatrician,TR27,South,T2,270.0,0.152,0.697,False,Low-opportunity
HCP00433,General Practitioner,TR20,Central,T2,233.0,0.065,0.55,True,High-volume non/under-user
HCP00434,Obstetrician-Gynecologist,TR23,South,T1,152.0,0.124,0.394,False,High-volume non/under-user
HCP00435,Pediatrician,TR05,North,T2,259.0,0.201,0.216,True,Low-opportunity
HCP00436,Obstetrician-Gynecologist,TR14,West,T1,314.0,0.322,0.533,True,High-volume non/under-user
HCP00437,General Practitioner,TR23,South,T1,155.0,0.158,0.605,False,Emerging
HCP00438,Pediatrician,TR01,North,T1,329.0,0.6,0.832,True,Emerging
HCP00439,General Practitioner,TR07,North,T3,177.0,0.191,0.497,True,Low-opportunity
HCP00440,Pediatrician,TR14,West,T1,896.0,0.243,0.486,False,High-volume non/under-user
HCP00441,Pediatrician,TR24,South,T1,343.0,0.699,0.584,True,Low-opportunity
HCP00442,General Practitioner,TR18,West,T3,161.0,0.037,0.58,False,Low-opportunity
HCP00443,Neonatologist,TR26,South,T1,82.0,0.145,0.581,True,Low-opportunity
HCP00444,Pediatrician,TR26,South,T1,648.0,0.052,0.567,False,High-volume non/under-user
HCP00445,Pediatrician,TR01,North,T1,391.0,0.644,0.567,True,Low-opportunity
HCP00446,Pediatrician,TR31,East,T1,576.0,0.124,0.428,False,High-volume non/under-user
HCP00447,Pediatrician,TR29,South,T2,403.0,0.259,0.41,False,Low-opportunity
HCP00448,General Practitioner,TR12,West,T1,456.0,0.291,0.258,True,High-volume non/under-user
HCP00449,Pediatrician,TR17,West,T2,283.0,0.641,0.602,True,Low-opportunity
HCP00450,Pediatrician,TR13,West,T1,437.0,0.676,0.758,True,High-volume advocate
HCP00451,General Practitioner,TR32,East,T3,140.0,0.286,0.464,True,Low-opportunity
HCP00452,Pediatrician,TR14,West,T1,842.0,0.468,0.801,False,High-volume advocate
HCP00453,Pediatrician,TR14,West,T1,328.0,0.286,0.561,False,Low-opportunity
HCP00454,General Practitioner,TR32,East,T3,105.0,0.124,0.815,False,Low-opportunity
HCP00455,Pediatrician,TR23,South,T1,1276.0,0.265,0.551,False,High-volume non/under-user
HCP00456,Pediatrician,TR04,North,T2,444.0,0.215,0.47,False,High-volume non/under-user
HCP00457,Pediatrician,TR24,South,T1,564.0,0.249,0.66,False,High-volume non/under-user
HCP00458,Pediatrician,TR28,South,T1,310.0,0.506,0.608,True,Emerging
HCP00459,Obstetrician-Gynecologist,TR13,West,T1,141.0,0.12,0.577,False,Low-opportunity
HCP00460,General Practitioner,TR19,Central,T2,100.0,0.32,0.554,False,Low-opportunity
HCP00461,Pediatrician,TR24,South,T1,202.0,0.204,0.223,False,Low-opportunity
HCP00462,Pediatrician,TR18,West,T3,405.0,0.233,0.373,True,Low-opportunity
HCP00463,Pediatrician,TR36,East,T2,178.0,0.208,0.495,True,Low-opportunity
HCP00464,Obstetrician-Gynecologist,TR18,West,T3,126.0,0.42,0.637,False,Emerging
HCP00465,General Practitioner,TR24,South,T1,248.0,0.135,0.274,False,High-volume non/under-user
HCP00466,General Practitioner,TR28,South,T1,150.0,0.125,0.953,False,Emerging
HCP00467,Pediatrician,TR04,North,T2,137.0,0.214,0.421,False,Low-opportunity
HCP00468,Neonatologist,TR01,North,T1,169.0,0.417,0.847,False,Low-opportunity
HCP00469,Obstetrician-Gynecologist,TR35,East,T2,84.0,0.108,0.912,True,Low-opportunity
HCP00470,Pediatrician,TR26,South,T1,232.0,0.084,0.675,False,Low-opportunity
HCP00471,Pediatrician,TR14,West,T1,221.0,0.104,0.744,False,Low-opportunity
HCP00472,Pediatrician,TR01,North,T1,386.0,0.209,0.445,True,Low-opportunity
HCP00473,General Practitioner,TR06,North,T2,290.0,0.025,0.732,False,High-volume non/under-user
HCP00474,Pediatrician,TR01,North,T1,396.0,0.394,0.469,False,Low-opportunity
HCP00475,Pediatrician,TR14,West,T1,502.0,0.437,0.743,True,High-volume advocate
HCP00476,General Practitioner,TR21,Central,T3,90.0,0.089,1.0,False,Low-opportunity
HCP00477,General Practitioner,TR05,North,T2,146.0,0.054,0.463,False,Low-opportunity
HCP00478,Pediatrician,TR24,South,T1,303.0,0.212,0.666,False,Emerging
HCP00479,Pediatrician,TR34,East,T3,322.0,0.129,0.801,False,Emerging
HCP00480,Pediatrician,TR36,East,T2,155.0,0.613,0.175,True,Low-opportunity
HCP00481,Pediatrician,TR29,South,T2,352.0,0.116,0.367,False,Low-opportunity
HCP00482,Obstetrician-Gynecologist,TR16,West,T1,221.0,0.39,0.338,True,High-volume non/under-user
HCP00483,General Practitioner,TR20,Central,T2,63.0,0.288,0.663,True,Low-opportunity
HCP00484,Neonatologist,TR18,West,T3,141.0,0.145,0.634,True,Low-opportunity
HCP00485,General Practitioner,TR05,North,T2,169.0,0.065,0.475,False,Low-opportunity
HCP00486,General Practitioner,TR30,South,T2,84.0,0.229,0.867,False,Low-opportunity
HCP00487,Pediatrician,TR25,South,T3,318.0,0.66,0.299,True,Low-opportunity
HCP00488,Pediatrician,TR24,South,T1,286.0,0.255,0.336,False,Low-opportunity
HCP00489,Obstetrician-Gynecologist,TR09,North,T2,159.0,0.228,0.445,False,High-volume non/under-user
HCP00490,General Practitioner,TR05,North,T2,49.0,0.068,0.539,True,Low-opportunity
HCP00491,Obstetrician-Gynecologist,TR31,East,T1,66.0,0.083,0.432,False,Low-opportunity
HCP00492,General Practitioner,TR07,North,T3,230.0,0.071,0.392,False,High-volume non/under-user
HCP00493,Pediatrician,TR02,North,T1,557.0,0.199,0.528,False,High-volume non/under-user
HCP00494,Pediatrician,TR24,South,T1,771.0,0.282,0.494,False,High-volume non/under-user
HCP00495,Pediatrician,TR26,South,T1,184.0,0.052,0.636,False,Low-opportunity
HCP00496,General Practitioner,TR04,North,T2,167.0,0.087,0.592,False,Low-opportunity
HCP00497,Neonatologist,TR09,North,T2,111.0,0.554,0.604,True,Low-opportunity
HCP00498,Obstetrician-Gynecologist,TR28,South,T1,80.0,0.127,0.243,False,Low-opportunity
HCP00499,Pediatrician,TR33,East,T2,1079.0,0.236,0.63,False,High-volume non/under-user
HCP00500,Pediatrician,TR16,West,T1,432.0,0.269,0.516,True,High-volume non/under-user
HCP00501,Pediatrician,TR28,South,T1,381.0,0.65,0.618,True,Emerging
HCP00502,Pediatrician,TR13,West,T1,138.0,0.579,0.307,True,Low-opportunity
HCP00503,Neonatologist,TR26,South,T1,171.0,0.139,0.574,False,Low-opportunity
HCP00504,General Practitioner,TR21,Central,T3,150.0,0.066,0.432,False,Low-opportunity
HCP00505,Pediatrician,TR30,South,T2,421.0,0.538,0.548,True,Low-opportunity
HCP00506,Obstetrician-Gynecologist,TR28,South,T1,234.0,0.073,0.525,False,High-volume non/under-user
HCP00507,Pediatrician,TR12,West,T1,341.0,0.448,0.439,True,Low-opportunity
HCP00508,Neonatologist,TR05,North,T2,120.0,0.333,,False,Low-opportunity
HCP00509,General Practitioner,TR28,South,T1,117.0,0.089,0.658,False,Low-opportunity
HCP00510,Pediatrician,TR01,North,T1,392.0,0.587,0.703,True,Emerging
HCP00511,General Practitioner,TR25,South,T3,219.0,0.082,0.503,False,High-volume non/under-user
HCP00512,Pediatrician,TR16,West,T1,464.0,0.496,0.421,True,High-volume advocate
HCP00513,General Practitioner,TR02,North,T1,159.0,0.055,0.495,False,Low-opportunity
HCP00514,Pediatrician,TR25,South,T3,646.0,0.206,0.658,False,High-volume non/under-user
HCP00515,Pediatrician,TR17,West,T2,770.0,0.274,0.682,True,High-volume non/under-user
HCP00516,General Practitioner,TR31,East,T1,109.0,0.214,,True,Low-opportunity
HCP00517,Pediatrician,TR09,North,T2,209.0,0.096,0.065,False,Low-opportunity
HCP00518,Pediatrician,TR01,North,T1,314.0,0.127,0.527,True,Low-opportunity
HCP00519,Obstetrician-Gynecologist,TR04,North,T2,136.0,0.119,0.66,False,Emerging
HCP00520,Pediatrician,TR12,West,T1,249.0,0.595,0.444,True,Low-opportunity
HCP00521,General Practitioner,TR24,South,T1,248.0,0.18,0.753,False,High-volume non/under-user
HCP00522,General Practitioner,TR14,West,T1,109.0,0.033,0.65,False,Low-opportunity
HCP00523,Pediatrician,TR04,North,T2,492.0,0.334,0.642,False,High-volume non/under-user
HCP00524,Neonatologist,TR36,East,T2,129.0,0.18,0.573,False,Low-opportunity
HCP00525,Pediatrician,TR03,North,T2,333.0,0.204,0.54,False,Low-opportunity
HCP00526,Pediatrician,TR14,West,T1,170.0,0.251,0.342,True,Low-opportunity
HCP00527,Pediatrician,TR31,East,T1,332.0,0.32,0.717,False,Emerging
HCP00528,General Practitioner,TR24,South,T1,301.0,0.213,0.572,False,High-volume non/under-user
HCP00529,Pediatrician,TR13,West,T1,631.0,0.175,0.896,False,High-volume non/under-user
HCP00530,Pediatrician,TR35,East,T2,311.0,0.15,0.409,True,Low-opportunity
HCP00531,Pediatrician,TR18,West,T3,634.0,0.321,0.668,True,High-volume non/under-user
HCP00532,General Practitioner,TR01,North,T1,156.0,0.069,0.742,False,Emerging
HCP00533,Pediatrician,TR01,North,T1,373.0,0.21,0.392,False,Low-opportunity
HCP00534,Pediatrician,TR33,East,T2,205.0,0.103,0.733,False,Low-opportunity
HCP00535,Pediatrician,TR12,West,T1,260.0,0.321,0.677,True,Low-opportunity
HCP00536,Pediatrician,TR28,South,T1,417.0,0.509,0.283,False,Low-opportunity
HCP00537,General Practitioner,TR01,North,T1,204.0,0.081,0.514,False,High-volume non/under-user
HCP00538,Pediatrician,TR05,North,T2,396.0,0.4,0.436,True,Low-opportunity
HCP00539,Pediatrician,TR30,South,T2,169.0,0.421,0.716,True,Low-opportunity
HCP00540,Pediatrician,TR36,East,T2,261.0,0.529,0.426,True,Low-opportunity
HCP00541,General Practitioner,TR01,North,T1,126.0,0.04,0.668,False,Low-opportunity
HCP00542,General Practitioner,TR06,North,T2,176.0,0.082,0.552,False,Low-opportunity
HCP00543,Pediatrician,TR26,South,T1,266.0,0.419,0.741,True,Low-opportunity
HCP00544,General Practitioner,TR19,Central,T2,197.0,0.22,0.457,True,High-volume non/under-user
HCP00545,General Practitioner,TR15,West,T2,220.0,0.291,0.19,False,High-volume non/under-user
HCP00546,Pediatrician,TR08,North,T2,190.0,0.43,0.441,True,Low-opportunity
HCP00547,Pediatrician,TR34,East,T3,211.0,0.1,0.178,True,Low-opportunity
HCP00548,Pediatrician,TR06,North,T2,284.0,0.205,0.368,False,Low-opportunity
HCP00549,Obstetrician-Gynecologist,TR11,North,T3,146.0,0.194,0.584,True,Low-opportunity
HCP00550,Pediatrician,TR13,West,T1,538.0,0.536,0.42,True,High-volume advocate
HCP00551,Pediatrician,TR04,North,T2,428.0,0.398,0.461,False,High-volume non/under-user
HCP00552,Pediatrician,TR19,Central,T2,332.0,0.059,0.708,False,Emerging
HCP00553,Pediatrician,TR13,West,T1,205.0,0.239,0.563,True,Low-opportunity
HCP00554,Obstetrician-Gynecologist,TR23,South,T1,139.0,0.332,0.522,True,Low-opportunity
HCP00555,Pediatrician,TR14,West,T1,584.0,0.451,0.024,True,High-volume advocate
HCP00556,Pediatrician,TR04,North,T2,818.0,0.146,0.677,False,High-volume non/under-user
HCP00557,General Practitioner,TR31,East,T1,76.0,0.268,,False,Low-opportunity
HCP00558,General Practitioner,TR18,West,T3,141.0,0.07,0.463,False,Low-opportunity
HCP00559,Neonatologist,TR13,West,T1,130.0,0.057,0.482,False,Low-opportunity
HCP00560,General Practitioner,TR01,North,T1,104.0,0.018,0.592,False,Low-opportunity
HCP00561,Pediatrician,TR23,South,T1,602.0,0.11,0.744,False,High-volume non/under-user
HCP00562,Pediatrician,TR28,South,T1,235.0,0.441,0.625,False,Low-opportunity
HCP00563,Neonatologist,TR24,South,T1,211.0,0.225,0.589,False,Low-opportunity
HCP00564,General Practitioner,TR28,South,T1,207.0,0.08,0.078,True,High-volume non/under-user
HCP00565,Pediatrician,TR05,North,T2,233.0,0.363,0.51,False,Low-opportunity
HCP00566,Pediatrician,TR35,East,T2,455.0,0.161,0.336,False,High-volume non/under-user
HCP00567,General Practitioner,TR09,North,T2,114.0,0.182,0.364,False,Low-opportunity
HCP00568,Pediatrician,TR12,West,T1,398.0,0.652,0.271,True,Low-opportunity
HCP00569,General Practitioner,TR18,West,T3,327.0,0.113,0.345,True,High-volume non/under-user
HCP00570,General Practitioner,TR01,North,T1,274.0,0.106,0.639,False,High-volume non/under-user
HCP00571,Pediatrician,TR16,West,T1,693.0,0.487,0.353,True,High-volume advocate
HCP00572,Neonatologist,TR08,North,T2,43.0,0.254,0.761,False,Low-opportunity
HCP00573,Neonatologist,TR27,South,T2,105.0,0.203,0.771,False,Low-opportunity
HCP00574,Pediatrician,TR27,South,T2,171.0,0.198,0.454,True,Low-opportunity
HCP00575,Pediatrician,TR23,South,T1,568.0,0.258,0.706,True,High-volume non/under-user
HCP00576,Obstetrician-Gynecologist,TR16,West,T1,338.0,0.049,0.488,False,High-volume non/under-user
HCP00577,Pediatrician,TR13,West,T1,412.0,0.354,0.781,False,Emerging
HCP00578,Neonatologist,TR29,South,T2,112.0,0.339,0.484,False,Low-opportunity
HCP00579,Pediatrician,TR18,West,T3,271.0,0.107,0.637,False,Low-opportunity
HCP00580,General Practitioner,TR18,West,T3,42.0,0.018,0.36,False,Low-opportunity
HCP00581,General Practitioner,TR03,North,T2,78.0,0.098,0.488,False,Low-opportunity
HCP00582,Pediatrician,TR09,North,T2,408.0,0.225,0.719,False,Emerging
HCP00583,General Practitioner,TR14,West,T1,184.0,0.198,0.473,False,Low-opportunity
HCP00584,Pediatrician,TR26,South,T1,196.0,0.629,0.464,True,Low-opportunity
HCP00585,Pediatrician,TR30,South,T2,148.0,0.128,0.501,True,Low-opportunity
HCP00586,Pediatrician,TR36,East,T2,319.0,0.159,0.37,False,Low-opportunity
HCP00587,Pediatrician,TR16,West,T1,454.0,0.08,0.873,False,High-volume non/under-user
HCP00588,Pediatrician,TR16,West,T1,111.0,0.467,0.282,True,Low-opportunity
HCP00589,Pediatrician,TR28,South,T1,393.0,0.184,0.593,False,Low-opportunity
HCP00590,Pediatrician,TR13,West,T1,405.0,0.215,0.62,True,Emerging
HCP00591,Pediatrician,TR20,Central,T2,601.0,0.307,0.339,True,High-volume non/under-user
HCP00592,Pediatrician,TR25,South,T3,341.0,0.414,0.901,False,Emerging
HCP00593,Obstetrician-Gynecologist,TR10,North,T2,36.0,0.041,0.714,False,Low-opportunity
HCP00594,Pediatrician,TR12,West,T1,284.0,0.154,0.578,False,Low-opportunity
HCP00595,General Practitioner,TR14,West,T1,317.0,0.067,0.171,False,High-volume non/under-user
HCP00596,Pediatrician,TR22,Central,T3,343.0,0.9,0.245,True,Low-opportunity
HCP00597,Pediatrician,TR12,West,T1,261.0,0.181,0.58,True,Low-opportunity
HCP00598,Pediatrician,TR09,North,T2,133.0,0.331,0.448,False,Low-opportunity
HCP00599,Pediatrician,TR05,North,T2,750.0,0.352,0.626,True,High-volume non/under-user
HCP00600,Pediatrician,TR28,South,T1,539.0,0.594,0.631,False,High-volume advocate
HCP00601,General Practitioner,TR31,East,T1,178.0,0.28,0.286,False,Low-opportunity
HCP00602,Pediatrician,TR32,East,T3,184.0,0.337,0.188,True,Low-opportunity
HCP00603,Pediatrician,TR29,South,T2,583.0,0.376,0.736,True,High-volume non/under-user
HCP00604,Obstetrician-Gynecologist,TR04,North,T2,49.0,0.047,0.785,False,Low-opportunity
HCP00605,Pediatrician,TR03,North,T2,209.0,0.357,0.559,True,Low-opportunity
HCP00606,General Practitioner,TR18,West,T3,488.0,0.063,0.734,False,High-volume non/under-user
HCP00607,General Practitioner,TR19,Central,T2,147.0,0.126,0.495,False,Low-opportunity
HCP00608,Pediatrician,TR26,South,T1,388.0,0.095,0.208,False,Low-opportunity
HCP00609,Pediatrician,TR09,North,T2,677.0,0.28,0.624,False,High-volume non/under-user
HCP00610,Pediatrician,TR33,East,T2,636.0,0.578,0.842,True,High-volume advocate
HCP00611,General Practitioner,TR13,West,T1,126.0,0.161,0.481,False,Low-opportunity
HCP00612,Neonatologist,TR22,Central,T3,124.0,0.447,0.56,True,Low-opportunity
HCP00613,Pediatrician,TR31,East,T1,584.0,0.188,0.567,False,High-volume non/under-user
HCP00614,Neonatologist,TR19,Central,T2,73.0,0.297,0.678,True,Low-opportunity
HCP00615,Pediatrician,TR27,South,T2,468.0,0.597,0.623,True,High-volume advocate
HCP00616,Pediatrician,TR27,South,T2,505.0,0.778,0.751,True,High-volume advocate
HCP00617,Pediatrician,TR28,South,T1,316.0,0.238,0.537,True,Low-opportunity
HCP00618,Neonatologist,TR28,South,T1,314.0,0.334,0.519,True,High-volume non/under-user
HCP00619,Pediatrician,TR14,West,T1,323.0,0.435,0.666,True,Emerging
HCP00620,General Practitioner,TR14,West,T1,255.0,0.174,0.879,False,High-volume non/under-user
HCP00621,Pediatrician,TR28,South,T1,124.0,0.377,0.637,False,Low-opportunity
HCP00622,Obstetrician-Gynecologist,TR22,Central,T3,58.0,0.258,0.534,True,Low-opportunity
HCP00623,Obstetrician-Gynecologist,TR23,South,T1,117.0,0.133,,True,Low-opportunity
HCP00624,General Practitioner,TR15,West,T2,179.0,0.014,0.566,False,Low-opportunity
HCP00625,General Practitioner,TR08,North,T2,93.0,0.099,0.779,False,Low-opportunity
HCP00626,Pediatrician,TR16,West,T1,585.0,0.205,0.548,True,High-volume non/under-user
HCP00627,Neonatologist,TR35,East,T2,128.0,0.252,0.667,True,Low-opportunity
HCP00628,General Practitioner,TR12,West,T1,213.0,0.086,0.787,True,High-volume non/under-user
HCP00629,Pediatrician,TR12,West,T1,262.0,0.406,0.641,True,Low-opportunity
HCP00630,Obstetrician-Gynecologist,TR04,North,T2,86.0,0.132,0.505,False,Low-opportunity
HCP00631,General Practitioner,TR16,West,T1,257.0,0.072,0.679,False,High-volume non/under-user
HCP00632,General Practitioner,TR12,West,T1,123.0,0.112,0.416,False,Low-opportunity
HCP00633,General Practitioner,TR25,South,T3,117.0,0.064,0.449,False,Low-opportunity
HCP00634,Pediatrician,TR04,North,T2,229.0,0.128,0.464,False,Low-opportunity
HCP00635,Pediatrician,TR10,North,T2,136.0,0.243,0.547,False,Low-opportunity
HCP00636,Pediatrician,TR02,North,T1,192.0,0.663,0.505,True,Low-opportunity
HCP00637,Obstetrician-Gynecologist,TR01,North,T1,85.0,0.024,0.506,False,Low-opportunity
HCP00638,General Practitioner,TR28,South,T1,97.0,0.187,0.354,False,Low-opportunity
HCP00639,Obstetrician-Gynecologist,TR32,East,T3,102.0,0.534,0.49,True,Low-opportunity
HCP00640,Pediatrician,TR27,South,T2,206.0,0.617,0.3,True,Low-opportunity
HCP00641,Neonatologist,TR31,East,T1,333.0,0.349,0.923,True,High-volume non/under-user
HCP00642,Pediatrician,TR02,North,T1,261.0,0.339,0.446,False,Low-opportunity
HCP00643,Pediatrician,TR31,East,T1,350.0,0.244,0.451,False,Low-opportunity
HCP00644,Neonatologist,TR16,West,T1,339.0,0.279,0.562,True,High-volume non/under-user
HCP00645,General Practitioner,TR28,South,T1,216.0,0.428,0.476,True,High-volume advocate
HCP00646,Neonatologist,TR23,South,T1,235.0,0.228,0.547,True,Low-opportunity
HCP00647,General Practitioner,TR14,West,T1,431.0,0.166,0.43,False,High-volume non/under-user
HCP00648,Pediatrician,TR11,North,T3,313.0,0.331,0.563,True,Low-opportunity
HCP00649,Pediatrician,TR04,North,T2,484.0,0.254,0.379,False,High-volume non/under-user
HCP00650,Obstetrician-Gynecologist,TR15,West,T2,146.0,0.025,0.454,False,Low-opportunity
HCP00651,Pediatrician,TR18,West,T3,158.0,0.353,0.255,True,Low-opportunity
HCP00652,General Practitioner,TR36,East,T2,68.0,0.056,0.76,False,Low-opportunity
HCP00653,Pediatrician,TR01,North,T1,354.0,0.177,0.345,False,Low-opportunity
HCP00654,Pediatrician,TR23,South,T1,231.0,0.201,0.676,False,Low-opportunity
HCP00655,Obstetrician-Gynecologist,TR19,Central,T2,122.0,0.058,0.365,False,Low-opportunity
HCP00656,Neonatologist,TR01,North,T1,247.0,0.416,0.456,True,Low-opportunity
HCP00657,Pediatrician,TR13,West,T1,289.0,0.118,0.422,False,Low-opportunity
HCP00658,Pediatrician,TR16,West,T1,337.0,0.344,0.588,False,Low-opportunity
HCP00659,Pediatrician,TR18,West,T3,275.0,0.497,0.738,True,Low-opportunity
HCP00660,Pediatrician,TR10,North,T2,635.0,0.339,0.341,True,High-volume non/under-user
HCP00661,Obstetrician-Gynecologist,TR01,North,T1,72.0,0.092,0.309,False,Low-opportunity
HCP00662,Pediatrician,TR12,West,T1,863.0,0.327,0.758,False,High-volume non/under-user
HCP00663,Pediatrician,TR29,South,T2,839.0,0.609,0.709,True,High-volume advocate
HCP00664,General Practitioner,TR28,South,T1,78.0,0.054,0.803,False,Low-opportunity
HCP00665,General Practitioner,TR07,North,T3,89.0,0.062,0.741,False,Low-opportunity
HCP00666,Pediatrician,TR24,South,T1,271.0,0.451,0.354,True,Low-opportunity
HCP00667,Obstetrician-Gynecologist,TR33,East,T2,99.0,0.634,0.861,True,Low-opportunity
HCP00668,Pediatrician,TR06,North,T2,545.0,0.709,0.497,True,High-volume advocate
HCP00669,Pediatrician,TR04,North,T2,181.0,0.552,0.627,True,Low-opportunity
HCP00670,Obstetrician-Gynecologist,TR01,North,T1,337.0,0.135,0.573,False,High-volume non/under-user
HCP00671,Pediatrician,TR06,North,T2,430.0,0.172,0.656,False,High-volume non/under-user
HCP00672,Neonatologist,TR28,South,T1,168.0,0.098,0.447,False,Low-opportunity
HCP00673,General Practitioner,TR28,South,T1,162.0,0.337,0.633,False,Emerging
HCP00674,Obstetrician-Gynecologist,TR20,Central,T2,176.0,0.34,0.517,True,High-volume non/under-user
HCP00675,Pediatrician,TR13,West,T1,281.0,0.29,,False,Low-opportunity
HCP00676,Pediatrician,TR28,South,T1,122.0,0.482,0.238,True,Low-opportunity
HCP00677,Obstetrician-Gynecologist,TR08,North,T2,117.0,0.332,0.734,False,Emerging
HCP00678,Obstetrician-Gynecologist,TR04,North,T2,110.0,0.217,0.519,False,Low-opportunity
HCP00679,Obstetrician-Gynecologist,TR02,North,T1,76.0,0.283,0.319,True,Low-opportunity
HCP00680,Pediatrician,TR30,South,T2,167.0,0.458,0.503,True,Low-opportunity
HCP00681,General Practitioner,TR26,South,T1,94.0,0.037,0.655,False,Low-opportunity
HCP00682,Pediatrician,TR24,South,T1,470.0,0.212,0.747,True,High-volume non/under-user
HCP00683,Pediatrician,TR26,South,T1,407.0,0.037,0.861,False,Emerging
HCP00684,Pediatrician,TR05,North,T2,198.0,0.694,0.766,True,Low-opportunity
HCP00685,General Practitioner,TR14,West,T1,146.0,0.017,0.721,False,Emerging
HCP00686,Pediatrician,TR28,South,T1,673.0,0.619,0.609,True,High-volume advocate
HCP00687,Pediatrician,TR32,East,T3,571.0,0.569,0.262,True,High-volume advocate
HCP00688,Obstetrician-Gynecologist,TR18,West,T3,163.0,0.334,0.86,True,High-volume non/under-user
HCP00689,Neonatologist,TR04,North,T2,110.0,0.16,0.487,False,Low-opportunity
HCP00690,Pediatrician,TR36,East,T2,187.0,0.278,0.628,True,Low-opportunity
HCP00691,Obstetrician-Gynecologist,TR14,West,T1,154.0,0.191,0.143,False,High-volume non/under-user
HCP00692,Obstetrician-Gynecologist,TR13,West,T1,165.0,0.135,0.675,False,High-volume non/under-user
HCP00693,Pediatrician,TR04,North,T2,411.0,0.663,0.591,True,Low-opportunity
HCP00694,General Practitioner,TR01,North,T1,266.0,0.084,0.513,False,High-volume non/under-user
HCP00695,Neonatologist,TR23,South,T1,227.0,0.094,0.651,False,Emerging
HCP00696,General Practitioner,TR23,South,T1,272.0,0.152,0.475,True,High-volume non/under-user
HCP00697,Pediatrician,TR10,North,T2,245.0,0.345,0.727,True,Low-opportunity
HCP00698,General Practitioner,TR05,North,T2,245.0,0.041,0.798,False,High-volume non/under-user
HCP00699,General Practitioner,TR19,Central,T2,328.0,0.117,0.718,False,High-volume non/under-user
HCP00700,General Practitioner,TR16,West,T1,130.0,0.055,0.378,True,Low-opportunity
HCP00701,Pediatrician,TR12,West,T1,269.0,0.271,,False,Low-opportunity
HCP00702,Pediatrician,TR09,North,T2,173.0,0.589,0.34,True,Low-opportunity
HCP00703,Obstetrician-Gynecologist,TR31,East,T1,113.0,0.183,0.392,True,Low-opportunity
HCP00704,Pediatrician,TR36,East,T2,339.0,0.18,0.541,False,Low-opportunity
HCP00705,Neonatologist,TR14,West,T1,125.0,0.2,0.43,True,Low-opportunity
HCP00706,Pediatrician,TR26,South,T1,503.0,0.482,0.646,True,High-volume advocate
HCP00707,Obstetrician-Gynecologist,TR31,East,T1,75.0,0.481,0.57,True,Low-opportunity
HCP00708,Pediatrician,TR01,North,T1,427.0,0.102,0.063,False,High-volume non/under-user
HCP00709,Obstetrician-Gynecologist,TR32,East,T3,152.0,0.133,0.353,False,High-volume non/under-user
HCP00710,Obstetrician-Gynecologist,TR18,West,T3,166.0,0.084,0.51,False,High-volume non/under-user
HCP00711,Pediatrician,TR21,Central,T3,216.0,0.751,0.514,True,Low-opportunity
HCP00712,Pediatrician,TR20,Central,T2,548.0,0.542,0.67,False,High-volume advocate
HCP00713,Obstetrician-Gynecologist,TR10,North,T2,74.0,0.209,0.368,False,Low-opportunity
HCP00714,General Practitioner,TR28,South,T1,222.0,0.031,0.565,False,High-volume non/under-user
HCP00715,General Practitioner,TR26,South,T1,112.0,0.147,0.609,True,Low-opportunity
HCP00716,Pediatrician,TR03,North,T2,389.0,0.698,0.443,True,Low-opportunity
HCP00717,Obstetrician-Gynecologist,TR21,Central,T3,123.0,0.076,0.315,False,Low-opportunity
HCP00718,General Practitioner,TR34,East,T3,215.0,0.025,0.672,False,High-volume non/under-user
HCP00719,Pediatrician,TR31,East,T1,381.0,0.258,0.548,False,Low-opportunity
HCP00720,Pediatrician,TR24,South,T1,475.0,0.341,0.424,False,High-volume non/under-user
HCP00721,Pediatrician,TR08,North,T2,408.0,0.511,0.341,True,Low-opportunity
HCP00722,Obstetrician-Gynecologist,TR14,West,T1,282.0,0.342,0.746,True,High-volume non/under-user
HCP00723,Obstetrician-Gynecologist,TR05,North,T2,170.0,0.303,0.797,False,High-volume non/under-user
HCP00724,Pediatrician,TR29,South,T2,729.0,0.431,0.636,True,High-volume advocate
HCP00725,Pediatrician,TR28,South,T1,527.0,0.209,0.516,True,High-volume non/under-user
HCP00726,Pediatrician,TR32,East,T3,375.0,0.712,0.447,True,Low-opportunity
HCP00727,Pediatrician,TR02,North,T1,592.0,0.157,0.517,False,High-volume non/under-user
HCP00728,Neonatologist,TR35,East,T2,206.0,0.086,0.19,False,Low-opportunity
HCP00729,General Practitioner,TR35,East,T2,337.0,0.087,0.59,False,High-volume non/under-user
HCP00730,Pediatrician,TR24,South,T1,350.0,0.371,0.733,False,Emerging
HCP00731,Pediatrician,TR31,East,T1,594.0,0.396,0.409,True,High-volume non/under-user
HCP00732,Pediatrician,TR16,West,T1,409.0,0.402,0.341,True,Low-opportunity
HCP00733,General Practitioner,TR13,West,T1,240.0,0.063,0.68,False,High-volume non/under-user
HCP00734,Pediatrician,TR05,North,T2,159.0,0.188,0.711,False,Low-opportunity
HCP00735,Pediatrician,TR01,North,T1,347.0,0.733,0.748,True,Emerging
HCP00736,Neonatologist,TR01,North,T1,214.0,0.501,0.547,True,Low-opportunity
HCP00737,General Practitioner,TR26,South,T1,184.0,0.22,0.578,False,Low-opportunity
HCP00738,Obstetrician-Gynecologist,TR13,West,T1,163.0,0.056,0.65,False,High-volume non/under-user
HCP00739,Pediatrician,TR01,North,T1,204.0,0.122,0.604,False,Low-opportunity
HCP00740,Pediatrician,TR03,North,T2,205.0,0.193,0.32,False,Low-opportunity
HCP00741,Obstetrician-Gynecologist,TR24,South,T1,77.0,0.289,0.449,False,Low-opportunity
HCP00742,Obstetrician-Gynecologist,TR33,East,T2,83.0,0.104,0.646,False,Low-opportunity
HCP00743,General Practitioner,TR15,West,T2,168.0,0.185,0.67,False,Emerging
HCP00744,General Practitioner,TR28,South,T1,331.0,0.034,0.783,False,High-volume non/under-user
HCP00745,Pediatrician,TR35,East,T2,476.0,0.653,0.725,True,High-volume advocate
HCP00746,General Practitioner,TR26,South,T1,281.0,0.227,0.563,True,High-volume non/under-user
HCP00747,Pediatrician,TR26,South,T1,216.0,0.183,0.571,False,Low-opportunity
HCP00748,Pediatrician,TR23,South,T1,880.0,0.289,0.385,False,High-volume non/under-user
HCP00749,Pediatrician,TR36,East,T2,386.0,0.751,0.397,True,Low-opportunity
HCP00750,Pediatrician,TR12,West,T1,214.0,0.353,0.368,True,Low-opportunity
HCP00751,Pediatrician,TR28,South,T1,292.0,0.45,0.529,True,Low-opportunity
HCP00752,Pediatrician,TR15,West,T2,280.0,0.303,0.365,False,Low-opportunity
HCP00753,Pediatrician,TR05,North,T2,209.0,0.597,0.515,True,Low-opportunity
HCP00754,Obstetrician-Gynecologist,TR27,South,T2,92.0,0.059,0.348,False,Low-opportunity
HCP00755,Neonatologist,TR29,South,T2,206.0,0.42,0.183,False,Low-opportunity
HCP00756,Pediatrician,TR31,East,T1,362.0,0.673,0.841,True,Emerging
HCP00757,Pediatrician,TR33,East,T2,286.0,0.187,0.716,False,Low-opportunity
HCP00758,Obstetrician-Gynecologist,TR27,South,T2,81.0,0.416,0.59,True,Low-opportunity
HCP00759,Pediatrician,TR19,Central,T2,523.0,0.232,0.208,True,High-volume non/under-user
HCP00760,General Practitioner,TR33,East,T2,136.0,0.137,0.845,False,Emerging
HCP00761,Pediatrician,TR09,North,T2,222.0,0.282,0.618,True,Low-opportunity
HCP00762,General Practitioner,TR02,North,T1,163.0,0.026,0.534,False,Low-opportunity
HCP00763,Pediatrician,TR16,West,T1,316.0,0.183,0.566,False,Low-opportunity
HCP00764,General Practitioner,TR23,South,T1,156.0,0.059,0.956,False,Emerging
HCP00765,Pediatrician,TR25,South,T3,278.0,0.09,0.514,False,Low-opportunity
HCP00766,Pediatrician,TR28,South,T1,315.0,0.047,0.479,False,Low-opportunity
HCP00767,Pediatrician,TR01,North,T1,453.0,0.212,0.487,True,High-volume non/under-user
HCP00768,Pediatrician,TR28,South,T1,489.0,0.476,0.645,True,High-volume advocate
HCP00769,Neonatologist,TR23,South,T1,215.0,0.113,0.403,False,Low-opportunity
HCP00770,Pediatrician,TR34,East,T3,139.0,0.239,0.132,True,Low-opportunity
HCP00771,Pediatrician,TR14,West,T1,376.0,0.248,0.193,True,Low-opportunity
HCP00772,General Practitioner,TR23,South,T1,159.0,0.053,0.381,False,Low-opportunity
HCP00773,Pediatrician,TR28,South,T1,124.0,0.098,0.362,False,Low-opportunity
HCP00774,Obstetrician-Gynecologist,TR19,Central,T2,148.0,0.068,0.354,False,Low-opportunity
HCP00775,Obstetrician-Gynecologist,TR05,North,T2,117.0,0.041,0.296,True,Low-opportunity
HCP00776,Pediatrician,TR01,North,T1,422.0,0.241,,False,High-volume non/under-user
HCP00777,General Practitioner,TR03,North,T2,137.0,0.078,0.535,False,Low-opportunity
HCP00778,General Practitioner,TR18,West,T3,111.0,0.014,0.448,False,Low-opportunity
HCP00779,Pediatrician,TR24,South,T1,255.0,0.25,0.813,False,Low-opportunity
HCP00780,General Practitioner,TR22,Central,T3,70.0,0.291,0.531,True,Low-opportunity
HCP00781,Pediatrician,TR26,South,T1,428.0,0.132,0.713,False,High-volume non/under-user
HCP00782,Pediatrician,TR01,North,T1,340.0,0.279,0.643,True,Emerging
HCP00783,General Practitioner,TR04,North,T2,150.0,0.074,0.727,False,Emerging
HCP00784,General Practitioner,TR27,South,T2,101.0,0.334,0.416,True,Low-opportunity
HCP00785,General Practitioner,TR28,South,T1,154.0,0.144,0.715,False,Emerging
HCP00786,Pediatrician,TR26,South,T1,491.0,0.16,0.46,True,High-volume non/under-user
HCP00787,General Practitioner,TR27,South,T2,90.0,0.157,0.285,False,Low-opportunity
HCP00788,Pediatrician,TR35,East,T2,271.0,0.279,0.764,False,Low-opportunity
HCP00789,General Practitioner,TR34,East,T3,65.0,0.078,0.66,False,Low-opportunity
HCP00790,Pediatrician,TR24,South,T1,210.0,0.63,0.375,True,Low-opportunity
HCP00791,Pediatrician,TR13,West,T1,608.0,0.581,0.527,True,High-volume advocate
HCP00792,Pediatrician,TR01,North,T1,838.0,0.536,0.499,True,High-volume advocate
HCP00793,Pediatrician,TR24,South,T1,316.0,0.147,0.658,True,Emerging
HCP00794,Pediatrician,TR16,West,T1,281.0,0.597,0.575,True,Low-opportunity
HCP00795,Pediatrician,TR05,North,T2,248.0,0.137,0.621,False,Low-opportunity
HCP00796,Pediatrician,TR09,North,T2,347.0,0.29,0.59,True,Low-opportunity
HCP00797,Pediatrician,TR33,East,T2,172.0,0.245,0.512,False,Low-opportunity
HCP00798,Pediatrician,TR02,North,T1,254.0,0.332,0.704,True,Low-opportunity
HCP00799,General Practitioner,TR28,South,T1,320.0,0.157,0.482,False,High-volume non/under-user
HCP00800,Neonatologist,TR31,East,T1,199.0,0.096,0.261,True,Low-opportunity
HCP00801,Obstetrician-Gynecologist,TR25,South,T3,104.0,0.18,0.403,False,Low-opportunity
HCP00802,Neonatologist,TR02,North,T1,266.0,0.126,0.567,False,Low-opportunity
HCP00803,Neonatologist,TR30,South,T2,128.0,0.188,0.868,False,Low-opportunity
HCP00804,Pediatrician,TR24,South,T1,415.0,0.429,0.383,True,Low-opportunity
HCP00805,Pediatrician,TR12,West,T1,302.0,0.225,0.517,False,Low-opportunity
HCP00806,Pediatrician,TR24,South,T1,267.0,0.455,0.396,False,Low-opportunity
HCP00807,Pediatrician,TR04,North,T2,461.0,0.212,0.423,True,High-volume non/under-user
HCP00808,Obstetrician-Gynecologist,TR26,South,T1,243.0,0.037,0.221,True,High-volume non/under-user
HCP00809,Obstetrician-Gynecologist,TR31,East,T1,242.0,0.239,0.521,True,High-volume non/under-user
HCP00810,General Practitioner,TR19,Central,T2,122.0,0.09,0.476,False,Low-opportunity
HCP00811,Obstetrician-Gynecologist,TR34,East,T3,114.0,0.338,0.409,True,Low-opportunity
HCP00812,General Practitioner,TR16,West,T1,99.0,0.033,,False,Low-opportunity
HCP00813,Pediatrician,TR30,South,T2,292.0,0.195,0.278,True,Low-opportunity
HCP00814,Pediatrician,TR28,South,T1,533.0,0.434,,False,High-volume advocate
HCP00815,Neonatologist,TR02,North,T1,345.0,0.108,0.499,False,High-volume non/under-user
HCP00816,General Practitioner,TR32,East,T3,221.0,0.384,0.861,False,High-volume non/under-user
HCP00817,Pediatrician,TR32,East,T3,141.0,0.337,0.742,True,Low-opportunity
HCP00818,Pediatrician,TR14,West,T1,289.0,0.359,0.284,False,Low-opportunity
HCP00819,General Practitioner,TR28,South,T1,148.0,0.289,0.498,False,Low-opportunity
HCP00820,Obstetrician-Gynecologist,TR09,North,T2,136.0,0.114,0.368,True,Low-opportunity
HCP00821,Pediatrician,TR01,North,T1,167.0,0.44,0.412,False,Low-opportunity
HCP00822,Neonatologist,TR09,North,T2,211.0,0.153,0.609,False,Emerging
HCP00823,Pediatrician,TR17,West,T2,458.0,0.333,0.535,True,High-volume non/under-user
HCP00824,Neonatologist,TR02,North,T1,131.0,0.146,0.57,True,Low-opportunity
HCP00825,General Practitioner,TR05,North,T2,181.0,0.028,0.7,False,Emerging
HCP00826,General Practitioner,TR34,East,T3,137.0,0.085,0.726,False,Emerging
HCP00827,Obstetrician-Gynecologist,TR18,West,T3,127.0,0.043,0.875,False,Emerging
HCP00828,Obstetrician-Gynecologist,TR29,South,T2,71.0,0.069,0.524,False,Low-opportunity
HCP00829,Pediatrician,TR09,North,T2,185.0,0.129,0.657,False,Low-opportunity
HCP00830,Obstetrician-Gynecologist,TR02,North,T1,85.0,0.026,0.489,False,Low-opportunity
HCP00831,Pediatrician,TR28,South,T1,844.0,0.139,0.694,False,High-volume non/under-user
HCP00832,Pediatrician,TR14,West,T1,417.0,0.099,0.94,False,Emerging
HCP00833,General Practitioner,TR16,West,T1,112.0,0.079,0.647,False,Low-opportunity
HCP00834,Pediatrician,TR36,East,T2,547.0,0.397,0.674,True,High-volume non/under-user
HCP00835,Pediatrician,TR13,West,T1,265.0,0.214,0.604,True,Low-opportunity
HCP00836,Pediatrician,TR16,West,T1,342.0,0.516,0.448,True,Low-opportunity
HCP00837,Pediatrician,TR24,South,T1,463.0,0.269,0.592,True,High-volume non/under-user
HCP00838,Pediatrician,TR02,North,T1,356.0,0.128,0.599,False,Low-opportunity
HCP00839,General Practitioner,TR26,South,T1,136.0,0.248,0.426,False,Low-opportunity
HCP00840,Pediatrician,TR16,West,T1,280.0,0.334,0.683,True,Low-opportunity
HCP00841,General Practitioner,TR06,North,T2,182.0,0.075,0.648,True,Emerging
HCP00842,Pediatrician,TR16,West,T1,291.0,0.291,0.682,True,Low-opportunity
HCP00843,Pediatrician,TR16,West,T1,376.0,0.192,0.631,False,Emerging
HCP00844,Pediatrician,TR24,South,T1,164.0,0.491,1.0,True,Low-opportunity
HCP00845,Pediatrician,TR33,East,T2,820.0,0.314,0.24,False,High-volume non/under-user
HCP00846,Obstetrician-Gynecologist,TR28,South,T1,75.0,0.122,0.494,True,Low-opportunity
HCP00847,Neonatologist,TR14,West,T1,207.0,0.612,0.335,True,Low-opportunity
HCP00848,Pediatrician,TR35,East,T2,262.0,0.483,0.685,True,Low-opportunity
HCP00849,Pediatrician,TR28,South,T1,342.0,0.298,0.073,False,Low-opportunity
HCP00850,General Practitioner,TR01,North,T1,207.0,0.149,0.604,False,High-volume non/under-user
HCP00851,Pediatrician,TR04,North,T2,289.0,0.523,0.522,True,Low-opportunity
HCP00852,Pediatrician,TR09,North,T2,294.0,0.089,0.54,True,Low-opportunity
HCP00853,Pediatrician,TR02,North,T1,658.0,0.127,1.0,True,High-volume non/under-user
HCP00854,General Practitioner,TR17,West,T2,359.0,0.314,0.437,True,High-volume non/under-user
HCP00855,Pediatrician,TR13,West,T1,580.0,0.492,0.588,True,High-volume advocate
HCP00856,Obstetrician-Gynecologist,TR35,East,T2,117.0,0.217,0.428,True,Low-opportunity
HCP00857,Pediatrician,TR16,West,T1,345.0,0.359,0.525,True,Low-opportunity
HCP00858,Pediatrician,TR09,North,T2,611.0,0.153,0.781,False,High-volume non/under-user
HCP00859,Neonatologist,TR35,East,T2,116.0,0.206,0.562,True,Low-opportunity
HCP00860,Pediatrician,TR18,West,T3,259.0,0.492,0.738,True,Low-opportunity
HCP00861,Pediatrician,TR02,North,T1,722.0,0.149,0.353,True,High-volume non/under-user
HCP00862,Pediatrician,TR02,North,T1,285.0,0.451,0.406,True,Low-opportunity
HCP00863,General Practitioner,TR24,South,T1,74.0,0.234,0.381,False,Low-opportunity
HCP00864,General Practitioner,TR18,West,T3,143.0,0.143,0.688,False,Emerging
HCP00865,Pediatrician,TR24,South,T1,422.0,0.756,0.877,True,High-volume advocate
HCP00866,Pediatrician,TR30,South,T2,488.0,0.667,0.796,True,High-volume advocate
HCP00867,Pediatrician,TR25,South,T3,147.0,0.087,0.745,False,Low-opportunity
HCP00868,Pediatrician,TR31,East,T1,501.0,0.181,0.419,False,High-volume non/under-user
HCP00869,Pediatrician,TR27,South,T2,303.0,0.237,0.35,False,Low-opportunity
HCP00870,Pediatrician,TR24,South,T1,263.0,0.392,0.662,True,Low-opportunity
HCP00871,Pediatrician,TR04,North,T2,402.0,0.257,0.571,False,Low-opportunity
HCP00872,General Practitioner,TR17,West,T2,45.0,0.123,0.425,False,Low-opportunity
HCP00873,General Practitioner,TR16,West,T1,151.0,0.098,0.771,False,Emerging
HCP00874,General Practitioner,TR20,Central,T2,35.0,0.023,0.48,False,Low-opportunity
HCP00875,General Practitioner,TR14,West,T1,130.0,0.067,0.796,False,Low-opportunity
HCP00876,Pediatrician,TR23,South,T1,480.0,0.244,0.697,False,High-volume non/under-user
HCP00877,General Practitioner,TR14,West,T1,64.0,0.03,0.252,False,Low-opportunity
HCP00878,Pediatrician,TR21,Central,T3,383.0,0.123,0.241,False,Low-opportunity
HCP00879,General Practitioner,TR14,West,T1,233.0,0.072,0.588,False,High-volume non/under-user
HCP00880,Pediatrician,TR31,East,T1,284.0,0.28,0.636,False,Low-opportunity
HCP00881,General Practitioner,TR14,West,T1,144.0,0.044,0.381,False,Low-opportunity
HCP00882,Obstetrician-Gynecologist,TR26,South,T1,195.0,0.032,0.402,False,High-volume non/under-user
HCP00883,Pediatrician,TR23,South,T1,450.0,0.185,0.612,False,High-volume non/under-user
HCP00884,Pediatrician,TR14,West,T1,639.0,0.148,0.75,False,High-volume non/under-user
HCP00885,Obstetrician-Gynecologist,TR28,South,T1,104.0,0.227,0.451,False,Low-opportunity
HCP00886,Pediatrician,TR33,East,T2,325.0,0.657,0.225,True,Low-opportunity
HCP00887,Pediatrician,TR27,South,T2,482.0,0.199,0.564,False,High-volume non/under-user
HCP00888,Pediatrician,TR34,East,T3,371.0,0.384,0.675,True,Emerging
HCP00889,Pediatrician,TR16,West,T1,334.0,0.195,0.695,False,Emerging
HCP00890,Pediatrician,TR32,East,T3,202.0,0.803,0.461,True,Low-opportunity
HCP00891,Obstetrician-Gynecologist,TR31,East,T1,168.0,0.037,0.443,False,High-volume non/under-user
HCP00892,General Practitioner,TR27,South,T2,313.0,0.352,0.747,False,High-volume non/under-user
HCP00893,Pediatrician,TR29,South,T2,233.0,0.053,0.65,False,Low-opportunity
HCP00894,General Practitioner,TR26,South,T1,237.0,0.169,0.728,True,High-volume non/under-user
HCP00895,Obstetrician-Gynecologist,TR18,West,T3,287.0,0.09,0.633,False,High-volume non/under-user
HCP00896,Pediatrician,TR21,Central,T3,267.0,0.428,0.67,False,Low-opportunity
HCP00897,General Practitioner,TR15,West,T2,165.0,0.134,0.817,False,Emerging
HCP00898,Pediatrician,TR24,South,T1,403.0,0.141,0.489,False,Low-opportunity
HCP00899,Pediatrician,TR13,West,T1,432.0,0.364,0.639,True,High-volume non/under-user
HCP00900,General Practitioner,TR27,South,T2,95.0,0.148,0.617,False,Low-opportunity
HCP00901,General Practitioner,TR18,West,T3,125.0,0.049,0.566,False,Low-opportunity
HCP00902,Obstetrician-Gynecologist,TR14,West,T1,139.0,0.082,0.513,False,Low-opportunity
HCP00903,Pediatrician,TR05,North,T2,510.0,0.488,0.688,True,High-volume advocate
HCP00904,Pediatrician,TR11,North,T3,563.0,0.36,0.404,False,High-volume non/under-user
HCP00905,Pediatrician,TR24,South,T1,251.0,0.38,0.381,True,Low-opportunity
HCP00906,Pediatrician,TR14,West,T1,324.0,0.586,0.648,True,Emerging
HCP00907,Pediatrician,TR01,North,T1,409.0,0.396,0.774,True,Emerging
HCP00908,Pediatrician,TR13,West,T1,371.0,0.232,0.746,False,Emerging
HCP00909,General Practitioner,TR14,West,T1,99.0,0.036,0.221,False,Low-opportunity
HCP00910,Pediatrician,TR10,North,T2,341.0,0.066,0.618,False,Emerging
HCP00911,Pediatrician,TR12,West,T1,519.0,0.099,0.608,True,High-volume non/under-user
HCP00912,Pediatrician,TR26,South,T1,215.0,0.511,0.484,True,Low-opportunity
HCP00913,General Practitioner,TR27,South,T2,186.0,0.245,0.525,False,Low-opportunity
HCP00914,Pediatrician,TR34,East,T3,211.0,0.391,0.419,True,Low-opportunity
HCP00915,Pediatrician,TR04,North,T2,402.0,0.275,0.457,True,Low-opportunity
HCP00916,Pediatrician,TR13,West,T1,232.0,0.309,0.263,False,Low-opportunity
HCP00917,Pediatrician,TR02,North,T1,334.0,0.501,0.749,True,Emerging
HCP00918,Pediatrician,TR23,South,T1,429.0,0.413,0.588,False,High-volume advocate
HCP00919,Obstetrician-Gynecologist,TR01,North,T1,137.0,0.066,0.37,False,Low-opportunity
HCP00920,Pediatrician,TR08,North,T2,342.0,0.457,0.554,True,Low-opportunity
HCP00921,Pediatrician,TR23,South,T1,234.0,0.298,0.576,False,Low-opportunity
HCP00922,Pediatrician,TR14,West,T1,413.0,0.37,0.401,True,Low-opportunity
HCP00923,Pediatrician,TR20,Central,T2,263.0,0.079,0.614,False,Low-opportunity
HCP00924,Obstetrician-Gynecologist,TR24,South,T1,196.0,0.202,0.595,True,High-volume non/under-user
HCP00925,General Practitioner,TR29,South,T2,105.0,0.214,0.355,True,Low-opportunity
HCP00926,Pediatrician,TR14,West,T1,202.0,0.281,0.524,False,Low-opportunity
HCP00927,General Practitioner,TR12,West,T1,104.0,0.164,0.621,True,Low-opportunity
HCP00928,Pediatrician,TR20,Central,T2,299.0,0.675,0.228,True,Low-opportunity
HCP00929,Pediatrician,TR02,North,T1,381.0,0.283,0.413,False,Low-opportunity
HCP00930,Pediatrician,TR01,North,T1,411.0,0.605,1.0,True,Emerging
HCP00931,Obstetrician-Gynecologist,TR16,West,T1,110.0,0.242,0.545,False,Low-opportunity
HCP00932,General Practitioner,TR09,North,T2,184.0,0.218,0.345,False,Low-opportunity
HCP00933,Pediatrician,TR01,North,T1,285.0,0.304,0.302,True,Low-opportunity
HCP00934,General Practitioner,TR25,South,T3,115.0,0.104,0.394,False,Low-opportunity
HCP00935,Pediatrician,TR28,South,T1,603.0,0.105,0.44,False,High-volume non/under-user
HCP00936,Pediatrician,TR05,North,T2,513.0,0.155,0.492,False,High-volume non/under-user
HCP00937,Pediatrician,TR22,Central,T3,165.0,0.486,0.753,False,Low-opportunity
HCP00938,Pediatrician,TR36,East,T2,220.0,0.797,0.673,True,Low-opportunity
HCP00939,Pediatrician,TR12,West,T1,258.0,0.58,0.363,True,Low-opportunity
HCP00940,Obstetrician-Gynecologist,TR26,South,T1,188.0,0.036,0.883,False,High-volume non/under-user
HCP00941,Pediatrician,TR05,North,T2,300.0,0.194,0.625,True,Emerging
HCP00942,Pediatrician,TR33,East,T2,293.0,0.069,0.558,False,Low-opportunity
HCP00943,Pediatrician,TR01,North,T1,237.0,0.127,0.444,False,Low-opportunity
HCP00944,Pediatrician,TR12,West,T1,413.0,0.087,0.673,False,Emerging
HCP00945,Pediatrician,TR35,East,T2,191.0,0.194,0.72,False,Low-opportunity
HCP00946,Pediatrician,TR24,South,T1,219.0,0.099,0.292,True,Low-opportunity
HCP00947,Pediatrician,TR09,North,T2,884.0,0.161,0.699,False,High-volume non/under-user
HCP00948,Pediatrician,TR28,South,T1,334.0,0.502,0.634,True,Emerging
HCP00949,Pediatrician,TR31,East,T1,143.0,0.182,0.674,False,Low-opportunity
HCP00950,General Practitioner,TR17,West,T2,120.0,0.4,0.787,False,Low-opportunity
HCP00951,Neonatologist,TR05,North,T2,116.0,0.507,0.581,True,Low-opportunity
HCP00952,Pediatrician,TR11,North,T3,282.0,0.541,0.891,True,Low-opportunity
HCP00953,General Practitioner,TR34,East,T3,85.0,0.066,0.226,False,Low-opportunity
HCP00954,General Practitioner,TR05,North,T2,83.0,0.311,0.823,True,Low-opportunity
HCP00955,General Practitioner,TR13,West,T1,123.0,0.042,0.556,False,Low-opportunity
HCP00956,General Practitioner,TR05,North,T2,109.0,0.051,0.591,False,Low-opportunity
HCP00957,Pediatrician,TR03,North,T2,320.0,0.461,0.594,False,Low-opportunity
HCP00958,Neonatologist,TR19,Central,T2,268.0,0.276,0.421,False,High-volume non/under-user
HCP00959,Pediatrician,TR14,West,T1,279.0,0.587,0.555,True,Low-opportunity
HCP00960,Pediatrician,TR01,North,T1,750.0,0.334,0.547,False,High-volume non/under-user
HCP00961,General Practitioner,TR05,North,T2,75.0,0.031,0.444,False,Low-opportunity
HCP00962,Obstetrician-Gynecologist,TR01,North,T1,105.0,0.086,0.743,False,Low-opportunity
HCP00963,Pediatrician,TR01,North,T1,507.0,0.186,0.475,True,High-volume non/under-user
HCP00964,Neonatologist,TR07,North,T3,364.0,0.12,0.451,False,High-volume non/under-user
HCP00965,General Practitioner,TR27,South,T2,150.0,0.284,0.319,True,Low-opportunity
HCP00966,General Practitioner,TR01,North,T1,166.0,0.025,0.204,False,Low-opportunity
HCP00967,Obstetrician-Gynecologist,TR12,West,T1,60.0,0.149,0.647,False,Low-opportunity
HCP00968,General Practitioner,TR22,Central,T3,226.0,0.287,0.711,True,High-volume non/under-user
HCP00969,Pediatrician,TR27,South,T2,402.0,0.21,0.456,True,Low-opportunity
HCP00970,General Practitioner,TR25,South,T3,147.0,0.111,0.408,False,Low-opportunity
HCP00971,Pediatrician,TR36,East,T2,251.0,0.298,0.628,True,Low-opportunity
HCP00972,Neonatologist,TR12,West,T1,248.0,0.078,0.44,False,Low-opportunity
HCP00973,Obstetrician-Gynecologist,TR01,North,T1,179.0,0.063,0.638,False,High-volume non/under-user
HCP00974,General Practitioner,TR01,North,T1,253.0,0.087,0.484,False,High-volume non/under-user
HCP00975,Pediatrician,TR03,North,T2,333.0,0.445,0.264,True,Low-opportunity
HCP00976,Pediatrician,TR35,East,T2,282.0,0.172,0.388,True,Low-opportunity
HCP00977,Pediatrician,TR22,Central,T3,440.0,0.496,0.486,False,High-volume advocate
HCP00978,Pediatrician,TR28,South,T1,275.0,0.405,0.742,False,Low-opportunity
HCP00979,General Practitioner,TR36,East,T2,85.0,0.129,0.573,False,Low-opportunity
HCP00980,Obstetrician-Gynecologist,TR30,South,T2,76.0,0.227,0.152,True,Low-opportunity
HCP00981,General Practitioner,TR15,West,T2,398.0,0.084,0.772,False,High-volume non/under-user
HCP00982,Pediatrician,TR31,East,T1,328.0,0.346,0.638,True,Emerging
HCP00983,Neonatologist,TR16,West,T1,246.0,0.25,0.836,True,Emerging
HCP00984,Obstetrician-Gynecologist,TR03,North,T2,111.0,0.133,0.406,True,Low-opportunity
HCP00985,General Practitioner,TR20,Central,T2,148.0,0.122,0.53,False,Low-opportunity
HCP00986,Pediatrician,TR32,East,T3,307.0,0.544,0.0,False,Low-opportunity
HCP00987,General Practitioner,TR28,South,T1,157.0,0.075,0.696,False,Emerging
HCP00988,Pediatrician,TR15,West,T2,318.0,0.69,0.552,True,Low-opportunity
HCP00989,Pediatrician,TR30,South,T2,188.0,0.36,0.44,True,Low-opportunity
HCP00990,General Practitioner,TR16,West,T1,136.0,0.092,0.572,False,Low-opportunity
HCP00991,General Practitioner,TR25,South,T3,159.0,0.074,0.589,False,Low-opportunity
HCP00992,Pediatrician,TR13,West,T1,325.0,0.419,0.542,False,Low-opportunity
HCP00993,Neonatologist,TR08,North,T2,163.0,0.536,0.573,True,Low-opportunity
HCP00994,Obstetrician-Gynecologist,TR13,West,T1,182.0,0.177,0.447,False,High-volume non/under-user
HCP00995,General Practitioner,TR31,East,T1,105.0,0.106,0.611,False,Low-opportunity
HCP00996,Pediatrician,TR36,East,T2,419.0,0.138,0.643,False,Emerging
HCP00997,Pediatrician,TR11,North,T3,200.0,0.178,0.864,True,Low-opportunity
HCP00998,General Practitioner,TR06,North,T2,60.0,0.178,0.559,False,Low-opportunity
HCP00999,Obstetrician-Gynecologist,TR02,North,T1,97.0,0.085,0.61,False,Low-opportunity
HCP01000,Pediatrician,TR27,South,T2,503.0,0.64,0.476,True,High-volume advocate
HCP01001,Pediatrician,TR19,Central,T2,254.0,0.244,0.839,False,Low-opportunity
HCP01002,Pediatrician,TR21,Central,T3,392.0,0.369,0.36,True,Low-opportunity
HCP01003,Pediatrician,TR01,North,T1,342.0,0.423,0.812,True,Emerging
HCP01004,General Practitioner,TR02,North,T1,148.0,0.058,0.695,False,Emerging
HCP01005,Pediatrician,TR32,East,T3,356.0,0.354,0.639,True,Emerging
HCP01006,Pediatrician,TR22,Central,T3,480.0,0.422,0.337,True,High-volume advocate
HCP01007,Pediatrician,TR09,North,T2,283.0,0.026,0.063,False,Low-opportunity
HCP01008,Obstetrician-Gynecologist,TR09,North,T2,188.0,0.163,0.633,True,High-volume non/under-user
HCP01009,Pediatrician,TR10,North,T2,341.0,0.185,0.629,False,Emerging
HCP01010,Pediatrician,TR02,North,T1,472.0,0.274,0.433,False,High-volume non/under-user
HCP01011,General Practitioner,TR01,North,T1,159.0,0.252,0.471,False,Low-opportunity
HCP01012,Neonatologist,TR26,South,T1,225.0,0.485,0.725,True,Emerging
HCP01013,Pediatrician,TR11,North,T3,306.0,0.261,0.882,False,Emerging
HCP01014,Pediatrician,TR14,West,T1,320.0,0.178,0.573,False,Low-opportunity
HCP01015,General Practitioner,TR20,Central,T2,156.0,0.212,0.601,True,Emerging
HCP01016,Pediatrician,TR13,West,T1,141.0,0.471,0.895,True,Low-opportunity
HCP01017,Obstetrician-Gynecologist,TR16,West,T1,115.0,0.243,0.559,True,Low-opportunity
HCP01018,General Practitioner,TR31,East,T1,131.0,0.18,0.397,True,Low-opportunity
HCP01019,Pediatrician,TR10,North,T2,300.0,0.151,0.577,True,Low-opportunity
HCP01020,Obstetrician-Gynecologist,TR28,South,T1,65.0,0.116,0.574,True,Low-opportunity
HCP01021,General Practitioner,TR11,North,T3,346.0,0.134,0.552,True,High-volume non/under-user
HCP01022,Pediatrician,TR07,North,T3,350.0,0.197,0.336,False,Low-opportunity
HCP01023,Pediatrician,TR02,North,T1,328.0,0.302,0.594,False,Low-opportunity
HCP01024,General Practitioner,TR25,South,T3,176.0,0.01,0.8,False,Emerging
HCP01025,Obstetrician-Gynecologist,TR15,West,T2,116.0,0.035,0.737,False,Emerging
HCP01026,Pediatrician,TR28,South,T1,356.0,0.646,0.457,True,Low-opportunity
HCP01027,Pediatrician,TR04,North,T2,422.0,0.252,0.16,False,High-volume non/under-user
HCP01028,Neonatologist,TR23,South,T1,188.0,0.104,0.934,False,Emerging
HCP01029,Pediatrician,TR01,North,T1,303.0,0.327,0.279,True,Low-opportunity
HCP01030,Pediatrician,TR10,North,T2,326.0,0.076,0.59,False,Low-opportunity
HCP01031,Pediatrician,TR23,South,T1,239.0,0.62,0.591,True,Low-opportunity
HCP01032,General Practitioner,TR01,North,T1,217.0,0.03,0.771,False,High-volume non/under-user
HCP01033,General Practitioner,TR14,West,T1,103.0,0.1,0.662,False,Low-opportunity
HCP01034,Pediatrician,TR21,Central,T3,132.0,0.576,0.674,True,Low-opportunity
HCP01035,Pediatrician,TR26,South,T1,145.0,0.676,0.691,True,Low-opportunity
HCP01036,General Practitioner,TR26,South,T1,261.0,0.012,0.22,False,High-volume non/under-user
HCP01037,General Practitioner,TR05,North,T2,158.0,0.078,0.607,False,Emerging
HCP01038,Pediatrician,TR02,North,T1,432.0,0.14,0.343,True,High-volume non/under-user
HCP01039,Pediatrician,TR14,West,T1,472.0,0.106,0.434,False,High-volume non/under-user
HCP01040,General Practitioner,TR10,North,T2,126.0,0.029,0.554,False,Low-opportunity
HCP01041,Pediatrician,TR12,West,T1,206.0,0.51,0.16,True,Low-opportunity
HCP01042,Pediatrician,TR13,West,T1,367.0,0.439,0.518,True,Low-opportunity
HCP01043,Obstetrician-Gynecologist,TR15,West,T2,161.0,0.147,0.377,False,High-volume non/under-user
HCP01044,Obstetrician-Gynecologist,TR19,Central,T2,97.0,0.227,0.252,True,Low-opportunity
HCP01045,Pediatrician,TR01,North,T1,263.0,0.397,0.385,True,Low-opportunity
HCP01046,Obstetrician-Gynecologist,TR12,West,T1,150.0,0.031,0.831,False,Emerging
HCP01047,General Practitioner,TR11,North,T3,226.0,0.216,0.502,False,High-volume non/under-user
HCP01048,Neonatologist,TR10,North,T2,308.0,0.296,0.52,True,High-volume non/under-user
HCP01049,Neonatologist,TR28,South,T1,90.0,0.154,0.606,False,Low-opportunity
HCP01050,General Practitioner,TR11,North,T3,167.0,0.068,0.588,False,Low-opportunity
HCP01051,Pediatrician,TR05,North,T2,328.0,0.179,0.396,False,Low-opportunity
HCP01052,Pediatrician,TR30,South,T2,544.0,0.359,0.594,False,High-volume non/under-user
HCP01053,Pediatrician,TR14,West,T1,383.0,0.329,0.716,True,Emerging
HCP01054,Pediatrician,TR07,North,T3,428.0,0.283,0.703,False,High-volume non/under-user
HCP01055,General Practitioner,TR27,South,T2,133.0,0.122,0.292,False,Low-opportunity
HCP01056,Pediatrician,TR24,South,T1,595.0,0.333,0.441,True,High-volume non/under-user
HCP01057,Obstetrician-Gynecologist,TR34,East,T3,68.0,0.162,0.908,False,Low-opportunity
HCP01058,Neonatologist,TR31,East,T1,173.0,0.486,0.302,True,Low-opportunity
HCP01059,Pediatrician,TR26,South,T1,510.0,0.17,0.567,False,High-volume non/under-user
HCP01060,General Practitioner,TR05,North,T2,96.0,0.214,0.599,False,Low-opportunity
HCP01061,Obstetrician-Gynecologist,TR17,West,T2,80.0,0.184,0.749,True,Low-opportunity
HCP01062,General Practitioner,TR04,North,T2,115.0,0.064,0.378,False,Low-opportunity
HCP01063,Neonatologist,TR20,Central,T2,325.0,0.13,0.716,False,High-volume non/under-user
HCP01064,Pediatrician,TR32,East,T3,544.0,0.405,0.517,True,High-volume advocate
HCP01065,Pediatrician,TR01,North,T1,434.0,0.35,0.467,False,High-volume non/under-user
HCP01066,Pediatrician,TR31,East,T1,301.0,0.622,0.753,True,Emerging
HCP01067,Pediatrician,TR20,Central,T2,317.0,0.163,0.408,False,Low-opportunity
HCP01068,Pediatrician,TR05,North,T2,218.0,0.399,0.823,True,Low-opportunity
HCP01069,General Practitioner,TR30,South,T2,95.0,0.237,0.39,False,Low-opportunity
HCP01070,General Practitioner,TR20,Central,T2,158.0,0.109,0.772,False,Emerging
HCP01071,Pediatrician,TR16,West,T1,685.0,0.138,0.305,True,High-volume non/under-user
HCP01072,Pediatrician,TR18,West,T3,347.0,0.069,0.522,False,Low-opportunity
HCP01073,Pediatrician,TR05,North,T2,249.0,0.434,0.497,False,Low-opportunity
HCP01074,Pediatrician,TR03,North,T2,265.0,0.535,0.422,True,Low-opportunity
HCP01075,Pediatrician,TR24,South,T1,502.0,0.167,0.781,False,High-volume non/under-user
HCP01076,Pediatrician,TR31,East,T1,315.0,0.797,0.479,True,Low-opportunity
HCP01077,Obstetrician-Gynecologist,TR26,South,T1,62.0,0.112,0.864,False,Low-opportunity
HCP01078,Neonatologist,TR30,South,T2,167.0,0.523,0.808,True,Low-opportunity
HCP01079,Pediatrician,TR30,South,T2,194.0,0.068,0.396,False,Low-opportunity
HCP01080,General Practitioner,TR01,North,T1,154.0,0.192,0.494,True,Low-opportunity
HCP01081,Neonatologist,TR28,South,T1,442.0,0.303,0.572,False,High-volume non/under-user
HCP01082,Pediatrician,TR28,South,T1,343.0,0.257,0.79,True,Emerging
HCP01083,Pediatrician,TR14,West,T1,394.0,0.356,0.542,True,Low-opportunity
HCP01084,Pediatrician,TR15,West,T2,727.0,0.207,0.486,True,High-volume non/under-user
HCP01085,Pediatrician,TR27,South,T2,177.0,0.741,0.196,True,Low-opportunity
HCP01086,Pediatrician,TR36,East,T2,883.0,0.348,0.478,True,High-volume non/under-user
HCP01087,General Practitioner,TR36,East,T2,99.0,0.085,0.708,False,Low-opportunity
HCP01088,Pediatrician,TR16,West,T1,222.0,0.2,0.37,False,Low-opportunity
HCP01089,Pediatrician,TR28,South,T1,385.0,0.445,0.217,True,Low-opportunity
HCP01090,Pediatrician,TR16,West,T1,291.0,0.276,0.478,True,Low-opportunity
HCP01091,Pediatrician,TR31,East,T1,428.0,0.201,0.553,False,High-volume non/under-user
HCP01092,Pediatrician,TR24,South,T1,442.0,0.366,0.461,True,High-volume non/under-user
HCP01093,Pediatrician,TR33,East,T2,441.0,0.586,0.169,True,High-volume advocate
HCP01094,Pediatrician,TR36,East,T2,239.0,0.197,0.427,False,Low-opportunity
HCP01095,Pediatrician,TR13,West,T1,750.0,0.62,0.354,True,High-volume advocate
HCP01096,General Practitioner,TR36,East,T2,105.0,0.066,,False,Low-opportunity
HCP01097,Pediatrician,TR26,South,T1,236.0,0.164,0.609,True,Low-opportunity
HCP01098,General Practitioner,TR10,North,T2,114.0,0.073,0.497,False,Low-opportunity
HCP01099,Obstetrician-Gynecologist,TR01,North,T1,166.0,0.061,0.514,False,High-volume non/under-user
HCP01100,Pediatrician,TR25,South,T3,914.0,0.323,0.481,False,High-volume non/under-user
HCP01101,Pediatrician,TR09,North,T2,573.0,0.089,0.06,False,High-volume non/under-user
HCP01102,General Practitioner,TR10,North,T2,169.0,0.052,0.633,False,Emerging
HCP01103,Pediatrician,TR21,Central,T3,247.0,0.246,0.561,True,Low-opportunity
HCP01104,Obstetrician-Gynecologist,TR01,North,T1,53.0,0.18,0.613,False,Low-opportunity
HCP01105,General Practitioner,TR15,West,T2,186.0,0.046,0.788,False,Emerging
HCP01106,Pediatrician,TR28,South,T1,199.0,0.719,0.573,True,Low-opportunity
HCP01107,Pediatrician,TR01,North,T1,418.0,0.452,0.528,True,Low-opportunity
HCP01108,General Practitioner,TR24,South,T1,299.0,0.665,0.936,True,High-volume advocate
HCP01109,General Practitioner,TR05,North,T2,188.0,0.068,0.471,True,High-volume non/under-user
HCP01110,Pediatrician,TR31,East,T1,399.0,0.281,0.768,False,Emerging
HCP01111,General Practitioner,TR14,West,T1,175.0,0.155,0.944,False,Emerging
HCP01112,Pediatrician,TR28,South,T1,362.0,0.583,0.12,True,Low-opportunity
HCP01113,Obstetrician-Gynecologist,TR26,South,T1,104.0,0.052,0.669,False,Low-opportunity
HCP01114,Obstetrician-Gynecologist,TR31,East,T1,168.0,0.139,0.573,True,High-volume non/under-user
HCP01115,Pediatrician,TR19,Central,T2,261.0,0.426,0.428,True,Low-opportunity
HCP01116,Pediatrician,TR17,West,T2,278.0,0.287,0.232,True,Low-opportunity
HCP01117,Pediatrician,TR01,North,T1,339.0,0.526,0.569,True,Low-opportunity
HCP01118,Obstetrician-Gynecologist,TR19,Central,T2,162.0,0.083,0.578,False,High-volume non/under-user
HCP01119,Pediatrician,TR19,Central,T2,317.0,0.132,0.543,False,Low-opportunity
HCP01120,Pediatrician,TR23,South,T1,359.0,0.468,0.612,True,Emerging
HCP01121,General Practitioner,TR04,North,T2,137.0,0.054,0.427,False,Low-opportunity
HCP01122,Pediatrician,TR20,Central,T2,607.0,0.358,0.474,True,High-volume non/under-user
HCP01123,Pediatrician,TR16,West,T1,444.0,0.512,0.415,False,High-volume advocate
HCP01124,General Practitioner,TR23,South,T1,406.0,0.299,0.58,True,High-volume non/under-user
HCP01125,Pediatrician,TR24,South,T1,509.0,0.16,0.639,False,High-volume non/under-user
HCP01126,General Practitioner,TR14,West,T1,70.0,0.1,0.597,False,Low-opportunity
HCP01127,Pediatrician,TR18,West,T3,250.0,0.284,0.78,True,Low-opportunity
HCP01128,Pediatrician,TR14,West,T1,629.0,0.414,0.48,True,High-volume advocate
HCP01129,Pediatrician,TR28,South,T1,650.0,0.107,0.255,False,High-volume non/under-user
HCP01130,Pediatrician,TR28,South,T1,240.0,0.187,0.654,False,Low-opportunity
HCP01131,Neonatologist,TR12,West,T1,263.0,0.102,0.659,False,Emerging
HCP01132,Pediatrician,TR11,North,T3,576.0,0.155,0.474,True,High-volume non/under-user
HCP01133,Pediatrician,TR25,South,T3,199.0,0.2,0.506,False,Low-opportunity
HCP01134,Obstetrician-Gynecologist,TR28,South,T1,301.0,0.115,0.336,False,High-volume non/under-user
HCP01135,Pediatrician,TR01,North,T1,336.0,0.11,0.704,False,Emerging
HCP01136,Neonatologist,TR16,West,T1,274.0,0.131,0.356,False,High-volume non/under-user
HCP01137,Pediatrician,TR13,West,T1,132.0,0.733,0.338,True,Low-opportunity
HCP01138,Pediatrician,TR28,South,T1,175.0,0.674,0.807,True,Low-opportunity
HCP01139,Pediatrician,TR05,North,T2,383.0,0.247,0.453,False,Low-opportunity
HCP01140,Pediatrician,TR28,South,T1,193.0,0.31,0.81,False,Low-opportunity
HCP01141,Obstetrician-Gynecologist,TR24,South,T1,72.0,0.074,0.894,False,Low-opportunity
HCP01142,Neonatologist,TR30,South,T2,230.0,0.267,0.276,False,Low-opportunity
HCP01143,General Practitioner,TR36,East,T2,217.0,0.163,0.694,True,High-volume non/under-user
HCP01144,Pediatrician,TR16,West,T1,129.0,0.144,0.478,False,Low-opportunity
HCP01145,Pediatrician,TR26,South,T1,171.0,0.233,0.622,True,Low-opportunity
HCP01146,Pediatrician,TR26,South,T1,283.0,0.251,0.485,False,Low-opportunity
HCP01147,Pediatrician,TR30,South,T2,387.0,0.471,0.754,False,Emerging
HCP01148,Pediatrician,TR19,Central,T2,241.0,0.431,,True,Low-opportunity
HCP01149,Pediatrician,TR03,North,T2,278.0,0.504,0.669,True,Low-opportunity
HCP01150,Pediatrician,TR36,East,T2,476.0,0.553,0.282,False,High-volume advocate
HCP01151,General Practitioner,TR02,North,T1,194.0,0.041,0.705,False,High-volume non/under-user
HCP01152,Pediatrician,TR35,East,T2,305.0,0.46,0.848,True,Emerging
HCP01153,Pediatrician,TR11,North,T3,146.0,0.112,0.404,False,Low-opportunity
HCP01154,Pediatrician,TR17,West,T2,270.0,0.588,0.404,True,Low-opportunity
HCP01155,General Practitioner,TR34,East,T3,111.0,0.044,0.66,False,Low-opportunity
HCP01156,General Practitioner,TR25,South,T3,238.0,0.478,0.529,True,High-volume advocate
HCP01157,Pediatrician,TR23,South,T1,229.0,0.076,0.715,False,Low-opportunity
HCP01158,Obstetrician-Gynecologist,TR13,West,T1,102.0,0.064,0.344,False,Low-opportunity
HCP01159,General Practitioner,TR12,West,T1,102.0,0.294,0.897,False,Low-opportunity
HCP01160,Pediatrician,TR01,North,T1,411.0,0.26,0.706,True,Emerging
HCP01161,Pediatrician,TR23,South,T1,543.0,0.173,0.451,False,High-volume non/under-user
HCP01162,Neonatologist,TR16,West,T1,90.0,0.183,0.781,False,Low-opportunity
HCP01163,Pediatrician,TR09,North,T2,510.0,0.167,0.679,True,High-volume non/under-user
HCP01164,Pediatrician,TR14,West,T1,635.0,0.88,0.508,True,High-volume advocate
HCP01165,Pediatrician,TR33,East,T2,221.0,0.183,0.777,True,Low-opportunity
HCP01166,Pediatrician,TR30,South,T2,137.0,0.389,0.63,True,Low-opportunity
HCP01167,General Practitioner,TR16,West,T1,171.0,0.098,0.557,False,Low-opportunity
HCP01168,General Practitioner,TR36,East,T2,253.0,0.145,0.694,True,High-volume non/under-user
HCP01169,Obstetrician-Gynecologist,TR16,West,T1,110.0,0.053,0.59,False,Low-opportunity
HCP01170,General Practitioner,TR14,West,T1,376.0,0.067,0.579,False,High-volume non/under-user
HCP01171,General Practitioner,TR14,West,T1,100.0,0.27,0.566,True,Low-opportunity
HCP01172,Pediatrician,TR31,East,T1,200.0,0.287,0.853,True,Low-opportunity
HCP01173,Obstetrician-Gynecologist,TR12,West,T1,94.0,0.143,0.435,True,Low-opportunity
HCP01174,Pediatrician,TR09,North,T2,239.0,0.295,0.497,True,Low-opportunity
HCP01175,Pediatrician,TR34,East,T3,164.0,0.177,0.653,False,Low-opportunity
HCP01176,Neonatologist,TR26,South,T1,118.0,0.317,0.432,True,Low-opportunity
HCP01177,Neonatologist,TR27,South,T2,225.0,0.206,0.44,False,Low-opportunity
HCP01178,Pediatrician,TR27,South,T2,158.0,0.41,0.628,True,Low-opportunity
HCP01179,Pediatrician,TR25,South,T3,385.0,0.363,0.566,True,Low-opportunity
HCP01180,Pediatrician,TR02,North,T1,280.0,0.468,0.665,True,Low-opportunity
HCP01181,General Practitioner,TR27,South,T2,193.0,0.081,0.547,False,High-volume non/under-user
HCP01182,Pediatrician,TR10,North,T2,168.0,0.302,0.855,True,Low-opportunity
HCP01183,Pediatrician,TR04,North,T2,242.0,0.173,0.563,True,Low-opportunity
HCP01184,Pediatrician,TR36,East,T2,196.0,0.39,0.499,False,Low-opportunity
HCP01185,Obstetrician-Gynecologist,TR01,North,T1,46.0,0.199,0.172,False,Low-opportunity
HCP01186,Neonatologist,TR01,North,T1,555.0,0.177,0.335,False,High-volume non/under-user
HCP01187,Neonatologist,TR13,West,T1,255.0,0.341,0.648,False,Emerging
HCP01188,General Practitioner,TR30,South,T2,93.0,0.047,0.479,False,Low-opportunity
HCP01189,Pediatrician,TR36,East,T2,257.0,0.385,0.319,True,Low-opportunity
HCP01190,Pediatrician,TR04,North,T2,367.0,0.441,0.574,True,Low-opportunity
HCP01191,Pediatrician,TR14,West,T1,443.0,0.645,0.54,True,High-volume advocate
HCP01192,Pediatrician,TR26,South,T1,383.0,0.232,0.051,True,Low-opportunity
HCP01193,General Practitioner,TR24,South,T1,134.0,0.04,0.476,False,Low-opportunity
HCP01194,Pediatrician,TR10,North,T2,541.0,0.24,0.188,True,High-volume non/under-user
HCP01195,Obstetrician-Gynecologist,TR13,West,T1,172.0,0.072,0.686,False,High-volume non/under-user
HCP01196,Pediatrician,TR23,South,T1,448.0,0.183,0.497,False,High-volume non/under-user
HCP01197,Pediatrician,TR01,North,T1,235.0,0.17,0.579,False,Low-opportunity
HCP01198,General Practitioner,TR27,South,T2,131.0,0.124,0.789,False,Low-opportunity
HCP01199,General Practitioner,TR12,West,T1,191.0,0.029,0.458,False,High-volume non/under-user
HCP01200,Pediatrician,TR29,South,T2,260.0,0.27,0.0,True,Low-opportunity
HCP01201,General Practitioner,TR25,South,T3,158.0,0.033,0.543,False,Low-opportunity
HCP01202,General Practitioner,TR24,South,T1,158.0,0.226,0.624,False,Emerging
HCP01203,Pediatrician,TR28,South,T1,400.0,0.254,0.487,False,Low-opportunity
HCP01204,Pediatrician,TR02,North,T1,435.0,0.144,0.373,True,High-volume non/under-user
HCP01205,Obstetrician-Gynecologist,TR11,North,T3,154.0,0.345,0.648,True,High-volume non/under-user
HCP01206,Pediatrician,TR19,Central,T2,160.0,0.463,0.595,True,Low-opportunity
HCP01207,Pediatrician,TR28,South,T1,530.0,0.746,0.731,True,High-volume advocate
HCP01208,Pediatrician,TR30,South,T2,290.0,0.132,0.636,False,Low-opportunity
HCP01209,Pediatrician,TR14,West,T1,152.0,0.502,0.487,True,Low-opportunity
HCP01210,Neonatologist,TR28,South,T1,387.0,0.101,0.628,False,High-volume non/under-user
HCP01211,Pediatrician,TR09,North,T2,354.0,0.11,0.646,False,Emerging
HCP01212,Obstetrician-Gynecologist,TR02,North,T1,138.0,0.026,0.659,False,Emerging
HCP01213,Obstetrician-Gynecologist,TR10,North,T2,62.0,0.157,0.27,False,Low-opportunity
HCP01214,Pediatrician,TR31,East,T1,528.0,0.398,0.616,True,High-volume non/under-user
HCP01215,General Practitioner,TR20,Central,T2,129.0,0.038,0.216,False,Low-opportunity
HCP01216,Neonatologist,TR16,West,T1,296.0,0.449,0.769,True,High-volume advocate
HCP01217,Neonatologist,TR27,South,T2,177.0,0.278,0.333,True,Low-opportunity
HCP01218,General Practitioner,TR01,North,T1,222.0,0.307,,True,High-volume non/under-user
HCP01219,Pediatrician,TR04,North,T2,416.0,0.297,0.575,True,Low-opportunity
HCP01220,Pediatrician,TR03,North,T2,404.0,0.194,0.427,False,Low-opportunity
HCP01221,Pediatrician,TR04,North,T2,144.0,0.086,0.83,False,Low-opportunity
HCP01222,General Practitioner,TR16,West,T1,135.0,0.123,0.535,True,Low-opportunity
HCP01223,Pediatrician,TR12,West,T1,570.0,0.311,,True,High-volume non/under-user
HCP01224,General Practitioner,TR28,South,T1,70.0,0.069,0.421,False,Low-opportunity
HCP01225,General Practitioner,TR30,South,T2,125.0,0.195,0.202,True,Low-opportunity
HCP01226,Pediatrician,TR33,East,T2,271.0,0.307,0.495,True,Low-opportunity
HCP01227,Obstetrician-Gynecologist,TR08,North,T2,314.0,0.102,0.496,False,High-volume non/under-user
HCP01228,Pediatrician,TR18,West,T3,214.0,0.312,0.931,False,Low-opportunity
HCP01229,Pediatrician,TR01,North,T1,274.0,0.552,0.905,True,Low-opportunity
HCP01230,Obstetrician-Gynecologist,TR10,North,T2,115.0,0.261,0.732,True,Emerging
HCP01231,Pediatrician,TR23,South,T1,250.0,0.547,0.685,False,Low-opportunity
HCP01232,Pediatrician,TR16,West,T1,242.0,0.166,0.501,True,Low-opportunity
HCP01233,Neonatologist,TR25,South,T3,232.0,0.167,0.416,True,Low-opportunity
HCP01234,Obstetrician-Gynecologist,TR30,South,T2,112.0,0.196,0.67,False,Emerging
HCP01235,Obstetrician-Gynecologist,TR02,North,T1,74.0,0.053,0.441,False,Low-opportunity
HCP01236,Pediatrician,TR33,East,T2,324.0,0.282,0.581,True,Low-opportunity
HCP01237,Pediatrician,TR01,North,T1,389.0,0.146,0.413,False,Low-opportunity
HCP01238,Pediatrician,TR36,East,T2,194.0,0.49,0.567,False,Low-opportunity
HCP01239,Pediatrician,TR24,South,T1,590.0,0.325,0.344,False,High-volume non/under-user
HCP01240,Neonatologist,TR01,North,T1,229.0,0.249,0.701,True,Emerging
HCP01241,Pediatrician,TR14,West,T1,401.0,0.365,0.457,True,Low-opportunity
HCP01242,General Practitioner,TR11,North,T3,148.0,0.187,0.557,False,Low-opportunity
HCP01243,Pediatrician,TR28,South,T1,247.0,0.178,0.434,False,Low-opportunity
HCP01244,Pediatrician,TR09,North,T2,545.0,0.157,0.434,False,High-volume non/under-user
HCP01245,Pediatrician,TR29,South,T2,711.0,0.247,0.464,True,High-volume non/under-user
HCP01246,Pediatrician,TR13,West,T1,824.0,0.394,0.54,True,High-volume non/under-user
HCP01247,Pediatrician,TR36,East,T2,243.0,0.354,0.923,False,Low-opportunity
HCP01248,Neonatologist,TR12,West,T1,368.0,0.24,0.486,True,High-volume non/under-user
HCP01249,General Practitioner,TR25,South,T3,78.0,0.028,0.341,False,Low-opportunity
HCP01250,General Practitioner,TR28,South,T1,136.0,0.107,0.635,False,Emerging
HCP01251,Pediatrician,TR09,North,T2,354.0,0.392,0.303,True,Low-opportunity
HCP01252,General Practitioner,TR02,North,T1,438.0,0.195,0.486,True,High-volume non/under-user
HCP01253,General Practitioner,TR21,Central,T3,156.0,0.068,0.586,False,Low-opportunity
HCP01254,Pediatrician,TR25,South,T3,248.0,0.221,0.453,True,Low-opportunity
HCP01255,General Practitioner,TR28,South,T1,113.0,0.036,0.708,False,Low-opportunity
HCP01256,Obstetrician-Gynecologist,TR12,West,T1,119.0,0.185,0.576,False,Low-opportunity
HCP01257,Neonatologist,TR31,East,T1,104.0,0.511,0.757,True,Low-opportunity
HCP01258,Neonatologist,TR32,East,T3,369.0,0.313,0.57,True,High-volume non/under-user
HCP01259,Pediatrician,TR28,South,T1,94.0,0.611,0.513,True,Low-opportunity
HCP01260,Pediatrician,TR01,North,T1,319.0,0.596,0.55,True,Low-opportunity
HCP01261,Pediatrician,TR02,North,T1,478.0,0.508,0.504,True,High-volume advocate
HCP01262,Pediatrician,TR36,East,T2,426.0,0.143,0.651,False,High-volume non/under-user
HCP01263,Pediatrician,TR26,South,T1,360.0,0.068,0.241,True,Low-opportunity
HCP01264,Pediatrician,TR24,South,T1,119.0,0.364,0.659,True,Low-opportunity
HCP01265,General Practitioner,TR31,East,T1,175.0,0.181,0.459,True,Low-opportunity
HCP01266,Pediatrician,TR01,North,T1,196.0,0.444,0.441,True,Low-opportunity
HCP01267,General Practitioner,TR27,South,T2,101.0,0.47,0.624,True,Low-opportunity
HCP01268,Neonatologist,TR24,South,T1,221.0,0.507,0.41,True,Low-opportunity
HCP01269,Pediatrician,TR30,South,T2,141.0,0.132,,False,Low-opportunity
HCP01270,Pediatrician,TR28,South,T1,187.0,0.565,0.289,True,Low-opportunity
HCP01271,General Practitioner,TR17,West,T2,173.0,0.091,0.681,False,Emerging
HCP01272,Pediatrician,TR02,North,T1,336.0,0.19,0.406,False,Low-opportunity
HCP01273,Pediatrician,TR32,East,T3,456.0,0.187,0.591,False,High-volume non/under-user
HCP01274,Obstetrician-Gynecologist,TR27,South,T2,71.0,0.296,0.552,False,Low-opportunity
HCP01275,Pediatrician,TR14,West,T1,362.0,0.246,0.923,False,Emerging
HCP01276,General Practitioner,TR36,East,T2,77.0,0.072,0.483,False,Low-opportunity
HCP01277,Neonatologist,TR13,West,T1,154.0,0.332,0.655,False,Low-opportunity
HCP01278,Pediatrician,TR14,West,T1,125.0,0.314,0.616,False,Low-opportunity
HCP01279,General Practitioner,TR35,East,T2,159.0,0.075,0.684,True,Emerging
HCP01280,Pediatrician,TR24,South,T1,215.0,0.28,0.381,True,Low-opportunity
HCP01281,Pediatrician,TR31,East,T1,514.0,0.151,0.379,False,High-volume non/under-user
HCP01282,Pediatrician,TR31,East,T1,218.0,0.187,,False,Low-opportunity
HCP01283,General Practitioner,TR19,Central,T2,280.0,0.297,0.452,True,High-volume non/under-user
HCP01284,General Practitioner,TR12,West,T1,114.0,0.223,0.701,True,Low-opportunity
HCP01285,Neonatologist,TR30,South,T2,185.0,0.263,0.505,True,Low-opportunity
HCP01286,General Practitioner,TR18,West,T3,151.0,0.131,0.383,True,Low-opportunity
HCP01287,Pediatrician,TR22,Central,T3,282.0,0.327,0.59,True,Low-opportunity
HCP01288,Obstetrician-Gynecologist,TR20,Central,T2,106.0,0.263,0.556,False,Low-opportunity
HCP01289,Pediatrician,TR01,North,T1,380.0,0.682,0.15,True,Low-opportunity
HCP01290,General Practitioner,TR01,North,T1,217.0,0.343,0.232,True,High-volume non/under-user
HCP01291,Pediatrician,TR23,South,T1,422.0,0.113,0.305,False,High-volume non/under-user
HCP01292,General Practitioner,TR28,South,T1,119.0,0.106,0.808,False,Low-opportunity
HCP01293,Neonatologist,TR16,West,T1,292.0,0.227,0.769,False,High-volume non/under-user
HCP01294,Pediatrician,TR08,North,T2,367.0,0.671,0.765,True,Emerging
HCP01295,Pediatrician,TR15,West,T2,152.0,0.209,,True,Low-opportunity
HCP01296,Pediatrician,TR28,South,T1,262.0,0.609,0.166,True,Low-opportunity
HCP01297,Pediatrician,TR03,North,T2,130.0,0.633,0.556,True,Low-opportunity
HCP01298,Pediatrician,TR21,Central,T3,219.0,0.533,0.62,True,Low-opportunity
HCP01299,General Practitioner,TR26,South,T1,215.0,0.213,0.642,True,High-volume non/under-user
HCP01300,Pediatrician,TR15,West,T2,268.0,0.254,1.0,False,Low-opportunity
HCP01301,Pediatrician,TR23,South,T1,325.0,0.37,0.566,True,Low-opportunity
HCP01302,General Practitioner,TR31,East,T1,70.0,0.164,0.499,False,Low-opportunity
HCP01303,General Practitioner,TR09,North,T2,369.0,0.079,0.527,True,High-volume non/under-user
HCP01304,Pediatrician,TR04,North,T2,262.0,0.217,0.462,False,Low-opportunity
HCP01305,Neonatologist,TR02,North,T1,256.0,0.272,0.284,False,Low-opportunity
HCP01306,Obstetrician-Gynecologist,TR26,South,T1,92.0,0.222,0.45,True,Low-opportunity
HCP01307,Neonatologist,TR31,East,T1,298.0,0.145,0.822,False,High-volume non/under-user
HCP01308,Pediatrician,TR25,South,T3,266.0,0.308,0.681,True,Low-opportunity
HCP01309,Pediatrician,TR35,East,T2,547.0,0.381,0.939,True,High-volume non/under-user
HCP01310,Pediatrician,TR26,South,T1,344.0,0.209,0.43,True,Low-opportunity
HCP01311,Neonatologist,TR12,West,T1,96.0,0.115,0.407,False,Low-opportunity
HCP01312,Obstetrician-Gynecologist,TR11,North,T3,197.0,0.068,0.513,False,High-volume non/under-user
HCP01313,General Practitioner,TR24,South,T1,433.0,0.131,0.556,False,High-volume non/under-user
HCP01314,Pediatrician,TR25,South,T3,160.0,0.146,0.758,False,Low-opportunity
HCP01315,Pediatrician,TR19,Central,T2,434.0,0.119,0.717,False,High-volume non/under-user
HCP01316,General Practitioner,TR19,Central,T2,121.0,0.388,0.612,True,Low-opportunity
HCP01317,Pediatrician,TR15,West,T2,457.0,0.149,0.233,True,High-volume non/under-user
HCP01318,Pediatrician,TR14,West,T1,508.0,0.055,0.651,False,High-volume non/under-user
HCP01319,General Practitioner,TR24,South,T1,584.0,0.106,0.224,False,High-volume non/under-user
HCP01320,General Practitioner,TR27,South,T2,231.0,0.158,0.969,False,High-volume non/under-user
HCP01321,Pediatrician,TR28,South,T1,220.0,0.378,0.599,True,Low-opportunity
HCP01322,General Practitioner,TR13,West,T1,126.0,0.228,0.657,True,Low-opportunity
HCP01323,Pediatrician,TR30,South,T2,366.0,0.488,0.628,False,Emerging
HCP01324,Pediatrician,TR12,West,T1,444.0,0.212,0.55,False,High-volume non/under-user
HCP01325,Pediatrician,TR12,West,T1,398.0,0.094,0.555,False,Low-opportunity
HCP01326,Pediatrician,TR28,South,T1,263.0,0.426,0.577,True,Low-opportunity
HCP01327,Pediatrician,TR35,East,T2,81.0,0.346,0.353,True,Low-opportunity
HCP01328,Pediatrician,TR33,East,T2,347.0,0.454,0.548,True,Low-opportunity
HCP01329,Pediatrician,TR03,North,T2,283.0,0.312,0.363,False,Low-opportunity
HCP01330,Pediatrician,TR12,West,T1,622.0,0.606,0.4,True,High-volume advocate
HCP01331,Pediatrician,TR27,South,T2,342.0,0.493,0.497,False,Low-opportunity
HCP01332,General Practitioner,TR28,South,T1,109.0,0.354,0.431,False,Low-opportunity
HCP01333,Pediatrician,TR18,West,T3,714.0,0.252,0.525,True,High-volume non/under-user
HCP01334,Pediatrician,TR01,North,T1,255.0,0.584,0.513,True,Low-opportunity
HCP01335,Pediatrician,TR18,West,T3,394.0,0.275,0.518,False,Low-opportunity
HCP01336,Pediatrician,TR01,North,T1,302.0,0.089,0.784,False,Emerging
HCP01337,General Practitioner,TR12,West,T1,74.0,0.3,0.747,True,Low-opportunity
HCP01338,Obstetrician-Gynecologist,TR24,South,T1,121.0,0.101,0.421,False,Low-opportunity
HCP01339,Pediatrician,TR04,North,T2,286.0,0.482,0.374,True,Low-opportunity
HCP01340,Pediatrician,TR26,South,T1,768.0,0.27,0.471,True,High-volume non/under-user
HCP01341,Pediatrician,TR23,South,T1,467.0,0.606,0.532,False,High-volume advocate
HCP01342,Pediatrician,TR16,West,T1,361.0,0.22,0.124,False,Low-opportunity
HCP01343,Obstetrician-Gynecologist,TR14,West,T1,179.0,0.163,0.709,False,High-volume non/under-user
HCP01344,General Practitioner,TR32,East,T3,140.0,0.292,0.864,True,Emerging
HCP01345,General Practitioner,TR21,Central,T3,189.0,0.121,0.727,False,High-volume non/under-user
HCP01346,Obstetrician-Gynecologist,TR31,East,T1,157.0,0.131,0.583,True,High-volume non/under-user
HCP01347,General Practitioner,TR15,West,T2,143.0,0.06,0.64,False,Emerging
HCP01348,Pediatrician,TR23,South,T1,428.0,0.203,0.551,True,High-volume non/under-user
HCP01349,General Practitioner,TR34,East,T3,168.0,0.036,0.748,False,Emerging
HCP01350,General Practitioner,TR04,North,T2,150.0,0.119,0.729,True,Emerging
HCP01351,Pediatrician,TR11,North,T3,377.0,0.22,0.565,False,Low-opportunity
HCP01352,General Practitioner,TR32,East,T3,115.0,0.175,0.338,True,Low-opportunity
HCP01353,Pediatrician,TR16,West,T1,311.0,0.179,0.521,False,Low-opportunity
HCP01354,Pediatrician,TR12,West,T1,207.0,0.326,0.559,False,Low-opportunity
HCP01355,General Practitioner,TR36,East,T2,82.0,0.021,0.421,False,Low-opportunity
HCP01356,Pediatrician,TR03,North,T2,304.0,0.265,0.411,False,Low-opportunity
HCP01357,Pediatrician,TR23,South,T1,358.0,0.524,0.597,True,Low-opportunity
HCP01358,Pediatrician,TR28,South,T1,150.0,0.269,0.651,False,Low-opportunity
HCP01359,General Practitioner,TR28,South,T1,302.0,0.018,0.544,False,High-volume non/under-user
HCP01360,Obstetrician-Gynecologist,TR16,West,T1,90.0,0.455,0.593,True,Low-opportunity
HCP01361,General Practitioner,TR01,North,T1,337.0,0.059,0.443,True,High-volume non/under-user
HCP01362,General Practitioner,TR30,South,T2,160.0,0.181,0.645,False,Emerging
HCP01363,Pediatrician,TR28,South,T1,573.0,0.291,,True,High-volume non/under-user
HCP01364,General Practitioner,TR10,North,T2,79.0,0.05,0.276,False,Low-opportunity
HCP01365,Pediatrician,TR13,West,T1,424.0,0.088,0.525,False,High-volume non/under-user
HCP01366,Pediatrician,TR18,West,T3,232.0,0.328,0.732,True,Low-opportunity
HCP01367,General Practitioner,TR03,North,T2,182.0,0.186,0.533,False,Low-opportunity
HCP01368,Pediatrician,TR29,South,T2,336.0,0.11,0.664,False,Emerging
HCP01369,Obstetrician-Gynecologist,TR33,East,T2,183.0,0.068,0.28,False,High-volume non/under-user
HCP01370,Pediatrician,TR13,West,T1,335.0,0.29,0.49,True,Low-opportunity
HCP01371,General Practitioner,TR33,East,T2,106.0,0.176,0.457,False,Low-opportunity
HCP01372,Pediatrician,TR28,South,T1,333.0,0.351,0.714,False,Emerging
HCP01373,General Practitioner,TR26,South,T1,343.0,0.093,0.606,True,High-volume non/under-user
HCP01374,General Practitioner,TR35,East,T2,181.0,0.047,0.59,True,Low-opportunity
HCP01375,Pediatrician,TR13,West,T1,210.0,0.255,0.572,False,Low-opportunity
HCP01376,Neonatologist,TR32,East,T3,154.0,0.375,0.53,True,Low-opportunity
HCP01377,General Practitioner,TR03,North,T2,167.0,0.268,0.451,True,Low-opportunity
HCP01378,Pediatrician,TR16,West,T1,651.0,0.191,0.7,True,High-volume non/under-user
HCP01379,General Practitioner,TR21,Central,T3,179.0,0.256,0.666,False,Emerging
HCP01380,Pediatrician,TR04,North,T2,303.0,0.306,0.383,False,Low-opportunity
HCP01381,General Practitioner,TR26,South,T1,114.0,0.065,0.503,False,Low-opportunity
HCP01382,Pediatrician,TR16,West,T1,1139.0,0.401,0.665,True,High-volume advocate
HCP01383,Obstetrician-Gynecologist,TR16,West,T1,144.0,0.248,0.541,True,Low-opportunity
HCP01384,Pediatrician,TR22,Central,T3,231.0,0.206,0.662,True,Low-opportunity
HCP01385,General Practitioner,TR04,North,T2,117.0,0.462,0.193,True,Low-opportunity
HCP01386,Obstetrician-Gynecologist,TR08,North,T2,286.0,0.076,0.487,False,High-volume non/under-user
HCP01387,Neonatologist,TR07,North,T3,187.0,0.431,0.294,True,Low-opportunity
HCP01388,General Practitioner,TR34,East,T3,155.0,0.028,0.389,False,Low-opportunity
HCP01389,General Practitioner,TR28,South,T1,179.0,0.276,0.171,True,Low-opportunity
HCP01390,Pediatrician,TR19,Central,T2,276.0,0.142,0.704,True,Low-opportunity
HCP01391,Pediatrician,TR24,South,T1,361.0,0.724,0.572,True,Low-opportunity
HCP01392,General Practitioner,TR24,South,T1,205.0,0.056,0.411,True,High-volume non/under-user
HCP01393,General Practitioner,TR11,North,T3,129.0,0.233,0.867,True,Low-opportunity
HCP01394,Pediatrician,TR02,North,T1,556.0,0.767,0.814,True,High-volume advocate
HCP01395,General Practitioner,TR21,Central,T3,308.0,0.098,0.961,False,High-volume non/under-user
HCP01396,Pediatrician,TR11,North,T3,146.0,0.399,0.571,True,Low-opportunity
HCP01397,General Practitioner,TR31,East,T1,233.0,0.269,0.802,False,High-volume non/under-user
HCP01398,Pediatrician,TR10,North,T2,503.0,0.114,0.511,False,High-volume non/under-user
HCP01399,Obstetrician-Gynecologist,TR22,Central,T3,72.0,0.229,0.788,False,Low-opportunity
HCP01400,Pediatrician,TR15,West,T2,384.0,0.507,0.446,True,Low-opportunity
HCP01401,Pediatrician,TR27,South,T2,586.0,0.499,0.381,True,High-volume advocate
HCP01402,General Practitioner,TR34,East,T3,148.0,0.161,0.726,False,Emerging
HCP01403,Pediatrician,TR15,West,T2,153.0,0.58,0.747,True,Low-opportunity
HCP01404,Pediatrician,TR01,North,T1,363.0,0.164,0.555,False,Low-opportunity
HCP01405,General Practitioner,TR24,South,T1,97.0,0.042,0.396,False,Low-opportunity
HCP01406,Obstetrician-Gynecologist,TR04,North,T2,101.0,0.169,0.336,False,Low-opportunity
HCP01407,General Practitioner,TR03,North,T2,255.0,0.035,0.384,True,High-volume non/under-user
HCP01408,Pediatrician,TR24,South,T1,320.0,0.453,0.932,True,Emerging
HCP01409,Pediatrician,TR03,North,T2,168.0,0.572,0.545,False,Low-opportunity
HCP01410,General Practitioner,TR04,North,T2,96.0,0.143,0.675,False,Low-opportunity
HCP01411,General Practitioner,TR16,West,T1,70.0,0.464,0.852,True,Low-opportunity
HCP01412,Neonatologist,TR16,West,T1,263.0,0.448,0.637,True,Emerging
HCP01413,Pediatrician,TR32,East,T3,194.0,0.59,0.416,True,Low-opportunity
HCP01414,Pediatrician,TR12,West,T1,186.0,0.205,0.692,True,Low-opportunity
HCP01415,Neonatologist,TR15,West,T2,167.0,0.052,0.245,False,Low-opportunity
HCP01416,Pediatrician,TR26,South,T1,250.0,0.083,0.566,True,Low-opportunity
HCP01417,Neonatologist,TR29,South,T2,226.0,0.025,0.656,False,Emerging
HCP01418,Pediatrician,TR14,West,T1,219.0,0.388,0.206,False,Low-opportunity
HCP01419,General Practitioner,TR24,South,T1,235.0,0.234,0.579,False,High-volume non/under-user
HCP01420,Pediatrician,TR24,South,T1,287.0,0.56,0.742,True,Low-opportunity
HCP01421,Obstetrician-Gynecologist,TR12,West,T1,144.0,0.103,0.413,True,Low-opportunity
HCP01422,Obstetrician-Gynecologist,TR04,North,T2,51.0,0.205,0.61,True,Low-opportunity
HCP01423,Pediatrician,TR25,South,T3,276.0,0.183,0.513,False,Low-opportunity
HCP01424,General Practitioner,TR12,West,T1,241.0,0.158,0.451,True,High-volume non/under-user
HCP01425,Pediatrician,TR13,West,T1,335.0,0.335,0.449,True,Low-opportunity
HCP01426,Pediatrician,TR22,Central,T3,340.0,0.182,0.437,True,Low-opportunity
HCP01427,General Practitioner,TR05,North,T2,120.0,0.35,0.695,True,Low-opportunity
HCP01428,General Practitioner,TR10,North,T2,177.0,0.104,0.517,False,Low-opportunity
HCP01429,Pediatrician,TR16,West,T1,585.0,0.478,0.434,True,High-volume advocate
HCP01430,Pediatrician,TR31,East,T1,351.0,0.598,0.643,True,Emerging
HCP01431,Pediatrician,TR28,South,T1,266.0,0.325,0.98,True,Low-opportunity
HCP01432,Pediatrician,TR13,West,T1,326.0,0.164,0.581,False,Low-opportunity
HCP01433,Pediatrician,TR12,West,T1,250.0,0.343,0.733,True,Low-opportunity
HCP01434,Pediatrician,TR36,East,T2,208.0,0.649,0.619,True,Low-opportunity
HCP01435,Obstetrician-Gynecologist,TR24,South,T1,178.0,0.08,0.77,False,High-volume non/under-user
HCP01436,Pediatrician,TR25,South,T3,469.0,0.274,0.237,True,High-volume non/under-user
HCP01437,Obstetrician-Gynecologist,TR01,North,T1,30.0,0.3,0.645,True,Low-opportunity
HCP01438,Pediatrician,TR03,North,T2,265.0,0.179,0.703,False,Low-opportunity
HCP01439,Pediatrician,TR12,West,T1,202.0,0.137,0.229,False,Low-opportunity
HCP01440,Pediatrician,TR30,South,T2,263.0,0.622,0.528,True,Low-opportunity
HCP01441,Pediatrician,TR32,East,T3,248.0,0.667,0.919,True,Low-opportunity
HCP01442,General Practitioner,TR08,North,T2,226.0,0.155,0.554,False,High-volume non/under-user
HCP01443,Pediatrician,TR26,South,T1,407.0,0.12,0.331,True,Low-opportunity
HCP01444,Pediatrician,TR31,East,T1,602.0,0.345,0.698,True,High-volume non/under-user
HCP01445,Pediatrician,TR31,East,T1,405.0,0.175,0.788,True,Emerging
HCP01446,General Practitioner,TR16,West,T1,398.0,0.132,0.717,True,High-volume non/under-user
HCP01447,Pediatrician,TR11,North,T3,467.0,0.501,0.358,True,High-volume advocate
HCP01448,Pediatrician,TR34,East,T3,241.0,0.293,0.494,True,Low-opportunity
HCP01449,Pediatrician,TR12,West,T1,345.0,0.332,0.804,True,Emerging
HCP01450,General Practitioner,TR11,North,T3,69.0,0.207,0.693,True,Low-opportunity
HCP01451,Neonatologist,TR08,North,T2,64.0,0.248,0.25,False,Low-opportunity
HCP01452,Pediatrician,TR19,Central,T2,386.0,0.51,0.644,True,Emerging
HCP01453,Pediatrician,TR03,North,T2,384.0,0.373,0.648,True,Emerging
HCP01454,Pediatrician,TR22,Central,T3,409.0,0.554,0.381,True,Low-opportunity
HCP01455,Neonatologist,TR34,East,T3,167.0,0.14,0.0,False,Low-opportunity
HCP01456,Pediatrician,TR18,West,T3,252.0,0.574,0.509,False,Low-opportunity
HCP01457,General Practitioner,TR35,East,T2,152.0,0.169,0.408,False,Low-opportunity
HCP01458,General Practitioner,TR32,East,T3,61.0,0.311,0.445,True,Low-opportunity
HCP01459,Pediatrician,TR28,South,T1,617.0,0.41,0.346,True,High-volume advocate
HCP01460,General Practitioner,TR23,South,T1,150.0,0.183,0.525,True,Low-opportunity
HCP01461,General Practitioner,TR31,East,T1,202.0,0.169,0.697,True,High-volume non/under-user
HCP01462,Pediatrician,TR21,Central,T3,364.0,0.362,0.133,False,Low-opportunity
HCP01463,Pediatrician,TR09,North,T2,989.0,0.269,0.777,False,High-volume non/under-user
HCP01464,Pediatrician,TR33,East,T2,418.0,0.164,0.611,True,Emerging
HCP01465,Pediatrician,TR18,West,T3,428.0,0.095,0.542,False,High-volume non/under-user
HCP01466,General Practitioner,TR32,East,T3,191.0,0.117,0.695,False,High-volume non/under-user
HCP01467,General Practitioner,TR14,West,T1,304.0,0.249,0.666,True,High-volume non/under-user
HCP01468,Obstetrician-Gynecologist,TR13,West,T1,116.0,0.26,0.2,True,Low-opportunity
HCP01469,Pediatrician,TR28,South,T1,444.0,0.682,,True,High-volume advocate
HCP01470,Pediatrician,TR24,South,T1,253.0,0.105,0.404,False,Low-opportunity
HCP01471,Pediatrician,TR16,West,T1,453.0,0.386,0.228,True,High-volume non/under-user
HCP01472,General Practitioner,TR31,East,T1,170.0,0.084,0.783,False,Emerging
HCP01473,Pediatrician,TR19,Central,T2,270.0,0.203,0.892,False,Low-opportunity
HCP01474,Pediatrician,TR01,North,T1,437.0,0.594,0.677,True,High-volume advocate
HCP01475,General Practitioner,TR26,South,T1,125.0,0.06,0.675,False,Low-opportunity
HCP01476,General Practitioner,TR02,North,T1,109.0,0.03,0.446,False,Low-opportunity
HCP01477,Pediatrician,TR16,West,T1,226.0,0.227,0.271,False,Low-opportunity
HCP01478,General Practitioner,TR08,North,T2,119.0,0.152,0.499,False,Low-opportunity
HCP01479,Pediatrician,TR10,North,T2,362.0,0.461,0.449,True,Low-opportunity
HCP01480,General Practitioner,TR36,East,T2,157.0,0.205,0.808,True,Emerging
HCP01481,General Practitioner,TR03,North,T2,192.0,0.235,0.414,True,High-volume non/under-user
HCP01482,General Practitioner,TR27,South,T2,217.0,0.159,,False,High-volume non/under-user
HCP01483,Pediatrician,TR24,South,T1,624.0,0.57,0.686,True,High-volume advocate
HCP01484,General Practitioner,TR08,North,T2,125.0,0.037,0.412,False,Low-opportunity
HCP01485,Pediatrician,TR33,East,T2,175.0,0.301,0.661,True,Low-opportunity
HCP01486,Pediatrician,TR08,North,T2,209.0,0.439,0.549,False,Low-opportunity
HCP01487,Neonatologist,TR19,Central,T2,163.0,0.236,0.629,True,Low-opportunity
HCP01488,Pediatrician,TR28,South,T1,366.0,0.076,0.74,False,Emerging
HCP01489,General Practitioner,TR27,South,T2,102.0,0.174,0.879,True,Low-opportunity
HCP01490,Pediatrician,TR13,West,T1,523.0,0.123,0.629,False,High-volume non/under-user
HCP01491,Pediatrician,TR30,South,T2,219.0,0.272,0.629,False,Low-opportunity
HCP01492,Pediatrician,TR35,East,T2,185.0,0.048,0.735,False,Low-opportunity
HCP01493,Pediatrician,TR16,West,T1,263.0,0.063,0.645,False,Low-opportunity
HCP01494,General Practitioner,TR24,South,T1,351.0,0.115,0.786,False,High-volume non/under-user
HCP01495,Neonatologist,TR14,West,T1,61.0,0.408,0.432,True,Low-opportunity
HCP01496,Obstetrician-Gynecologist,TR14,West,T1,120.0,0.107,0.446,False,Low-opportunity
HCP01497,Neonatologist,TR16,West,T1,268.0,0.184,0.692,True,High-volume non/under-user
HCP01498,Pediatrician,TR08,North,T2,173.0,0.607,0.675,True,Low-opportunity
HCP01499,Neonatologist,TR25,South,T3,105.0,0.278,0.658,True,Low-opportunity
HCP01500,Pediatrician,TR06,North,T2,462.0,0.452,0.133,True,High-volume advocate
HCP01501,Pediatrician,TR01,North,T1,153.0,0.242,0.779,True,Low-opportunity
HCP01502,Pediatrician,TR16,West,T1,211.0,0.211,0.655,False,Low-opportunity
HCP01503,Pediatrician,TR02,North,T1,591.0,0.154,0.682,False,High-volume non/under-user
HCP01504,General Practitioner,TR21,Central,T3,57.0,0.108,0.711,False,Low-opportunity
HCP01505,Pediatrician,TR19,Central,T2,131.0,0.414,0.496,True,Low-opportunity
HCP01506,Pediatrician,TR04,North,T2,199.0,0.263,0.533,True,Low-opportunity
HCP01507,Pediatrician,TR10,North,T2,316.0,0.507,0.676,True,Emerging
HCP01508,Pediatrician,TR01,North,T1,446.0,0.207,0.469,True,High-volume non/under-user
HCP01509,Obstetrician-Gynecologist,TR23,South,T1,237.0,0.181,0.686,False,High-volume non/under-user
HCP01510,Pediatrician,TR12,West,T1,188.0,0.318,0.656,True,Low-opportunity
HCP01511,Pediatrician,TR26,South,T1,591.0,0.373,0.55,False,High-volume non/under-user
HCP01512,General Practitioner,TR24,South,T1,114.0,0.021,,False,Low-opportunity
HCP01513,Obstetrician-Gynecologist,TR14,West,T1,218.0,0.298,0.467,True,High-volume non/under-user
HCP01514,Pediatrician,TR01,North,T1,357.0,0.286,0.784,True,Emerging
HCP01515,Pediatrician,TR13,West,T1,162.0,0.622,0.623,True,Low-opportunity
HCP01516,Neonatologist,TR13,West,T1,177.0,0.291,0.269,True,Low-opportunity
HCP01517,Pediatrician,TR13,West,T1,230.0,0.464,0.663,True,Low-opportunity
HCP01518,Pediatrician,TR34,East,T3,256.0,0.298,0.249,True,Low-opportunity
HCP01519,Pediatrician,TR06,North,T2,359.0,0.227,0.611,False,Emerging
HCP01520,Pediatrician,TR12,West,T1,636.0,0.867,,True,High-volume advocate
HCP01521,Neonatologist,TR29,South,T2,347.0,0.24,0.588,False,High-volume non/under-user
HCP01522,Neonatologist,TR33,East,T2,141.0,0.368,0.772,True,Low-opportunity
HCP01523,Pediatrician,TR16,West,T1,193.0,0.331,0.401,True,Low-opportunity
HCP01524,General Practitioner,TR20,Central,T2,346.0,0.099,0.359,False,High-volume non/under-user
HCP01525,Obstetrician-Gynecologist,TR01,North,T1,181.0,0.245,0.764,False,High-volume non/under-user
HCP01526,General Practitioner,TR28,South,T1,194.0,0.407,0.438,True,High-volume advocate
HCP01527,General Practitioner,TR23,South,T1,52.0,0.032,0.718,False,Low-opportunity
HCP01528,Neonatologist,TR16,West,T1,461.0,0.059,,False,High-volume non/under-user
HCP01529,Pediatrician,TR12,West,T1,179.0,0.504,0.516,True,Low-opportunity
HCP01530,Pediatrician,TR16,West,T1,521.0,0.154,0.325,True,High-volume non/under-user
HCP01531,General Practitioner,TR26,South,T1,123.0,0.012,0.602,False,Low-opportunity
HCP01532,General Practitioner,TR02,North,T1,97.0,0.093,0.686,False,Low-opportunity
HCP01533,Pediatrician,TR18,West,T3,281.0,0.168,0.717,False,Low-opportunity
HCP01534,Pediatrician,TR01,North,T1,344.0,0.105,0.346,False,Low-opportunity
HCP01535,General Practitioner,TR28,South,T1,265.0,0.039,0.527,False,High-volume non/under-user
HCP01536,Pediatrician,TR09,North,T2,326.0,0.205,0.771,False,Emerging
HCP01537,Obstetrician-Gynecologist,TR31,East,T1,216.0,0.133,0.237,True,High-volume non/under-user
HCP01538,Obstetrician-Gynecologist,TR16,West,T1,130.0,0.201,0.5,True,Low-opportunity
HCP01539,Pediatrician,TR16,West,T1,337.0,0.67,0.897,True,Emerging
HCP01540,General Practitioner,TR14,West,T1,191.0,0.207,0.944,False,High-volume non/under-user
HCP01541,General Practitioner,TR19,Central,T2,101.0,0.208,0.372,True,Low-opportunity
HCP01542,Pediatrician,TR13,West,T1,276.0,0.187,0.336,False,Low-opportunity
HCP01543,Pediatrician,TR14,West,T1,314.0,0.39,0.577,True,Low-opportunity
HCP01544,Pediatrician,TR08,North,T2,367.0,0.384,0.471,True,Low-opportunity
HCP01545,Obstetrician-Gynecologist,TR13,West,T1,60.0,0.12,0.685,True,Low-opportunity
HCP01546,Obstetrician-Gynecologist,TR28,South,T1,79.0,0.181,0.528,True,Low-opportunity
HCP01547,Pediatrician,TR10,North,T2,230.0,0.203,0.108,True,Low-opportunity
HCP01548,Obstetrician-Gynecologist,TR29,South,T2,135.0,0.122,0.723,True,Emerging
HCP01549,General Practitioner,TR31,East,T1,60.0,0.118,0.737,True,Low-opportunity
HCP01550,Pediatrician,TR24,South,T1,698.0,0.305,0.791,False,High-volume non/under-user
HCP01551,Pediatrician,TR01,North,T1,346.0,0.594,0.325,True,Low-opportunity
HCP01552,Obstetrician-Gynecologist,TR21,Central,T3,98.0,0.053,0.509,False,Low-opportunity
HCP01553,Pediatrician,TR29,South,T2,197.0,0.182,0.541,True,Low-opportunity
HCP01554,General Practitioner,TR14,West,T1,188.0,0.018,0.508,False,High-volume non/under-user
HCP01555,General Practitioner,TR12,West,T1,150.0,0.19,0.715,False,Emerging
HCP01556,General Practitioner,TR13,West,T1,336.0,0.076,0.703,True,High-volume non/under-user
HCP01557,Pediatrician,TR16,West,T1,179.0,0.157,0.626,False,Low-opportunity
HCP01558,Pediatrician,TR02,North,T1,253.0,0.444,0.505,False,Low-opportunity
HCP01559,Obstetrician-Gynecologist,TR10,North,T2,180.0,0.078,0.6,False,High-volume non/under-user
HCP01560,Pediatrician,TR24,South,T1,398.0,0.183,0.267,False,Low-opportunity
HCP01561,Pediatrician,TR16,West,T1,632.0,0.475,0.449,False,High-volume advocate
HCP01562,Pediatrician,TR10,North,T2,473.0,0.186,0.565,False,High-volume non/under-user
HCP01563,General Practitioner,TR33,East,T2,205.0,0.11,0.11,True,High-volume non/under-user
HCP01564,Pediatrician,TR12,West,T1,154.0,0.1,0.272,False,Low-opportunity
HCP01565,General Practitioner,TR04,North,T2,159.0,0.091,0.716,False,Emerging
HCP01566,Pediatrician,TR08,North,T2,200.0,0.426,0.718,False,Low-opportunity
HCP01567,General Practitioner,TR12,West,T1,194.0,0.136,0.509,False,High-volume non/under-user
HCP01568,Obstetrician-Gynecologist,TR19,Central,T2,145.0,0.063,0.996,False,Emerging
HCP01569,Pediatrician,TR02,North,T1,245.0,0.075,0.36,False,Low-opportunity
HCP01570,General Practitioner,TR30,South,T2,90.0,0.038,0.29,False,Low-opportunity
HCP01571,General Practitioner,TR31,East,T1,103.0,0.251,0.595,True,Low-opportunity
HCP01572,General Practitioner,TR13,West,T1,225.0,0.085,0.582,False,High-volume non/under-user
HCP01573,Pediatrician,TR28,South,T1,631.0,0.125,0.124,False,High-volume non/under-user
HCP01574,General Practitioner,TR23,South,T1,80.0,0.062,0.712,True,Low-opportunity
HCP01575,Pediatrician,TR30,South,T2,289.0,0.102,0.652,False,Low-opportunity
HCP01576,Pediatrician,TR12,West,T1,311.0,0.176,0.5,False,Low-opportunity
HCP01577,Pediatrician,TR23,South,T1,207.0,0.249,0.706,True,Low-opportunity
HCP01578,Pediatrician,TR02,North,T1,517.0,0.464,0.708,True,High-volume advocate
HCP01579,Pediatrician,TR01,North,T1,178.0,0.39,0.592,False,Low-opportunity
HCP01580,General Practitioner,TR31,East,T1,68.0,0.036,0.398,False,Low-opportunity
HCP01581,General Practitioner,TR12,West,T1,120.0,0.217,0.536,True,Low-opportunity
HCP01582,Pediatrician,TR16,West,T1,179.0,0.09,0.187,False,Low-opportunity
HCP01583,Pediatrician,TR10,North,T2,208.0,0.102,0.602,False,Low-opportunity
HCP01584,General Practitioner,TR31,East,T1,163.0,0.063,0.248,True,Low-opportunity
HCP01585,Pediatrician,TR14,West,T1,227.0,0.448,0.438,True,Low-opportunity
HCP01586,General Practitioner,TR07,North,T3,151.0,0.165,0.847,False,Emerging
HCP01587,Pediatrician,TR23,South,T1,334.0,0.18,0.357,False,Low-opportunity
HCP01588,Obstetrician-Gynecologist,TR08,North,T2,106.0,0.07,0.893,False,Low-opportunity
HCP01589,Pediatrician,TR11,North,T3,178.0,0.039,0.515,True,Low-opportunity
HCP01590,General Practitioner,TR24,South,T1,274.0,0.037,0.224,False,High-volume non/under-user
HCP01591,Pediatrician,TR34,East,T3,281.0,0.151,0.532,True,Low-opportunity
HCP01592,Pediatrician,TR27,South,T2,101.0,0.387,0.269,True,Low-opportunity
HCP01593,Neonatologist,TR04,North,T2,169.0,0.144,0.659,True,Low-opportunity
HCP01594,Obstetrician-Gynecologist,TR13,West,T1,133.0,0.344,0.241,True,Low-opportunity
HCP01595,Pediatrician,TR28,South,T1,428.0,0.543,0.419,True,High-volume advocate
HCP01596,Pediatrician,TR12,West,T1,282.0,0.326,0.483,True,Low-opportunity
HCP01597,Obstetrician-Gynecologist,TR27,South,T2,51.0,0.13,0.859,False,Low-opportunity
HCP01598,Pediatrician,TR16,West,T1,387.0,0.162,0.411,False,Low-opportunity
HCP01599,Neonatologist,TR31,East,T1,91.0,0.117,0.27,True,Low-opportunity
HCP01600,Pediatrician,TR14,West,T1,468.0,0.166,0.699,False,High-volume non/under-user
HCP01601,Pediatrician,TR33,East,T2,539.0,0.074,0.528,False,High-volume non/under-user
HCP01602,Pediatrician,TR15,West,T2,717.0,0.163,0.622,False,High-volume non/under-user
HCP01603,Pediatrician,TR26,South,T1,410.0,0.13,0.652,True,Emerging
HCP01604,Pediatrician,TR08,North,T2,345.0,0.426,0.548,False,Low-opportunity
HCP01605,Pediatrician,TR19,Central,T2,303.0,0.507,0.614,True,Emerging
HCP01606,Obstetrician-Gynecologist,TR13,West,T1,94.0,0.296,,True,Low-opportunity
HCP01607,Pediatrician,TR01,North,T1,414.0,0.196,0.645,True,Emerging
HCP01608,General Practitioner,TR16,West,T1,187.0,0.077,0.543,False,High-volume non/under-user
HCP01609,Pediatrician,TR06,North,T2,226.0,0.406,0.525,True,Low-opportunity
HCP01610,General Practitioner,TR34,East,T3,165.0,0.072,0.699,True,Emerging
HCP01611,Pediatrician,TR28,South,T1,294.0,0.625,0.766,False,Low-opportunity
HCP01612,General Practitioner,TR27,South,T2,243.0,0.083,0.501,False,High-volume non/under-user
HCP01613,General Practitioner,TR16,West,T1,219.0,0.089,0.889,True,High-volume non/under-user
HCP01614,Obstetrician-Gynecologist,TR11,North,T3,184.0,0.056,0.546,False,High-volume non/under-user
HCP01615,Obstetrician-Gynecologist,TR13,West,T1,177.0,0.079,0.292,False,High-volume non/under-user
HCP01616,Pediatrician,TR08,North,T2,314.0,0.722,0.378,True,Low-opportunity
HCP01617,Pediatrician,TR21,Central,T3,214.0,0.279,0.669,False,Low-opportunity
HCP01618,Pediatrician,TR28,South,T1,580.0,0.78,0.833,True,High-volume advocate
HCP01619,General Practitioner,TR07,North,T3,76.0,0.106,0.362,True,Low-opportunity
HCP01620,Pediatrician,TR01,North,T1,440.0,0.629,0.676,True,High-volume advocate
HCP01621,Obstetrician-Gynecologist,TR04,North,T2,81.0,0.049,0.781,False,Low-opportunity
HCP01622,Neonatologist,TR16,West,T1,221.0,0.129,0.555,True,Low-opportunity
HCP01623,Pediatrician,TR01,North,T1,349.0,0.258,0.457,False,Low-opportunity
HCP01624,Pediatrician,TR15,West,T2,565.0,0.047,0.814,False,High-volume non/under-user
HCP01625,Pediatrician,TR03,North,T2,301.0,0.558,0.473,True,Low-opportunity
HCP01626,Pediatrician,TR03,North,T2,778.0,0.171,0.704,False,High-volume non/under-user
HCP01627,Pediatrician,TR26,South,T1,281.0,0.176,0.674,False,Low-opportunity
HCP01628,Pediatrician,TR36,East,T2,377.0,0.178,0.618,False,Emerging
HCP01629,Obstetrician-Gynecologist,TR08,North,T2,116.0,0.353,0.841,True,Emerging
HCP01630,General Practitioner,TR09,North,T2,130.0,0.03,0.476,False,Low-opportunity
HCP01631,Pediatrician,TR12,West,T1,162.0,0.202,0.494,True,Low-opportunity
HCP01632,Pediatrician,TR28,South,T1,360.0,0.559,0.66,False,Emerging
HCP01633,General Practitioner,TR18,West,T3,252.0,0.15,0.706,False,High-volume non/under-user
HCP01634,Pediatrician,TR22,Central,T3,609.0,0.421,0.404,False,High-volume advocate
HCP01635,Obstetrician-Gynecologist,TR20,Central,T2,143.0,0.386,0.652,True,Emerging
HCP01636,Pediatrician,TR33,East,T2,401.0,0.596,0.461,True,Low-opportunity
HCP01637,Neonatologist,TR01,North,T1,246.0,0.384,0.501,True,Low-opportunity
HCP01638,General Practitioner,TR05,North,T2,162.0,0.154,0.842,False,Emerging
HCP01639,Obstetrician-Gynecologist,TR14,West,T1,172.0,0.352,0.69,False,High-volume non/under-user
HCP01640,General Practitioner,TR17,West,T2,90.0,0.089,0.662,True,Low-opportunity
HCP01641,General Practitioner,TR03,North,T2,168.0,0.22,0.27,False,Low-opportunity
HCP01642,Pediatrician,TR31,East,T1,364.0,0.335,0.55,False,Low-opportunity
HCP01643,General Practitioner,TR25,South,T3,161.0,0.054,0.603,False,Emerging
HCP01644,General Practitioner,TR33,East,T2,118.0,0.099,0.116,False,Low-opportunity
HCP01645,Pediatrician,TR33,East,T2,576.0,0.262,0.366,True,High-volume non/under-user
HCP01646,General Practitioner,TR18,West,T3,152.0,0.136,0.925,False,Emerging
HCP01647,Pediatrician,TR30,South,T2,487.0,0.251,0.546,False,High-volume non/under-user
HCP01648,Pediatrician,TR26,South,T1,792.0,0.117,0.334,False,High-volume non/under-user
HCP01649,Pediatrician,TR14,West,T1,692.0,0.271,0.709,False,High-volume non/under-user
HCP01650,Pediatrician,TR24,South,T1,349.0,0.43,0.3,False,Low-opportunity
HCP01651,Pediatrician,TR34,East,T3,253.0,0.046,0.659,False,Low-opportunity
HCP01652,Obstetrician-Gynecologist,TR27,South,T2,63.0,0.085,,False,Low-opportunity
HCP01653,Pediatrician,TR26,South,T1,406.0,0.173,0.718,True,Emerging
HCP01654,Obstetrician-Gynecologist,TR09,North,T2,288.0,0.073,0.407,False,High-volume non/under-user
HCP01655,Neonatologist,TR29,South,T2,102.0,0.13,0.592,False,Low-opportunity
HCP01656,Pediatrician,TR14,West,T1,569.0,0.308,0.195,False,High-volume non/under-user
HCP01657,General Practitioner,TR24,South,T1,76.0,0.048,0.522,False,Low-opportunity
HCP01658,Pediatrician,TR25,South,T3,183.0,0.091,0.342,False,Low-opportunity
HCP01659,Obstetrician-Gynecologist,TR19,Central,T2,77.0,0.16,0.59,True,Low-opportunity
HCP01660,Pediatrician,TR06,North,T2,739.0,0.371,0.933,True,High-volume non/under-user
HCP01661,Pediatrician,TR26,South,T1,409.0,0.323,0.738,True,Emerging
HCP01662,Pediatrician,TR10,North,T2,353.0,0.105,0.503,False,Low-opportunity
HCP01663,General Practitioner,TR11,North,T3,182.0,0.057,0.608,False,Emerging
HCP01664,Pediatrician,TR04,North,T2,200.0,0.223,0.556,False,Low-opportunity
HCP01665,Pediatrician,TR23,South,T1,491.0,0.242,0.55,False,High-volume non/under-user
HCP01666,Obstetrician-Gynecologist,TR04,North,T2,67.0,0.092,0.496,True,Low-opportunity
HCP01667,Pediatrician,TR13,West,T1,330.0,0.091,0.585,False,Low-opportunity
HCP01668,General Practitioner,TR31,East,T1,248.0,0.085,0.523,False,High-volume non/under-user
HCP01669,General Practitioner,TR16,West,T1,117.0,0.031,0.419,False,Low-opportunity
HCP01670,Pediatrician,TR31,East,T1,475.0,0.32,0.467,False,High-volume non/under-user
HCP01671,Pediatrician,TR17,West,T2,200.0,0.191,0.519,False,Low-opportunity
HCP01672,Pediatrician,TR07,North,T3,382.0,0.19,0.613,False,Emerging
HCP01673,Neonatologist,TR27,South,T2,104.0,0.4,0.649,True,Low-opportunity
HCP01674,General Practitioner,TR14,West,T1,134.0,0.133,0.621,False,Emerging
HCP01675,Pediatrician,TR35,East,T2,377.0,0.116,0.715,False,Emerging
HCP01676,Obstetrician-Gynecologist,TR11,North,T3,138.0,0.062,0.73,False,Emerging
HCP01677,Pediatrician,TR29,South,T2,183.0,0.531,0.691,True,Low-opportunity
HCP01678,Pediatrician,TR18,West,T3,326.0,0.512,0.731,True,Emerging
HCP01679,Pediatrician,TR30,South,T2,265.0,0.1,0.536,False,Low-opportunity
HCP01680,General Practitioner,TR07,North,T3,133.0,0.071,0.386,False,Low-opportunity
HCP01681,Pediatrician,TR24,South,T1,201.0,0.589,0.569,True,Low-opportunity
HCP01682,General Practitioner,TR03,North,T2,147.0,0.22,0.805,False,Emerging
HCP01683,Pediatrician,TR28,South,T1,262.0,0.165,0.714,False,Low-opportunity
HCP01684,General Practitioner,TR10,North,T2,84.0,0.089,0.916,False,Low-opportunity
HCP01685,Obstetrician-Gynecologist,TR16,West,T1,73.0,0.03,0.7,False,Low-opportunity
HCP01686,Pediatrician,TR24,South,T1,249.0,0.24,0.433,True,Low-opportunity
HCP01687,Pediatrician,TR16,West,T1,430.0,0.214,0.897,False,High-volume non/under-user
HCP01688,General Practitioner,TR28,South,T1,187.0,0.098,0.724,False,High-volume non/under-user
HCP01689,Pediatrician,TR25,South,T3,143.0,0.322,0.486,True,Low-opportunity
HCP01690,Pediatrician,TR04,North,T2,508.0,0.204,0.858,False,High-volume non/under-user
HCP01691,General Practitioner,TR28,South,T1,183.0,0.102,0.667,False,Emerging
HCP01692,Pediatrician,TR16,West,T1,293.0,0.384,0.729,False,Low-opportunity
HCP01693,General Practitioner,TR23,South,T1,71.0,0.204,0.284,True,Low-opportunity
HCP01694,Pediatrician,TR09,North,T2,315.0,0.211,0.329,False,Low-opportunity
HCP01695,Pediatrician,TR16,West,T1,256.0,0.354,0.454,True,Low-opportunity
HCP01696,General Practitioner,TR28,South,T1,187.0,0.058,1.0,False,High-volume non/under-user
HCP01697,General Practitioner,TR33,East,T2,151.0,0.174,0.443,False,Low-opportunity
HCP01698,Pediatrician,TR33,East,T2,487.0,0.248,0.276,False,High-volume non/under-user
HCP01699,Pediatrician,TR26,South,T1,272.0,0.181,0.647,False,Low-opportunity
HCP01700,Pediatrician,TR02,North,T1,349.0,0.633,0.578,True,Low-opportunity
HCP01701,Pediatrician,TR16,West,T1,359.0,0.233,0.64,True,Emerging
HCP01702,Neonatologist,TR08,North,T2,215.0,0.378,0.255,True,Low-opportunity
HCP01703,Pediatrician,TR26,South,T1,671.0,0.128,0.525,True,High-volume non/under-user
HCP01704,General Practitioner,TR05,North,T2,91.0,0.016,0.486,False,Low-opportunity
HCP01705,Pediatrician,TR36,East,T2,338.0,0.081,0.67,False,Emerging
HCP01706,Pediatrician,TR08,North,T2,996.0,0.293,0.505,False,High-volume non/under-user
HCP01707,General Practitioner,TR01,North,T1,52.0,0.087,0.602,True,Low-opportunity
HCP01708,General Practitioner,TR30,South,T2,187.0,0.109,0.441,False,High-volume non/under-user
HCP01709,Pediatrician,TR08,North,T2,231.0,0.485,0.413,True,Low-opportunity
HCP01710,Pediatrician,TR01,North,T1,240.0,0.604,0.791,True,Low-opportunity
HCP01711,Pediatrician,TR20,Central,T2,178.0,0.312,0.536,True,Low-opportunity
HCP01712,Pediatrician,TR35,East,T2,382.0,0.073,0.725,False,Emerging
HCP01713,General Practitioner,TR12,West,T1,98.0,0.062,0.449,False,Low-opportunity
HCP01714,Pediatrician,TR15,West,T2,178.0,0.498,0.574,False,Low-opportunity
HCP01715,Pediatrician,TR10,North,T2,378.0,0.301,0.655,False,Emerging
HCP01716,Pediatrician,TR21,Central,T3,252.0,0.074,0.34,False,Low-opportunity
HCP01717,Obstetrician-Gynecologist,TR13,West,T1,97.0,0.075,0.588,False,Low-opportunity
HCP01718,Pediatrician,TR23,South,T1,523.0,0.165,0.729,False,High-volume non/under-user
HCP01719,General Practitioner,TR16,West,T1,129.0,0.151,0.793,True,Low-opportunity
HCP01720,Pediatrician,TR33,East,T2,435.0,0.472,0.637,False,High-volume advocate
HCP01721,Pediatrician,TR24,South,T1,223.0,0.359,0.579,False,Low-opportunity
HCP01722,Pediatrician,TR25,South,T3,221.0,0.561,0.661,False,Low-opportunity
HCP01723,General Practitioner,TR17,West,T2,168.0,0.232,0.538,False,Low-opportunity
HCP01724,Pediatrician,TR12,West,T1,224.0,0.108,0.72,False,Low-opportunity
HCP01725,Neonatologist,TR13,West,T1,553.0,0.39,0.722,True,High-volume non/under-user
HCP01726,Pediatrician,TR18,West,T3,377.0,0.46,0.518,True,Low-opportunity
HCP01727,Obstetrician-Gynecologist,TR08,North,T2,69.0,0.346,0.557,True,Low-opportunity
HCP01728,Pediatrician,TR04,North,T2,544.0,0.143,0.796,True,High-volume non/under-user
HCP01729,Pediatrician,TR14,West,T1,330.0,0.22,0.592,True,Low-opportunity
HCP01730,General Practitioner,TR04,North,T2,105.0,0.016,,False,Low-opportunity
HCP01731,Pediatrician,TR10,North,T2,895.0,0.146,0.907,False,High-volume non/under-user
HCP01732,Pediatrician,TR19,Central,T2,464.0,0.519,0.522,True,High-volume advocate
HCP01733,Obstetrician-Gynecologist,TR28,South,T1,114.0,0.054,0.561,False,Low-opportunity
HCP01734,General Practitioner,TR09,North,T2,89.0,0.024,0.16,False,Low-opportunity
HCP01735,Obstetrician-Gynecologist,TR28,South,T1,132.0,0.555,0.451,True,Low-opportunity
HCP01736,Pediatrician,TR01,North,T1,511.0,0.28,0.308,True,High-volume non/under-user
HCP01737,General Practitioner,TR36,East,T2,131.0,0.069,0.282,False,Low-opportunity
HCP01738,General Practitioner,TR19,Central,T2,160.0,0.034,0.446,False,Low-opportunity
HCP01739,General Practitioner,TR16,West,T1,113.0,0.117,0.612,True,Low-opportunity
HCP01740,General Practitioner,TR24,South,T1,258.0,0.431,0.766,True,High-volume advocate
HCP01741,General Practitioner,TR16,West,T1,96.0,0.125,0.971,False,Low-opportunity
HCP01742,Obstetrician-Gynecologist,TR15,West,T2,84.0,0.087,0.513,True,Low-opportunity
HCP01743,Pediatrician,TR14,West,T1,223.0,0.428,0.349,True,Low-opportunity
HCP01744,Pediatrician,TR36,East,T2,405.0,0.208,0.221,False,Low-opportunity
HCP01745,Pediatrician,TR31,East,T1,282.0,0.125,0.423,False,Low-opportunity
HCP01746,Pediatrician,TR18,West,T3,173.0,0.367,0.763,False,Low-opportunity
HCP01747,General Practitioner,TR29,South,T2,217.0,0.035,0.759,False,High-volume non/under-user
HCP01748,Pediatrician,TR05,North,T2,346.0,0.431,0.649,True,Emerging
HCP01749,Pediatrician,TR19,Central,T2,881.0,0.161,0.695,False,High-volume non/under-user
HCP01750,Obstetrician-Gynecologist,TR16,West,T1,56.0,0.171,0.457,False,Low-opportunity
HCP01751,Obstetrician-Gynecologist,TR13,West,T1,177.0,0.241,0.503,False,High-volume non/under-user
HCP01752,Pediatrician,TR32,East,T3,323.0,0.157,0.484,False,Low-opportunity
HCP01753,Pediatrician,TR29,South,T2,190.0,0.069,0.571,False,Low-opportunity
HCP01754,Pediatrician,TR32,East,T3,372.0,0.667,0.158,True,Low-opportunity
HCP01755,Pediatrician,TR24,South,T1,218.0,0.173,0.127,False,Low-opportunity
HCP01756,Pediatrician,TR14,West,T1,503.0,0.454,0.721,True,High-volume advocate
HCP01757,Pediatrician,TR27,South,T2,190.0,0.609,0.539,True,Low-opportunity
HCP01758,General Practitioner,TR03,North,T2,194.0,0.071,0.345,False,High-volume non/under-user
HCP01759,Pediatrician,TR30,South,T2,227.0,0.64,0.04,True,Low-opportunity
HCP01760,Pediatrician,TR01,North,T1,455.0,0.175,0.777,True,High-volume non/under-user
HCP01761,General Practitioner,TR29,South,T2,283.0,0.062,0.411,False,High-volume non/under-user
HCP01762,Pediatrician,TR26,South,T1,225.0,0.367,0.205,True,Low-opportunity
HCP01763,Pediatrician,TR02,North,T1,547.0,0.545,0.535,False,High-volume advocate
HCP01764,Pediatrician,TR05,North,T2,249.0,0.209,0.499,True,Low-opportunity
HCP01765,Pediatrician,TR16,West,T1,370.0,0.171,0.57,False,Low-opportunity
HCP01766,Pediatrician,TR12,West,T1,352.0,0.189,0.212,True,Low-opportunity
HCP01767,Pediatrician,TR31,East,T1,791.0,0.512,0.279,False,High-volume advocate
HCP01768,Pediatrician,TR08,North,T2,503.0,0.494,0.561,True,High-volume advocate
HCP01769,Obstetrician-Gynecologist,TR15,West,T2,119.0,0.142,0.592,False,Low-opportunity
HCP01770,Obstetrician-Gynecologist,TR11,North,T3,107.0,0.113,0.276,False,Low-opportunity
HCP01771,Pediatrician,TR04,North,T2,192.0,0.485,0.527,False,Low-opportunity
HCP01772,Obstetrician-Gynecologist,TR11,North,T3,129.0,0.207,0.737,True,Emerging
HCP01773,Pediatrician,TR31,East,T1,186.0,0.56,0.605,True,Low-opportunity
HCP01774,Pediatrician,TR26,South,T1,968.0,0.149,0.442,False,High-volume non/under-user
HCP01775,Pediatrician,TR32,East,T3,236.0,0.627,0.725,True,Low-opportunity
HCP01776,Pediatrician,TR15,West,T2,253.0,0.513,0.416,True,Low-opportunity
HCP01777,Pediatrician,TR10,North,T2,137.0,0.384,0.472,True,Low-opportunity
HCP01778,Neonatologist,TR01,North,T1,214.0,0.334,0.656,True,Emerging
HCP01779,Pediatrician,TR18,West,T3,250.0,0.554,0.882,False,Low-opportunity
HCP01780,Pediatrician,TR01,North,T1,282.0,0.366,0.657,True,Low-opportunity
HCP01781,Pediatrician,TR01,North,T1,231.0,0.248,0.645,True,Low-opportunity
HCP01782,Obstetrician-Gynecologist,TR23,South,T1,274.0,0.121,0.663,True,High-volume non/under-user
HCP01783,Pediatrician,TR06,North,T2,759.0,0.333,0.307,True,High-volume non/under-user
HCP01784,Obstetrician-Gynecologist,TR21,Central,T3,224.0,0.074,0.807,False,High-volume non/under-user
HCP01785,Pediatrician,TR22,Central,T3,254.0,0.632,0.651,True,Low-opportunity
HCP01786,General Practitioner,TR26,South,T1,126.0,0.048,0.468,True,Low-opportunity
HCP01787,Pediatrician,TR14,West,T1,358.0,0.508,0.722,True,Emerging
HCP01788,Pediatrician,TR26,South,T1,400.0,0.512,0.503,True,Low-opportunity
HCP01789,Pediatrician,TR14,West,T1,750.0,0.272,0.386,False,High-volume non/under-user
HCP01790,Pediatrician,TR03,North,T2,215.0,0.4,0.527,True,Low-opportunity
HCP01791,Pediatrician,TR13,West,T1,560.0,0.116,0.494,False,High-volume non/under-user
HCP01792,Pediatrician,TR01,North,T1,202.0,0.353,0.487,False,Low-opportunity
HCP01793,General Practitioner,TR16,West,T1,249.0,0.018,0.632,False,High-volume non/under-user
HCP01794,General Practitioner,TR27,South,T2,112.0,0.181,0.634,False,Low-opportunity
HCP01795,Pediatrician,TR28,South,T1,238.0,0.457,0.654,True,Low-opportunity
HCP01796,General Practitioner,TR10,North,T2,81.0,0.081,0.548,False,Low-opportunity
HCP01797,General Practitioner,TR03,North,T2,136.0,0.138,0.267,False,Low-opportunity
HCP01798,Neonatologist,TR07,North,T3,101.0,0.07,0.079,True,Low-opportunity
HCP01799,Pediatrician,TR36,East,T2,328.0,0.475,0.536,False,Low-opportunity
HCP01800,Pediatrician,TR13,West,T1,271.0,0.403,0.477,True,Low-opportunity
HCP01801,Neonatologist,TR16,West,T1,349.0,0.053,0.586,False,High-volume non/under-user
HCP01802,Neonatologist,TR02,North,T1,109.0,0.127,0.524,True,Low-opportunity
HCP01803,Neonatologist,TR28,South,T1,347.0,0.237,0.763,False,High-volume non/under-user
HCP01804,General Practitioner,TR16,West,T1,168.0,0.078,0.495,False,Low-opportunity
HCP01805,General Practitioner,TR02,North,T1,346.0,0.101,0.636,True,High-volume non/under-user
HCP01806,Neonatologist,TR16,West,T1,307.0,0.274,0.539,True,High-volume non/under-user
HCP01807,Pediatrician,TR26,South,T1,412.0,0.241,0.432,True,Low-opportunity
HCP01808,Pediatrician,TR16,West,T1,230.0,0.254,0.757,False,Low-opportunity
HCP01809,Neonatologist,TR35,East,T2,180.0,0.263,0.492,True,Low-opportunity
HCP01810,Obstetrician-Gynecologist,TR31,East,T1,78.0,0.076,0.502,False,Low-opportunity
HCP01811,Pediatrician,TR19,Central,T2,173.0,0.372,0.503,True,Low-opportunity
HCP01812,Pediatrician,TR33,East,T2,274.0,0.185,0.512,False,Low-opportunity
HCP01813,Obstetrician-Gynecologist,TR28,South,T1,59.0,0.068,0.593,False,Low-opportunity
HCP01814,Pediatrician,TR14,West,T1,270.0,0.584,0.57,True,Low-opportunity
HCP01815,General Practitioner,TR28,South,T1,192.0,0.218,0.499,False,High-volume non/under-user
HCP01816,Pediatrician,TR18,West,T3,323.0,0.125,1.0,False,Emerging
HCP01817,Pediatrician,TR20,Central,T2,195.0,0.292,0.669,False,Low-opportunity
HCP01818,General Practitioner,TR19,Central,T2,104.0,0.095,0.618,False,Low-opportunity
HCP01819,Neonatologist,TR28,South,T1,362.0,0.419,0.547,False,High-volume advocate
HCP01820,Pediatrician,TR32,East,T3,330.0,0.441,0.819,True,Emerging
HCP01821,Pediatrician,TR13,West,T1,160.0,0.192,0.661,True,Low-opportunity
HCP01822,Pediatrician,TR24,South,T1,457.0,0.382,0.771,True,High-volume non/under-user
HCP01823,Pediatrician,TR24,South,T1,445.0,0.471,0.679,True,High-volume advocate
HCP01824,Neonatologist,TR31,East,T1,267.0,0.115,0.852,True,High-volume non/under-user
HCP01825,Pediatrician,TR16,West,T1,415.0,0.458,0.797,True,Emerging
HCP01826,Neonatologist,TR08,North,T2,608.0,0.279,0.272,True,High-volume non/under-user
HCP01827,Obstetrician-Gynecologist,TR08,North,T2,85.0,0.241,0.655,True,Low-opportunity
HCP01828,Pediatrician,TR01,North,T1,251.0,0.261,0.511,False,Low-opportunity
HCP01829,Pediatrician,TR03,North,T2,265.0,0.281,0.543,True,Low-opportunity
HCP01830,Neonatologist,TR12,West,T1,564.0,0.347,0.35,True,High-volume non/under-user
HCP01831,Pediatrician,TR03,North,T2,340.0,0.387,0.679,True,Emerging
HCP01832,Obstetrician-Gynecologist,TR31,East,T1,172.0,0.147,0.398,False,High-volume non/under-user
HCP01833,Pediatrician,TR14,West,T1,441.0,0.362,0.853,True,High-volume non/under-user
HCP01834,Pediatrician,TR14,West,T1,433.0,0.184,0.492,False,High-volume non/under-user
HCP01835,Pediatrician,TR27,South,T2,231.0,0.273,0.246,False,Low-opportunity
HCP01836,Pediatrician,TR12,West,T1,350.0,0.782,0.697,True,Emerging
HCP01837,General Practitioner,TR26,South,T1,157.0,0.056,0.766,False,Emerging
HCP01838,General Practitioner,TR29,South,T2,204.0,0.068,0.542,False,High-volume non/under-user
HCP01839,Pediatrician,TR14,West,T1,675.0,0.274,0.49,False,High-volume non/under-user
HCP01840,Pediatrician,TR16,West,T1,306.0,0.095,0.722,False,Emerging
HCP01841,Pediatrician,TR13,West,T1,838.0,0.501,0.582,True,High-volume advocate
HCP01842,Neonatologist,TR16,West,T1,112.0,0.252,0.437,True,Low-opportunity
HCP01843,Obstetrician-Gynecologist,TR22,Central,T3,85.0,0.149,0.801,True,Low-opportunity
HCP01844,General Practitioner,TR14,West,T1,127.0,0.213,0.464,True,Low-opportunity
HCP01845,Neonatologist,TR16,West,T1,157.0,0.231,0.543,True,Low-opportunity
HCP01846,Pediatrician,TR18,West,T3,571.0,0.281,0.658,True,High-volume non/under-user
HCP01847,Pediatrician,TR01,North,T1,533.0,0.586,0.552,True,High-volume advocate
HCP01848,Pediatrician,TR06,North,T2,358.0,0.161,0.777,True,Emerging
HCP01849,Obstetrician-Gynecologist,TR20,Central,T2,63.0,0.403,0.741,True,Low-opportunity
HCP01850,Pediatrician,TR01,North,T1,460.0,0.544,0.529,True,High-volume advocate
HCP01851,Obstetrician-Gynecologist,TR26,South,T1,245.0,0.066,0.563,False,High-volume non/under-user
HCP01852,Pediatrician,TR32,East,T3,380.0,0.513,0.641,False,Emerging
HCP01853,Pediatrician,TR27,South,T2,192.0,0.3,0.564,False,Low-opportunity
HCP01854,Pediatrician,TR13,West,T1,233.0,0.174,0.262,False,Low-opportunity
HCP01855,General Practitioner,TR16,West,T1,180.0,0.347,0.579,False,Low-opportunity
HCP01856,Pediatrician,TR24,South,T1,500.0,0.41,0.416,True,High-volume advocate
HCP01857,Obstetrician-Gynecologist,TR25,South,T3,148.0,0.137,0.618,False,Emerging
HCP01858,General Practitioner,TR35,East,T2,186.0,0.287,0.568,True,Low-opportunity
HCP01859,Pediatrician,TR17,West,T2,273.0,0.239,0.72,False,Low-opportunity
HCP01860,General Practitioner,TR10,North,T2,265.0,0.03,0.59,False,High-volume non/under-user
HCP01861,Pediatrician,TR14,West,T1,326.0,0.199,0.391,False,Low-opportunity
HCP01862,Obstetrician-Gynecologist,TR33,East,T2,157.0,0.069,0.406,True,High-volume non/under-user
HCP01863,Pediatrician,TR24,South,T1,198.0,0.253,0.611,False,Low-opportunity
HCP01864,General Practitioner,TR31,East,T1,145.0,0.067,0.648,False,Emerging
HCP01865,Pediatrician,TR26,South,T1,265.0,0.076,0.367,False,Low-opportunity
HCP01866,Pediatrician,TR35,East,T2,330.0,0.123,0.472,False,Low-opportunity
HCP01867,General Practitioner,TR18,West,T3,122.0,0.057,0.66,False,Low-opportunity
HCP01868,Pediatrician,TR34,East,T3,927.0,0.096,0.317,False,High-volume non/under-user
HCP01869,General Practitioner,TR31,East,T1,146.0,0.29,0.487,True,Low-opportunity
HCP01870,Pediatrician,TR30,South,T2,424.0,0.615,0.455,True,High-volume advocate
HCP01871,Pediatrician,TR33,East,T2,569.0,0.529,0.556,True,High-volume advocate
HCP01872,Pediatrician,TR19,Central,T2,136.0,0.357,0.272,False,Low-opportunity
HCP01873,General Practitioner,TR27,South,T2,151.0,0.392,0.459,True,Low-opportunity
HCP01874,Pediatrician,TR21,Central,T3,233.0,0.21,0.564,False,Low-opportunity
HCP01875,Pediatrician,TR28,South,T1,500.0,0.526,0.703,True,High-volume advocate
HCP01876,Pediatrician,TR27,South,T2,691.0,0.601,0.648,True,High-volume advocate
HCP01877,Pediatrician,TR27,South,T2,495.0,0.444,0.475,True,High-volume advocate
HCP01878,General Practitioner,TR16,West,T1,140.0,0.16,0.357,True,Low-opportunity
HCP01879,Obstetrician-Gynecologist,TR28,South,T1,157.0,0.043,0.362,False,High-volume non/under-user
HCP01880,General Practitioner,TR31,East,T1,78.0,0.554,0.511,True,Low-opportunity
HCP01881,Pediatrician,TR24,South,T1,297.0,0.101,0.31,False,Low-opportunity
HCP01882,Pediatrician,TR16,West,T1,287.0,0.388,0.848,True,Low-opportunity
HCP01883,General Practitioner,TR30,South,T2,103.0,0.157,0.484,False,Low-opportunity
HCP01884,General Practitioner,TR28,South,T1,106.0,0.063,0.617,False,Low-opportunity
HCP01885,Pediatrician,TR16,West,T1,275.0,0.213,0.58,False,Low-opportunity
HCP01886,General Practitioner,TR22,Central,T3,76.0,0.113,0.465,False,Low-opportunity
HCP01887,Pediatrician,TR25,South,T3,484.0,0.208,0.735,False,High-volume non/under-user
HCP01888,Pediatrician,TR25,South,T3,214.0,0.402,0.648,True,Low-opportunity
HCP01889,Pediatrician,TR13,West,T1,142.0,0.258,0.472,False,Low-opportunity
HCP01890,Pediatrician,TR12,West,T1,352.0,0.213,0.631,False,Emerging
HCP01891,Pediatrician,TR31,East,T1,314.0,0.482,0.373,True,Low-opportunity
HCP01892,Pediatrician,TR33,East,T2,501.0,0.295,0.658,True,High-volume non/under-user
HCP01893,Pediatrician,TR15,West,T2,236.0,0.249,0.686,False,Low-opportunity
HCP01894,Pediatrician,TR32,East,T3,300.0,0.48,0.749,True,Emerging
HCP01895,Pediatrician,TR16,West,T1,183.0,0.391,0.532,False,Low-opportunity
HCP01896,Pediatrician,TR06,North,T2,389.0,0.287,0.502,False,Low-opportunity
HCP01897,Obstetrician-Gynecologist,TR26,South,T1,133.0,0.037,0.4,False,Low-opportunity
HCP01898,General Practitioner,TR01,North,T1,165.0,0.054,0.726,True,Emerging
HCP01899,Pediatrician,TR03,North,T2,135.0,0.709,0.411,True,Low-opportunity
HCP01900,Pediatrician,TR33,East,T2,389.0,0.048,0.449,False,Low-opportunity
HCP01901,Pediatrician,TR19,Central,T2,428.0,0.491,0.326,True,High-volume advocate
HCP01902,Pediatrician,TR11,North,T3,192.0,0.537,0.243,True,Low-opportunity
HCP01903,Pediatrician,TR16,West,T1,242.0,0.286,0.267,False,Low-opportunity
HCP01904,Pediatrician,TR22,Central,T3,238.0,0.452,0.445,False,Low-opportunity
HCP01905,Pediatrician,TR24,South,T1,253.0,0.278,0.381,False,Low-opportunity
HCP01906,General Practitioner,TR14,West,T1,139.0,0.306,0.481,False,Low-opportunity
HCP01907,Pediatrician,TR14,West,T1,213.0,0.397,0.564,True,Low-opportunity
HCP01908,Pediatrician,TR20,Central,T2,321.0,0.269,0.349,True,Low-opportunity
HCP01909,Pediatrician,TR24,South,T1,420.0,0.352,0.245,True,Low-opportunity
HCP01910,Obstetrician-Gynecologist,TR33,East,T2,131.0,0.16,0.619,False,Emerging
HCP01911,General Practitioner,TR14,West,T1,459.0,0.249,0.633,False,High-volume non/under-user
HCP01912,General Practitioner,TR31,East,T1,392.0,0.271,0.368,True,High-volume non/under-user
HCP01913,Obstetrician-Gynecologist,TR36,East,T2,207.0,0.024,0.573,False,High-volume non/under-user
HCP01914,Pediatrician,TR13,West,T1,361.0,0.662,0.579,False,Low-opportunity
HCP01915,Pediatrician,TR01,North,T1,134.0,0.098,0.32,False,Low-opportunity
HCP01916,General Practitioner,TR23,South,T1,139.0,0.042,0.263,False,Low-opportunity
HCP01917,Pediatrician,TR31,East,T1,923.0,0.491,0.763,False,High-volume advocate
HCP01918,General Practitioner,TR01,North,T1,233.0,0.204,0.424,True,High-volume non/under-user
HCP01919,Pediatrician,TR08,North,T2,301.0,0.411,0.386,False,Low-opportunity
HCP01920,Pediatrician,TR25,South,T3,526.0,0.317,0.502,True,High-volume non/under-user
HCP01921,Pediatrician,TR28,South,T1,995.0,0.567,0.457,True,High-volume advocate
HCP01922,Pediatrician,TR02,North,T1,380.0,0.271,0.668,True,Emerging
HCP01923,General Practitioner,TR14,West,T1,122.0,0.301,0.399,True,Low-opportunity
HCP01924,Pediatrician,TR10,North,T2,219.0,0.094,0.782,False,Low-opportunity
HCP01925,Pediatrician,TR35,East,T2,185.0,0.112,0.677,True,Low-opportunity
HCP01926,Pediatrician,TR25,South,T3,208.0,0.33,0.608,True,Low-opportunity
HCP01927,Obstetrician-Gynecologist,TR16,West,T1,163.0,0.214,0.675,False,High-volume non/under-user
HCP01928,General Practitioner,TR31,East,T1,140.0,0.116,0.708,False,Emerging
HCP01929,General Practitioner,TR20,Central,T2,115.0,0.115,0.698,True,Low-opportunity
HCP01930,Pediatrician,TR32,East,T3,239.0,0.24,0.448,True,Low-opportunity
HCP01931,Pediatrician,TR10,North,T2,252.0,0.384,0.51,True,Low-opportunity
HCP01932,Pediatrician,TR01,North,T1,1006.0,0.246,0.488,False,High-volume non/under-user
HCP01933,Pediatrician,TR16,West,T1,234.0,0.373,0.688,False,Low-opportunity
HCP01934,Pediatrician,TR08,North,T2,273.0,0.219,0.585,True,Low-opportunity
HCP01935,Obstetrician-Gynecologist,TR29,South,T2,105.0,0.092,0.713,False,Low-opportunity
HCP01936,Pediatrician,TR19,Central,T2,373.0,0.542,0.731,True,Emerging
HCP01937,Pediatrician,TR12,West,T1,242.0,0.431,0.405,True,Low-opportunity
HCP01938,Pediatrician,TR28,South,T1,331.0,0.508,0.794,True,Emerging
HCP01939,Pediatrician,TR19,Central,T2,282.0,0.388,0.423,True,Low-opportunity
HCP01940,Pediatrician,TR18,West,T3,691.0,0.096,0.493,False,High-volume non/under-user
HCP01941,General Practitioner,TR07,North,T3,125.0,0.35,0.624,False,Low-opportunity
HCP01942,Obstetrician-Gynecologist,TR36,East,T2,168.0,0.054,0.591,False,High-volume non/under-user
HCP01943,General Practitioner,TR24,South,T1,69.0,0.314,0.865,True,Low-opportunity
HCP01944,Obstetrician-Gynecologist,TR30,South,T2,105.0,0.102,0.793,True,Low-opportunity
HCP01945,Pediatrician,TR27,South,T2,436.0,0.483,0.703,True,High-volume advocate
HCP01946,General Practitioner,TR18,West,T3,80.0,0.456,0.869,True,Low-opportunity
HCP01947,Obstetrician-Gynecologist,TR01,North,T1,45.0,0.414,0.785,True,Low-opportunity
HCP01948,Pediatrician,TR24,South,T1,244.0,0.292,0.46,True,Low-opportunity
HCP01949,General Practitioner,TR03,North,T2,149.0,0.149,0.618,False,Emerging
HCP01950,Neonatologist,TR34,East,T3,210.0,0.065,0.0,False,Low-opportunity
HCP01951,General Practitioner,TR10,North,T2,127.0,0.044,0.609,False,Low-opportunity
HCP01952,Pediatrician,TR14,West,T1,446.0,0.698,0.95,True,High-volume advocate
HCP01953,Pediatrician,TR21,Central,T3,359.0,0.387,0.629,True,Emerging
HCP01954,General Practitioner,TR18,West,T3,138.0,0.103,0.814,False,Emerging
HCP01955,Obstetrician-Gynecologist,TR24,South,T1,126.0,0.135,0.538,False,Low-opportunity
HCP01956,Pediatrician,TR28,South,T1,164.0,0.245,0.647,True,Low-opportunity
HCP01957,Pediatrician,TR27,South,T2,283.0,0.421,0.441,True,Low-opportunity
HCP01958,Pediatrician,TR32,East,T3,214.0,0.12,0.479,False,Low-opportunity
HCP01959,Pediatrician,TR16,West,T1,416.0,0.447,0.734,True,Emerging
HCP01960,General Practitioner,TR19,Central,T2,57.0,0.118,0.891,True,Low-opportunity
HCP01961,Pediatrician,TR31,East,T1,220.0,0.296,0.465,False,Low-opportunity
HCP01962,Pediatrician,TR12,West,T1,373.0,0.14,0.565,False,Low-opportunity
HCP01963,General Practitioner,TR10,North,T2,100.0,0.241,0.658,True,Low-opportunity
HCP01964,Pediatrician,TR01,North,T1,156.0,0.189,0.45,False,Low-opportunity
HCP01965,General Practitioner,TR26,South,T1,187.0,0.06,0.547,False,High-volume non/under-user
HCP01966,Pediatrician,TR25,South,T3,510.0,0.106,0.222,False,High-volume non/under-user
HCP01967,Pediatrician,TR12,West,T1,323.0,0.086,0.533,False,Low-opportunity
HCP01968,Obstetrician-Gynecologist,TR04,North,T2,66.0,0.22,0.66,True,Low-opportunity
HCP01969,Pediatrician,TR01,North,T1,948.0,0.328,0.417,False,High-volume non/under-user
HCP01970,Pediatrician,TR17,West,T2,233.0,0.291,0.402,False,Low-opportunity
HCP01971,Pediatrician,TR08,North,T2,437.0,0.443,0.258,False,High-volume advocate
HCP01972,General Practitioner,TR28,South,T1,128.0,0.074,0.403,False,Low-opportunity
HCP01973,Pediatrician,TR34,East,T3,592.0,0.22,0.511,True,High-volume non/under-user
HCP01974,Pediatrician,TR28,South,T1,556.0,0.254,0.636,True,High-volume non/under-user
HCP01975,Pediatrician,TR30,South,T2,242.0,0.596,0.563,True,Low-opportunity
HCP01976,Obstetrician-Gynecologist,TR36,East,T2,149.0,0.079,0.81,False,Emerging
HCP01977,General Practitioner,TR27,South,T2,243.0,0.198,0.594,False,High-volume non/under-user
HCP01978,Obstetrician-Gynecologist,TR22,Central,T3,113.0,0.351,0.621,False,Emerging
HCP01979,General Practitioner,TR28,South,T1,477.0,0.116,0.622,False,High-volume non/under-user
HCP01980,Obstetrician-Gynecologist,TR22,Central,T3,164.0,0.052,0.34,False,High-volume non/under-user
HCP01981,Pediatrician,TR16,West,T1,350.0,0.253,0.616,False,Emerging
HCP01982,Pediatrician,TR01,North,T1,170.0,0.183,0.804,True,Low-opportunity
HCP01983,Obstetrician-Gynecologist,TR24,South,T1,303.0,0.057,0.73,False,High-volume non/under-user
HCP01984,Obstetrician-Gynecologist,TR31,East,T1,99.0,0.634,0.964,True,Low-opportunity
HCP01985,Obstetrician-Gynecologist,TR26,South,T1,178.0,0.25,0.716,False,High-volume non/under-user
HCP01986,Neonatologist,TR15,West,T2,195.0,0.374,0.426,True,Low-opportunity
HCP01987,General Practitioner,TR23,South,T1,169.0,0.072,0.568,False,Low-opportunity
HCP01988,Pediatrician,TR28,South,T1,544.0,0.534,0.443,True,High-volume advocate
HCP01989,General Practitioner,TR27,South,T2,257.0,0.061,0.472,False,High-volume non/under-user
HCP01990,Pediatrician,TR17,West,T2,290.0,0.496,0.125,True,Low-opportunity
HCP01991,General Practitioner,TR14,West,T1,266.0,0.141,0.778,False,High-volume non/under-user
HCP01992,Obstetrician-Gynecologist,TR15,West,T2,261.0,0.162,0.865,False,High-volume non/under-user
HCP01993,General Practitioner,TR32,East,T3,149.0,0.074,0.927,False,Emerging
HCP01994,Pediatrician,TR06,North,T2,283.0,0.348,0.552,False,Low-opportunity
HCP01995,General Practitioner,TR31,East,T1,92.0,0.239,0.579,True,Low-opportunity
HCP01996,Obstetrician-Gynecologist,TR08,North,T2,76.0,0.083,0.67,False,Low-opportunity
HCP01997,Pediatrician,TR36,East,T2,401.0,0.082,0.479,False,Low-opportunity
HCP01998,Pediatrician,TR16,West,T1,556.0,0.222,0.64,False,High-volume non/under-user
HCP01999,General Practitioner,TR26,South,T1,81.0,0.148,0.566,False,Low-opportunity
HCP02000,Obstetrician-Gynecologist,TR26,South,T1,115.0,0.039,0.435,False,Low-opportunity
HCP02001,General Practitioner,TR28,South,T1,89.0,0.046,0.353,False,Low-opportunity
HCP02002,General Practitioner,TR28,South,T1,175.0,0.469,0.444,False,Low-opportunity
HCP02003,Pediatrician,TR01,North,T1,175.0,0.325,0.583,True,Low-opportunity
HCP02004,Pediatrician,TR12,West,T1,791.0,0.825,0.595,True,High-volume advocate
HCP02005,Obstetrician-Gynecologist,TR09,North,T2,66.0,0.056,0.599,False,Low-opportunity
HCP02006,Pediatrician,TR26,South,T1,429.0,0.233,0.604,False,High-volume non/under-user
HCP02007,Pediatrician,TR25,South,T3,322.0,0.186,0.837,False,Emerging
HCP02008,Pediatrician,TR12,West,T1,555.0,0.464,0.139,True,High-volume advocate
HCP02009,Pediatrician,TR28,South,T1,746.0,0.416,,True,High-volume advocate
HCP02010,Pediatrician,TR13,West,T1,263.0,0.109,0.438,False,Low-opportunity
HCP02011,General Practitioner,TR13,West,T1,106.0,0.215,0.627,True,Low-opportunity
HCP02012,Pediatrician,TR15,West,T2,791.0,0.363,0.622,True,High-volume non/under-user
HCP02013,General Practitioner,TR27,South,T2,147.0,0.251,0.42,True,Low-opportunity
HCP02014,Pediatrician,TR01,North,T1,329.0,0.202,0.725,False,Emerging
HCP02015,Obstetrician-Gynecologist,TR32,East,T3,109.0,0.09,0.466,False,Low-opportunity
HCP02016,Pediatrician,TR26,South,T1,227.0,0.379,0.599,True,Low-opportunity
HCP02017,Pediatrician,TR23,South,T1,606.0,0.543,0.455,True,High-volume advocate
HCP02018,Pediatrician,TR10,North,T2,543.0,0.143,0.346,False,High-volume non/under-user
HCP02019,Neonatologist,TR28,South,T1,434.0,0.135,0.447,False,High-volume non/under-user
HCP02020,General Practitioner,TR31,East,T1,140.0,0.189,0.789,True,Emerging
HCP02021,General Practitioner,TR18,West,T3,234.0,0.183,0.321,True,High-volume non/under-user
HCP02022,Pediatrician,TR12,West,T1,374.0,0.695,0.77,True,Emerging
HCP02023,Pediatrician,TR14,West,T1,332.0,0.267,0.131,False,Low-opportunity
HCP02024,Neonatologist,TR15,West,T2,157.0,0.129,0.532,False,Low-opportunity
HCP02025,Pediatrician,TR12,West,T1,295.0,0.297,0.602,False,Emerging
HCP02026,General Practitioner,TR26,South,T1,235.0,0.066,0.478,False,High-volume non/under-user
HCP02027,Obstetrician-Gynecologist,TR13,West,T1,42.0,0.082,0.413,False,Low-opportunity
HCP02028,General Practitioner,TR29,South,T2,156.0,0.039,0.481,False,Low-opportunity
HCP02029,Pediatrician,TR16,West,T1,421.0,0.373,0.54,False,Low-opportunity
HCP02030,Pediatrician,TR24,South,T1,1057.0,0.573,0.631,True,High-volume advocate
HCP02031,Pediatrician,TR34,East,T3,778.0,0.231,0.682,True,High-volume non/under-user
HCP02032,Neonatologist,TR16,West,T1,116.0,0.53,0.607,True,Low-opportunity
HCP02033,Obstetrician-Gynecologist,TR06,North,T2,174.0,0.029,0.299,False,High-volume non/under-user
HCP02034,Pediatrician,TR20,Central,T2,452.0,0.042,0.586,False,High-volume non/under-user
HCP02035,Obstetrician-Gynecologist,TR18,West,T3,138.0,0.252,0.675,True,Emerging
HCP02036,Pediatrician,TR28,South,T1,671.0,0.669,0.78,False,High-volume advocate
HCP02037,Pediatrician,TR31,East,T1,134.0,0.506,0.673,True,Low-opportunity
HCP02038,Pediatrician,TR26,South,T1,320.0,0.21,0.462,True,Low-opportunity
HCP02039,Obstetrician-Gynecologist,TR35,East,T2,129.0,0.077,0.458,True,Low-opportunity
HCP02040,Pediatrician,TR12,West,T1,276.0,0.419,0.515,True,Low-opportunity
HCP02041,Pediatrician,TR10,North,T2,288.0,0.178,0.773,True,Low-opportunity
HCP02042,Pediatrician,TR12,West,T1,168.0,0.278,0.439,True,Low-opportunity
HCP02043,Pediatrician,TR24,South,T1,640.0,0.236,0.657,True,High-volume non/under-user
HCP02044,Pediatrician,TR10,North,T2,263.0,0.197,0.176,True,Low-opportunity
HCP02045,Pediatrician,TR02,North,T1,207.0,0.111,0.604,False,Low-opportunity
HCP02046,Obstetrician-Gynecologist,TR36,East,T2,132.0,0.203,0.504,True,Low-opportunity
HCP02047,Neonatologist,TR13,West,T1,361.0,0.057,0.546,False,High-volume non/under-user
HCP02048,Pediatrician,TR09,North,T2,216.0,0.144,0.498,False,Low-opportunity
HCP02049,Neonatologist,TR14,West,T1,215.0,0.073,0.348,False,Low-opportunity
HCP02050,Obstetrician-Gynecologist,TR05,North,T2,86.0,0.156,0.394,False,Low-opportunity
HCP02051,Obstetrician-Gynecologist,TR01,North,T1,109.0,0.162,0.636,False,Low-opportunity
HCP02052,Pediatrician,TR12,West,T1,327.0,0.101,0.276,False,Low-opportunity
HCP02053,Obstetrician-Gynecologist,TR13,West,T1,121.0,0.097,0.217,False,Low-opportunity
HCP02054,General Practitioner,TR28,South,T1,228.0,0.51,,True,High-volume advocate
HCP02055,Pediatrician,TR16,West,T1,623.0,0.196,0.604,False,High-volume non/under-user
HCP02056,General Practitioner,TR26,South,T1,192.0,0.145,0.745,False,High-volume non/under-user
HCP02057,Pediatrician,TR26,South,T1,285.0,0.407,,True,Low-opportunity
HCP02058,General Practitioner,TR28,South,T1,129.0,0.142,0.561,False,Low-opportunity
HCP02059,General Practitioner,TR32,East,T3,142.0,0.11,0.688,False,Emerging
HCP02060,Pediatrician,TR18,West,T3,338.0,0.149,0.648,False,Emerging
HCP02061,Pediatrician,TR03,North,T2,133.0,0.042,0.331,False,Low-opportunity
HCP02062,Obstetrician-Gynecologist,TR01,North,T1,193.0,0.118,0.739,True,High-volume non/under-user
HCP02063,Pediatrician,TR07,North,T3,261.0,0.167,0.705,False,Low-opportunity
HCP02064,Obstetrician-Gynecologist,TR29,South,T2,78.0,0.061,0.528,True,Low-opportunity
HCP02065,General Practitioner,TR22,Central,T3,92.0,0.122,0.736,True,Low-opportunity
HCP02066,Pediatrician,TR04,North,T2,347.0,0.251,0.603,False,Emerging
HCP02067,Pediatrician,TR04,North,T2,95.0,0.169,0.498,False,Low-opportunity
HCP02068,Neonatologist,TR31,East,T1,425.0,0.401,0.444,True,High-volume advocate
HCP02069,Neonatologist,TR19,Central,T2,182.0,0.192,0.766,False,Emerging
HCP02070,Pediatrician,TR06,North,T2,131.0,0.318,0.699,True,Low-opportunity
HCP02071,Pediatrician,TR31,East,T1,363.0,0.175,0.828,False,Emerging
HCP02072,Pediatrician,TR26,South,T1,560.0,0.179,0.699,True,High-volume non/under-user
HCP02073,General Practitioner,TR16,West,T1,103.0,0.069,0.619,False,Low-opportunity
HCP02074,Pediatrician,TR16,West,T1,336.0,0.205,0.367,False,Low-opportunity
HCP02075,Pediatrician,TR24,South,T1,751.0,0.148,0.704,False,High-volume non/under-user
HCP02076,Pediatrician,TR13,West,T1,471.0,0.605,0.759,True,High-volume advocate
HCP02077,Neonatologist,TR36,East,T2,341.0,0.282,0.559,True,High-volume non/under-user
HCP02078,Pediatrician,TR28,South,T1,116.0,0.429,0.497,True,Low-opportunity
HCP02079,General Practitioner,TR24,South,T1,148.0,0.238,0.664,False,Emerging
HCP02080,Pediatrician,TR25,South,T3,631.0,0.247,0.677,True,High-volume non/under-user
HCP02081,General Practitioner,TR36,East,T2,269.0,0.08,0.577,False,High-volume non/under-user
HCP02082,General Practitioner,TR01,North,T1,106.0,0.198,0.581,False,Low-opportunity
HCP02083,Obstetrician-Gynecologist,TR01,North,T1,408.0,0.121,0.598,False,High-volume non/under-user
HCP02084,General Practitioner,TR28,South,T1,153.0,0.237,0.865,True,Emerging
HCP02085,Pediatrician,TR09,North,T2,270.0,0.404,0.506,True,Low-opportunity
HCP02086,Pediatrician,TR25,South,T3,246.0,0.302,0.623,True,Low-opportunity
HCP02087,Pediatrician,TR18,West,T3,501.0,0.32,0.563,True,High-volume non/under-user
HCP02088,Pediatrician,TR13,West,T1,294.0,0.176,0.831,False,Low-opportunity
HCP02089,Neonatologist,TR10,North,T2,358.0,0.232,0.404,False,High-volume non/under-user
HCP02090,Pediatrician,TR28,South,T1,473.0,0.262,0.681,True,High-volume non/under-user
HCP02091,Obstetrician-Gynecologist,TR06,North,T2,146.0,0.353,0.873,True,Emerging
HCP02092,Pediatrician,TR05,North,T2,157.0,0.414,,False,Low-opportunity
HCP02093,Obstetrician-Gynecologist,TR16,West,T1,73.0,0.161,0.281,False,Low-opportunity
HCP02094,Obstetrician-Gynecologist,TR04,North,T2,102.0,0.175,0.846,True,Low-opportunity
HCP02095,General Practitioner,TR24,South,T1,130.0,0.116,0.775,False,Low-opportunity
HCP02096,Pediatrician,TR36,East,T2,298.0,0.233,0.492,False,Low-opportunity
HCP02097,Obstetrician-Gynecologist,TR27,South,T2,79.0,0.054,0.445,False,Low-opportunity
HCP02098,Obstetrician-Gynecologist,TR23,South,T1,114.0,0.042,0.536,False,Low-opportunity
HCP02099,Pediatrician,TR14,West,T1,606.0,0.382,0.211,True,High-volume non/under-user
HCP02100,Neonatologist,TR36,East,T2,182.0,0.328,0.533,True,Low-opportunity
HCP02101,Obstetrician-Gynecologist,TR31,East,T1,47.0,0.18,0.818,False,Low-opportunity
HCP02102,Pediatrician,TR29,South,T2,618.0,0.158,0.735,False,High-volume non/under-user
HCP02103,Pediatrician,TR09,North,T2,222.0,0.218,,False,Low-opportunity
HCP02104,Pediatrician,TR04,North,T2,302.0,0.239,0.497,False,Low-opportunity
HCP02105,Pediatrician,TR06,North,T2,501.0,0.391,0.593,False,High-volume non/under-user
HCP02106,Obstetrician-Gynecologist,TR11,North,T3,51.0,0.137,0.782,False,Low-opportunity
HCP02107,Obstetrician-Gynecologist,TR02,North,T1,203.0,0.136,0.601,False,High-volume non/under-user
HCP02108,Pediatrician,TR31,East,T1,358.0,0.327,0.322,False,Low-opportunity
HCP02109,General Practitioner,TR07,North,T3,72.0,0.02,0.504,False,Low-opportunity
HCP02110,Pediatrician,TR09,North,T2,448.0,0.113,0.473,False,High-volume non/under-user
HCP02111,Pediatrician,TR31,East,T1,277.0,0.417,0.527,True,Low-opportunity
HCP02112,General Practitioner,TR34,East,T3,86.0,0.033,0.519,False,Low-opportunity
HCP02113,General Practitioner,TR09,North,T2,234.0,0.333,0.596,True,High-volume non/under-user
HCP02114,Pediatrician,TR12,West,T1,444.0,0.609,0.602,True,High-volume advocate
HCP02115,Pediatrician,TR28,South,T1,244.0,0.568,0.588,True,Low-opportunity
HCP02116,Obstetrician-Gynecologist,TR35,East,T2,120.0,0.038,0.69,False,Emerging
HCP02117,Pediatrician,TR24,South,T1,524.0,0.393,0.424,False,High-volume non/under-user
HCP02118,Pediatrician,TR16,West,T1,647.0,0.106,0.617,True,High-volume non/under-user
HCP02119,Neonatologist,TR24,South,T1,208.5,0.154,0.629,False,Emerging
HCP02120,Obstetrician-Gynecologist,TR28,South,T1,160.0,0.038,,False,High-volume non/under-user
HCP02121,General Practitioner,TR03,North,T2,173.0,0.255,0.22,True,Low-opportunity
HCP02122,Pediatrician,TR16,West,T1,447.0,0.227,0.405,True,High-volume non/under-user
HCP02123,General Practitioner,TR30,South,T2,110.0,0.028,0.358,False,Low-opportunity
HCP02124,General Practitioner,TR26,South,T1,232.0,0.062,0.797,False,High-volume non/under-user
HCP02125,Pediatrician,TR05,North,T2,500.0,0.26,0.819,False,High-volume non/under-user
HCP02126,Pediatrician,TR27,South,T2,365.0,0.23,0.519,False,Low-opportunity
HCP02127,Pediatrician,TR24,South,T1,243.0,0.275,0.371,True,Low-opportunity
HCP02128,Pediatrician,TR11,North,T3,534.0,0.387,0.675,True,High-volume non/under-user
HCP02129,Neonatologist,TR13,West,T1,311.0,0.306,0.777,False,High-volume non/under-user
HCP02130,General Practitioner,TR13,West,T1,350.0,0.329,0.959,True,High-volume non/under-user
HCP02131,Pediatrician,TR36,East,T2,1556.0,0.358,0.564,True,High-volume non/under-user
HCP02132,Pediatrician,TR07,North,T3,193.0,0.11,0.314,False,Low-opportunity
HCP02133,Pediatrician,TR29,South,T2,356.0,0.127,0.42,True,Low-opportunity
HCP02134,Pediatrician,TR19,Central,T2,218.0,0.086,0.765,False,Low-opportunity
HCP02135,Pediatrician,TR31,East,T1,272.0,0.508,0.546,True,Low-opportunity
HCP02136,Neonatologist,TR36,East,T2,106.0,0.111,0.603,False,Low-opportunity
HCP02137,Obstetrician-Gynecologist,TR34,East,T3,100.0,0.131,0.476,False,Low-opportunity
HCP02138,Neonatologist,TR30,South,T2,187.0,0.187,0.622,False,Emerging
HCP02139,Pediatrician,TR15,West,T2,323.0,0.147,0.653,False,Emerging
HCP02140,Obstetrician-Gynecologist,TR12,West,T1,134.0,0.258,0.745,False,Emerging
HCP02141,General Practitioner,TR13,West,T1,191.0,0.124,0.642,False,High-volume non/under-user
HCP02142,Pediatrician,TR24,South,T1,471.0,0.145,0.646,False,High-volume non/under-user
HCP02143,Pediatrician,TR13,West,T1,286.0,0.306,0.637,False,Low-opportunity
HCP02144,Pediatrician,TR16,West,T1,385.0,0.302,0.875,False,Emerging
HCP02145,Pediatrician,TR02,North,T1,279.0,0.339,0.655,False,Low-opportunity
HCP02146,Obstetrician-Gynecologist,TR28,South,T1,59.0,0.454,0.252,True,Low-opportunity
HCP02147,General Practitioner,TR03,North,T2,34.0,0.033,0.555,False,Low-opportunity
HCP02148,Neonatologist,TR13,West,T1,205.0,0.214,0.676,True,Emerging
HCP02149,General Practitioner,TR23,South,T1,272.0,0.198,0.787,True,High-volume non/under-user
HCP02150,Pediatrician,TR19,Central,T2,251.0,0.258,0.582,False,Low-opportunity
HCP02151,Pediatrician,TR31,East,T1,509.0,0.597,0.629,True,High-volume advocate
HCP02152,Pediatrician,TR24,South,T1,247.0,0.136,0.603,False,Low-opportunity
HCP02153,Obstetrician-Gynecologist,TR28,South,T1,150.0,0.096,0.687,True,Emerging
HCP02154,Pediatrician,TR12,West,T1,240.0,0.246,0.377,True,Low-opportunity
HCP02155,Pediatrician,TR04,North,T2,252.0,0.139,0.142,False,Low-opportunity
HCP02156,Pediatrician,TR27,South,T2,576.0,0.41,0.49,False,High-volume advocate
HCP02157,Obstetrician-Gynecologist,TR05,North,T2,88.0,0.136,0.361,True,Low-opportunity
HCP02158,Pediatrician,TR29,South,T2,416.0,0.349,0.642,True,Emerging
HCP02159,Pediatrician,TR34,East,T3,385.0,0.209,0.378,True,Low-opportunity
HCP02160,General Practitioner,TR12,West,T1,175.0,0.027,0.489,False,Low-opportunity
HCP02161,Pediatrician,TR27,South,T2,290.0,0.559,0.566,True,Low-opportunity
HCP02162,General Practitioner,TR16,West,T1,284.0,0.078,0.545,False,High-volume non/under-user
HCP02163,General Practitioner,TR12,West,T1,152.0,0.102,0.351,False,Low-opportunity
HCP02164,Pediatrician,TR16,West,T1,458.0,0.225,0.672,True,High-volume non/under-user
HCP02165,Pediatrician,TR24,South,T1,512.0,0.527,0.696,True,High-volume advocate
HCP02166,Pediatrician,TR36,East,T2,248.0,0.263,0.465,False,Low-opportunity
HCP02167,Pediatrician,TR12,West,T1,163.0,0.091,0.751,False,Low-opportunity
HCP02168,General Practitioner,TR26,South,T1,292.0,0.033,0.217,False,High-volume non/under-user
HCP02169,Pediatrician,TR13,West,T1,201.0,0.584,0.463,True,Low-opportunity
HCP02170,Pediatrician,TR11,North,T3,256.0,0.155,0.412,True,Low-opportunity
HCP02171,General Practitioner,TR24,South,T1,150.0,0.183,0.268,False,Low-opportunity
HCP02172,General Practitioner,TR27,South,T2,110.0,0.095,0.485,False,Low-opportunity
HCP02173,Obstetrician-Gynecologist,TR26,South,T1,98.0,0.077,0.309,False,Low-opportunity
HCP02174,Obstetrician-Gynecologist,TR34,East,T3,170.0,0.2,0.508,False,High-volume non/under-user
HCP02175,Pediatrician,TR03,North,T2,345.0,0.39,0.457,True,Low-opportunity
HCP02176,Pediatrician,TR20,Central,T2,704.0,0.44,0.431,True,High-volume advocate
HCP02177,General Practitioner,TR12,West,T1,186.0,0.21,0.218,False,Low-opportunity
HCP02178,General Practitioner,TR28,South,T1,92.0,0.263,0.66,False,Low-opportunity
HCP02179,Pediatrician,TR02,North,T1,275.0,0.616,0.867,True,Low-opportunity
HCP02180,Neonatologist,TR06,North,T2,57.0,0.416,0.582,True,Low-opportunity
HCP02181,General Practitioner,TR28,South,T1,318.0,0.256,0.454,False,High-volume non/under-user
HCP02182,Pediatrician,TR14,West,T1,1041.0,0.283,0.469,False,High-volume non/under-user
HCP02183,General Practitioner,TR25,South,T3,140.0,0.052,0.33,False,Low-opportunity
HCP02184,Pediatrician,TR36,East,T2,595.0,0.338,0.368,True,High-volume non/under-user
HCP02185,Neonatologist,TR16,West,T1,264.0,0.176,0.594,False,Low-opportunity
HCP02186,Pediatrician,TR19,Central,T2,320.0,0.088,0.875,False,Emerging
HCP02187,General Practitioner,TR35,East,T2,110.0,0.148,0.667,True,Low-opportunity
HCP02188,General Practitioner,TR27,South,T2,141.0,0.08,0.648,False,Emerging
HCP02189,Pediatrician,TR08,North,T2,249.0,0.761,0.385,True,Low-opportunity
HCP02190,General Practitioner,TR28,South,T1,106.0,0.154,0.592,False,Low-opportunity
HCP02191,Pediatrician,TR19,Central,T2,190.0,0.093,0.327,False,Low-opportunity
HCP02192,Pediatrician,TR28,South,T1,708.0,0.705,0.894,True,High-volume advocate
HCP02193,Pediatrician,TR23,South,T1,403.0,0.381,0.284,False,Low-opportunity
HCP02194,Obstetrician-Gynecologist,TR09,North,T2,127.0,0.058,0.351,True,Low-opportunity
HCP02195,Obstetrician-Gynecologist,TR28,South,T1,102.0,0.278,0.584,False,Low-opportunity
HCP02196,Pediatrician,TR01,North,T1,313.0,0.182,0.903,False,Emerging
HCP02197,Obstetrician-Gynecologist,TR31,East,T1,191.0,0.072,0.581,False,High-volume non/under-user
HCP02198,Obstetrician-Gynecologist,TR29,South,T2,64.0,0.261,0.311,True,Low-opportunity
HCP02199,Pediatrician,TR35,East,T2,301.0,0.134,,True,Low-opportunity
HCP02200,Neonatologist,TR01,North,T1,305.0,0.195,0.614,True,High-volume non/under-user
HCP02201,Pediatrician,TR16,West,T1,329.0,0.474,0.423,True,Low-opportunity
HCP02202,Obstetrician-Gynecologist,TR06,North,T2,141.0,0.087,0.57,False,Low-opportunity
HCP02203,General Practitioner,TR14,West,T1,78.0,0.298,0.546,True,Low-opportunity
HCP02204,Neonatologist,TR14,West,T1,333.0,0.141,0.724,False,High-volume non/under-user
HCP02205,Pediatrician,TR23,South,T1,446.0,0.251,0.785,True,High-volume non/under-user
HCP02206,Pediatrician,TR16,West,T1,418.0,0.72,0.627,True,Emerging
HCP02207,Obstetrician-Gynecologist,TR35,East,T2,54.0,0.016,0.697,False,Low-opportunity
HCP02208,General Practitioner,TR12,West,T1,134.0,0.338,0.816,True,Emerging
HCP02209,General Practitioner,TR15,West,T2,92.0,0.134,0.355,False,Low-opportunity
HCP02210,General Practitioner,TR26,South,T1,234.0,0.035,0.756,False,High-volume non/under-user
HCP02211,General Practitioner,TR12,West,T1,268.0,0.033,0.664,False,High-volume non/under-user
HCP02212,Pediatrician,TR26,South,T1,339.0,0.022,0.566,False,Low-opportunity
HCP02213,Pediatrician,TR26,South,T1,493.0,0.455,0.361,True,High-volume advocate
HCP02214,Pediatrician,TR26,South,T1,503.0,0.355,0.351,True,High-volume non/under-user
HCP02215,Pediatrician,TR24,South,T1,497.0,0.357,0.437,False,High-volume non/under-user
HCP02216,Obstetrician-Gynecologist,TR28,South,T1,55.0,0.506,0.993,True,Low-opportunity
HCP02217,Pediatrician,TR36,East,T2,249.0,0.274,0.765,True,Low-opportunity
HCP02218,Pediatrician,TR01,North,T1,383.0,0.368,0.278,False,Low-opportunity
HCP02219,Pediatrician,TR18,West,T3,280.0,0.257,0.065,False,Low-opportunity
HCP02220,Obstetrician-Gynecologist,TR28,South,T1,91.0,0.307,0.231,False,Low-opportunity
HCP02221,Pediatrician,TR01,North,T1,650.0,0.368,0.341,False,High-volume non/under-user
HCP02222,Pediatrician,TR20,Central,T2,400.0,0.522,0.281,True,Low-opportunity
HCP02223,Obstetrician-Gynecologist,TR24,South,T1,165.0,0.222,0.327,False,High-volume non/under-user
HCP02224,Pediatrician,TR08,North,T2,201.0,0.573,0.628,True,Low-opportunity
HCP02225,General Practitioner,TR15,West,T2,373.0,0.027,0.484,False,High-volume non/under-user
HCP02226,Pediatrician,TR28,South,T1,241.0,0.494,0.568,True,Low-opportunity
HCP02227,General Practitioner,TR02,North,T1,154.0,0.083,0.56,False,Low-opportunity
HCP02228,Pediatrician,TR04,North,T2,574.0,0.338,0.227,True,High-volume non/under-user
HCP02229,Pediatrician,TR29,South,T2,999.0,0.243,0.611,True,High-volume non/under-user
HCP02230,Pediatrician,TR28,South,T1,379.0,0.684,0.578,True,Low-opportunity
HCP02231,General Practitioner,TR23,South,T1,245.0,0.051,0.957,False,High-volume non/under-user
HCP02232,Obstetrician-Gynecologist,TR15,West,T2,105.0,0.123,0.456,True,Low-opportunity
HCP02233,Pediatrician,TR03,North,T2,390.0,0.407,0.26,False,Low-opportunity
HCP02234,General Practitioner,TR28,South,T1,111.0,0.157,0.495,False,Low-opportunity
HCP02235,Pediatrician,TR10,North,T2,201.0,0.12,0.665,True,Low-opportunity
HCP02236,General Practitioner,TR32,East,T3,147.0,0.119,0.755,False,Emerging
HCP02237,Neonatologist,TR28,South,T1,270.0,0.277,0.447,False,High-volume non/under-user
HCP02238,Pediatrician,TR02,North,T1,747.0,0.258,0.444,True,High-volume non/under-user
HCP02239,Pediatrician,TR24,South,T1,326.0,0.296,0.625,False,Emerging
HCP02240,General Practitioner,TR32,East,T3,136.0,0.331,0.495,False,Low-opportunity
HCP02241,Obstetrician-Gynecologist,TR31,East,T1,78.0,0.111,0.549,False,Low-opportunity
HCP02242,General Practitioner,TR23,South,T1,176.0,0.052,0.391,False,Low-opportunity
HCP02243,Pediatrician,TR06,North,T2,127.0,0.154,0.579,False,Low-opportunity
HCP02244,General Practitioner,TR25,South,T3,67.0,0.126,0.408,False,Low-opportunity
HCP02245,Pediatrician,TR24,South,T1,155.0,0.433,0.649,True,Low-opportunity
HCP02246,Neonatologist,TR23,South,T1,303.0,0.035,0.661,False,High-volume non/under-user
HCP02247,Obstetrician-Gynecologist,TR11,North,T3,85.0,0.068,0.416,True,Low-opportunity
HCP02248,Obstetrician-Gynecologist,TR31,East,T1,148.0,0.082,0.683,False,Emerging
HCP02249,Obstetrician-Gynecologist,TR18,West,T3,66.0,0.118,0.672,False,Low-opportunity
HCP02250,Neonatologist,TR12,West,T1,293.0,0.315,0.302,True,High-volume non/under-user
HCP02251,Pediatrician,TR11,North,T3,199.0,0.22,,False,Low-opportunity
HCP02252,Obstetrician-Gynecologist,TR12,West,T1,262.0,0.073,0.569,True,High-volume non/under-user
HCP02253,Pediatrician,TR16,West,T1,382.0,0.538,0.73,True,Emerging
HCP02254,Pediatrician,TR10,North,T2,564.0,0.166,0.564,True,High-volume non/under-user
HCP02255,Pediatrician,TR19,Central,T2,313.0,0.661,0.218,True,Low-opportunity
HCP02256,Pediatrician,TR08,North,T2,294.0,0.276,0.54,False,Low-opportunity
HCP02257,Pediatrician,TR12,West,T1,170.0,0.223,0.381,False,Low-opportunity
HCP02258,Pediatrician,TR04,North,T2,218.0,0.189,0.325,False,Low-opportunity
HCP02259,Pediatrician,TR14,West,T1,236.0,0.27,0.455,True,Low-opportunity
HCP02260,Pediatrician,TR15,West,T2,534.0,0.291,0.752,False,High-volume non/under-user
HCP02261,Pediatrician,TR15,West,T2,448.0,0.26,0.498,False,High-volume non/under-user
HCP02262,General Practitioner,TR26,South,T1,164.0,0.128,0.356,True,Low-opportunity
HCP02263,General Practitioner,TR17,West,T2,173.0,0.185,0.462,True,Low-opportunity
HCP02264,General Practitioner,TR26,South,T1,229.0,0.036,0.776,False,High-volume non/under-user
HCP02265,General Practitioner,TR01,North,T1,147.0,0.222,0.803,True,Emerging
HCP02266,General Practitioner,TR16,West,T1,209.0,0.189,0.751,False,High-volume non/under-user
HCP02267,Pediatrician,TR02,North,T1,199.0,0.443,0.674,False,Low-opportunity
HCP02268,Pediatrician,TR16,West,T1,423.0,0.403,0.52,False,High-volume advocate
HCP02269,Pediatrician,TR23,South,T1,236.0,0.145,0.448,False,Low-opportunity
HCP02270,Pediatrician,TR28,South,T1,725.0,0.138,0.516,False,High-volume non/under-user
HCP02271,Obstetrician-Gynecologist,TR20,Central,T2,232.0,0.043,0.605,False,High-volume non/under-user
HCP02272,Pediatrician,TR14,West,T1,388.0,0.678,0.455,True,Low-opportunity
HCP02273,Neonatologist,TR11,North,T3,176.0,0.21,0.044,False,Low-opportunity
HCP02274,Pediatrician,TR34,East,T3,258.0,0.119,0.632,False,Low-opportunity
HCP02275,General Practitioner,TR08,North,T2,159.0,0.107,0.532,False,Low-opportunity
HCP02276,Pediatrician,TR01,North,T1,334.0,0.252,0.362,True,Low-opportunity
HCP02277,Obstetrician-Gynecologist,TR04,North,T2,147.0,0.5,0.675,True,Emerging
HCP02278,Obstetrician-Gynecologist,TR36,East,T2,184.0,0.342,0.402,True,High-volume non/under-user
HCP02279,Pediatrician,TR32,East,T3,149.0,0.657,0.509,True,Low-opportunity
HCP02280,Pediatrician,TR13,West,T1,399.0,0.41,0.78,True,Emerging
HCP02281,General Practitioner,TR01,North,T1,115.0,0.112,0.7,False,Low-opportunity
HCP02282,Pediatrician,TR28,South,T1,530.0,0.283,0.696,True,High-volume non/under-user
HCP02283,Pediatrician,TR12,West,T1,308.0,0.31,0.415,True,Low-opportunity
HCP02284,Neonatologist,TR01,North,T1,139.0,0.39,,True,Low-opportunity
HCP02285,General Practitioner,TR16,West,T1,82.0,0.347,0.59,True,Low-opportunity
HCP02286,Pediatrician,TR16,West,T1,230.0,0.676,,True,Low-opportunity
HCP02287,Pediatrician,TR14,West,T1,512.0,0.392,0.477,True,High-volume non/under-user
HCP02288,Pediatrician,TR24,South,T1,437.0,0.28,0.49,False,High-volume non/under-user
HCP02289,Obstetrician-Gynecologist,TR26,South,T1,125.0,0.147,0.825,True,Emerging
HCP02290,Pediatrician,TR21,Central,T3,556.0,0.269,0.572,False,High-volume non/under-user
HCP02291,Pediatrician,TR01,North,T1,157.0,0.533,0.387,True,Low-opportunity
HCP02292,Pediatrician,TR01,North,T1,782.0,0.209,,False,High-volume non/under-user
HCP02293,Neonatologist,TR31,East,T1,409.0,0.139,0.58,False,High-volume non/under-user
HCP02294,Pediatrician,TR07,North,T3,174.0,0.08,,False,Low-opportunity
HCP02295,General Practitioner,TR15,West,T2,219.0,0.111,0.451,False,High-volume non/under-user
HCP02296,Pediatrician,TR03,North,T2,230.0,0.264,0.35,True,Low-opportunity
HCP02297,Obstetrician-Gynecologist,TR09,North,T2,129.0,0.099,0.697,False,Emerging
HCP02298,Pediatrician,TR17,West,T2,122.0,0.357,0.745,False,Low-opportunity
HCP02299,Obstetrician-Gynecologist,TR10,North,T2,145.0,0.089,0.782,False,Emerging
HCP02300,Neonatologist,TR24,South,T1,129.0,0.063,0.471,False,Low-opportunity
HCP02301,Pediatrician,TR14,West,T1,331.0,0.42,0.766,True,Emerging
HCP02302,Pediatrician,TR28,South,T1,283.0,0.482,0.825,True,Low-opportunity
HCP02303,Neonatologist,TR23,South,T1,372.0,0.375,0.485,True,High-volume non/under-user
HCP02304,Pediatrician,TR11,North,T3,343.0,0.432,0.628,False,Emerging
HCP02305,Obstetrician-Gynecologist,TR28,South,T1,340.0,0.196,0.224,True,High-volume non/under-user
HCP02306,Obstetrician-Gynecologist,TR33,East,T2,256.0,0.167,0.599,True,High-volume non/under-user
HCP02307,Pediatrician,TR04,North,T2,306.0,0.656,0.487,True,Low-opportunity
HCP02308,Pediatrician,TR24,South,T1,547.0,0.378,0.728,True,High-volume non/under-user
HCP02309,Pediatrician,TR24,South,T1,346.0,0.699,0.483,True,Low-opportunity
HCP02310,General Practitioner,TR24,South,T1,242.0,0.173,0.472,False,High-volume non/under-user
HCP02311,Pediatrician,TR01,North,T1,510.0,0.254,0.232,True,High-volume non/under-user
HCP02312,General Practitioner,TR01,North,T1,122.0,0.42,0.795,True,Low-opportunity
HCP02313,Pediatrician,TR12,West,T1,233.0,0.183,0.759,True,Low-opportunity
HCP02314,Obstetrician-Gynecologist,TR02,North,T1,94.0,0.068,0.519,False,Low-opportunity
HCP02315,Pediatrician,TR14,West,T1,326.0,0.15,0.419,False,Low-opportunity
HCP02316,Pediatrician,TR31,East,T1,456.0,0.263,0.314,False,High-volume non/under-user
HCP02317,Pediatrician,TR14,West,T1,211.0,0.463,0.346,False,Low-opportunity
HCP02318,Pediatrician,TR14,West,T1,257.0,0.219,0.714,True,Low-opportunity
HCP02319,Pediatrician,TR12,West,T1,222.0,0.616,0.887,True,Low-opportunity
HCP02320,Obstetrician-Gynecologist,TR16,West,T1,110.0,0.049,0.815,False,Emerging
HCP02321,Pediatrician,TR28,South,T1,404.0,0.777,0.644,True,Emerging
HCP02322,Pediatrician,TR29,South,T2,387.0,0.11,0.625,False,Emerging
HCP02323,General Practitioner,TR15,West,T2,129.0,0.096,0.592,False,Low-opportunity
HCP02324,General Practitioner,TR15,West,T2,140.0,0.173,0.396,True,Low-opportunity
HCP02325,Pediatrician,TR08,North,T2,298.0,0.527,0.52,True,Low-opportunity
HCP02326,Pediatrician,TR35,East,T2,419.0,0.301,0.737,True,Emerging
HCP02327,Pediatrician,TR13,West,T1,331.0,0.147,0.449,False,Low-opportunity
HCP02328,Pediatrician,TR13,West,T1,474.0,0.125,0.517,True,High-volume non/under-user
HCP02329,Pediatrician,TR16,West,T1,261.0,0.417,0.833,False,Low-opportunity
HCP02330,Pediatrician,TR02,North,T1,664.0,0.38,,True,High-volume non/under-user
HCP02331,General Practitioner,TR13,West,T1,226.0,0.126,0.353,False,High-volume non/under-user
HCP02332,Obstetrician-Gynecologist,TR33,East,T2,196.0,0.241,0.861,False,High-volume non/under-user
HCP02333,Pediatrician,TR02,North,T1,256.0,0.315,0.465,False,Low-opportunity
HCP02334,Pediatrician,TR10,North,T2,278.0,0.721,0.487,True,Low-opportunity
HCP02335,Obstetrician-Gynecologist,TR09,North,T2,132.0,0.279,0.489,False,Low-opportunity
HCP02336,General Practitioner,TR10,North,T2,164.0,0.017,0.422,False,Low-opportunity
HCP02337,General Practitioner,TR34,East,T3,94.0,0.19,0.505,False,Low-opportunity
HCP02338,Obstetrician-Gynecologist,TR26,South,T1,84.0,0.174,0.596,False,Low-opportunity
HCP02339,General Practitioner,TR32,East,T3,115.0,0.382,0.71,True,Low-opportunity
HCP02340,General Practitioner,TR30,South,T2,64.0,0.294,0.589,True,Low-opportunity
HCP02341,Pediatrician,TR24,South,T1,246.0,0.364,0.256,False,Low-opportunity
HCP02342,Neonatologist,TR21,Central,T3,148.0,0.233,0.706,False,Low-opportunity
HCP02343,General Practitioner,TR18,West,T3,81.0,0.063,0.569,False,Low-opportunity
HCP02344,Pediatrician,TR25,South,T3,371.0,0.703,0.619,True,Emerging
HCP02345,General Practitioner,TR26,South,T1,47.0,0.051,0.516,False,Low-opportunity
HCP02346,Pediatrician,TR23,South,T1,350.0,0.417,,True,Low-opportunity
HCP02347,Pediatrician,TR16,West,T1,412.0,0.154,0.521,False,Low-opportunity
HCP02348,Pediatrician,TR24,South,T1,215.0,0.263,0.313,True,Low-opportunity
HCP02349,General Practitioner,TR05,North,T2,175.0,0.13,0.58,True,Low-opportunity
HCP02350,Pediatrician,TR21,Central,T3,192.0,0.31,0.668,True,Low-opportunity
HCP02351,General Practitioner,TR19,Central,T2,97.0,0.129,,False,Low-opportunity
HCP02352,General Practitioner,TR19,Central,T2,117.0,0.051,0.467,False,Low-opportunity
HCP02353,Pediatrician,TR18,West,T3,294.0,0.377,0.759,False,Low-opportunity
HCP02354,Pediatrician,TR27,South,T2,415.0,0.061,0.445,False,Low-opportunity
HCP02355,Pediatrician,TR27,South,T2,471.0,0.65,0.447,True,High-volume advocate
HCP02356,General Practitioner,TR13,West,T1,70.0,0.258,0.401,True,Low-opportunity
HCP02357,Neonatologist,TR14,West,T1,142.0,0.04,0.361,False,Low-opportunity
HCP02358,Pediatrician,TR01,North,T1,626.0,0.309,0.438,False,High-volume non/under-user
HCP02359,General Practitioner,TR03,North,T2,90.0,0.063,0.469,False,Low-opportunity
HCP02360,Neonatologist,TR11,North,T3,366.0,0.093,0.705,False,High-volume non/under-user
HCP02361,General Practitioner,TR28,South,T1,476.0,0.138,0.56,False,High-volume non/under-user
HCP02362,Pediatrician,TR28,South,T1,310.0,0.249,0.4,True,Low-opportunity
HCP02363,Pediatrician,TR10,North,T2,179.0,0.437,0.366,True,Low-opportunity
HCP02364,Obstetrician-Gynecologist,TR31,East,T1,117.0,0.058,0.744,False,Emerging
HCP02365,Pediatrician,TR14,West,T1,410.0,0.326,0.354,True,Low-opportunity
HCP02366,Pediatrician,TR28,South,T1,175.0,0.164,0.487,False,Low-opportunity
HCP02367,Pediatrician,TR16,West,T1,307.0,0.346,0.502,True,Low-opportunity
HCP02368,Pediatrician,TR26,South,T1,471.0,0.244,0.429,True,High-volume non/under-user
HCP02369,General Practitioner,TR14,West,T1,223.0,0.127,0.748,False,High-volume non/under-user
HCP02370,Neonatologist,TR02,North,T1,147.0,0.16,0.424,False,Low-opportunity
HCP02371,Neonatologist,TR11,North,T3,346.0,0.147,0.79,False,High-volume non/under-user
HCP02372,General Practitioner,TR26,South,T1,156.0,0.034,0.719,False,Emerging
HCP02373,Obstetrician-Gynecologist,TR32,East,T3,144.0,0.033,0.618,False,Emerging
HCP02374,Obstetrician-Gynecologist,TR24,South,T1,122.0,0.016,0.607,False,Emerging
HCP02375,Neonatologist,TR28,South,T1,476.0,0.152,0.297,False,High-volume non/under-user
HCP02376,Obstetrician-Gynecologist,TR01,North,T1,144.0,0.394,0.658,True,Emerging
HCP02377,Obstetrician-Gynecologist,TR27,South,T2,135.0,0.12,0.669,False,Emerging
HCP02378,Pediatrician,TR29,South,T2,356.0,0.049,0.712,False,Emerging
HCP02379,Pediatrician,TR15,West,T2,491.0,0.195,0.179,False,High-volume non/under-user
HCP02380,Pediatrician,TR18,West,T3,171.0,0.153,0.25,False,Low-opportunity
HCP02381,General Practitioner,TR01,North,T1,280.0,0.127,0.504,False,High-volume non/under-user
HCP02382,Neonatologist,TR06,North,T2,168.0,0.686,0.387,True,Low-opportunity
HCP02383,Neonatologist,TR01,North,T1,264.0,0.124,0.651,False,Emerging
HCP02384,Obstetrician-Gynecologist,TR26,South,T1,80.0,0.121,0.67,False,Low-opportunity
HCP02385,Obstetrician-Gynecologist,TR28,South,T1,59.0,0.187,0.385,False,Low-opportunity
HCP02386,Pediatrician,TR03,North,T2,368.0,0.61,0.392,False,Low-opportunity
HCP02387,Pediatrician,TR33,East,T2,229.0,0.508,0.457,True,Low-opportunity
HCP02388,General Practitioner,TR30,South,T2,183.0,0.2,0.714,False,Emerging
HCP02389,Pediatrician,TR22,Central,T3,279.0,0.493,0.647,False,Low-opportunity
HCP02390,General Practitioner,TR36,East,T2,77.0,0.17,0.758,False,Low-opportunity
HCP02391,General Practitioner,TR31,East,T1,264.0,0.119,0.453,False,High-volume non/under-user
HCP02392,Pediatrician,TR09,North,T2,216.0,0.208,0.71,False,Low-opportunity
HCP02393,General Practitioner,TR34,East,T3,112.0,0.236,0.534,False,Low-opportunity
HCP02394,General Practitioner,TR16,West,T1,100.0,0.08,0.737,False,Low-opportunity
HCP02395,General Practitioner,TR05,North,T2,145.0,0.05,0.575,False,Low-opportunity
HCP02396,Obstetrician-Gynecologist,TR08,North,T2,143.0,0.099,0.232,False,Low-opportunity
HCP02397,Pediatrician,TR25,South,T3,244.0,0.36,0.443,True,Low-opportunity
HCP02398,Obstetrician-Gynecologist,TR36,East,T2,73.0,0.076,0.503,False,Low-opportunity
HCP02399,Pediatrician,TR16,West,T1,266.0,0.295,0.375,True,Low-opportunity
HCP02400,Pediatrician,TR22,Central,T3,234.0,0.805,0.767,True,Low-opportunity
HCP02401,Pediatrician,TR12,West,T1,508.0,0.519,0.438,True,High-volume advocate
HCP02402,Obstetrician-Gynecologist,TR30,South,T2,179.0,0.079,0.64,False,High-volume non/under-user
HCP02403,Obstetrician-Gynecologist,TR03,North,T2,118.0,0.079,0.643,False,Emerging
HCP02404,Pediatrician,TR23,South,T1,349.0,0.451,0.54,True,Low-opportunity
HCP02405,General Practitioner,TR23,South,T1,160.0,0.077,0.65,False,Emerging
HCP02406,Obstetrician-Gynecologist,TR01,North,T1,114.0,0.027,0.567,False,Low-opportunity
HCP02407,Neonatologist,TR33,East,T2,104.0,0.073,0.522,False,Low-opportunity
HCP02408,Pediatrician,TR35,East,T2,455.0,0.032,0.633,False,High-volume non/under-user
HCP02409,Pediatrician,TR16,West,T1,359.0,0.456,0.436,True,Low-opportunity
HCP02410,Pediatrician,TR26,South,T1,240.0,0.139,0.493,True,Low-opportunity
HCP02411,Obstetrician-Gynecologist,TR30,South,T2,175.0,0.15,0.524,False,High-volume non/under-user
HCP02412,Pediatrician,TR04,North,T2,254.0,0.458,0.702,True,Low-opportunity
HCP02413,Pediatrician,TR02,North,T1,354.0,0.251,0.462,True,Low-opportunity
HCP02414,Neonatologist,TR25,South,T3,357.0,0.253,0.603,True,High-volume non/under-user
HCP02415,Pediatrician,TR21,Central,T3,876.0,0.343,0.41,True,High-volume non/under-user
HCP02416,General Practitioner,TR25,South,T3,207.0,0.066,0.505,False,High-volume non/under-user
HCP02417,Neonatologist,TR22,Central,T3,136.0,0.201,0.245,True,Low-opportunity
HCP02418,Pediatrician,TR26,South,T1,690.0,0.273,0.813,False,High-volume non/under-user
HCP02419,Pediatrician,TR05,North,T2,154.0,0.129,1.0,False,Low-opportunity
HCP02420,Pediatrician,TR09,North,T2,454.0,0.146,0.614,True,High-volume non/under-user
HCP02421,General Practitioner,TR10,North,T2,177.0,0.108,0.501,False,Low-opportunity
HCP02422,Pediatrician,TR15,West,T2,311.0,0.231,0.533,False,Low-opportunity
HCP02423,Pediatrician,TR27,South,T2,595.0,0.238,0.433,False,High-volume non/under-user
HCP02424,Pediatrician,TR29,South,T2,301.0,0.467,0.872,True,Emerging
HCP02425,Pediatrician,TR15,West,T2,256.0,0.272,0.923,True,Low-opportunity
HCP02426,Obstetrician-Gynecologist,TR23,South,T1,150.0,0.183,0.621,False,Emerging
HCP02427,Pediatrician,TR12,West,T1,221.0,0.314,0.309,True,Low-opportunity
HCP02428,General Practitioner,TR16,West,T1,173.0,0.045,0.696,False,Emerging
HCP02429,Neonatologist,TR33,East,T2,100.0,0.028,0.596,False,Low-opportunity
HCP02430,General Practitioner,TR12,West,T1,218.0,0.059,0.598,False,High-volume non/under-user
HCP02431,General Practitioner,TR28,South,T1,178.0,0.134,0.713,False,Emerging
HCP02432,Pediatrician,TR01,North,T1,259.0,0.292,0.56,True,Low-opportunity
HCP02433,Pediatrician,TR13,West,T1,333.0,0.264,0.236,False,Low-opportunity
HCP02434,Pediatrician,TR24,South,T1,510.0,0.271,0.624,False,High-volume non/under-user
HCP02435,Pediatrician,TR28,South,T1,386.0,0.252,0.28,True,Low-opportunity
HCP02436,Neonatologist,TR23,South,T1,321.0,0.294,0.176,True,High-volume non/under-user
HCP02437,Pediatrician,TR31,East,T1,363.0,0.699,0.804,True,Emerging
HCP02438,Pediatrician,TR29,South,T2,435.0,0.168,0.451,True,High-volume non/under-user
HCP02439,Obstetrician-Gynecologist,TR23,South,T1,154.0,0.213,0.663,False,High-volume non/under-user
HCP02440,Neonatologist,TR14,West,T1,176.0,0.152,0.793,False,Low-opportunity
HCP02441,General Practitioner,TR14,West,T1,139.0,0.03,0.589,False,Low-opportunity
HCP02442,Pediatrician,TR23,South,T1,357.0,0.292,0.222,False,Low-opportunity
HCP02443,General Practitioner,TR24,South,T1,189.0,0.238,0.359,False,High-volume non/under-user
HCP02444,Pediatrician,TR14,West,T1,268.0,0.321,0.719,False,Low-opportunity
HCP02445,General Practitioner,TR15,West,T2,152.0,0.052,0.551,False,Low-opportunity
HCP02446,General Practitioner,TR06,North,T2,137.0,0.159,0.584,False,Low-opportunity
HCP02447,Obstetrician-Gynecologist,TR01,North,T1,76.0,0.086,0.602,False,Low-opportunity
HCP02448,Pediatrician,TR16,West,T1,225.0,0.473,0.691,True,Low-opportunity
HCP02449,Neonatologist,TR29,South,T2,182.0,0.122,0.467,False,Low-opportunity
HCP02450,Pediatrician,TR28,South,T1,478.0,0.332,0.678,True,High-volume non/under-user
HCP02451,Pediatrician,TR36,East,T2,214.0,0.209,0.276,False,Low-opportunity
HCP02452,Obstetrician-Gynecologist,TR24,South,T1,81.0,0.378,0.339,False,Low-opportunity
HCP02453,Pediatrician,TR10,North,T2,301.0,0.381,0.577,True,Low-opportunity
HCP02454,Pediatrician,TR25,South,T3,490.0,0.284,0.401,False,High-volume non/under-user
HCP02455,Pediatrician,TR29,South,T2,452.0,0.262,0.199,True,High-volume non/under-user
HCP02456,Pediatrician,TR24,South,T1,349.0,0.148,0.53,True,Low-opportunity
HCP02457,Pediatrician,TR17,West,T2,298.0,0.37,0.722,False,Emerging
HCP02458,General Practitioner,TR23,South,T1,120.0,0.084,0.546,False,Low-opportunity
HCP02459,Pediatrician,TR01,North,T1,289.0,0.484,0.949,False,Low-opportunity
HCP02460,Neonatologist,TR11,North,T3,210.0,0.087,0.595,True,Low-opportunity
HCP02461,General Practitioner,TR05,North,T2,191.0,0.099,0.457,False,High-volume non/under-user
HCP02462,Obstetrician-Gynecologist,TR15,West,T2,136.0,0.343,0.521,True,Low-opportunity
HCP02463,Obstetrician-Gynecologist,TR31,East,T1,112.0,0.177,0.53,False,Low-opportunity
HCP02464,General Practitioner,TR07,North,T3,117.0,0.08,0.419,False,Low-opportunity
HCP02465,Pediatrician,TR02,North,T1,233.0,0.422,0.485,True,Low-opportunity
HCP02466,Obstetrician-Gynecologist,TR28,South,T1,113.0,0.123,0.425,False,Low-opportunity
HCP02467,Pediatrician,TR31,East,T1,267.0,0.438,0.437,True,Low-opportunity
HCP02468,Pediatrician,TR19,Central,T2,202.0,0.673,0.679,False,Low-opportunity
HCP02469,General Practitioner,TR14,West,T1,108.0,0.327,0.505,False,Low-opportunity
HCP02470,Pediatrician,TR16,West,T1,281.0,0.377,0.681,True,Low-opportunity
HCP02471,General Practitioner,TR24,South,T1,101.0,0.108,0.368,True,Low-opportunity
HCP02472,Neonatologist,TR29,South,T2,363.0,0.065,0.552,False,High-volume non/under-user
HCP02473,General Practitioner,TR08,North,T2,145.0,0.284,0.288,False,Low-opportunity
HCP02474,Pediatrician,TR31,East,T1,461.0,0.567,0.475,True,High-volume advocate
HCP02475,Pediatrician,TR24,South,T1,309.0,0.439,0.689,True,Emerging
HCP02476,Pediatrician,TR26,South,T1,311.0,0.148,0.456,False,Low-opportunity
HCP02477,Pediatrician,TR02,North,T1,310.0,0.756,0.741,True,Emerging
HCP02478,General Practitioner,TR32,East,T3,290.0,0.045,0.78,False,High-volume non/under-user
HCP02479,General Practitioner,TR19,Central,T2,176.0,0.083,1.0,False,Emerging
HCP02480,General Practitioner,TR14,West,T1,173.0,0.033,0.876,False,Emerging
HCP02481,General Practitioner,TR15,West,T2,190.0,0.019,0.612,False,High-volume non/under-user
HCP02482,Pediatrician,TR12,West,T1,226.0,0.505,0.782,True,Low-opportunity
HCP02483,Pediatrician,TR05,North,T2,489.0,0.161,0.478,False,High-volume non/under-user
HCP02484,General Practitioner,TR01,North,T1,194.0,0.057,0.299,True,High-volume non/under-user
HCP02485,Pediatrician,TR11,North,T3,386.0,0.303,0.87,False,Emerging
HCP02486,Pediatrician,TR18,West,T3,229.0,0.337,0.76,True,Low-opportunity
HCP02487,General Practitioner,TR24,South,T1,212.0,0.078,0.744,False,High-volume non/under-user
HCP02488,Pediatrician,TR26,South,T1,319.0,0.273,0.619,False,Emerging
HCP02489,Pediatrician,TR23,South,T1,226.0,0.462,,True,Low-opportunity
HCP02490,Pediatrician,TR04,North,T2,342.0,0.212,0.178,True,Low-opportunity
HCP02491,Pediatrician,TR16,West,T1,318.0,0.491,0.814,True,Emerging
HCP02492,General Practitioner,TR24,South,T1,235.0,0.048,0.549,False,High-volume non/under-user
HCP02493,Pediatrician,TR27,South,T2,450.0,0.837,0.924,True,High-volume advocate
HCP02494,Obstetrician-Gynecologist,TR13,West,T1,90.0,0.098,0.349,False,Low-opportunity
HCP02495,Pediatrician,TR33,East,T2,482.0,0.396,0.341,True,High-volume non/under-user
HCP02496,Pediatrician,TR28,South,T1,287.0,0.68,0.665,True,Low-opportunity
HCP02497,Pediatrician,TR30,South,T2,430.0,0.233,0.116,False,High-volume non/under-user
HCP02498,Neonatologist,TR24,South,T1,119.0,0.599,0.61,True,Low-opportunity
HCP02499,Pediatrician,TR15,West,T2,140.0,0.234,0.002,False,Low-opportunity
HCP02500,General Practitioner,TR33,East,T2,91.0,0.037,0.053,False,Low-opportunity
