date,territory_id,territory,region,state,city_tier,channel,product,units_sold,revenue,discount_pct,stock_availability,distributor_count,market_phase
2023-01-01,TR01,Delhi North,North,Delhi,T1,E-Pharmacy,DePURA Kids 10 ml,110,9030.46,0.1313,0.978,16,pre_recall
2023-01-01,TR01,Delhi North,North,Delhi,T1,E-Pharmacy,DePURA Kids 15 ml,505,56739.74,0.1552,1.0,16,pre_recall
2023-01-01,TR01,Delhi North,North,Delhi,T1,Hospital Pharmacy,DePURA Kids 10 ml,84,7938.0,0.0,0.879,16,pre_recall
2023-01-01,TR01,Delhi North,North,Delhi,T1,Hospital Pharmacy,DePURA Kids 15 ml,427,55045.12,0.0307,0.979,16,pre_recall
2023-01-01,TR01,Delhi North,North,Delhi,T1,Pharmacy Chain,DePURA Kids 10 ml,112,9990.13,0.0561,0.92,16,pre_recall
2023-01-01,TR01,Delhi North,North,Delhi,T1,Pharmacy Chain,DePURA Kids 15 ml,506,61158.63,0.0912,0.921,16,pre_recall
2023-01-01,TR01,Delhi North,North,Delhi,T1,Retail Chemist,DePURA Kids 10 ml,369,33595.46,0.0366,0.944,16,pre_recall
2023-01-01,TR01,Delhi North,North,Delhi,T1,Retail Chemist,DePURA Kids 15 ml,1848,233989.56,0.048,0.953,16,pre_recall
2023-01-01,TR02,Delhi South,North,Delhi,T1,E-Pharmacy,DePURA Kids 10 ml,85,6852.17,0.1469,0.935,12,pre_recall
2023-01-01,TR02,Delhi South,North,Delhi,T1,E-Pharmacy,DePURA Kids 15 ml,373,43011.61,0.133,0.862,12,pre_recall
2023-01-01,TR02,Delhi South,North,Delhi,T1,Hospital Pharmacy,DePURA Kids 10 ml,106,9816.5,0.02,0.921,12,pre_recall
2023-01-01,TR02,Delhi South,North,Delhi,T1,Hospital Pharmacy,DePURA Kids 15 ml,440,57743.9,0.0133,0.927,12,pre_recall
2023-01-01,TR02,Delhi South,North,Delhi,T1,Pharmacy Chain,DePURA Kids 10 ml,147,12749.5,0.0822,0.953,12,pre_recall
2023-01-01,TR02,Delhi South,North,Delhi,T1,Pharmacy Chain,DePURA Kids 15 ml,660,81162.35,0.0754,0.934,12,pre_recall
2023-01-01,TR02,Delhi South,North,Delhi,T1,Retail Chemist,DePURA Kids 10 ml,337,30567.09,0.0402,0.898,12,pre_recall
2023-01-01,TR02,Delhi South,North,Delhi,T1,Retail Chemist,DePURA Kids 15 ml,1174,154242.58,0.0122,0.977,12,pre_recall
2023-01-01,TR03,Noida-Ghaziabad,North,Uttar Pradesh,T2,E-Pharmacy,DePURA Kids 10 ml,27,2163.56,0.152,0.945,5,pre_recall
2023-01-01,TR03,Noida-Ghaziabad,North,Uttar Pradesh,T2,E-Pharmacy,DePURA Kids 15 ml,85,9877.02,0.1263,0.877,5,pre_recall
2023-01-01,TR03,Noida-Ghaziabad,North,Uttar Pradesh,T2,Hospital Pharmacy,DePURA Kids 10 ml,39,3610.03,0.0205,0.915,5,pre_recall
2023-01-01,TR03,Noida-Ghaziabad,North,Uttar Pradesh,T2,Hospital Pharmacy,DePURA Kids 15 ml,117,15561.0,0.0,0.918,5,pre_recall
2023-01-01,TR03,Noida-Ghaziabad,North,Uttar Pradesh,T2,Pharmacy Chain,DePURA Kids 10 ml,36,3142.27,0.0763,0.93,5,pre_recall
2023-01-01,TR03,Noida-Ghaziabad,North,Uttar Pradesh,T2,Pharmacy Chain,DePURA Kids 15 ml,116,14275.78,0.0747,0.895,5,pre_recall
2023-01-01,TR03,Noida-Ghaziabad,North,Uttar Pradesh,T2,Retail Chemist,DePURA Kids 10 ml,146,13299.31,0.0361,0.904,5,pre_recall
2023-01-01,TR03,Noida-Ghaziabad,North,Uttar Pradesh,T2,Retail Chemist,DePURA Kids 15 ml,387,49597.93,0.0364,0.925,5,pre_recall
2023-01-01,TR04,Gurugram-Faridabad,North,Haryana,T2,E-Pharmacy,DePURA Kids 10 ml,30,2424.74,0.1447,0.939,8,pre_recall
2023-01-01,TR04,Gurugram-Faridabad,North,Haryana,T2,E-Pharmacy,DePURA Kids 15 ml,76,8736.01,0.1357,0.961,8,pre_recall
2023-01-01,TR04,Gurugram-Faridabad,North,Haryana,T2,Hospital Pharmacy,DePURA Kids 10 ml,26,2444.99,0.0049,0.869,8,pre_recall
2023-01-01,TR04,Gurugram-Faridabad,North,Haryana,T2,Hospital Pharmacy,DePURA Kids 15 ml,86,11292.22,0.0127,0.971,8,pre_recall
2023-01-01,TR04,Gurugram-Faridabad,North,Haryana,T2,Pharmacy Chain,DePURA Kids 10 ml,34,2971.79,0.0751,0.907,8,pre_recall
2023-01-01,TR04,Gurugram-Faridabad,North,Haryana,T2,Pharmacy Chain,DePURA Kids 15 ml,117,14391.4,0.0752,0.918,8,pre_recall
2023-01-01,TR04,Gurugram-Faridabad,North,Haryana,T2,Retail Chemist,DePURA Kids 10 ml,155,13926.44,0.0492,0.92,8,pre_recall
2023-01-01,TR04,Gurugram-Faridabad,North,Haryana,T2,Retail Chemist,DePURA Kids 15 ml,453,55956.65,0.0712,0.965,8,pre_recall
2023-01-01,TR05,Lucknow,North,Uttar Pradesh,T2,E-Pharmacy,DePURA Kids 10 ml,24,1950.23,0.1401,0.907,6,pre_recall
2023-01-01,TR05,Lucknow,North,Uttar Pradesh,T2,E-Pharmacy,DePURA Kids 15 ml,86,9619.52,0.159,0.923,6,pre_recall
2023-01-01,TR05,Lucknow,North,Uttar Pradesh,T2,Hospital Pharmacy,DePURA Kids 10 ml,41,3721.88,0.0394,0.925,6,pre_recall
2023-01-01,TR05,Lucknow,North,Uttar Pradesh,T2,Hospital Pharmacy,DePURA Kids 15 ml,110,14480.13,0.0102,0.837,6,pre_recall
2023-01-01,TR05,Lucknow,North,Uttar Pradesh,T2,Pharmacy Chain,DePURA Kids 10 ml,39,3357.12,0.0891,0.884,6,pre_recall
2023-01-01,TR05,Lucknow,North,Uttar Pradesh,T2,Pharmacy Chain,DePURA Kids 15 ml,125,15085.0,0.0926,0.91,6,pre_recall
2023-01-01,TR05,Lucknow,North,Uttar Pradesh,T2,Retail Chemist,DePURA Kids 10 ml,145,13321.46,0.0278,0.903,6,pre_recall
2023-01-01,TR05,Lucknow,North,Uttar Pradesh,T2,Retail Chemist,DePURA Kids 15 ml,644,82900.67,0.0321,0.929,6,pre_recall
2023-01-01,TR06,Kanpur-Agra,North,Uttar Pradesh,T2,E-Pharmacy,DePURA Kids 10 ml,31,2505.52,0.1447,1.0,5,pre_recall
2023-01-01,TR06,Kanpur-Agra,North,Uttar Pradesh,T2,E-Pharmacy,DePURA Kids 15 ml,132,14828.61,0.1554,1.0,5,pre_recall
2023-01-01,TR06,Kanpur-Agra,North,Uttar Pradesh,T2,Hospital Pharmacy,DePURA Kids 10 ml,52,4819.56,0.0192,0.966,5,pre_recall
2023-01-01,TR06,Kanpur-Agra,North,Uttar Pradesh,T2,Hospital Pharmacy,DePURA Kids 15 ml,147,18981.82,0.0291,0.93,5,pre_recall
2023-01-01,TR06,Kanpur-Agra,North,Uttar Pradesh,T2,Pharmacy Chain,DePURA Kids 10 ml,37,3200.12,0.0848,0.901,5,pre_recall
2023-01-01,TR06,Kanpur-Agra,North,Uttar Pradesh,T2,Pharmacy Chain,DePURA Kids 15 ml,147,18103.46,0.074,0.937,5,pre_recall
2023-01-01,TR06,Kanpur-Agra,North,Uttar Pradesh,T2,Retail Chemist,DePURA Kids 10 ml,207,18820.81,0.0379,0.923,5,pre_recall
2023-01-01,TR06,Kanpur-Agra,North,Uttar Pradesh,T2,Retail Chemist,DePURA Kids 15 ml,584,73354.05,0.0556,0.92,5,pre_recall
2023-01-01,TR07,Varanasi-Gorakhpur,North,Uttar Pradesh,T3,E-Pharmacy,DePURA Kids 10 ml,6,491.62,0.1329,0.966,3,pre_recall
2023-01-01,TR07,Varanasi-Gorakhpur,North,Uttar Pradesh,T3,E-Pharmacy,DePURA Kids 15 ml,20,2217.65,0.1663,0.952,3,pre_recall
2023-01-01,TR07,Varanasi-Gorakhpur,North,Uttar Pradesh,T3,Hospital Pharmacy,DePURA Kids 10 ml,13,1185.71,0.0348,0.879,3,pre_recall
2023-01-01,TR07,Varanasi-Gorakhpur,North,Uttar Pradesh,T3,Hospital Pharmacy,DePURA Kids 15 ml,31,4077.75,0.011,0.935,3,pre_recall
2023-01-01,TR07,Varanasi-Gorakhpur,North,Uttar Pradesh,T3,Pharmacy Chain,DePURA Kids 10 ml,7,597.24,0.0971,0.85,3,pre_recall
2023-01-01,TR07,Varanasi-Gorakhpur,North,Uttar Pradesh,T3,Pharmacy Chain,DePURA Kids 15 ml,18,2195.45,0.0829,0.89,3,pre_recall
2023-01-01,TR07,Varanasi-Gorakhpur,North,Uttar Pradesh,T3,Retail Chemist,DePURA Kids 10 ml,91,8264.02,0.039,0.963,3,pre_recall
2023-01-01,TR07,Varanasi-Gorakhpur,North,Uttar Pradesh,T3,Retail Chemist,DePURA Kids 15 ml,160,20547.69,0.0344,0.907,3,pre_recall
2023-01-01,TR08,Chandigarh-Mohali,North,Chandigarh,T2,E-Pharmacy,DePURA Kids 10 ml,26,2051.92,0.1649,0.937,7,pre_recall
2023-01-01,TR08,Chandigarh-Mohali,North,Chandigarh,T2,E-Pharmacy,DePURA Kids 15 ml,102,11539.05,0.1494,0.93,7,pre_recall
2023-01-01,TR08,Chandigarh-Mohali,North,Chandigarh,T2,Hospital Pharmacy,DePURA Kids 10 ml,38,3548.35,0.0119,0.948,7,pre_recall
2023-01-01,TR08,Chandigarh-Mohali,North,Chandigarh,T2,Hospital Pharmacy,DePURA Kids 15 ml,79,10251.71,0.0243,0.906,7,pre_recall
2023-01-01,TR08,Chandigarh-Mohali,North,Chandigarh,T2,Pharmacy Chain,DePURA Kids 10 ml,34,2993.61,0.0683,0.945,7,pre_recall
2023-01-01,TR08,Chandigarh-Mohali,North,Chandigarh,T2,Pharmacy Chain,DePURA Kids 15 ml,97,11863.59,0.0804,0.919,7,pre_recall
2023-01-01,TR08,Chandigarh-Mohali,North,Chandigarh,T2,Retail Chemist,DePURA Kids 10 ml,132,12015.87,0.0367,0.916,7,pre_recall
2023-01-01,TR08,Chandigarh-Mohali,North,Chandigarh,T2,Retail Chemist,DePURA Kids 15 ml,455,58625.03,0.0312,0.955,7,pre_recall
2023-01-01,TR09,Ludhiana-Amritsar,North,Punjab,T2,E-Pharmacy,DePURA Kids 10 ml,25,2056.62,0.1295,0.92,6,pre_recall
2023-01-01,TR09,Ludhiana-Amritsar,North,Punjab,T2,E-Pharmacy,DePURA Kids 15 ml,92,9933.69,0.1882,0.914,6,pre_recall
2023-01-01,TR09,Ludhiana-Amritsar,North,Punjab,T2,Hospital Pharmacy,DePURA Kids 10 ml,38,3512.62,0.0218,0.9,6,pre_recall
2023-01-01,TR09,Ludhiana-Amritsar,North,Punjab,T2,Hospital Pharmacy,DePURA Kids 15 ml,123,16122.63,0.0144,0.883,6,pre_recall
2023-01-01,TR09,Ludhiana-Amritsar,North,Punjab,T2,Pharmacy Chain,DePURA Kids 10 ml,38,3368.72,0.0619,0.973,6,pre_recall
2023-01-01,TR09,Ludhiana-Amritsar,North,Punjab,T2,Pharmacy Chain,DePURA Kids 15 ml,122,15537.74,0.0424,0.914,6,pre_recall
2023-01-01,TR09,Ludhiana-Amritsar,North,Punjab,T2,Retail Chemist,DePURA Kids 10 ml,136,12312.21,0.042,0.898,6,pre_recall
2023-01-01,TR09,Ludhiana-Amritsar,North,Punjab,T2,Retail Chemist,DePURA Kids 15 ml,510,64932.13,0.0427,0.849,6,pre_recall
2023-01-01,TR10,Jaipur,North,Rajasthan,T2,E-Pharmacy,DePURA Kids 10 ml,14,1119.41,0.1539,0.997,7,pre_recall
2023-01-01,TR10,Jaipur,North,Rajasthan,T2,E-Pharmacy,DePURA Kids 15 ml,35,3948.75,0.1517,0.949,7,pre_recall
2023-01-01,TR10,Jaipur,North,Rajasthan,T2,Hospital Pharmacy,DePURA Kids 10 ml,18,1676.17,0.0146,1.0,7,pre_recall
2023-01-01,TR10,Jaipur,North,Rajasthan,T2,Hospital Pharmacy,DePURA Kids 15 ml,58,7410.6,0.0393,0.91,7,pre_recall
2023-01-01,TR10,Jaipur,North,Rajasthan,T2,Pharmacy Chain,DePURA Kids 10 ml,16,1359.99,0.1005,0.93,7,pre_recall
2023-01-01,TR10,Jaipur,North,Rajasthan,T2,Pharmacy Chain,DePURA Kids 15 ml,54,6604.45,0.0804,0.934,7,pre_recall
2023-01-01,TR10,Jaipur,North,Rajasthan,T2,Retail Chemist,DePURA Kids 10 ml,91,8144.52,0.0529,0.913,7,pre_recall
2023-01-01,TR10,Jaipur,North,Rajasthan,T2,Retail Chemist,DePURA Kids 15 ml,279,35295.78,0.0488,0.971,7,pre_recall
2023-01-01,TR11,Dehradun,North,Uttarakhand,T3,E-Pharmacy,DePURA Kids 10 ml,13,1046.89,0.1478,0.939,6,pre_recall
2023-01-01,TR11,Dehradun,North,Uttarakhand,T3,E-Pharmacy,DePURA Kids 15 ml,25,2818.39,0.1524,0.966,6,pre_recall
2023-01-01,TR11,Dehradun,North,Uttarakhand,T3,Hospital Pharmacy,DePURA Kids 10 ml,24,2221.5,0.0205,0.918,6,pre_recall
2023-01-01,TR11,Dehradun,North,Uttarakhand,T3,Hospital Pharmacy,DePURA Kids 15 ml,43,5521.26,0.0346,0.896,6,pre_recall
2023-01-01,TR11,Dehradun,North,Uttarakhand,T3,Pharmacy Chain,DePURA Kids 10 ml,12,1054.26,0.0703,0.908,6,pre_recall
2023-01-01,TR11,Dehradun,North,Uttarakhand,T3,Pharmacy Chain,DePURA Kids 15 ml,33,4072.72,0.0721,0.897,6,pre_recall
2023-01-01,TR11,Dehradun,North,Uttarakhand,T3,Retail Chemist,DePURA Kids 10 ml,100,9117.48,0.0352,0.87,6,pre_recall
2023-01-01,TR11,Dehradun,North,Uttarakhand,T3,Retail Chemist,DePURA Kids 15 ml,209,26743.71,0.0379,0.88,6,pre_recall
2023-01-01,TR12,Mumbai West,West,Maharashtra,T1,E-Pharmacy,DePURA Kids 10 ml,31,2494.28,0.1486,0.995,10,pre_recall
2023-01-01,TR12,Mumbai West,West,Maharashtra,T1,E-Pharmacy,DePURA Kids 15 ml,164,18736.48,0.141,0.962,10,pre_recall
2023-01-01,TR12,Mumbai West,West,Maharashtra,T1,Hospital Pharmacy,DePURA Kids 10 ml,28,2599.59,0.0175,0.901,10,pre_recall
2023-01-01,TR12,Mumbai West,West,Maharashtra,T1,Hospital Pharmacy,DePURA Kids 15 ml,152,19958.6,0.0127,0.983,10,pre_recall
2023-01-01,TR12,Mumbai West,West,Maharashtra,T1,Pharmacy Chain,DePURA Kids 10 ml,56,4855.32,0.0825,1.0,10,pre_recall
2023-01-01,TR12,Mumbai West,West,Maharashtra,T1,Pharmacy Chain,DePURA Kids 15 ml,233,28768.15,0.0717,0.942,10,pre_recall
2023-01-01,TR12,Mumbai West,West,Maharashtra,T1,Retail Chemist,DePURA Kids 10 ml,127,11599.55,0.0335,0.916,10,pre_recall
2023-01-01,TR12,Mumbai West,West,Maharashtra,T1,Retail Chemist,DePURA Kids 15 ml,481,60722.06,0.0508,0.919,10,pre_recall
2023-01-01,TR13,Mumbai Thane,West,Maharashtra,T1,E-Pharmacy,DePURA Kids 10 ml,104,8203.38,0.1653,1.0,14,pre_recall
2023-01-01,TR13,Mumbai Thane,West,Maharashtra,T1,E-Pharmacy,DePURA Kids 15 ml,598,65460.71,0.1769,0.94,14,pre_recall
2023-01-01,TR13,Mumbai Thane,West,Maharashtra,T1,Hospital Pharmacy,DePURA Kids 10 ml,96,8974.93,0.0107,0.96,14,pre_recall
2023-01-01,TR13,Mumbai Thane,West,Maharashtra,T1,Hospital Pharmacy,DePURA Kids 15 ml,380,49199.32,0.0265,0.931,14,pre_recall
2023-01-01,TR13,Mumbai Thane,West,Maharashtra,T1,Pharmacy Chain,DePURA Kids 10 ml,131,11664.76,0.0577,0.946,14,pre_recall
2023-01-01,TR13,Mumbai Thane,West,Maharashtra,T1,Pharmacy Chain,DePURA Kids 15 ml,647,78621.13,0.0863,1.0,14,pre_recall
2023-01-01,TR13,Mumbai Thane,West,Maharashtra,T1,Retail Chemist,DePURA Kids 10 ml,236,21281.56,0.0458,0.967,14,pre_recall
2023-01-01,TR13,Mumbai Thane,West,Maharashtra,T1,Retail Chemist,DePURA Kids 15 ml,1345,173461.85,0.0303,0.984,14,pre_recall
2023-01-01,TR14,Pune,West,Maharashtra,T1,E-Pharmacy,DePURA Kids 10 ml,54,4377.67,0.1421,0.967,11,pre_recall
2023-01-01,TR14,Pune,West,Maharashtra,T1,E-Pharmacy,DePURA Kids 15 ml,302,34041.26,0.1525,0.847,11,pre_recall
2023-01-01,TR14,Pune,West,Maharashtra,T1,Hospital Pharmacy,DePURA Kids 10 ml,58,5341.05,0.0255,0.871,11,pre_recall
2023-01-01,TR14,Pune,West,Maharashtra,T1,Hospital Pharmacy,DePURA Kids 15 ml,209,27171.88,0.0225,0.894,11,pre_recall
2023-01-01,TR14,Pune,West,Maharashtra,T1,Pharmacy Chain,DePURA Kids 10 ml,96,8467.96,0.0666,0.851,11,pre_recall
2023-01-01,TR14,Pune,West,Maharashtra,T1,Pharmacy Chain,DePURA Kids 15 ml,375,46681.44,0.064,0.904,11,pre_recall
2023-01-01,TR14,Pune,West,Maharashtra,T1,Retail Chemist,DePURA Kids 10 ml,180,16256.22,0.0443,0.882,11,pre_recall
2023-01-01,TR14,Pune,West,Maharashtra,T1,Retail Chemist,DePURA Kids 15 ml,979,123429.65,0.0521,0.958,11,pre_recall
2023-01-01,TR15,Nagpur,West,Maharashtra,T2,E-Pharmacy,DePURA Kids 10 ml,26,2121.24,0.1367,0.902,10,pre_recall
2023-01-01,TR15,Nagpur,West,Maharashtra,T2,E-Pharmacy,DePURA Kids 15 ml,75,8479.13,0.15,0.938,10,pre_recall
2023-01-01,TR15,Nagpur,West,Maharashtra,T2,Hospital Pharmacy,DePURA Kids 10 ml,33,3049.81,0.022,0.949,10,pre_recall
2023-01-01,TR15,Nagpur,West,Maharashtra,T2,Hospital Pharmacy,DePURA Kids 15 ml,115,14645.87,0.0424,0.932,10,pre_recall
2023-01-01,TR15,Nagpur,West,Maharashtra,T2,Pharmacy Chain,DePURA Kids 10 ml,34,3060.95,0.0473,0.922,10,pre_recall
2023-01-01,TR15,Nagpur,West,Maharashtra,T2,Pharmacy Chain,DePURA Kids 15 ml,106,12890.35,0.0857,0.892,10,pre_recall
2023-01-01,TR15,Nagpur,West,Maharashtra,T2,Retail Chemist,DePURA Kids 10 ml,139,12697.17,0.0334,0.901,10,pre_recall
2023-01-01,TR15,Nagpur,West,Maharashtra,T2,Retail Chemist,DePURA Kids 15 ml,372,47361.11,0.0427,0.911,10,pre_recall
2023-01-01,TR16,Ahmedabad,West,Gujarat,T1,E-Pharmacy,DePURA Kids 10 ml,88,7012.56,0.1567,0.919,16,pre_recall
2023-01-01,TR16,Ahmedabad,West,Gujarat,T1,E-Pharmacy,DePURA Kids 15 ml,370,41536.65,0.1559,0.978,16,pre_recall
2023-01-01,TR16,Ahmedabad,West,Gujarat,T1,Hospital Pharmacy,DePURA Kids 10 ml,69,6288.59,0.0356,0.888,16,pre_recall
2023-01-01,TR16,Ahmedabad,West,Gujarat,T1,Hospital Pharmacy,DePURA Kids 15 ml,284,37409.17,0.0096,0.891,16,pre_recall
2023-01-01,TR16,Ahmedabad,West,Gujarat,T1,Pharmacy Chain,DePURA Kids 10 ml,104,9386.25,0.0449,0.877,16,pre_recall
2023-01-01,TR16,Ahmedabad,West,Gujarat,T1,Pharmacy Chain,DePURA Kids 15 ml,553,66453.78,0.0965,0.893,16,pre_recall
2023-01-01,TR16,Ahmedabad,West,Gujarat,T1,Retail Chemist,DePURA Kids 10 ml,274,25022.67,0.0336,0.888,16,pre_recall
2023-01-01,TR16,Ahmedabad,West,Gujarat,T1,Retail Chemist,DePURA Kids 15 ml,1033,130850.09,0.0476,0.882,16,pre_recall
2023-01-01,TR17,Surat-Vadodara,West,Gujarat,T2,E-Pharmacy,DePURA Kids 10 ml,35,2888.56,0.1267,0.981,5,pre_recall
2023-01-01,TR17,Surat-Vadodara,West,Gujarat,T2,E-Pharmacy,DePURA Kids 15 ml,84,9564.46,0.1439,0.9,5,pre_recall
2023-01-01,TR17,Surat-Vadodara,West,Gujarat,T2,Hospital Pharmacy,DePURA Kids 10 ml,24,2220.35,0.021,0.83,5,pre_recall
2023-01-01,TR17,Surat-Vadodara,West,Gujarat,T2,Hospital Pharmacy,DePURA Kids 15 ml,93,12012.62,0.0288,0.895,5,pre_recall
2023-01-01,TR17,Surat-Vadodara,West,Gujarat,T2,Pharmacy Chain,DePURA Kids 10 ml,34,2954.5,0.0805,0.867,5,pre_recall
2023-01-01,TR17,Surat-Vadodara,West,Gujarat,T2,Pharmacy Chain,DePURA Kids 15 ml,119,14440.83,0.0876,0.944,5,pre_recall
2023-01-01,TR17,Surat-Vadodara,West,Gujarat,T2,Retail Chemist,DePURA Kids 10 ml,121,11022.22,0.0361,0.891,5,pre_recall
2023-01-01,TR17,Surat-Vadodara,West,Gujarat,T2,Retail Chemist,DePURA Kids 15 ml,457,57645.75,0.0516,0.85,5,pre_recall
2023-01-01,TR18,Rajkot,West,Gujarat,T3,E-Pharmacy,DePURA Kids 10 ml,18,1435.13,0.1563,0.966,7,pre_recall
2023-01-01,TR18,Rajkot,West,Gujarat,T3,E-Pharmacy,DePURA Kids 15 ml,57,6066.2,0.1998,0.978,7,pre_recall
2023-01-01,TR18,Rajkot,West,Gujarat,T3,Hospital Pharmacy,DePURA Kids 10 ml,32,3024.0,0.0,0.922,7,pre_recall
2023-01-01,TR18,Rajkot,West,Gujarat,T3,Hospital Pharmacy,DePURA Kids 15 ml,87,11096.21,0.041,0.842,7,pre_recall
2023-01-01,TR18,Rajkot,West,Gujarat,T3,Pharmacy Chain,DePURA Kids 10 ml,22,1935.48,0.069,0.9,7,pre_recall
2023-01-01,TR18,Rajkot,West,Gujarat,T3,Pharmacy Chain,DePURA Kids 15 ml,51,6273.8,0.0751,0.92,7,pre_recall
2023-01-01,TR18,Rajkot,West,Gujarat,T3,Retail Chemist,DePURA Kids 10 ml,218,19847.13,0.0366,0.989,7,pre_recall
2023-01-01,TR18,Rajkot,West,Gujarat,T3,Retail Chemist,DePURA Kids 15 ml,408,51800.41,0.0454,0.898,7,pre_recall
2023-01-01,TR19,Indore,Central,Madhya Pradesh,T2,E-Pharmacy,DePURA Kids 10 ml,48,3868.1,0.1472,0.892,6,pre_recall
2023-01-01,TR19,Indore,Central,Madhya Pradesh,T2,E-Pharmacy,DePURA Kids 15 ml,136,15078.76,0.1664,0.901,6,pre_recall
2023-01-01,TR19,Indore,Central,Madhya Pradesh,T2,Hospital Pharmacy,DePURA Kids 10 ml,57,5272.77,0.0211,0.897,6,pre_recall
2023-01-01,TR19,Indore,Central,Madhya Pradesh,T2,Hospital Pharmacy,DePURA Kids 15 ml,182,23864.96,0.0141,0.874,6,pre_recall
2023-01-01,TR19,Indore,Central,Madhya Pradesh,T2,Pharmacy Chain,DePURA Kids 10 ml,53,4542.18,0.0931,0.927,6,pre_recall
2023-01-01,TR19,Indore,Central,Madhya Pradesh,T2,Pharmacy Chain,DePURA Kids 15 ml,165,20387.46,0.071,0.86,6,pre_recall
2023-01-01,TR19,Indore,Central,Madhya Pradesh,T2,Retail Chemist,DePURA Kids 10 ml,202,18357.37,0.0383,0.821,6,pre_recall
2023-01-01,TR19,Indore,Central,Madhya Pradesh,T2,Retail Chemist,DePURA Kids 15 ml,714,91858.44,0.0327,0.897,6,pre_recall
2023-01-01,TR20,Bhopal,Central,Madhya Pradesh,T2,E-Pharmacy,DePURA Kids 10 ml,17,1357.56,0.155,0.921,3,pre_recall
2023-01-01,TR20,Bhopal,Central,Madhya Pradesh,T2,E-Pharmacy,DePURA Kids 15 ml,53,5991.5,0.15,0.904,3,pre_recall
2023-01-01,TR20,Bhopal,Central,Madhya Pradesh,T2,Hospital Pharmacy,DePURA Kids 10 ml,23,2127.04,0.0214,0.962,3,pre_recall
2023-01-01,TR20,Bhopal,Central,Madhya Pradesh,T2,Hospital Pharmacy,DePURA Kids 15 ml,82,10781.29,0.0114,0.872,3,pre_recall
2023-01-01,TR20,Bhopal,Central,Madhya Pradesh,T2,Pharmacy Chain,DePURA Kids 10 ml,21,1814.71,0.0856,0.896,3,pre_recall
2023-01-01,TR20,Bhopal,Central,Madhya Pradesh,T2,Pharmacy Chain,DePURA Kids 15 ml,68,8152.4,0.0986,0.884,3,pre_recall
2023-01-01,TR20,Bhopal,Central,Madhya Pradesh,T2,Retail Chemist,DePURA Kids 10 ml,105,9331.31,0.0596,0.939,3,pre_recall
2023-01-01,TR20,Bhopal,Central,Madhya Pradesh,T2,Retail Chemist,DePURA Kids 15 ml,262,33852.4,0.0285,0.854,3,pre_recall
2023-01-01,TR21,Jabalpur,Central,Madhya Pradesh,T3,E-Pharmacy,DePURA Kids 10 ml,14,1133.95,0.1429,0.968,5,pre_recall
2023-01-01,TR21,Jabalpur,Central,Madhya Pradesh,T3,E-Pharmacy,DePURA Kids 15 ml,38,4299.78,0.1492,0.992,5,pre_recall
2023-01-01,TR21,Jabalpur,Central,Madhya Pradesh,T3,Hospital Pharmacy,DePURA Kids 10 ml,30,2833.96,0.0004,0.964,5,pre_recall
2023-01-01,TR21,Jabalpur,Central,Madhya Pradesh,T3,Hospital Pharmacy,DePURA Kids 15 ml,67,8623.91,0.0322,0.937,5,pre_recall
2023-01-01,TR21,Jabalpur,Central,Madhya Pradesh,T3,Pharmacy Chain,DePURA Kids 10 ml,16,1377.22,0.0891,0.987,5,pre_recall
2023-01-01,TR21,Jabalpur,Central,Madhya Pradesh,T3,Pharmacy Chain,DePURA Kids 15 ml,39,4608.56,0.1115,0.949,5,pre_recall
2023-01-01,TR21,Jabalpur,Central,Madhya Pradesh,T3,Retail Chemist,DePURA Kids 10 ml,174,15720.38,0.0439,0.934,5,pre_recall
2023-01-01,TR21,Jabalpur,Central,Madhya Pradesh,T3,Retail Chemist,DePURA Kids 15 ml,396,49481.82,0.0605,0.949,5,pre_recall
2023-01-01,TR22,Raipur,Central,Chhattisgarh,T3,E-Pharmacy,DePURA Kids 10 ml,17,1380.54,0.1407,0.938,6,pre_recall
2023-01-01,TR22,Raipur,Central,Chhattisgarh,T3,E-Pharmacy,DePURA Kids 15 ml,48,5395.56,0.1548,0.923,6,pre_recall
2023-01-01,TR22,Raipur,Central,Chhattisgarh,T3,Hospital Pharmacy,DePURA Kids 10 ml,38,3489.97,0.0281,0.892,6,pre_recall
2023-01-01,TR22,Raipur,Central,Chhattisgarh,T3,Hospital Pharmacy,DePURA Kids 15 ml,91,11678.5,0.0351,0.88,6,pre_recall
2023-01-01,TR22,Raipur,Central,Chhattisgarh,T3,Pharmacy Chain,DePURA Kids 10 ml,20,1755.18,0.0713,0.869,6,pre_recall
2023-01-01,TR22,Raipur,Central,Chhattisgarh,T3,Pharmacy Chain,DePURA Kids 15 ml,54,6470.29,0.0991,0.868,6,pre_recall
2023-01-01,TR22,Raipur,Central,Chhattisgarh,T3,Retail Chemist,DePURA Kids 10 ml,194,17540.11,0.0432,0.854,6,pre_recall
2023-01-01,TR22,Raipur,Central,Chhattisgarh,T3,Retail Chemist,DePURA Kids 15 ml,408,51755.8,0.0462,0.924,6,pre_recall
2023-01-01,TR23,Bengaluru North,South,Karnataka,T1,E-Pharmacy,DePURA Kids 10 ml,89,7067.69,0.1597,0.952,11,pre_recall
2023-01-01,TR23,Bengaluru North,South,Karnataka,T1,E-Pharmacy,DePURA Kids 15 ml,390,44312.26,0.1457,0.943,11,pre_recall
2023-01-01,TR23,Bengaluru North,South,Karnataka,T1,Hospital Pharmacy,DePURA Kids 10 ml,67,6199.88,0.0208,0.914,11,pre_recall
2023-01-01,TR23,Bengaluru North,South,Karnataka,T1,Hospital Pharmacy,DePURA Kids 15 ml,436,57943.25,0.0008,0.924,11,pre_recall
2023-01-01,TR23,Bengaluru North,South,Karnataka,T1,Pharmacy Chain,DePURA Kids 10 ml,101,8885.15,0.0691,0.891,11,pre_recall
2023-01-01,TR23,Bengaluru North,South,Karnataka,T1,Pharmacy Chain,DePURA Kids 15 ml,478,58802.15,0.0751,0.972,11,pre_recall
2023-01-01,TR23,Bengaluru North,South,Karnataka,T1,Retail Chemist,DePURA Kids 10 ml,339,31205.23,0.0259,1.0,11,pre_recall
2023-01-01,TR23,Bengaluru North,South,Karnataka,T1,Retail Chemist,DePURA Kids 15 ml,1141,143708.22,0.053,0.878,11,pre_recall
2023-01-01,TR24,Bengaluru South,South,Karnataka,T1,E-Pharmacy,DePURA Kids 10 ml,115,9114.93,0.1613,0.932,16,pre_recall
2023-01-01,TR24,Bengaluru South,South,Karnataka,T1,E-Pharmacy,DePURA Kids 15 ml,541,60247.9,0.1627,0.941,16,pre_recall
2023-01-01,TR24,Bengaluru South,South,Karnataka,T1,Hospital Pharmacy,DePURA Kids 10 ml,84,7742.97,0.0246,0.894,16,pre_recall
2023-01-01,TR24,Bengaluru South,South,Karnataka,T1,Hospital Pharmacy,DePURA Kids 15 ml,402,52579.41,0.0166,0.848,16,pre_recall
2023-01-01,TR24,Bengaluru South,South,Karnataka,T1,Pharmacy Chain,DePURA Kids 10 ml,125,10917.81,0.0757,0.868,16,pre_recall
2023-01-01,TR24,Bengaluru South,South,Karnataka,T1,Pharmacy Chain,DePURA Kids 15 ml,497,59637.33,0.0978,0.817,16,pre_recall
2023-01-01,TR24,Bengaluru South,South,Karnataka,T1,Retail Chemist,DePURA Kids 10 ml,364,32717.41,0.0489,0.881,16,pre_recall
2023-01-01,TR24,Bengaluru South,South,Karnataka,T1,Retail Chemist,DePURA Kids 15 ml,1657,206388.49,0.0635,0.938,16,pre_recall
2023-01-01,TR25,Mysuru-Mangaluru,South,Karnataka,T3,E-Pharmacy,DePURA Kids 10 ml,7,574.89,0.1309,1.0,4,pre_recall
2023-01-01,TR25,Mysuru-Mangaluru,South,Karnataka,T3,E-Pharmacy,DePURA Kids 15 ml,23,2567.39,0.1607,0.923,4,pre_recall
2023-01-01,TR25,Mysuru-Mangaluru,South,Karnataka,T3,Hospital Pharmacy,DePURA Kids 10 ml,13,1225.11,0.0028,0.917,4,pre_recall
2023-01-01,TR25,Mysuru-Mangaluru,South,Karnataka,T3,Hospital Pharmacy,DePURA Kids 15 ml,35,4655.0,0.0,0.844,4,pre_recall
2023-01-01,TR25,Mysuru-Mangaluru,South,Karnataka,T3,Pharmacy Chain,DePURA Kids 10 ml,12,1049.29,0.0747,0.921,4,pre_recall
2023-01-01,TR25,Mysuru-Mangaluru,South,Karnataka,T3,Pharmacy Chain,DePURA Kids 15 ml,25,3069.64,0.0768,0.952,4,pre_recall
2023-01-01,TR25,Mysuru-Mangaluru,South,Karnataka,T3,Retail Chemist,DePURA Kids 10 ml,97,8684.98,0.0525,0.936,4,pre_recall
2023-01-01,TR25,Mysuru-Mangaluru,South,Karnataka,T3,Retail Chemist,DePURA Kids 15 ml,183,23600.85,0.0303,0.875,4,pre_recall
2023-01-01,TR26,Chennai,South,Tamil Nadu,T1,E-Pharmacy,DePURA Kids 10 ml,101,8138.28,0.1473,1.0,16,pre_recall
2023-01-01,TR26,Chennai,South,Tamil Nadu,T1,E-Pharmacy,DePURA Kids 15 ml,547,62951.38,0.1347,1.0,16,pre_recall
2023-01-01,TR26,Chennai,South,Tamil Nadu,T1,Hospital Pharmacy,DePURA Kids 10 ml,89,8360.64,0.0059,0.965,16,pre_recall
2023-01-01,TR26,Chennai,South,Tamil Nadu,T1,Hospital Pharmacy,DePURA Kids 15 ml,405,53357.06,0.0094,0.948,16,pre_recall
2023-01-01,TR26,Chennai,South,Tamil Nadu,T1,Pharmacy Chain,DePURA Kids 10 ml,128,11164.95,0.077,0.886,16,pre_recall
2023-01-01,TR26,Chennai,South,Tamil Nadu,T1,Pharmacy Chain,DePURA Kids 15 ml,515,62796.51,0.0832,0.944,16,pre_recall
2023-01-01,TR26,Chennai,South,Tamil Nadu,T1,Retail Chemist,DePURA Kids 10 ml,262,23801.34,0.0387,0.947,16,pre_recall
2023-01-01,TR26,Chennai,South,Tamil Nadu,T1,Retail Chemist,DePURA Kids 15 ml,1381,180881.31,0.0152,0.903,16,pre_recall
2023-01-01,TR27,Coimbatore-Madurai,South,Tamil Nadu,T2,E-Pharmacy,DePURA Kids 10 ml,34,2683.06,0.1649,0.972,8,pre_recall
2023-01-01,TR27,Coimbatore-Madurai,South,Tamil Nadu,T2,E-Pharmacy,DePURA Kids 15 ml,116,13192.37,0.1449,1.0,8,pre_recall
2023-01-01,TR27,Coimbatore-Madurai,South,Tamil Nadu,T2,Hospital Pharmacy,DePURA Kids 10 ml,41,3869.38,0.0013,0.923,8,pre_recall
2023-01-01,TR27,Coimbatore-Madurai,South,Tamil Nadu,T2,Hospital Pharmacy,DePURA Kids 15 ml,140,18328.26,0.0157,0.957,8,pre_recall
2023-01-01,TR27,Coimbatore-Madurai,South,Tamil Nadu,T2,Pharmacy Chain,DePURA Kids 10 ml,52,4460.32,0.0923,0.976,8,pre_recall
2023-01-01,TR27,Coimbatore-Madurai,South,Tamil Nadu,T2,Pharmacy Chain,DePURA Kids 15 ml,150,18621.95,0.0666,0.951,8,pre_recall
2023-01-01,TR27,Coimbatore-Madurai,South,Tamil Nadu,T2,Retail Chemist,DePURA Kids 10 ml,199,18203.15,0.032,0.944,8,pre_recall
2023-01-01,TR27,Coimbatore-Madurai,South,Tamil Nadu,T2,Retail Chemist,DePURA Kids 15 ml,611,75894.1,0.0661,0.939,8,pre_recall
2023-01-01,TR28,Hyderabad,South,Telangana,T1,E-Pharmacy,DePURA Kids 10 ml,100,8036.23,0.1496,1.0,9,pre_recall
2023-01-01,TR28,Hyderabad,South,Telangana,T1,E-Pharmacy,DePURA Kids 15 ml,518,58641.91,0.1488,1.0,9,pre_recall
2023-01-01,TR28,Hyderabad,South,Telangana,T1,Hospital Pharmacy,DePURA Kids 10 ml,93,8680.35,0.0123,0.915,9,pre_recall
2023-01-01,TR28,Hyderabad,South,Telangana,T1,Hospital Pharmacy,DePURA Kids 15 ml,331,42350.4,0.038,0.915,9,pre_recall
2023-01-01,TR28,Hyderabad,South,Telangana,T1,Pharmacy Chain,DePURA Kids 10 ml,139,11953.47,0.09,0.88,9,pre_recall
2023-01-01,TR28,Hyderabad,South,Telangana,T1,Pharmacy Chain,DePURA Kids 15 ml,590,71346.44,0.0908,0.938,9,pre_recall
2023-01-01,TR28,Hyderabad,South,Telangana,T1,Retail Chemist,DePURA Kids 10 ml,321,28890.5,0.0476,0.941,9,pre_recall
2023-01-01,TR28,Hyderabad,South,Telangana,T1,Retail Chemist,DePURA Kids 15 ml,1328,170071.2,0.0371,0.937,9,pre_recall
2023-01-01,TR29,Vijayawada-Vizag,South,Andhra Pradesh,T2,E-Pharmacy,DePURA Kids 10 ml,16,1304.64,0.1371,0.921,5,pre_recall
2023-01-01,TR29,Vijayawada-Vizag,South,Andhra Pradesh,T2,E-Pharmacy,DePURA Kids 15 ml,58,6470.74,0.1612,1.0,5,pre_recall
2023-01-01,TR29,Vijayawada-Vizag,South,Andhra Pradesh,T2,Hospital Pharmacy,DePURA Kids 10 ml,21,1916.63,0.0342,0.982,5,pre_recall
2023-01-01,TR29,Vijayawada-Vizag,South,Andhra Pradesh,T2,Hospital Pharmacy,DePURA Kids 15 ml,60,7891.88,0.011,0.909,5,pre_recall
2023-01-01,TR29,Vijayawada-Vizag,South,Andhra Pradesh,T2,Pharmacy Chain,DePURA Kids 10 ml,26,2252.43,0.0833,0.94,5,pre_recall
2023-01-01,TR29,Vijayawada-Vizag,South,Andhra Pradesh,T2,Pharmacy Chain,DePURA Kids 15 ml,68,8142.03,0.0997,0.908,5,pre_recall
2023-01-01,TR29,Vijayawada-Vizag,South,Andhra Pradesh,T2,Retail Chemist,DePURA Kids 10 ml,108,9554.46,0.0638,0.975,5,pre_recall
2023-01-01,TR29,Vijayawada-Vizag,South,Andhra Pradesh,T2,Retail Chemist,DePURA Kids 15 ml,344,43948.83,0.0394,0.939,5,pre_recall
2023-01-01,TR30,Kochi-Trivandrum,South,Kerala,T2,E-Pharmacy,DePURA Kids 10 ml,40,3210.87,0.1506,0.934,5,pre_recall
2023-01-01,TR30,Kochi-Trivandrum,South,Kerala,T2,E-Pharmacy,DePURA Kids 15 ml,121,13799.69,0.1425,0.931,5,pre_recall
2023-01-01,TR30,Kochi-Trivandrum,South,Kerala,T2,Hospital Pharmacy,DePURA Kids 10 ml,52,4887.61,0.0054,0.917,5,pre_recall
2023-01-01,TR30,Kochi-Trivandrum,South,Kerala,T2,Hospital Pharmacy,DePURA Kids 15 ml,170,22066.3,0.024,0.873,5,pre_recall
2023-01-01,TR30,Kochi-Trivandrum,South,Kerala,T2,Pharmacy Chain,DePURA Kids 10 ml,44,3837.91,0.077,0.881,5,pre_recall
2023-01-01,TR30,Kochi-Trivandrum,South,Kerala,T2,Pharmacy Chain,DePURA Kids 15 ml,169,20773.68,0.0758,0.954,5,pre_recall
2023-01-01,TR30,Kochi-Trivandrum,South,Kerala,T2,Retail Chemist,DePURA Kids 10 ml,162,14916.65,0.0256,0.876,5,pre_recall
2023-01-01,TR30,Kochi-Trivandrum,South,Kerala,T2,Retail Chemist,DePURA Kids 15 ml,547,69936.62,0.0387,0.936,5,pre_recall
2023-01-01,TR31,Kolkata,East,West Bengal,T1,E-Pharmacy,DePURA Kids 10 ml,58,4584.63,0.1635,0.965,16,pre_recall
2023-01-01,TR31,Kolkata,East,West Bengal,T1,E-Pharmacy,DePURA Kids 15 ml,397,45185.23,0.1442,0.96,16,pre_recall
2023-01-01,TR31,Kolkata,East,West Bengal,T1,Hospital Pharmacy,DePURA Kids 10 ml,59,5534.91,0.0073,0.924,16,pre_recall
2023-01-01,TR31,Kolkata,East,West Bengal,T1,Hospital Pharmacy,DePURA Kids 15 ml,240,31891.71,0.0009,0.866,16,pre_recall
2023-01-01,TR31,Kolkata,East,West Bengal,T1,Pharmacy Chain,DePURA Kids 10 ml,94,8279.49,0.0679,0.905,16,pre_recall
2023-01-01,TR31,Kolkata,East,West Bengal,T1,Pharmacy Chain,DePURA Kids 15 ml,451,54180.19,0.0967,0.911,16,pre_recall
2023-01-01,TR31,Kolkata,East,West Bengal,T1,Retail Chemist,DePURA Kids 10 ml,218,19332.76,0.0616,0.956,16,pre_recall
2023-01-01,TR31,Kolkata,East,West Bengal,T1,Retail Chemist,DePURA Kids 15 ml,1063,135813.16,0.0394,0.963,16,pre_recall
2023-01-01,TR32,Siliguri-Durgapur,East,West Bengal,T3,E-Pharmacy,DePURA Kids 10 ml,11,880.13,0.1533,0.979,3,pre_recall
2023-01-01,TR32,Siliguri-Durgapur,East,West Bengal,T3,E-Pharmacy,DePURA Kids 15 ml,24,2685.51,0.1587,1.0,3,pre_recall
2023-01-01,TR32,Siliguri-Durgapur,East,West Bengal,T3,Hospital Pharmacy,DePURA Kids 10 ml,18,1671.89,0.0171,0.92,3,pre_recall
2023-01-01,TR32,Siliguri-Durgapur,East,West Bengal,T3,Hospital Pharmacy,DePURA Kids 15 ml,44,5715.4,0.0233,0.94,3,pre_recall
2023-01-01,TR32,Siliguri-Durgapur,East,West Bengal,T3,Pharmacy Chain,DePURA Kids 10 ml,9,804.19,0.0545,0.95,3,pre_recall
2023-01-01,TR32,Siliguri-Durgapur,East,West Bengal,T3,Pharmacy Chain,DePURA Kids 15 ml,29,3551.18,0.0793,0.984,3,pre_recall
2023-01-01,TR32,Siliguri-Durgapur,East,West Bengal,T3,Retail Chemist,DePURA Kids 10 ml,96,8753.16,0.0351,0.89,3,pre_recall
2023-01-01,TR32,Siliguri-Durgapur,East,West Bengal,T3,Retail Chemist,DePURA Kids 15 ml,244,31588.57,0.0266,0.957,3,pre_recall
2023-01-01,TR33,Patna,East,Bihar,T2,E-Pharmacy,DePURA Kids 10 ml,22,1768.33,0.1494,0.955,6,pre_recall
2023-01-01,TR33,Patna,East,Bihar,T2,E-Pharmacy,DePURA Kids 15 ml,61,6875.82,0.1525,0.911,6,pre_recall
2023-01-01,TR33,Patna,East,Bihar,T2,Hospital Pharmacy,DePURA Kids 10 ml,26,2380.38,0.0312,1.0,6,pre_recall
2023-01-01,TR33,Patna,East,Bihar,T2,Hospital Pharmacy,DePURA Kids 15 ml,78,10370.55,0.0003,0.971,6,pre_recall
2023-01-01,TR33,Patna,East,Bihar,T2,Pharmacy Chain,DePURA Kids 10 ml,35,3056.72,0.0758,0.957,6,pre_recall
2023-01-01,TR33,Patna,East,Bihar,T2,Pharmacy Chain,DePURA Kids 15 ml,98,11882.4,0.0884,0.957,6,pre_recall
2023-01-01,TR33,Patna,East,Bihar,T2,Retail Chemist,DePURA Kids 10 ml,97,8887.34,0.0305,0.949,6,pre_recall
2023-01-01,TR33,Patna,East,Bihar,T2,Retail Chemist,DePURA Kids 15 ml,475,61186.68,0.0315,0.934,6,pre_recall
2023-01-01,TR34,Ranchi,East,Jharkhand,T3,E-Pharmacy,DePURA Kids 10 ml,16,1292.59,0.1451,0.956,6,pre_recall
2023-01-01,TR34,Ranchi,East,Jharkhand,T3,E-Pharmacy,DePURA Kids 15 ml,35,3860.19,0.1707,0.941,6,pre_recall
2023-01-01,TR34,Ranchi,East,Jharkhand,T3,Hospital Pharmacy,DePURA Kids 10 ml,25,2276.05,0.0366,0.936,6,pre_recall
2023-01-01,TR34,Ranchi,East,Jharkhand,T3,Hospital Pharmacy,DePURA Kids 15 ml,58,7441.67,0.0353,0.9,6,pre_recall
2023-01-01,TR34,Ranchi,East,Jharkhand,T3,Pharmacy Chain,DePURA Kids 10 ml,15,1335.85,0.0576,0.894,6,pre_recall
2023-01-01,TR34,Ranchi,East,Jharkhand,T3,Pharmacy Chain,DePURA Kids 15 ml,37,4659.65,0.0531,0.902,6,pre_recall
2023-01-01,TR34,Ranchi,East,Jharkhand,T3,Retail Chemist,DePURA Kids 10 ml,138,12574.95,0.0357,0.898,6,pre_recall
2023-01-01,TR34,Ranchi,East,Jharkhand,T3,Retail Chemist,DePURA Kids 15 ml,319,40637.29,0.0422,0.912,6,pre_recall
2023-01-01,TR35,Bhubaneswar,East,Odisha,T2,E-Pharmacy,DePURA Kids 10 ml,25,2015.9,0.1467,0.919,6,pre_recall
2023-01-01,TR35,Bhubaneswar,East,Odisha,T2,E-Pharmacy,DePURA Kids 15 ml,83,9776.98,0.1143,0.931,6,pre_recall
2023-01-01,TR35,Bhubaneswar,East,Odisha,T2,Hospital Pharmacy,DePURA Kids 10 ml,36,3341.52,0.0178,0.924,6,pre_recall
2023-01-01,TR35,Bhubaneswar,East,Odisha,T2,Hospital Pharmacy,DePURA Kids 15 ml,90,11624.18,0.0289,0.931,6,pre_recall
2023-01-01,TR35,Bhubaneswar,East,Odisha,T2,Pharmacy Chain,DePURA Kids 10 ml,30,2666.81,0.0593,0.888,6,pre_recall
2023-01-01,TR35,Bhubaneswar,East,Odisha,T2,Pharmacy Chain,DePURA Kids 15 ml,82,9966.75,0.0861,0.883,6,pre_recall
2023-01-01,TR35,Bhubaneswar,East,Odisha,T2,Retail Chemist,DePURA Kids 10 ml,126,11557.0,0.0294,0.943,6,pre_recall
2023-01-01,TR35,Bhubaneswar,East,Odisha,T2,Retail Chemist,DePURA Kids 15 ml,391,50006.06,0.0384,0.918,6,pre_recall
2023-01-01,TR36,Guwahati,East,Assam,T2,E-Pharmacy,DePURA Kids 10 ml,39,3202.98,0.1309,1.0,8,pre_recall
2023-01-01,TR36,Guwahati,East,Assam,T2,E-Pharmacy,DePURA Kids 15 ml,126,14359.12,0.1431,0.98,8,pre_recall
2023-01-01,TR36,Guwahati,East,Assam,T2,Hospital Pharmacy,DePURA Kids 10 ml,34,3136.5,0.0238,1.0,8,pre_recall
2023-01-01,TR36,Guwahati,East,Assam,T2,Hospital Pharmacy,DePURA Kids 15 ml,143,18413.12,0.0319,0.971,8,pre_recall
2023-01-01,TR36,Guwahati,East,Assam,T2,Pharmacy Chain,DePURA Kids 10 ml,43,3785.05,0.0685,1.0,8,pre_recall
2023-01-01,TR36,Guwahati,East,Assam,T2,Pharmacy Chain,DePURA Kids 15 ml,145,17817.75,0.0761,0.971,8,pre_recall
2023-01-01,TR36,Guwahati,East,Assam,T2,Retail Chemist,DePURA Kids 10 ml,167,15272.23,0.0323,0.912,8,pre_recall
2023-01-01,TR36,Guwahati,East,Assam,T2,Retail Chemist,DePURA Kids 15 ml,492,62349.35,0.0472,0.946,8,pre_recall
2023-02-01,TR01,Delhi North,North,Delhi,T1,E-Pharmacy,DePURA Kids 10 ml,121,9934.17,0.1312,0.977,16,pre_recall
2023-02-01,TR01,Delhi North,North,Delhi,T1,E-Pharmacy,DePURA Kids 15 ml,476,54526.77,0.1387,0.949,16,pre_recall
2023-02-01,TR01,Delhi North,North,Delhi,T1,Hospital Pharmacy,DePURA Kids 10 ml,116,10708.79,0.0231,0.936,16,pre_recall
2023-02-01,TR01,Delhi North,North,Delhi,T1,Hospital Pharmacy,DePURA Kids 15 ml,542,71027.09,0.0147,0.981,16,pre_recall
2023-02-01,TR01,Delhi North,North,Delhi,T1,Pharmacy Chain,DePURA Kids 10 ml,131,11190.7,0.096,0.9,16,pre_recall
2023-02-01,TR01,Delhi North,North,Delhi,T1,Pharmacy Chain,DePURA Kids 15 ml,581,69580.69,0.0995,0.963,16,pre_recall
2023-02-01,TR01,Delhi North,North,Delhi,T1,Retail Chemist,DePURA Kids 10 ml,321,28877.84,0.048,0.944,16,pre_recall
2023-02-01,TR01,Delhi North,North,Delhi,T1,Retail Chemist,DePURA Kids 15 ml,1721,219973.77,0.039,0.935,16,pre_recall
2023-02-01,TR02,Delhi South,North,Delhi,T1,E-Pharmacy,DePURA Kids 10 ml,102,8229.72,0.1462,0.899,12,pre_recall
2023-02-01,TR02,Delhi South,North,Delhi,T1,E-Pharmacy,DePURA Kids 15 ml,459,51426.34,0.1576,0.919,12,pre_recall
2023-02-01,TR02,Delhi South,North,Delhi,T1,Hospital Pharmacy,DePURA Kids 10 ml,97,9128.42,0.0042,0.932,12,pre_recall
2023-02-01,TR02,Delhi South,North,Delhi,T1,Hospital Pharmacy,DePURA Kids 15 ml,406,52821.73,0.0218,0.891,12,pre_recall
2023-02-01,TR02,Delhi South,North,Delhi,T1,Pharmacy Chain,DePURA Kids 10 ml,99,8616.59,0.079,0.882,12,pre_recall
2023-02-01,TR02,Delhi South,North,Delhi,T1,Pharmacy Chain,DePURA Kids 15 ml,530,66464.85,0.0571,0.877,12,pre_recall
2023-02-01,TR02,Delhi South,North,Delhi,T1,Retail Chemist,DePURA Kids 10 ml,316,28815.07,0.0351,0.98,12,pre_recall
2023-02-01,TR02,Delhi South,North,Delhi,T1,Retail Chemist,DePURA Kids 15 ml,1834,236684.86,0.0297,0.883,12,pre_recall
2023-02-01,TR03,Noida-Ghaziabad,North,Uttar Pradesh,T2,E-Pharmacy,DePURA Kids 10 ml,25,1966.22,0.1677,0.936,5,pre_recall
2023-02-01,TR03,Noida-Ghaziabad,North,Uttar Pradesh,T2,E-Pharmacy,DePURA Kids 15 ml,93,10500.59,0.1511,0.965,5,pre_recall
2023-02-01,TR03,Noida-Ghaziabad,North,Uttar Pradesh,T2,Hospital Pharmacy,DePURA Kids 10 ml,36,3379.57,0.0066,0.917,5,pre_recall
2023-02-01,TR03,Noida-Ghaziabad,North,Uttar Pradesh,T2,Hospital Pharmacy,DePURA Kids 15 ml,117,15292.07,0.0173,0.884,5,pre_recall
2023-02-01,TR03,Noida-Ghaziabad,North,Uttar Pradesh,T2,Pharmacy Chain,DePURA Kids 10 ml,46,3954.35,0.0903,0.939,5,pre_recall
2023-02-01,TR03,Noida-Ghaziabad,North,Uttar Pradesh,T2,Pharmacy Chain,DePURA Kids 15 ml,112,13589.1,0.0877,0.958,5,pre_recall
2023-02-01,TR03,Noida-Ghaziabad,North,Uttar Pradesh,T2,Retail Chemist,DePURA Kids 10 ml,159,14804.51,0.0147,0.906,5,pre_recall
2023-02-01,TR03,Noida-Ghaziabad,North,Uttar Pradesh,T2,Retail Chemist,DePURA Kids 15 ml,519,65493.39,0.0512,0.938,5,pre_recall
2023-02-01,TR04,Gurugram-Faridabad,North,Haryana,T2,E-Pharmacy,DePURA Kids 10 ml,24,1905.61,0.1598,0.966,8,pre_recall
2023-02-01,TR04,Gurugram-Faridabad,North,Haryana,T2,E-Pharmacy,DePURA Kids 15 ml,100,11169.67,0.1602,0.97,8,pre_recall
2023-02-01,TR04,Gurugram-Faridabad,North,Haryana,T2,Hospital Pharmacy,DePURA Kids 10 ml,32,2967.16,0.0188,0.935,8,pre_recall
2023-02-01,TR04,Gurugram-Faridabad,North,Haryana,T2,Hospital Pharmacy,DePURA Kids 15 ml,112,14755.6,0.0094,1.0,8,pre_recall
2023-02-01,TR04,Gurugram-Faridabad,North,Haryana,T2,Pharmacy Chain,DePURA Kids 10 ml,34,2926.57,0.0891,0.944,8,pre_recall
2023-02-01,TR04,Gurugram-Faridabad,North,Haryana,T2,Pharmacy Chain,DePURA Kids 15 ml,84,10273.35,0.0804,0.905,8,pre_recall
2023-02-01,TR04,Gurugram-Faridabad,North,Haryana,T2,Retail Chemist,DePURA Kids 10 ml,149,13461.9,0.0439,0.921,8,pre_recall
2023-02-01,TR04,Gurugram-Faridabad,North,Haryana,T2,Retail Chemist,DePURA Kids 15 ml,430,54891.33,0.0402,0.96,8,pre_recall
2023-02-01,TR05,Lucknow,North,Uttar Pradesh,T2,E-Pharmacy,DePURA Kids 10 ml,32,2578.66,0.1473,1.0,6,pre_recall
2023-02-01,TR05,Lucknow,North,Uttar Pradesh,T2,E-Pharmacy,DePURA Kids 15 ml,92,10111.02,0.1737,0.931,6,pre_recall
2023-02-01,TR05,Lucknow,North,Uttar Pradesh,T2,Hospital Pharmacy,DePURA Kids 10 ml,39,3555.81,0.0352,0.843,6,pre_recall
2023-02-01,TR05,Lucknow,North,Uttar Pradesh,T2,Hospital Pharmacy,DePURA Kids 15 ml,104,13658.87,0.0125,0.884,6,pre_recall
2023-02-01,TR05,Lucknow,North,Uttar Pradesh,T2,Pharmacy Chain,DePURA Kids 10 ml,35,3016.37,0.0797,0.895,6,pre_recall
2023-02-01,TR05,Lucknow,North,Uttar Pradesh,T2,Pharmacy Chain,DePURA Kids 15 ml,110,13387.11,0.085,0.881,6,pre_recall
2023-02-01,TR05,Lucknow,North,Uttar Pradesh,T2,Retail Chemist,DePURA Kids 10 ml,165,14923.4,0.0429,0.902,6,pre_recall
2023-02-01,TR05,Lucknow,North,Uttar Pradesh,T2,Retail Chemist,DePURA Kids 15 ml,528,67258.71,0.0422,0.894,6,pre_recall
2023-02-01,TR06,Kanpur-Agra,North,Uttar Pradesh,T2,E-Pharmacy,DePURA Kids 10 ml,35,2870.0,0.1323,1.0,5,pre_recall
2023-02-01,TR06,Kanpur-Agra,North,Uttar Pradesh,T2,E-Pharmacy,DePURA Kids 15 ml,109,12053.03,0.1686,0.958,5,pre_recall
2023-02-01,TR06,Kanpur-Agra,North,Uttar Pradesh,T2,Hospital Pharmacy,DePURA Kids 10 ml,42,3804.78,0.0414,0.947,5,pre_recall
2023-02-01,TR06,Kanpur-Agra,North,Uttar Pradesh,T2,Hospital Pharmacy,DePURA Kids 15 ml,141,18651.51,0.0054,1.0,5,pre_recall
2023-02-01,TR06,Kanpur-Agra,North,Uttar Pradesh,T2,Pharmacy Chain,DePURA Kids 10 ml,52,4576.62,0.0687,0.88,5,pre_recall
2023-02-01,TR06,Kanpur-Agra,North,Uttar Pradesh,T2,Pharmacy Chain,DePURA Kids 15 ml,155,19432.3,0.0574,0.943,5,pre_recall
2023-02-01,TR06,Kanpur-Agra,North,Uttar Pradesh,T2,Retail Chemist,DePURA Kids 10 ml,194,17799.09,0.0291,0.912,5,pre_recall
2023-02-01,TR06,Kanpur-Agra,North,Uttar Pradesh,T2,Retail Chemist,DePURA Kids 15 ml,703,89146.33,0.0397,0.96,5,pre_recall
2023-02-01,TR07,Varanasi-Gorakhpur,North,Uttar Pradesh,T3,E-Pharmacy,DePURA Kids 10 ml,7,558.91,0.1551,0.901,3,pre_recall
2023-02-01,TR07,Varanasi-Gorakhpur,North,Uttar Pradesh,T3,E-Pharmacy,DePURA Kids 15 ml,17,1949.53,0.1378,0.938,3,pre_recall
2023-02-01,TR07,Varanasi-Gorakhpur,North,Uttar Pradesh,T3,Hospital Pharmacy,DePURA Kids 10 ml,10,922.32,0.024,0.875,3,pre_recall
2023-02-01,TR07,Varanasi-Gorakhpur,North,Uttar Pradesh,T3,Hospital Pharmacy,DePURA Kids 15 ml,26,3354.89,0.0298,0.894,3,pre_recall
2023-02-01,TR07,Varanasi-Gorakhpur,North,Uttar Pradesh,T3,Pharmacy Chain,DePURA Kids 10 ml,9,762.99,0.1029,0.922,3,pre_recall
2023-02-01,TR07,Varanasi-Gorakhpur,North,Uttar Pradesh,T3,Pharmacy Chain,DePURA Kids 15 ml,20,2500.04,0.0601,0.907,3,pre_recall
2023-02-01,TR07,Varanasi-Gorakhpur,North,Uttar Pradesh,T3,Retail Chemist,DePURA Kids 10 ml,58,5274.17,0.0377,0.86,3,pre_recall
2023-02-01,TR07,Varanasi-Gorakhpur,North,Uttar Pradesh,T3,Retail Chemist,DePURA Kids 15 ml,171,21634.72,0.0487,0.874,3,pre_recall
2023-02-01,TR08,Chandigarh-Mohali,North,Chandigarh,T2,E-Pharmacy,DePURA Kids 10 ml,23,1872.18,0.1386,1.0,7,pre_recall
2023-02-01,TR08,Chandigarh-Mohali,North,Chandigarh,T2,E-Pharmacy,DePURA Kids 15 ml,94,10664.62,0.147,0.964,7,pre_recall
2023-02-01,TR08,Chandigarh-Mohali,North,Chandigarh,T2,Hospital Pharmacy,DePURA Kids 10 ml,32,3012.15,0.0039,0.933,7,pre_recall
2023-02-01,TR08,Chandigarh-Mohali,North,Chandigarh,T2,Hospital Pharmacy,DePURA Kids 15 ml,102,12964.15,0.0444,0.866,7,pre_recall
2023-02-01,TR08,Chandigarh-Mohali,North,Chandigarh,T2,Pharmacy Chain,DePURA Kids 10 ml,32,2817.49,0.0683,0.962,7,pre_recall
2023-02-01,TR08,Chandigarh-Mohali,North,Chandigarh,T2,Pharmacy Chain,DePURA Kids 15 ml,118,14480.07,0.0774,0.92,7,pre_recall
2023-02-01,TR08,Chandigarh-Mohali,North,Chandigarh,T2,Retail Chemist,DePURA Kids 10 ml,123,11295.82,0.0282,0.892,7,pre_recall
2023-02-01,TR08,Chandigarh-Mohali,North,Chandigarh,T2,Retail Chemist,DePURA Kids 15 ml,489,62380.92,0.0408,0.931,7,pre_recall
2023-02-01,TR09,Ludhiana-Amritsar,North,Punjab,T2,E-Pharmacy,DePURA Kids 10 ml,28,2236.78,0.1547,0.909,6,pre_recall
2023-02-01,TR09,Ludhiana-Amritsar,North,Punjab,T2,E-Pharmacy,DePURA Kids 15 ml,73,8427.54,0.132,0.85,6,pre_recall
2023-02-01,TR09,Ludhiana-Amritsar,North,Punjab,T2,Hospital Pharmacy,DePURA Kids 10 ml,38,3496.74,0.0262,0.906,6,pre_recall
2023-02-01,TR09,Ludhiana-Amritsar,North,Punjab,T2,Hospital Pharmacy,DePURA Kids 15 ml,120,15423.94,0.0336,0.91,6,pre_recall
2023-02-01,TR09,Ludhiana-Amritsar,North,Punjab,T2,Pharmacy Chain,DePURA Kids 10 ml,42,3736.34,0.0586,0.906,6,pre_recall
2023-02-01,TR09,Ludhiana-Amritsar,North,Punjab,T2,Pharmacy Chain,DePURA Kids 15 ml,118,14788.49,0.0577,0.872,6,pre_recall
2023-02-01,TR09,Ludhiana-Amritsar,North,Punjab,T2,Retail Chemist,DePURA Kids 10 ml,148,13196.51,0.0564,0.884,6,pre_recall
2023-02-01,TR09,Ludhiana-Amritsar,North,Punjab,T2,Retail Chemist,DePURA Kids 15 ml,366,47510.97,0.024,0.923,6,pre_recall
2023-02-01,TR10,Jaipur,North,Rajasthan,T2,E-Pharmacy,DePURA Kids 10 ml,11,883.27,0.1503,0.939,7,pre_recall
2023-02-01,TR10,Jaipur,North,Rajasthan,T2,E-Pharmacy,DePURA Kids 15 ml,48,5371.11,0.1587,0.937,7,pre_recall
2023-02-01,TR10,Jaipur,North,Rajasthan,T2,Hospital Pharmacy,DePURA Kids 10 ml,14,1278.0,0.034,0.934,7,pre_recall
2023-02-01,TR10,Jaipur,North,Rajasthan,T2,Hospital Pharmacy,DePURA Kids 15 ml,69,8994.56,0.0199,0.956,7,pre_recall
2023-02-01,TR10,Jaipur,North,Rajasthan,T2,Pharmacy Chain,DePURA Kids 10 ml,15,1305.3,0.0792,0.957,7,pre_recall
2023-02-01,TR10,Jaipur,North,Rajasthan,T2,Pharmacy Chain,DePURA Kids 15 ml,56,6986.68,0.0619,0.995,7,pre_recall
2023-02-01,TR10,Jaipur,North,Rajasthan,T2,Retail Chemist,DePURA Kids 10 ml,91,8202.7,0.0461,0.902,7,pre_recall
2023-02-01,TR10,Jaipur,North,Rajasthan,T2,Retail Chemist,DePURA Kids 15 ml,248,32018.79,0.0293,0.929,7,pre_recall
2023-02-01,TR11,Dehradun,North,Uttarakhand,T3,E-Pharmacy,DePURA Kids 10 ml,9,713.73,0.1608,0.99,6,pre_recall
2023-02-01,TR11,Dehradun,North,Uttarakhand,T3,E-Pharmacy,DePURA Kids 15 ml,27,2976.47,0.1711,0.939,6,pre_recall
2023-02-01,TR11,Dehradun,North,Uttarakhand,T3,Hospital Pharmacy,DePURA Kids 10 ml,22,2030.59,0.0233,0.917,6,pre_recall
2023-02-01,TR11,Dehradun,North,Uttarakhand,T3,Hospital Pharmacy,DePURA Kids 15 ml,47,6115.4,0.0217,0.876,6,pre_recall
2023-02-01,TR11,Dehradun,North,Uttarakhand,T3,Pharmacy Chain,DePURA Kids 10 ml,15,1340.71,0.0542,0.931,6,pre_recall
2023-02-01,TR11,Dehradun,North,Uttarakhand,T3,Pharmacy Chain,DePURA Kids 15 ml,28,3483.86,0.0645,0.93,6,pre_recall
2023-02-01,TR11,Dehradun,North,Uttarakhand,T3,Retail Chemist,DePURA Kids 10 ml,93,8378.26,0.0467,0.849,6,pre_recall
2023-02-01,TR11,Dehradun,North,Uttarakhand,T3,Retail Chemist,DePURA Kids 15 ml,236,30285.27,0.0351,0.894,6,pre_recall
2023-02-01,TR12,Mumbai West,West,Maharashtra,T1,E-Pharmacy,DePURA Kids 10 ml,32,2506.67,0.1711,0.962,10,pre_recall
2023-02-01,TR12,Mumbai West,West,Maharashtra,T1,E-Pharmacy,DePURA Kids 15 ml,159,18051.56,0.1464,0.892,10,pre_recall
2023-02-01,TR12,Mumbai West,West,Maharashtra,T1,Hospital Pharmacy,DePURA Kids 10 ml,31,2888.87,0.0139,0.969,10,pre_recall
2023-02-01,TR12,Mumbai West,West,Maharashtra,T1,Hospital Pharmacy,DePURA Kids 15 ml,136,17470.25,0.0342,0.925,10,pre_recall
2023-02-01,TR12,Mumbai West,West,Maharashtra,T1,Pharmacy Chain,DePURA Kids 10 ml,53,4558.65,0.0898,0.972,10,pre_recall
2023-02-01,TR12,Mumbai West,West,Maharashtra,T1,Pharmacy Chain,DePURA Kids 15 ml,182,22406.08,0.0744,0.955,10,pre_recall
2023-02-01,TR12,Mumbai West,West,Maharashtra,T1,Retail Chemist,DePURA Kids 10 ml,106,9585.48,0.0431,0.964,10,pre_recall
2023-02-01,TR12,Mumbai West,West,Maharashtra,T1,Retail Chemist,DePURA Kids 15 ml,516,67134.16,0.0218,0.92,10,pre_recall
2023-02-01,TR13,Mumbai Thane,West,Maharashtra,T1,E-Pharmacy,DePURA Kids 10 ml,106,8263.99,0.175,1.0,14,pre_recall
2023-02-01,TR13,Mumbai Thane,West,Maharashtra,T1,E-Pharmacy,DePURA Kids 15 ml,337,39382.05,0.1213,0.955,14,pre_recall
2023-02-01,TR13,Mumbai Thane,West,Maharashtra,T1,Hospital Pharmacy,DePURA Kids 10 ml,73,6691.14,0.0301,0.94,14,pre_recall
2023-02-01,TR13,Mumbai Thane,West,Maharashtra,T1,Hospital Pharmacy,DePURA Kids 15 ml,386,51190.17,0.0029,0.922,14,pre_recall
2023-02-01,TR13,Mumbai Thane,West,Maharashtra,T1,Pharmacy Chain,DePURA Kids 10 ml,129,11449.8,0.0608,0.984,14,pre_recall
2023-02-01,TR13,Mumbai Thane,West,Maharashtra,T1,Pharmacy Chain,DePURA Kids 15 ml,428,52770.51,0.073,0.908,14,pre_recall
2023-02-01,TR13,Mumbai Thane,West,Maharashtra,T1,Retail Chemist,DePURA Kids 10 ml,323,28889.09,0.0535,1.0,14,pre_recall
2023-02-01,TR13,Mumbai Thane,West,Maharashtra,T1,Retail Chemist,DePURA Kids 15 ml,1204,153911.53,0.0388,0.992,14,pre_recall
2023-02-01,TR14,Pune,West,Maharashtra,T1,E-Pharmacy,DePURA Kids 10 ml,57,4478.02,0.1687,0.863,11,pre_recall
2023-02-01,TR14,Pune,West,Maharashtra,T1,E-Pharmacy,DePURA Kids 15 ml,230,26234.58,0.1424,0.939,11,pre_recall
2023-02-01,TR14,Pune,West,Maharashtra,T1,Hospital Pharmacy,DePURA Kids 10 ml,77,7027.33,0.0342,0.852,11,pre_recall
2023-02-01,TR14,Pune,West,Maharashtra,T1,Hospital Pharmacy,DePURA Kids 15 ml,263,34748.76,0.0066,0.896,11,pre_recall
2023-02-01,TR14,Pune,West,Maharashtra,T1,Pharmacy Chain,DePURA Kids 10 ml,79,6739.5,0.0972,0.836,11,pre_recall
2023-02-01,TR14,Pune,West,Maharashtra,T1,Pharmacy Chain,DePURA Kids 15 ml,310,37488.14,0.0908,0.893,11,pre_recall
2023-02-01,TR14,Pune,West,Maharashtra,T1,Retail Chemist,DePURA Kids 10 ml,219,19979.03,0.0346,0.797,11,pre_recall
2023-02-01,TR14,Pune,West,Maharashtra,T1,Retail Chemist,DePURA Kids 15 ml,976,126324.57,0.0268,0.857,11,pre_recall
2023-02-01,TR15,Nagpur,West,Maharashtra,T2,E-Pharmacy,DePURA Kids 10 ml,23,1854.64,0.1467,0.924,10,pre_recall
2023-02-01,TR15,Nagpur,West,Maharashtra,T2,E-Pharmacy,DePURA Kids 15 ml,79,8774.63,0.1649,0.908,10,pre_recall
2023-02-01,TR15,Nagpur,West,Maharashtra,T2,Hospital Pharmacy,DePURA Kids 10 ml,31,2887.23,0.0144,0.808,10,pre_recall
2023-02-01,TR15,Nagpur,West,Maharashtra,T2,Hospital Pharmacy,DePURA Kids 15 ml,133,17184.76,0.0285,0.916,10,pre_recall
2023-02-01,TR15,Nagpur,West,Maharashtra,T2,Pharmacy Chain,DePURA Kids 10 ml,42,3574.47,0.0994,0.909,10,pre_recall
2023-02-01,TR15,Nagpur,West,Maharashtra,T2,Pharmacy Chain,DePURA Kids 15 ml,86,10391.95,0.0915,0.845,10,pre_recall
2023-02-01,TR15,Nagpur,West,Maharashtra,T2,Retail Chemist,DePURA Kids 10 ml,119,10690.36,0.0494,0.907,10,pre_recall
2023-02-01,TR15,Nagpur,West,Maharashtra,T2,Retail Chemist,DePURA Kids 15 ml,394,50532.48,0.0357,0.89,10,pre_recall
2023-02-01,TR16,Ahmedabad,West,Gujarat,T1,E-Pharmacy,DePURA Kids 10 ml,74,6028.38,0.1379,0.972,16,pre_recall
2023-02-01,TR16,Ahmedabad,West,Gujarat,T1,E-Pharmacy,DePURA Kids 15 ml,347,39590.57,0.1422,0.927,16,pre_recall
2023-02-01,TR16,Ahmedabad,West,Gujarat,T1,Hospital Pharmacy,DePURA Kids 10 ml,69,6500.57,0.0031,0.888,16,pre_recall
2023-02-01,TR16,Ahmedabad,West,Gujarat,T1,Hospital Pharmacy,DePURA Kids 15 ml,287,37043.56,0.0295,0.89,16,pre_recall
2023-02-01,TR16,Ahmedabad,West,Gujarat,T1,Pharmacy Chain,DePURA Kids 10 ml,92,8139.95,0.0637,0.947,16,pre_recall
2023-02-01,TR16,Ahmedabad,West,Gujarat,T1,Pharmacy Chain,DePURA Kids 15 ml,462,56708.05,0.0771,0.875,16,pre_recall
2023-02-01,TR16,Ahmedabad,West,Gujarat,T1,Retail Chemist,DePURA Kids 10 ml,214,19507.26,0.0354,0.923,16,pre_recall
2023-02-01,TR16,Ahmedabad,West,Gujarat,T1,Retail Chemist,DePURA Kids 15 ml,1160,148593.0,0.0369,0.938,16,pre_recall
2023-02-01,TR17,Surat-Vadodara,West,Gujarat,T2,E-Pharmacy,DePURA Kids 10 ml,30,2355.79,0.169,0.968,5,pre_recall
2023-02-01,TR17,Surat-Vadodara,West,Gujarat,T2,E-Pharmacy,DePURA Kids 15 ml,61,6914.11,0.1478,0.819,5,pre_recall
2023-02-01,TR17,Surat-Vadodara,West,Gujarat,T2,Hospital Pharmacy,DePURA Kids 10 ml,31,2867.43,0.0212,0.883,5,pre_recall
2023-02-01,TR17,Surat-Vadodara,West,Gujarat,T2,Hospital Pharmacy,DePURA Kids 15 ml,98,12523.83,0.0391,0.859,5,pre_recall
2023-02-01,TR17,Surat-Vadodara,West,Gujarat,T2,Pharmacy Chain,DePURA Kids 10 ml,38,3253.12,0.0941,0.873,5,pre_recall
2023-02-01,TR17,Surat-Vadodara,West,Gujarat,T2,Pharmacy Chain,DePURA Kids 15 ml,109,13324.4,0.0809,0.814,5,pre_recall
2023-02-01,TR17,Surat-Vadodara,West,Gujarat,T2,Retail Chemist,DePURA Kids 10 ml,137,12422.2,0.0405,0.916,5,pre_recall
2023-02-01,TR17,Surat-Vadodara,West,Gujarat,T2,Retail Chemist,DePURA Kids 15 ml,355,45129.34,0.0442,0.873,5,pre_recall
2023-02-01,TR18,Rajkot,West,Gujarat,T3,E-Pharmacy,DePURA Kids 10 ml,20,1581.71,0.1631,0.934,7,pre_recall
2023-02-01,TR18,Rajkot,West,Gujarat,T3,E-Pharmacy,DePURA Kids 15 ml,50,5730.76,0.1382,0.995,7,pre_recall
2023-02-01,TR18,Rajkot,West,Gujarat,T3,Hospital Pharmacy,DePURA Kids 10 ml,34,3198.62,0.0045,0.923,7,pre_recall
2023-02-01,TR18,Rajkot,West,Gujarat,T3,Hospital Pharmacy,DePURA Kids 15 ml,85,11225.59,0.007,0.882,7,pre_recall
2023-02-01,TR18,Rajkot,West,Gujarat,T3,Pharmacy Chain,DePURA Kids 10 ml,17,1489.94,0.0726,0.876,7,pre_recall
2023-02-01,TR18,Rajkot,West,Gujarat,T3,Pharmacy Chain,DePURA Kids 15 ml,44,5384.92,0.0798,0.903,7,pre_recall
2023-02-01,TR18,Rajkot,West,Gujarat,T3,Retail Chemist,DePURA Kids 10 ml,186,16668.12,0.0517,0.855,7,pre_recall
2023-02-01,TR18,Rajkot,West,Gujarat,T3,Retail Chemist,DePURA Kids 15 ml,401,51904.45,0.0268,0.935,7,pre_recall
2023-02-01,TR19,Indore,Central,Madhya Pradesh,T2,E-Pharmacy,DePURA Kids 10 ml,42,3325.35,0.1622,0.891,6,pre_recall
2023-02-01,TR19,Indore,Central,Madhya Pradesh,T2,E-Pharmacy,DePURA Kids 15 ml,127,14289.42,0.154,0.892,6,pre_recall
2023-02-01,TR19,Indore,Central,Madhya Pradesh,T2,Hospital Pharmacy,DePURA Kids 10 ml,51,4721.72,0.0203,0.893,6,pre_recall
2023-02-01,TR19,Indore,Central,Madhya Pradesh,T2,Hospital Pharmacy,DePURA Kids 15 ml,189,24746.08,0.0156,0.958,6,pre_recall
2023-02-01,TR19,Indore,Central,Madhya Pradesh,T2,Pharmacy Chain,DePURA Kids 10 ml,58,5078.61,0.0734,0.89,6,pre_recall
2023-02-01,TR19,Indore,Central,Madhya Pradesh,T2,Pharmacy Chain,DePURA Kids 15 ml,166,20218.6,0.0842,0.921,6,pre_recall
2023-02-01,TR19,Indore,Central,Madhya Pradesh,T2,Retail Chemist,DePURA Kids 10 ml,199,17904.43,0.0479,0.865,6,pre_recall
2023-02-01,TR19,Indore,Central,Madhya Pradesh,T2,Retail Chemist,DePURA Kids 15 ml,661,83394.74,0.0514,0.877,6,pre_recall
2023-02-01,TR20,Bhopal,Central,Madhya Pradesh,T2,E-Pharmacy,DePURA Kids 10 ml,12,972.84,0.1421,0.895,3,pre_recall
2023-02-01,TR20,Bhopal,Central,Madhya Pradesh,T2,E-Pharmacy,DePURA Kids 15 ml,55,6115.3,0.164,0.911,3,pre_recall
2023-02-01,TR20,Bhopal,Central,Madhya Pradesh,T2,Hospital Pharmacy,DePURA Kids 10 ml,16,1470.73,0.0273,0.874,3,pre_recall
2023-02-01,TR20,Bhopal,Central,Madhya Pradesh,T2,Hospital Pharmacy,DePURA Kids 15 ml,73,9543.61,0.017,0.858,3,pre_recall
2023-02-01,TR20,Bhopal,Central,Madhya Pradesh,T2,Pharmacy Chain,DePURA Kids 10 ml,21,1842.6,0.0715,0.92,3,pre_recall
2023-02-01,TR20,Bhopal,Central,Madhya Pradesh,T2,Pharmacy Chain,DePURA Kids 15 ml,86,10504.36,0.0816,0.95,3,pre_recall
2023-02-01,TR20,Bhopal,Central,Madhya Pradesh,T2,Retail Chemist,DePURA Kids 10 ml,76,6829.03,0.0491,0.879,3,pre_recall
2023-02-01,TR20,Bhopal,Central,Madhya Pradesh,T2,Retail Chemist,DePURA Kids 15 ml,289,36985.06,0.0378,0.888,3,pre_recall
2023-02-01,TR21,Jabalpur,Central,Madhya Pradesh,T3,E-Pharmacy,DePURA Kids 10 ml,12,989.88,0.1271,0.964,5,pre_recall
2023-02-01,TR21,Jabalpur,Central,Madhya Pradesh,T3,E-Pharmacy,DePURA Kids 15 ml,37,4074.44,0.172,0.987,5,pre_recall
2023-02-01,TR21,Jabalpur,Central,Madhya Pradesh,T3,Hospital Pharmacy,DePURA Kids 10 ml,29,2675.78,0.0236,0.989,5,pre_recall
2023-02-01,TR21,Jabalpur,Central,Madhya Pradesh,T3,Hospital Pharmacy,DePURA Kids 15 ml,65,8480.11,0.0191,0.965,5,pre_recall
2023-02-01,TR21,Jabalpur,Central,Madhya Pradesh,T3,Pharmacy Chain,DePURA Kids 10 ml,17,1489.03,0.0731,0.944,5,pre_recall
2023-02-01,TR21,Jabalpur,Central,Madhya Pradesh,T3,Pharmacy Chain,DePURA Kids 15 ml,32,3869.69,0.0908,0.953,5,pre_recall
2023-02-01,TR21,Jabalpur,Central,Madhya Pradesh,T3,Retail Chemist,DePURA Kids 10 ml,145,12819.57,0.0644,0.918,5,pre_recall
2023-02-01,TR21,Jabalpur,Central,Madhya Pradesh,T3,Retail Chemist,DePURA Kids 15 ml,406,50425.15,0.0662,0.936,5,pre_recall
2023-02-01,TR22,Raipur,Central,Chhattisgarh,T3,E-Pharmacy,DePURA Kids 10 ml,26,2148.68,0.1255,0.97,6,pre_recall
2023-02-01,TR22,Raipur,Central,Chhattisgarh,T3,E-Pharmacy,DePURA Kids 15 ml,31,3461.18,0.1605,0.865,6,pre_recall
2023-02-01,TR22,Raipur,Central,Chhattisgarh,T3,Hospital Pharmacy,DePURA Kids 10 ml,41,3785.26,0.01985,0.887,6,pre_recall
2023-02-01,TR22,Raipur,Central,Chhattisgarh,T3,Hospital Pharmacy,DePURA Kids 15 ml,72,9411.22,0.0172,0.837,6,pre_recall
2023-02-01,TR22,Raipur,Central,Chhattisgarh,T3,Pharmacy Chain,DePURA Kids 10 ml,21,1857.98,0.0638,0.853,6,pre_recall
2023-02-01,TR22,Raipur,Central,Chhattisgarh,T3,Pharmacy Chain,DePURA Kids 15 ml,50,6132.71,0.0778,0.883,6,pre_recall
2023-02-01,TR22,Raipur,Central,Chhattisgarh,T3,Retail Chemist,DePURA Kids 10 ml,166,14994.31,0.0442,0.915,6,pre_recall
2023-02-01,TR22,Raipur,Central,Chhattisgarh,T3,Retail Chemist,DePURA Kids 15 ml,366,47143.67,0.0315,0.881,6,pre_recall
2023-02-01,TR23,Bengaluru North,South,Karnataka,T1,E-Pharmacy,DePURA Kids 10 ml,78,6320.32,0.1425,0.964,11,pre_recall
2023-02-01,TR23,Bengaluru North,South,Karnataka,T1,E-Pharmacy,DePURA Kids 15 ml,352,40611.9,0.1325,0.982,11,pre_recall
2023-02-01,TR23,Bengaluru North,South,Karnataka,T1,Hospital Pharmacy,DePURA Kids 10 ml,57,5235.69,0.028,0.902,11,pre_recall
2023-02-01,TR23,Bengaluru North,South,Karnataka,T1,Hospital Pharmacy,DePURA Kids 15 ml,426,54961.83,0.0299,0.95,11,pre_recall
2023-02-01,TR23,Bengaluru North,South,Karnataka,T1,Pharmacy Chain,DePURA Kids 10 ml,97,8439.38,0.0793,0.924,11,pre_recall
2023-02-01,TR23,Bengaluru North,South,Karnataka,T1,Pharmacy Chain,DePURA Kids 15 ml,465,57036.86,0.0777,0.917,11,pre_recall
2023-02-01,TR23,Bengaluru North,South,Karnataka,T1,Retail Chemist,DePURA Kids 10 ml,271,24276.85,0.052,0.914,11,pre_recall
2023-02-01,TR23,Bengaluru North,South,Karnataka,T1,Retail Chemist,DePURA Kids 15 ml,1250,159619.57,0.0399,0.947,11,pre_recall
2023-02-01,TR24,Bengaluru South,South,Karnataka,T1,E-Pharmacy,DePURA Kids 10 ml,109,8737.16,0.1518,0.968,16,pre_recall
2023-02-01,TR24,Bengaluru South,South,Karnataka,T1,E-Pharmacy,DePURA Kids 15 ml,509,57546.4,0.1499,0.898,16,pre_recall
2023-02-01,TR24,Bengaluru South,South,Karnataka,T1,Hospital Pharmacy,DePURA Kids 10 ml,77,7130.09,0.0201,0.86,16,pre_recall
2023-02-01,TR24,Bengaluru South,South,Karnataka,T1,Hospital Pharmacy,DePURA Kids 15 ml,346,45792.46,0.0049,0.857,16,pre_recall
2023-02-01,TR24,Bengaluru South,South,Karnataka,T1,Pharmacy Chain,DePURA Kids 10 ml,112,9944.62,0.0604,0.838,16,pre_recall
2023-02-01,TR24,Bengaluru South,South,Karnataka,T1,Pharmacy Chain,DePURA Kids 15 ml,650,80260.45,0.0716,0.905,16,pre_recall
2023-02-01,TR24,Bengaluru South,South,Karnataka,T1,Retail Chemist,DePURA Kids 10 ml,283,25757.57,0.0369,0.855,16,pre_recall
2023-02-01,TR24,Bengaluru South,South,Karnataka,T1,Retail Chemist,DePURA Kids 15 ml,1526,191873.08,0.0546,0.98,16,pre_recall
2023-02-01,TR25,Mysuru-Mangaluru,South,Karnataka,T3,E-Pharmacy,DePURA Kids 10 ml,7,556.97,0.158,0.934,4,pre_recall
2023-02-01,TR25,Mysuru-Mangaluru,South,Karnataka,T3,E-Pharmacy,DePURA Kids 15 ml,23,2581.38,0.1561,0.968,4,pre_recall
2023-02-01,TR25,Mysuru-Mangaluru,South,Karnataka,T3,Hospital Pharmacy,DePURA Kids 10 ml,16,1497.79,0.0094,0.934,4,pre_recall
2023-02-01,TR25,Mysuru-Mangaluru,South,Karnataka,T3,Hospital Pharmacy,DePURA Kids 15 ml,41,5352.12,0.0185,0.934,4,pre_recall
2023-02-01,TR25,Mysuru-Mangaluru,South,Karnataka,T3,Pharmacy Chain,DePURA Kids 10 ml,9,776.6,0.0869,0.884,4,pre_recall
2023-02-01,TR25,Mysuru-Mangaluru,South,Karnataka,T3,Pharmacy Chain,DePURA Kids 15 ml,21,2552.36,0.0862,0.887,4,pre_recall
2023-02-01,TR25,Mysuru-Mangaluru,South,Karnataka,T3,Retail Chemist,DePURA Kids 10 ml,88,7960.44,0.0428,0.929,4,pre_recall
2023-02-01,TR25,Mysuru-Mangaluru,South,Karnataka,T3,Retail Chemist,DePURA Kids 15 ml,209,26255.2,0.0555,0.876,4,pre_recall
2023-02-01,TR26,Chennai,South,Tamil Nadu,T1,E-Pharmacy,DePURA Kids 10 ml,115,9085.21,0.164,0.972,16,pre_recall
2023-02-01,TR26,Chennai,South,Tamil Nadu,T1,E-Pharmacy,DePURA Kids 15 ml,519,60650.0,0.1214,0.922,16,pre_recall
2023-02-01,TR26,Chennai,South,Tamil Nadu,T1,Hospital Pharmacy,DePURA Kids 10 ml,85,7822.72,0.0261,0.929,16,pre_recall
2023-02-01,TR26,Chennai,South,Tamil Nadu,T1,Hospital Pharmacy,DePURA Kids 15 ml,332,42694.67,0.0331,0.926,16,pre_recall
2023-02-01,TR26,Chennai,South,Tamil Nadu,T1,Pharmacy Chain,DePURA Kids 10 ml,140,12414.3,0.0617,0.932,16,pre_recall
2023-02-01,TR26,Chennai,South,Tamil Nadu,T1,Pharmacy Chain,DePURA Kids 15 ml,609,74779.48,0.0768,0.903,16,pre_recall
2023-02-01,TR26,Chennai,South,Tamil Nadu,T1,Retail Chemist,DePURA Kids 10 ml,336,30302.68,0.0456,0.93,16,pre_recall
2023-02-01,TR26,Chennai,South,Tamil Nadu,T1,Retail Chemist,DePURA Kids 15 ml,1090,139495.0,0.0378,0.97,16,pre_recall
2023-02-01,TR27,Coimbatore-Madurai,South,Tamil Nadu,T2,E-Pharmacy,DePURA Kids 10 ml,40,3217.65,0.1488,1.0,8,pre_recall
2023-02-01,TR27,Coimbatore-Madurai,South,Tamil Nadu,T2,E-Pharmacy,DePURA Kids 15 ml,105,12138.89,0.1308,1.0,8,pre_recall
2023-02-01,TR27,Coimbatore-Madurai,South,Tamil Nadu,T2,Hospital Pharmacy,DePURA Kids 10 ml,41,3720.41,0.0398,0.887,8,pre_recall
2023-02-01,TR27,Coimbatore-Madurai,South,Tamil Nadu,T2,Hospital Pharmacy,DePURA Kids 15 ml,114,14905.99,0.0169,0.956,8,pre_recall
2023-02-01,TR27,Coimbatore-Madurai,South,Tamil Nadu,T2,Pharmacy Chain,DePURA Kids 10 ml,49,4224.59,0.0877,0.895,8,pre_recall
2023-02-01,TR27,Coimbatore-Madurai,South,Tamil Nadu,T2,Pharmacy Chain,DePURA Kids 15 ml,161,19251.73,0.1009,0.954,8,pre_recall
2023-02-01,TR27,Coimbatore-Madurai,South,Tamil Nadu,T2,Retail Chemist,DePURA Kids 10 ml,221,20034.79,0.0407,0.963,8,pre_recall
2023-02-01,TR27,Coimbatore-Madurai,South,Tamil Nadu,T2,Retail Chemist,DePURA Kids 15 ml,643,82168.5,0.0392,0.965,8,pre_recall
2023-02-01,TR28,Hyderabad,South,Telangana,T1,E-Pharmacy,DePURA Kids 10 ml,83,6727.96,0.1422,0.949,9,pre_recall
2023-02-01,TR28,Hyderabad,South,Telangana,T1,E-Pharmacy,DePURA Kids 15 ml,364,40924.49,0.1547,0.92,9,pre_recall
2023-02-01,TR28,Hyderabad,South,Telangana,T1,Hospital Pharmacy,DePURA Kids 10 ml,93,8598.33,0.0216,0.978,9,pre_recall
2023-02-01,TR28,Hyderabad,South,Telangana,T1,Hospital Pharmacy,DePURA Kids 15 ml,334,43687.83,0.0165,0.972,9,pre_recall
2023-02-01,TR28,Hyderabad,South,Telangana,T1,Pharmacy Chain,DePURA Kids 10 ml,131,11306.9,0.0866,0.978,9,pre_recall
2023-02-01,TR28,Hyderabad,South,Telangana,T1,Pharmacy Chain,DePURA Kids 15 ml,538,65970.3,0.078,0.935,9,pre_recall
2023-02-01,TR28,Hyderabad,South,Telangana,T1,Retail Chemist,DePURA Kids 10 ml,334,30489.86,0.034,0.991,9,pre_recall
2023-02-01,TR28,Hyderabad,South,Telangana,T1,Retail Chemist,DePURA Kids 15 ml,1328,171344.79,0.0299,0.942,9,pre_recall
2023-02-01,TR29,Vijayawada-Vizag,South,Andhra Pradesh,T2,E-Pharmacy,DePURA Kids 10 ml,20,1583.64,0.1621,0.992,5,pre_recall
2023-02-01,TR29,Vijayawada-Vizag,South,Andhra Pradesh,T2,E-Pharmacy,DePURA Kids 15 ml,53,6104.76,0.134,0.923,5,pre_recall
2023-02-01,TR29,Vijayawada-Vizag,South,Andhra Pradesh,T2,Hospital Pharmacy,DePURA Kids 10 ml,21,1942.73,0.021,0.884,5,pre_recall
2023-02-01,TR29,Vijayawada-Vizag,South,Andhra Pradesh,T2,Hospital Pharmacy,DePURA Kids 15 ml,86,11138.48,0.0262,0.939,5,pre_recall
2023-02-01,TR29,Vijayawada-Vizag,South,Andhra Pradesh,T2,Pharmacy Chain,DePURA Kids 10 ml,24,2026.75,0.1064,1.0,5,pre_recall
2023-02-01,TR29,Vijayawada-Vizag,South,Andhra Pradesh,T2,Pharmacy Chain,DePURA Kids 15 ml,81,10018.79,0.07,0.926,5,pre_recall
2023-02-01,TR29,Vijayawada-Vizag,South,Andhra Pradesh,T2,Retail Chemist,DePURA Kids 10 ml,108,9956.4,0.0245,0.965,5,pre_recall
2023-02-01,TR29,Vijayawada-Vizag,South,Andhra Pradesh,T2,Retail Chemist,DePURA Kids 15 ml,298,38104.91,0.0386,1.0,5,pre_recall
2023-02-01,TR30,Kochi-Trivandrum,South,Kerala,T2,E-Pharmacy,DePURA Kids 10 ml,37,3006.76,0.1401,0.976,5,pre_recall
2023-02-01,TR30,Kochi-Trivandrum,South,Kerala,T2,E-Pharmacy,DePURA Kids 15 ml,104,12201.67,0.1179,0.884,5,pre_recall
2023-02-01,TR30,Kochi-Trivandrum,South,Kerala,T2,Hospital Pharmacy,DePURA Kids 10 ml,46,4170.26,0.0407,0.948,5,pre_recall
2023-02-01,TR30,Kochi-Trivandrum,South,Kerala,T2,Hospital Pharmacy,DePURA Kids 15 ml,155,19757.29,0.0416,0.828,5,pre_recall
2023-02-01,TR30,Kochi-Trivandrum,South,Kerala,T2,Pharmacy Chain,DePURA Kids 10 ml,46,4056.35,0.0669,0.843,5,pre_recall
2023-02-01,TR30,Kochi-Trivandrum,South,Kerala,T2,Pharmacy Chain,DePURA Kids 15 ml,149,17953.6,0.094,0.859,5,pre_recall
2023-02-01,TR30,Kochi-Trivandrum,South,Kerala,T2,Retail Chemist,DePURA Kids 10 ml,214,19325.08,0.0444,0.904,5,pre_recall
2023-02-01,TR30,Kochi-Trivandrum,South,Kerala,T2,Retail Chemist,DePURA Kids 15 ml,480,59759.73,0.0639,0.854,5,pre_recall
2023-02-01,TR31,Kolkata,East,West Bengal,T1,E-Pharmacy,DePURA Kids 10 ml,78,6122.3,0.1694,0.957,16,pre_recall
2023-02-01,TR31,Kolkata,East,West Bengal,T1,E-Pharmacy,DePURA Kids 15 ml,283,32063.98,0.1481,0.951,16,pre_recall
2023-02-01,TR31,Kolkata,East,West Bengal,T1,Hospital Pharmacy,DePURA Kids 10 ml,60,5488.16,0.0321,0.889,16,pre_recall
2023-02-01,TR31,Kolkata,East,West Bengal,T1,Hospital Pharmacy,DePURA Kids 15 ml,285,36875.08,0.0272,0.937,16,pre_recall
2023-02-01,TR31,Kolkata,East,West Bengal,T1,Pharmacy Chain,DePURA Kids 10 ml,61,5395.2,0.0641,0.875,16,pre_recall
2023-02-01,TR31,Kolkata,East,West Bengal,T1,Pharmacy Chain,DePURA Kids 15 ml,342,41741.71,0.0823,0.895,16,pre_recall
2023-02-01,TR31,Kolkata,East,West Bengal,T1,Retail Chemist,DePURA Kids 10 ml,170,15394.76,0.0417,0.885,16,pre_recall
2023-02-01,TR31,Kolkata,East,West Bengal,T1,Retail Chemist,DePURA Kids 15 ml,1108,140655.88,0.0455,0.869,16,pre_recall
2023-02-01,TR32,Siliguri-Durgapur,East,West Bengal,T3,E-Pharmacy,DePURA Kids 10 ml,9,724.28,0.1484,1.0,3,pre_recall
2023-02-01,TR32,Siliguri-Durgapur,East,West Bengal,T3,E-Pharmacy,DePURA Kids 15 ml,26,2947.77,0.1476,1.0,3,pre_recall
2023-02-01,TR32,Siliguri-Durgapur,East,West Bengal,T3,Hospital Pharmacy,DePURA Kids 10 ml,21,1947.81,0.0185,0.971,3,pre_recall
2023-02-01,TR32,Siliguri-Durgapur,East,West Bengal,T3,Hospital Pharmacy,DePURA Kids 15 ml,44,5680.67,0.0293,0.909,3,pre_recall
2023-02-01,TR32,Siliguri-Durgapur,East,West Bengal,T3,Pharmacy Chain,DePURA Kids 10 ml,13,1121.31,0.0873,0.957,3,pre_recall
2023-02-01,TR32,Siliguri-Durgapur,East,West Bengal,T3,Pharmacy Chain,DePURA Kids 15 ml,21,2547.86,0.0878,0.956,3,pre_recall
2023-02-01,TR32,Siliguri-Durgapur,East,West Bengal,T3,Retail Chemist,DePURA Kids 10 ml,80,7315.45,0.0323,0.91,3,pre_recall
2023-02-01,TR32,Siliguri-Durgapur,East,West Bengal,T3,Retail Chemist,DePURA Kids 15 ml,307,39211.55,0.0397,1.0,3,pre_recall
2023-02-01,TR33,Patna,East,Bihar,T2,E-Pharmacy,DePURA Kids 10 ml,23,1843.92,0.1516,1.0,6,pre_recall
2023-02-01,TR33,Patna,East,Bihar,T2,E-Pharmacy,DePURA Kids 15 ml,72,8116.4,0.1524,0.976,6,pre_recall
2023-02-01,TR33,Patna,East,Bihar,T2,Hospital Pharmacy,DePURA Kids 10 ml,27,2551.5,0.0,0.922,6,pre_recall
2023-02-01,TR33,Patna,East,Bihar,T2,Hospital Pharmacy,DePURA Kids 15 ml,112,14489.38,0.0273,0.932,6,pre_recall
2023-02-01,TR33,Patna,East,Bihar,T2,Pharmacy Chain,DePURA Kids 10 ml,30,2647.73,0.0661,0.937,6,pre_recall
2023-02-01,TR33,Patna,East,Bihar,T2,Pharmacy Chain,DePURA Kids 15 ml,87,10527.25,0.0902,0.922,6,pre_recall
2023-02-01,TR33,Patna,East,Bihar,T2,Retail Chemist,DePURA Kids 10 ml,143,12909.9,0.0447,0.896,6,pre_recall
2023-02-01,TR33,Patna,East,Bihar,T2,Retail Chemist,DePURA Kids 15 ml,386,48154.17,0.062,0.975,6,pre_recall
2023-02-01,TR34,Ranchi,East,Jharkhand,T3,E-Pharmacy,DePURA Kids 10 ml,13,1043.8,0.1503,0.98,6,pre_recall
2023-02-01,TR34,Ranchi,East,Jharkhand,T3,E-Pharmacy,DePURA Kids 15 ml,35,3860.94,0.1706,0.95,6,pre_recall
2023-02-01,TR34,Ranchi,East,Jharkhand,T3,Hospital Pharmacy,DePURA Kids 10 ml,24,2220.15,0.0211,0.913,6,pre_recall
2023-02-01,TR34,Ranchi,East,Jharkhand,T3,Hospital Pharmacy,DePURA Kids 15 ml,74,9774.77,0.0068,0.881,6,pre_recall
2023-02-01,TR34,Ranchi,East,Jharkhand,T3,Pharmacy Chain,DePURA Kids 10 ml,18,1552.25,0.0874,0.896,6,pre_recall
2023-02-01,TR34,Ranchi,East,Jharkhand,T3,Pharmacy Chain,DePURA Kids 15 ml,32,3913.23,0.0805,0.93,6,pre_recall
2023-02-01,TR34,Ranchi,East,Jharkhand,T3,Retail Chemist,DePURA Kids 10 ml,125,11324.09,0.0413,0.872,6,pre_recall
2023-02-01,TR34,Ranchi,East,Jharkhand,T3,Retail Chemist,DePURA Kids 15 ml,318,41532.08,0.018,0.912,6,pre_recall
2023-02-01,TR35,Bhubaneswar,East,Odisha,T2,E-Pharmacy,DePURA Kids 10 ml,17,1400.74,0.1281,0.921,6,pre_recall
2023-02-01,TR35,Bhubaneswar,East,Odisha,T2,E-Pharmacy,DePURA Kids 15 ml,86,9705.87,0.1514,0.973,6,pre_recall
2023-02-01,TR35,Bhubaneswar,East,Odisha,T2,Hospital Pharmacy,DePURA Kids 10 ml,24,2216.09,0.0229,0.931,6,pre_recall
2023-02-01,TR35,Bhubaneswar,East,Odisha,T2,Hospital Pharmacy,DePURA Kids 15 ml,99,12891.71,0.0209,0.916,6,pre_recall
2023-02-01,TR35,Bhubaneswar,East,Odisha,T2,Pharmacy Chain,DePURA Kids 10 ml,37,3230.4,0.0761,0.916,6,pre_recall
2023-02-01,TR35,Bhubaneswar,East,Odisha,T2,Pharmacy Chain,DePURA Kids 15 ml,96,11842.4,0.0725,0.87,6,pre_recall
2023-02-01,TR35,Bhubaneswar,East,Odisha,T2,Retail Chemist,DePURA Kids 10 ml,145,13252.88,0.0328,0.918,6,pre_recall
2023-02-01,TR35,Bhubaneswar,East,Odisha,T2,Retail Chemist,DePURA Kids 15 ml,412,52555.07,0.0409,0.855,6,pre_recall
2023-02-01,TR36,Guwahati,East,Assam,T2,E-Pharmacy,DePURA Kids 10 ml,36,2872.03,0.1558,0.94,8,pre_recall
2023-02-01,TR36,Guwahati,East,Assam,T2,E-Pharmacy,DePURA Kids 15 ml,107,11965.32,0.1592,0.98,8,pre_recall
2023-02-01,TR36,Guwahati,East,Assam,T2,Hospital Pharmacy,DePURA Kids 10 ml,35,3261.71,0.0138,0.951,8,pre_recall
2023-02-01,TR36,Guwahati,East,Assam,T2,Hospital Pharmacy,DePURA Kids 15 ml,110,14449.0,0.0124,0.972,8,pre_recall
2023-02-01,TR36,Guwahati,East,Assam,T2,Pharmacy Chain,DePURA Kids 10 ml,40,3513.16,0.0706,0.951,8,pre_recall
2023-02-01,TR36,Guwahati,East,Assam,T2,Pharmacy Chain,DePURA Kids 15 ml,156,19110.25,0.0789,0.985,8,pre_recall
2023-02-01,TR36,Guwahati,East,Assam,T2,Retail Chemist,DePURA Kids 10 ml,191,17754.54,0.0163,0.996,8,pre_recall
2023-02-01,TR36,Guwahati,East,Assam,T2,Retail Chemist,DePURA Kids 15 ml,571,73200.97,0.0361,0.98,8,pre_recall
2023-03-01,TR01,Delhi North,North,Delhi,T1,E-Pharmacy,DePURA Kids 10 ml,88,7192.79,0.1351,0.925,16,pre_recall
2023-03-01,TR01,Delhi North,North,Delhi,T1,E-Pharmacy,DePURA Kids 15 ml,427,48481.62,0.1463,0.958,16,pre_recall
2023-03-01,TR01,Delhi North,North,Delhi,T1,Hospital Pharmacy,DePURA Kids 10 ml,114,10519.22,0.0236,0.951,16,pre_recall
2023-03-01,TR01,Delhi North,North,Delhi,T1,Hospital Pharmacy,DePURA Kids 15 ml,431,55720.71,0.028,0.956,16,pre_recall
2023-03-01,TR01,Delhi North,North,Delhi,T1,Pharmacy Chain,DePURA Kids 10 ml,110,9538.03,0.0824,0.926,16,pre_recall
2023-03-01,TR01,Delhi North,North,Delhi,T1,Pharmacy Chain,DePURA Kids 15 ml,557,68313.85,0.0778,0.94,16,pre_recall
2023-03-01,TR01,Delhi North,North,Delhi,T1,Retail Chemist,DePURA Kids 10 ml,271,25103.4,0.0198,0.904,16,pre_recall
2023-03-01,TR01,Delhi North,North,Delhi,T1,Retail Chemist,DePURA Kids 15 ml,1063,133776.52,0.0538,0.913,16,pre_recall
2023-03-01,TR02,Delhi South,North,Delhi,T1,E-Pharmacy,DePURA Kids 10 ml,90,7138.75,0.1606,0.958,12,pre_recall
2023-03-01,TR02,Delhi South,North,Delhi,T1,E-Pharmacy,DePURA Kids 15 ml,547,62606.17,0.1394,0.922,12,pre_recall
2023-03-01,TR02,Delhi South,North,Delhi,T1,Hospital Pharmacy,DePURA Kids 10 ml,73,6814.38,0.0122,0.914,12,pre_recall
2023-03-01,TR02,Delhi South,North,Delhi,T1,Hospital Pharmacy,DePURA Kids 15 ml,365,47857.33,0.0142,0.871,12,pre_recall
2023-03-01,TR02,Delhi South,North,Delhi,T1,Pharmacy Chain,DePURA Kids 10 ml,99,8440.35,0.0978,0.885,12,pre_recall
2023-03-01,TR02,Delhi South,North,Delhi,T1,Pharmacy Chain,DePURA Kids 15 ml,489,58303.99,0.1035,0.985,12,pre_recall
2023-03-01,TR02,Delhi South,North,Delhi,T1,Retail Chemist,DePURA Kids 10 ml,323,29396.57,0.0369,0.953,12,pre_recall
2023-03-01,TR02,Delhi South,North,Delhi,T1,Retail Chemist,DePURA Kids 15 ml,1598,204392.22,0.0383,0.939,12,pre_recall
2023-03-01,TR03,Noida-Ghaziabad,North,Uttar Pradesh,T2,E-Pharmacy,DePURA Kids 10 ml,28,2204.25,0.167,0.907,5,pre_recall
2023-03-01,TR03,Noida-Ghaziabad,North,Uttar Pradesh,T2,E-Pharmacy,DePURA Kids 15 ml,88,10144.6,0.1332,0.959,5,pre_recall
2023-03-01,TR03,Noida-Ghaziabad,North,Uttar Pradesh,T2,Hospital Pharmacy,DePURA Kids 10 ml,35,3248.04,0.018,0.891,5,pre_recall
2023-03-01,TR03,Noida-Ghaziabad,North,Uttar Pradesh,T2,Hospital Pharmacy,DePURA Kids 15 ml,106,13702.33,0.0281,0.904,5,pre_recall
2023-03-01,TR03,Noida-Ghaziabad,North,Uttar Pradesh,T2,Pharmacy Chain,DePURA Kids 10 ml,35,3068.36,0.0723,0.938,5,pre_recall
2023-03-01,TR03,Noida-Ghaziabad,North,Uttar Pradesh,T2,Pharmacy Chain,DePURA Kids 15 ml,102,12662.77,0.0666,0.916,5,pre_recall
2023-03-01,TR03,Noida-Ghaziabad,North,Uttar Pradesh,T2,Retail Chemist,DePURA Kids 10 ml,100,9220.59,0.0243,0.863,5,pre_recall
2023-03-01,TR03,Noida-Ghaziabad,North,Uttar Pradesh,T2,Retail Chemist,DePURA Kids 15 ml,473,60384.35,0.0401,0.894,5,pre_recall
2023-03-01,TR04,Gurugram-Faridabad,North,Haryana,T2,E-Pharmacy,DePURA Kids 10 ml,23,1844.25,0.1515,0.995,8,pre_recall
2023-03-01,TR04,Gurugram-Faridabad,North,Haryana,T2,E-Pharmacy,DePURA Kids 15 ml,78,8605.43,0.1705,0.945,8,pre_recall
2023-03-01,TR04,Gurugram-Faridabad,North,Haryana,T2,Hospital Pharmacy,DePURA Kids 10 ml,29,2655.92,0.0309,0.949,8,pre_recall
2023-03-01,TR04,Gurugram-Faridabad,North,Haryana,T2,Hospital Pharmacy,DePURA Kids 15 ml,119,15335.84,0.031,0.979,8,pre_recall
2023-03-01,TR04,Gurugram-Faridabad,North,Haryana,T2,Pharmacy Chain,DePURA Kids 10 ml,34,2917.07,0.0921,0.945,8,pre_recall
2023-03-01,TR04,Gurugram-Faridabad,North,Haryana,T2,Pharmacy Chain,DePURA Kids 15 ml,108,13002.54,0.0948,0.917,8,pre_recall
2023-03-01,TR04,Gurugram-Faridabad,North,Haryana,T2,Retail Chemist,DePURA Kids 10 ml,104,9449.28,0.0385,1.0,8,pre_recall
2023-03-01,TR04,Gurugram-Faridabad,North,Haryana,T2,Retail Chemist,DePURA Kids 15 ml,472,60838.98,0.0309,0.963,8,pre_recall
2023-03-01,TR05,Lucknow,North,Uttar Pradesh,T2,E-Pharmacy,DePURA Kids 10 ml,24,1951.64,0.1395,0.924,6,pre_recall
2023-03-01,TR05,Lucknow,North,Uttar Pradesh,T2,E-Pharmacy,DePURA Kids 15 ml,78,8733.67,0.1581,0.932,6,pre_recall
2023-03-01,TR05,Lucknow,North,Uttar Pradesh,T2,Hospital Pharmacy,DePURA Kids 10 ml,33,3058.06,0.0194,0.858,6,pre_recall
2023-03-01,TR05,Lucknow,North,Uttar Pradesh,T2,Hospital Pharmacy,DePURA Kids 15 ml,94,12291.49,0.0168,0.976,6,pre_recall
2023-03-01,TR05,Lucknow,North,Uttar Pradesh,T2,Pharmacy Chain,DePURA Kids 10 ml,31,2716.52,0.0727,0.878,6,pre_recall
2023-03-01,TR05,Lucknow,North,Uttar Pradesh,T2,Pharmacy Chain,DePURA Kids 15 ml,115,14238.24,0.0797,0.892,6,pre_recall
2023-03-01,TR05,Lucknow,North,Uttar Pradesh,T2,Retail Chemist,DePURA Kids 10 ml,144,12773.55,0.0613,0.878,6,pre_recall
2023-03-01,TR05,Lucknow,North,Uttar Pradesh,T2,Retail Chemist,DePURA Kids 15 ml,480,61001.17,0.0445,0.869,6,pre_recall
2023-03-01,TR06,Kanpur-Agra,North,Uttar Pradesh,T2,E-Pharmacy,DePURA Kids 10 ml,32,2513.78,0.1687,0.982,5,pre_recall
2023-03-01,TR06,Kanpur-Agra,North,Uttar Pradesh,T2,E-Pharmacy,DePURA Kids 15 ml,105,11992.92,0.1412,1.0,5,pre_recall
2023-03-01,TR06,Kanpur-Agra,North,Uttar Pradesh,T2,Hospital Pharmacy,DePURA Kids 10 ml,39,3635.09,0.0137,0.934,5,pre_recall
2023-03-01,TR06,Kanpur-Agra,North,Uttar Pradesh,T2,Hospital Pharmacy,DePURA Kids 15 ml,133,17249.6,0.0248,0.942,5,pre_recall
2023-03-01,TR06,Kanpur-Agra,North,Uttar Pradesh,T2,Pharmacy Chain,DePURA Kids 10 ml,40,3515.33,0.07,0.853,5,pre_recall
2023-03-01,TR06,Kanpur-Agra,North,Uttar Pradesh,T2,Pharmacy Chain,DePURA Kids 15 ml,155,18891.31,0.0836,0.937,5,pre_recall
2023-03-01,TR06,Kanpur-Agra,North,Uttar Pradesh,T2,Retail Chemist,DePURA Kids 10 ml,159,14482.02,0.0362,0.943,5,pre_recall
2023-03-01,TR06,Kanpur-Agra,North,Uttar Pradesh,T2,Retail Chemist,DePURA Kids 15 ml,572,73996.48,0.0273,0.887,5,pre_recall
2023-03-01,TR07,Varanasi-Gorakhpur,North,Uttar Pradesh,T3,E-Pharmacy,DePURA Kids 10 ml,6,479.92,0.1536,0.91,3,pre_recall
2023-03-01,TR07,Varanasi-Gorakhpur,North,Uttar Pradesh,T3,E-Pharmacy,DePURA Kids 15 ml,21,2384.61,0.1462,0.939,3,pre_recall
2023-03-01,TR07,Varanasi-Gorakhpur,North,Uttar Pradesh,T3,Hospital Pharmacy,DePURA Kids 10 ml,12,1097.9,0.0318,0.887,3,pre_recall
2023-03-01,TR07,Varanasi-Gorakhpur,North,Uttar Pradesh,T3,Hospital Pharmacy,DePURA Kids 15 ml,32,4173.61,0.0194,0.922,3,pre_recall
2023-03-01,TR07,Varanasi-Gorakhpur,North,Uttar Pradesh,T3,Pharmacy Chain,DePURA Kids 10 ml,7,613.15,0.0731,0.9,3,pre_recall
2023-03-01,TR07,Varanasi-Gorakhpur,North,Uttar Pradesh,T3,Pharmacy Chain,DePURA Kids 15 ml,17,2013.13,0.1096,0.93,3,pre_recall
2023-03-01,TR07,Varanasi-Gorakhpur,North,Uttar Pradesh,T3,Retail Chemist,DePURA Kids 10 ml,69,6364.86,0.0239,0.9,3,pre_recall
2023-03-01,TR07,Varanasi-Gorakhpur,North,Uttar Pradesh,T3,Retail Chemist,DePURA Kids 15 ml,151,19278.06,0.0401,0.958,3,pre_recall
2023-03-01,TR08,Chandigarh-Mohali,North,Chandigarh,T2,E-Pharmacy,DePURA Kids 10 ml,22,1775.33,0.1461,0.897,7,pre_recall
2023-03-01,TR08,Chandigarh-Mohali,North,Chandigarh,T2,E-Pharmacy,DePURA Kids 15 ml,75,8400.47,0.1578,0.922,7,pre_recall
2023-03-01,TR08,Chandigarh-Mohali,North,Chandigarh,T2,Hospital Pharmacy,DePURA Kids 10 ml,29,2659.27,0.0296,0.937,7,pre_recall
2023-03-01,TR08,Chandigarh-Mohali,North,Chandigarh,T2,Hospital Pharmacy,DePURA Kids 15 ml,114,14714.05,0.0295,0.917,7,pre_recall
2023-03-01,TR08,Chandigarh-Mohali,North,Chandigarh,T2,Pharmacy Chain,DePURA Kids 10 ml,31,2701.75,0.0777,0.938,7,pre_recall
2023-03-01,TR08,Chandigarh-Mohali,North,Chandigarh,T2,Pharmacy Chain,DePURA Kids 15 ml,99,12173.67,0.0754,0.948,7,pre_recall
2023-03-01,TR08,Chandigarh-Mohali,North,Chandigarh,T2,Retail Chemist,DePURA Kids 10 ml,113,10246.68,0.0404,0.912,7,pre_recall
2023-03-01,TR08,Chandigarh-Mohali,North,Chandigarh,T2,Retail Chemist,DePURA Kids 15 ml,444,55551.73,0.0593,0.886,7,pre_recall
2023-03-01,TR09,Ludhiana-Amritsar,North,Punjab,T2,E-Pharmacy,DePURA Kids 10 ml,27,2091.05,0.1805,0.952,6,pre_recall
2023-03-01,TR09,Ludhiana-Amritsar,North,Punjab,T2,E-Pharmacy,DePURA Kids 15 ml,83,9305.64,0.157,0.955,6,pre_recall
2023-03-01,TR09,Ludhiana-Amritsar,North,Punjab,T2,Hospital Pharmacy,DePURA Kids 10 ml,33,3060.06,0.0187,0.941,6,pre_recall
2023-03-01,TR09,Ludhiana-Amritsar,North,Punjab,T2,Hospital Pharmacy,DePURA Kids 15 ml,92,11971.82,0.0216,0.871,6,pre_recall
2023-03-01,TR09,Ludhiana-Amritsar,North,Punjab,T2,Pharmacy Chain,DePURA Kids 10 ml,42,3679.85,0.0729,0.903,6,pre_recall
2023-03-01,TR09,Ludhiana-Amritsar,North,Punjab,T2,Pharmacy Chain,DePURA Kids 15 ml,138,17636.44,0.0391,0.895,6,pre_recall
2023-03-01,TR09,Ludhiana-Amritsar,North,Punjab,T2,Retail Chemist,DePURA Kids 10 ml,130,11918.59,0.0298,0.892,6,pre_recall
2023-03-01,TR09,Ludhiana-Amritsar,North,Punjab,T2,Retail Chemist,DePURA Kids 15 ml,400,50338.8,0.0538,0.922,6,pre_recall
2023-03-01,TR10,Jaipur,North,Rajasthan,T2,E-Pharmacy,DePURA Kids 10 ml,11,871.54,0.1616,1.0,7,pre_recall
2023-03-01,TR10,Jaipur,North,Rajasthan,T2,E-Pharmacy,DePURA Kids 15 ml,36,4058.03,0.1525,0.879,7,pre_recall
2023-03-01,TR10,Jaipur,North,Rajasthan,T2,Hospital Pharmacy,DePURA Kids 10 ml,16,1482.41,0.0196,0.939,7,pre_recall
2023-03-01,TR10,Jaipur,North,Rajasthan,T2,Hospital Pharmacy,DePURA Kids 15 ml,65,8486.88,0.0183,0.99,7,pre_recall
2023-03-01,TR10,Jaipur,North,Rajasthan,T2,Pharmacy Chain,DePURA Kids 10 ml,14,1242.52,0.0608,0.932,7,pre_recall
2023-03-01,TR10,Jaipur,North,Rajasthan,T2,Pharmacy Chain,DePURA Kids 15 ml,49,5989.94,0.0809,1.0,7,pre_recall
2023-03-01,TR10,Jaipur,North,Rajasthan,T2,Retail Chemist,DePURA Kids 10 ml,61,5612.07,0.0264,0.934,7,pre_recall
2023-03-01,TR10,Jaipur,North,Rajasthan,T2,Retail Chemist,DePURA Kids 15 ml,202,25521.54,0.05,0.936,7,pre_recall
2023-03-01,TR11,Dehradun,North,Uttarakhand,T3,E-Pharmacy,DePURA Kids 10 ml,10,813.6,0.1391,0.91,6,pre_recall
2023-03-01,TR11,Dehradun,North,Uttarakhand,T3,E-Pharmacy,DePURA Kids 15 ml,24,2800.48,0.1227,0.963,6,pre_recall
2023-03-01,TR11,Dehradun,North,Uttarakhand,T3,Hospital Pharmacy,DePURA Kids 10 ml,18,1674.45,0.0156,0.925,6,pre_recall
2023-03-01,TR11,Dehradun,North,Uttarakhand,T3,Hospital Pharmacy,DePURA Kids 15 ml,42,5446.76,0.0249,0.888,6,pre_recall
2023-03-01,TR11,Dehradun,North,Uttarakhand,T3,Pharmacy Chain,DePURA Kids 10 ml,8,687.03,0.0912,0.907,6,pre_recall
2023-03-01,TR11,Dehradun,North,Uttarakhand,T3,Pharmacy Chain,DePURA Kids 15 ml,31,3805.69,0.077,0.913,6,pre_recall
2023-03-01,TR11,Dehradun,North,Uttarakhand,T3,Retail Chemist,DePURA Kids 10 ml,91,8146.02,0.0527,0.892,6,pre_recall
2023-03-01,TR11,Dehradun,North,Uttarakhand,T3,Retail Chemist,DePURA Kids 15 ml,296,38064.61,0.0331,0.983,6,pre_recall
2023-03-01,TR12,Mumbai West,West,Maharashtra,T1,E-Pharmacy,DePURA Kids 10 ml,32,2581.02,0.1465,0.938,10,pre_recall
2023-03-01,TR12,Mumbai West,West,Maharashtra,T1,E-Pharmacy,DePURA Kids 15 ml,171,18925.0,0.1679,0.969,10,pre_recall
2023-03-01,TR12,Mumbai West,West,Maharashtra,T1,Hospital Pharmacy,DePURA Kids 10 ml,33,3068.15,0.0161,0.874,10,pre_recall
2023-03-01,TR12,Mumbai West,West,Maharashtra,T1,Hospital Pharmacy,DePURA Kids 15 ml,136,17689.2,0.022,0.901,10,pre_recall
2023-03-01,TR12,Mumbai West,West,Maharashtra,T1,Pharmacy Chain,DePURA Kids 10 ml,36,3134.17,0.0787,0.986,10,pre_recall
2023-03-01,TR12,Mumbai West,West,Maharashtra,T1,Pharmacy Chain,DePURA Kids 15 ml,215,26704.46,0.0661,0.921,10,pre_recall
2023-03-01,TR12,Mumbai West,West,Maharashtra,T1,Retail Chemist,DePURA Kids 10 ml,101,8993.44,0.0577,0.982,10,pre_recall
2023-03-01,TR12,Mumbai West,West,Maharashtra,T1,Retail Chemist,DePURA Kids 15 ml,434,56039.89,0.0291,0.927,10,pre_recall
2023-03-01,TR13,Mumbai Thane,West,Maharashtra,T1,E-Pharmacy,DePURA Kids 10 ml,85,6687.21,0.1675,0.978,14,pre_recall
2023-03-01,TR13,Mumbai Thane,West,Maharashtra,T1,E-Pharmacy,DePURA Kids 15 ml,339,37283.34,0.1731,0.982,14,pre_recall
2023-03-01,TR13,Mumbai Thane,West,Maharashtra,T1,Hospital Pharmacy,DePURA Kids 10 ml,75,7087.5,0.0,0.983,14,pre_recall
2023-03-01,TR13,Mumbai Thane,West,Maharashtra,T1,Hospital Pharmacy,DePURA Kids 15 ml,357,45742.84,0.01985,0.956,14,pre_recall
2023-03-01,TR13,Mumbai Thane,West,Maharashtra,T1,Pharmacy Chain,DePURA Kids 10 ml,103,8902.06,0.0854,0.917,14,pre_recall
2023-03-01,TR13,Mumbai Thane,West,Maharashtra,T1,Pharmacy Chain,DePURA Kids 15 ml,517,63694.3,0.0737,0.931,14,pre_recall
2023-03-01,TR13,Mumbai Thane,West,Maharashtra,T1,Retail Chemist,DePURA Kids 10 ml,276,24964.34,0.0429,0.933,14,pre_recall
2023-03-01,TR13,Mumbai Thane,West,Maharashtra,T1,Retail Chemist,DePURA Kids 15 ml,1378,176599.42,0.0364,0.922,14,pre_recall
2023-03-01,TR14,Pune,West,Maharashtra,T1,E-Pharmacy,DePURA Kids 10 ml,80,6356.66,0.1592,0.963,11,pre_recall
2023-03-01,TR14,Pune,West,Maharashtra,T1,E-Pharmacy,DePURA Kids 15 ml,343,37458.31,0.1789,0.924,11,pre_recall
2023-03-01,TR14,Pune,West,Maharashtra,T1,Hospital Pharmacy,DePURA Kids 10 ml,55,5068.89,0.0247,0.867,11,pre_recall
2023-03-01,TR14,Pune,West,Maharashtra,T1,Hospital Pharmacy,DePURA Kids 15 ml,263,34729.09,0.0071,0.933,11,pre_recall
2023-03-01,TR14,Pune,West,Maharashtra,T1,Pharmacy Chain,DePURA Kids 10 ml,81,6846.34,0.1056,0.899,11,pre_recall
2023-03-01,TR14,Pune,West,Maharashtra,T1,Pharmacy Chain,DePURA Kids 15 ml,350,43146.54,0.0731,0.87,11,pre_recall
2023-03-01,TR14,Pune,West,Maharashtra,T1,Retail Chemist,DePURA Kids 10 ml,187,17050.45,0.0351,0.885,11,pre_recall
2023-03-01,TR14,Pune,West,Maharashtra,T1,Retail Chemist,DePURA Kids 15 ml,1016,128660.25,0.0479,0.879,11,pre_recall
2023-03-01,TR15,Nagpur,West,Maharashtra,T2,E-Pharmacy,DePURA Kids 10 ml,17,1359.3,0.1539,0.86,10,pre_recall
2023-03-01,TR15,Nagpur,West,Maharashtra,T2,E-Pharmacy,DePURA Kids 15 ml,67,7451.96,0.1637,0.921,10,pre_recall
2023-03-01,TR15,Nagpur,West,Maharashtra,T2,Hospital Pharmacy,DePURA Kids 10 ml,29,2691.2,0.018,0.938,10,pre_recall
2023-03-01,TR15,Nagpur,West,Maharashtra,T2,Hospital Pharmacy,DePURA Kids 15 ml,78,10075.94,0.0287,0.905,10,pre_recall
2023-03-01,TR15,Nagpur,West,Maharashtra,T2,Pharmacy Chain,DePURA Kids 10 ml,31,2650.63,0.0952,0.991,10,pre_recall
2023-03-01,TR15,Nagpur,West,Maharashtra,T2,Pharmacy Chain,DePURA Kids 15 ml,91,11381.59,0.0596,0.85,10,pre_recall
2023-03-01,TR15,Nagpur,West,Maharashtra,T2,Retail Chemist,DePURA Kids 10 ml,145,13046.99,0.0478,0.923,10,pre_recall
2023-03-01,TR15,Nagpur,West,Maharashtra,T2,Retail Chemist,DePURA Kids 15 ml,347,44154.78,0.0433,0.871,10,pre_recall
2023-03-01,TR16,Ahmedabad,West,Gujarat,T1,E-Pharmacy,DePURA Kids 10 ml,62,4985.95,0.149,0.947,16,pre_recall
2023-03-01,TR16,Ahmedabad,West,Gujarat,T1,E-Pharmacy,DePURA Kids 15 ml,304,34645.2,0.1431,0.938,16,pre_recall
2023-03-01,TR16,Ahmedabad,West,Gujarat,T1,Hospital Pharmacy,DePURA Kids 10 ml,69,6410.07,0.0169,0.922,16,pre_recall
2023-03-01,TR16,Ahmedabad,West,Gujarat,T1,Hospital Pharmacy,DePURA Kids 15 ml,302,39444.29,0.018,0.876,16,pre_recall
2023-03-01,TR16,Ahmedabad,West,Gujarat,T1,Pharmacy Chain,DePURA Kids 10 ml,82,7007.74,0.0957,0.861,16,pre_recall
2023-03-01,TR16,Ahmedabad,West,Gujarat,T1,Pharmacy Chain,DePURA Kids 15 ml,477,57480.84,0.0939,0.932,16,pre_recall
2023-03-01,TR16,Ahmedabad,West,Gujarat,T1,Retail Chemist,DePURA Kids 10 ml,214,19422.65,0.0396,0.917,16,pre_recall
2023-03-01,TR16,Ahmedabad,West,Gujarat,T1,Retail Chemist,DePURA Kids 15 ml,1140,145417.33,0.0409,0.947,16,pre_recall
2023-03-01,TR17,Surat-Vadodara,West,Gujarat,T2,E-Pharmacy,DePURA Kids 10 ml,20,1600.12,0.1534,0.911,5,pre_recall
2023-03-01,TR17,Surat-Vadodara,West,Gujarat,T2,E-Pharmacy,DePURA Kids 15 ml,90,9910.47,0.1721,0.876,5,pre_recall
2023-03-01,TR17,Surat-Vadodara,West,Gujarat,T2,Hospital Pharmacy,DePURA Kids 10 ml,25,2320.38,0.0178,0.877,5,pre_recall
2023-03-01,TR17,Surat-Vadodara,West,Gujarat,T2,Hospital Pharmacy,DePURA Kids 15 ml,90,11726.6,0.0203,0.809,5,pre_recall
2023-03-01,TR17,Surat-Vadodara,West,Gujarat,T2,Pharmacy Chain,DePURA Kids 10 ml,32,2738.48,0.0944,0.918,5,pre_recall
2023-03-01,TR17,Surat-Vadodara,West,Gujarat,T2,Pharmacy Chain,DePURA Kids 15 ml,124,14875.68,0.098,0.917,5,pre_recall
2023-03-01,TR17,Surat-Vadodara,West,Gujarat,T2,Retail Chemist,DePURA Kids 10 ml,98,8967.49,0.0317,0.949,5,pre_recall
2023-03-01,TR17,Surat-Vadodara,West,Gujarat,T2,Retail Chemist,DePURA Kids 15 ml,351,45380.37,0.0279,0.873,5,pre_recall
2023-03-01,TR18,Rajkot,West,Gujarat,T3,E-Pharmacy,DePURA Kids 10 ml,22,1756.56,0.1551,0.935,7,pre_recall
2023-03-01,TR18,Rajkot,West,Gujarat,T3,E-Pharmacy,DePURA Kids 15 ml,44,5103.44,0.1279,0.925,7,pre_recall
2023-03-01,TR18,Rajkot,West,Gujarat,T3,Hospital Pharmacy,DePURA Kids 10 ml,36,3286.49,0.034,0.906,7,pre_recall
2023-03-01,TR18,Rajkot,West,Gujarat,T3,Hospital Pharmacy,DePURA Kids 15 ml,61,7985.44,0.0157,0.876,7,pre_recall
2023-03-01,TR18,Rajkot,West,Gujarat,T3,Pharmacy Chain,DePURA Kids 10 ml,15,1323.77,0.0661,0.892,7,pre_recall
2023-03-01,TR18,Rajkot,West,Gujarat,T3,Pharmacy Chain,DePURA Kids 15 ml,45,5581.19,0.0675,0.937,7,pre_recall
2023-03-01,TR18,Rajkot,West,Gujarat,T3,Retail Chemist,DePURA Kids 10 ml,203,18719.82,0.0242,0.897,7,pre_recall
2023-03-01,TR18,Rajkot,West,Gujarat,T3,Retail Chemist,DePURA Kids 15 ml,412,52560.26,0.0408,0.885,7,pre_recall
2023-03-01,TR19,Indore,Central,Madhya Pradesh,T2,E-Pharmacy,DePURA Kids 10 ml,40,3158.63,0.1644,0.95,6,pre_recall
2023-03-01,TR19,Indore,Central,Madhya Pradesh,T2,E-Pharmacy,DePURA Kids 15 ml,115,12661.56,0.1722,0.91,6,pre_recall
2023-03-01,TR19,Indore,Central,Madhya Pradesh,T2,Hospital Pharmacy,DePURA Kids 10 ml,36,3363.64,0.0113,0.905,6,pre_recall
2023-03-01,TR19,Indore,Central,Madhya Pradesh,T2,Hospital Pharmacy,DePURA Kids 15 ml,121,15436.95,0.0408,0.894,6,pre_recall
2023-03-01,TR19,Indore,Central,Madhya Pradesh,T2,Pharmacy Chain,DePURA Kids 10 ml,57,4969.88,0.0773,0.957,6,pre_recall
2023-03-01,TR19,Indore,Central,Madhya Pradesh,T2,Pharmacy Chain,DePURA Kids 15 ml,186,23032.96,0.0689,0.872,6,pre_recall
2023-03-01,TR19,Indore,Central,Madhya Pradesh,T2,Retail Chemist,DePURA Kids 10 ml,220,20177.99,0.0294,0.937,6,pre_recall
2023-03-01,TR19,Indore,Central,Madhya Pradesh,T2,Retail Chemist,DePURA Kids 15 ml,529,66411.33,0.0561,0.884,6,pre_recall
2023-03-01,TR20,Bhopal,Central,Madhya Pradesh,T2,E-Pharmacy,DePURA Kids 10 ml,11,891.81,0.1421,0.917,3,pre_recall
2023-03-01,TR20,Bhopal,Central,Madhya Pradesh,T2,E-Pharmacy,DePURA Kids 15 ml,51,5787.4,0.1468,0.927,3,pre_recall
2023-03-01,TR20,Bhopal,Central,Madhya Pradesh,T2,Hospital Pharmacy,DePURA Kids 10 ml,17,1557.5,0.0305,0.915,3,pre_recall
2023-03-01,TR20,Bhopal,Central,Madhya Pradesh,T2,Hospital Pharmacy,DePURA Kids 15 ml,64,8358.02,0.0181,0.824,3,pre_recall
2023-03-01,TR20,Bhopal,Central,Madhya Pradesh,T2,Pharmacy Chain,DePURA Kids 10 ml,18,1565.52,0.0796,0.872,3,pre_recall
2023-03-01,TR20,Bhopal,Central,Madhya Pradesh,T2,Pharmacy Chain,DePURA Kids 15 ml,62,7525.24,0.0874,0.936,3,pre_recall
2023-03-01,TR20,Bhopal,Central,Madhya Pradesh,T2,Retail Chemist,DePURA Kids 10 ml,69,6442.13,0.012,0.878,3,pre_recall
2023-03-01,TR20,Bhopal,Central,Madhya Pradesh,T2,Retail Chemist,DePURA Kids 15 ml,251,31624.15,0.0527,0.859,3,pre_recall
2023-03-01,TR21,Jabalpur,Central,Madhya Pradesh,T3,E-Pharmacy,DePURA Kids 10 ml,14,1130.93,0.1452,0.986,5,pre_recall
2023-03-01,TR21,Jabalpur,Central,Madhya Pradesh,T3,E-Pharmacy,DePURA Kids 15 ml,31,3406.28,0.1738,0.955,5,pre_recall
2023-03-01,TR21,Jabalpur,Central,Madhya Pradesh,T3,Hospital Pharmacy,DePURA Kids 10 ml,25,2314.23,0.0204,0.924,5,pre_recall
2023-03-01,TR21,Jabalpur,Central,Madhya Pradesh,T3,Hospital Pharmacy,DePURA Kids 15 ml,54,6940.55,0.0336,0.932,5,pre_recall
2023-03-01,TR21,Jabalpur,Central,Madhya Pradesh,T3,Pharmacy Chain,DePURA Kids 10 ml,13,1158.3,0.0571,0.961,5,pre_recall
2023-03-01,TR21,Jabalpur,Central,Madhya Pradesh,T3,Pharmacy Chain,DePURA Kids 15 ml,33,3965.76,0.0964,0.974,5,pre_recall
2023-03-01,TR21,Jabalpur,Central,Madhya Pradesh,T3,Retail Chemist,DePURA Kids 10 ml,128,11694.68,0.0332,0.965,5,pre_recall
2023-03-01,TR21,Jabalpur,Central,Madhya Pradesh,T3,Retail Chemist,DePURA Kids 15 ml,305,38995.16,0.0387,0.936,5,pre_recall
2023-03-01,TR22,Raipur,Central,Chhattisgarh,T3,E-Pharmacy,DePURA Kids 10 ml,14,1120.49,0.1531,0.936,6,pre_recall
2023-03-01,TR22,Raipur,Central,Chhattisgarh,T3,E-Pharmacy,DePURA Kids 15 ml,35,3931.36,0.1555,0.915,6,pre_recall
2023-03-01,TR22,Raipur,Central,Chhattisgarh,T3,Hospital Pharmacy,DePURA Kids 10 ml,31,2878.09,0.0175,0.945,6,pre_recall
2023-03-01,TR22,Raipur,Central,Chhattisgarh,T3,Hospital Pharmacy,DePURA Kids 15 ml,69,9064.21,0.0123,0.895,6,pre_recall
2023-03-01,TR22,Raipur,Central,Chhattisgarh,T3,Pharmacy Chain,DePURA Kids 10 ml,18,1583.23,0.0692,0.91,6,pre_recall
2023-03-01,TR22,Raipur,Central,Chhattisgarh,T3,Pharmacy Chain,DePURA Kids 15 ml,42,5167.51,0.0749,0.919,6,pre_recall
2023-03-01,TR22,Raipur,Central,Chhattisgarh,T3,Retail Chemist,DePURA Kids 10 ml,154,14033.71,0.0357,0.876,6,pre_recall
2023-03-01,TR22,Raipur,Central,Chhattisgarh,T3,Retail Chemist,DePURA Kids 15 ml,463,58162.31,0.0555,0.878,6,pre_recall
2023-03-01,TR23,Bengaluru North,South,Karnataka,T1,E-Pharmacy,DePURA Kids 10 ml,84,6745.84,0.1502,0.917,11,pre_recall
2023-03-01,TR23,Bengaluru North,South,Karnataka,T1,E-Pharmacy,DePURA Kids 15 ml,330,37141.71,0.1538,1.0,11,pre_recall
2023-03-01,TR23,Bengaluru North,South,Karnataka,T1,Hospital Pharmacy,DePURA Kids 10 ml,55,5108.03,0.0172,0.907,11,pre_recall
2023-03-01,TR23,Bengaluru North,South,Karnataka,T1,Hospital Pharmacy,DePURA Kids 15 ml,320,40405.78,0.0506,0.936,11,pre_recall
2023-03-01,TR23,Bengaluru North,South,Karnataka,T1,Pharmacy Chain,DePURA Kids 10 ml,83,7193.78,0.0828,0.901,11,pre_recall
2023-03-01,TR23,Bengaluru North,South,Karnataka,T1,Pharmacy Chain,DePURA Kids 15 ml,498,62393.98,0.058,0.953,11,pre_recall
2023-03-01,TR23,Bengaluru North,South,Karnataka,T1,Retail Chemist,DePURA Kids 10 ml,261,23789.99,0.0355,0.921,11,pre_recall
2023-03-01,TR23,Bengaluru North,South,Karnataka,T1,Retail Chemist,DePURA Kids 15 ml,962,121707.93,0.0488,0.906,11,pre_recall
2023-03-01,TR24,Bengaluru South,South,Karnataka,T1,E-Pharmacy,DePURA Kids 10 ml,85,6830.19,0.1497,0.895,16,pre_recall
2023-03-01,TR24,Bengaluru South,South,Karnataka,T1,E-Pharmacy,DePURA Kids 15 ml,357,41278.86,0.1306,0.959,16,pre_recall
2023-03-01,TR24,Bengaluru South,South,Karnataka,T1,Hospital Pharmacy,DePURA Kids 10 ml,76,7117.18,0.009,0.883,16,pre_recall
2023-03-01,TR24,Bengaluru South,South,Karnataka,T1,Hospital Pharmacy,DePURA Kids 15 ml,356,45914.36,0.0303,0.825,16,pre_recall
2023-03-01,TR24,Bengaluru South,South,Karnataka,T1,Pharmacy Chain,DePURA Kids 10 ml,98,8430.51,0.0897,0.841,16,pre_recall
2023-03-01,TR24,Bengaluru South,South,Karnataka,T1,Pharmacy Chain,DePURA Kids 15 ml,461,56427.3,0.0797,0.899,16,pre_recall
2023-03-01,TR24,Bengaluru South,South,Karnataka,T1,Retail Chemist,DePURA Kids 10 ml,279,25908.44,0.0173,0.933,16,pre_recall
2023-03-01,TR24,Bengaluru South,South,Karnataka,T1,Retail Chemist,DePURA Kids 15 ml,1333,169173.6,0.0458,0.88,16,pre_recall
2023-03-01,TR25,Mysuru-Mangaluru,South,Karnataka,T3,E-Pharmacy,DePURA Kids 10 ml,7,552.11,0.1654,0.921,4,pre_recall
2023-03-01,TR25,Mysuru-Mangaluru,South,Karnataka,T3,E-Pharmacy,DePURA Kids 15 ml,22,2466.45,0.1571,0.992,4,pre_recall
2023-03-01,TR25,Mysuru-Mangaluru,South,Karnataka,T3,Hospital Pharmacy,DePURA Kids 10 ml,13,1228.5,0.0,0.929,4,pre_recall
2023-03-01,TR25,Mysuru-Mangaluru,South,Karnataka,T3,Hospital Pharmacy,DePURA Kids 15 ml,33,4328.93,0.0137,0.87,4,pre_recall
2023-03-01,TR25,Mysuru-Mangaluru,South,Karnataka,T3,Pharmacy Chain,DePURA Kids 10 ml,8,694.86,0.0809,0.902,4,pre_recall
2023-03-01,TR25,Mysuru-Mangaluru,South,Karnataka,T3,Pharmacy Chain,DePURA Kids 15 ml,27,3340.19,0.0698,0.913,4,pre_recall
2023-03-01,TR25,Mysuru-Mangaluru,South,Karnataka,T3,Retail Chemist,DePURA Kids 10 ml,65,5851.99,0.0473,0.92,4,pre_recall
2023-03-01,TR25,Mysuru-Mangaluru,South,Karnataka,T3,Retail Chemist,DePURA Kids 15 ml,224,28698.51,0.0367,0.922,4,pre_recall
2023-03-01,TR26,Chennai,South,Tamil Nadu,T1,E-Pharmacy,DePURA Kids 10 ml,92,7341.36,0.1556,0.979,16,pre_recall
2023-03-01,TR26,Chennai,South,Tamil Nadu,T1,E-Pharmacy,DePURA Kids 15 ml,434,48599.88,0.158,1.0,16,pre_recall
2023-03-01,TR26,Chennai,South,Tamil Nadu,T1,Hospital Pharmacy,DePURA Kids 10 ml,62,5636.69,0.0379,0.876,16,pre_recall
2023-03-01,TR26,Chennai,South,Tamil Nadu,T1,Hospital Pharmacy,DePURA Kids 15 ml,341,43964.6,0.0306,0.989,16,pre_recall
2023-03-01,TR26,Chennai,South,Tamil Nadu,T1,Pharmacy Chain,DePURA Kids 10 ml,130,11000.97,0.1045,0.905,16,pre_recall
2023-03-01,TR26,Chennai,South,Tamil Nadu,T1,Pharmacy Chain,DePURA Kids 15 ml,539,67334.37,0.0607,0.881,16,pre_recall
2023-03-01,TR26,Chennai,South,Tamil Nadu,T1,Retail Chemist,DePURA Kids 10 ml,370,33531.57,0.041,0.984,16,pre_recall
2023-03-01,TR26,Chennai,South,Tamil Nadu,T1,Retail Chemist,DePURA Kids 15 ml,1382,177162.52,0.0361,0.955,16,pre_recall
2023-03-01,TR27,Coimbatore-Madurai,South,Tamil Nadu,T2,E-Pharmacy,DePURA Kids 10 ml,29,2328.76,0.1502,0.967,8,pre_recall
2023-03-01,TR27,Coimbatore-Madurai,South,Tamil Nadu,T2,E-Pharmacy,DePURA Kids 15 ml,109,12657.53,0.1269,1.0,8,pre_recall
2023-03-01,TR27,Coimbatore-Madurai,South,Tamil Nadu,T2,Hospital Pharmacy,DePURA Kids 10 ml,50,4537.52,0.0397,0.937,8,pre_recall
2023-03-01,TR27,Coimbatore-Madurai,South,Tamil Nadu,T2,Hospital Pharmacy,DePURA Kids 15 ml,180,23494.13,0.0186,0.953,8,pre_recall
2023-03-01,TR27,Coimbatore-Madurai,South,Tamil Nadu,T2,Pharmacy Chain,DePURA Kids 10 ml,49,4270.16,0.0778,0.967,8,pre_recall
2023-03-01,TR27,Coimbatore-Madurai,South,Tamil Nadu,T2,Pharmacy Chain,DePURA Kids 15 ml,132,16384.12,0.0668,0.919,8,pre_recall
2023-03-01,TR27,Coimbatore-Madurai,South,Tamil Nadu,T2,Retail Chemist,DePURA Kids 10 ml,214,19073.68,0.0397,0.913,8,pre_recall
2023-03-01,TR27,Coimbatore-Madurai,South,Tamil Nadu,T2,Retail Chemist,DePURA Kids 15 ml,532,68102.09,0.0375,0.954,8,pre_recall
2023-03-01,TR28,Hyderabad,South,Telangana,T1,E-Pharmacy,DePURA Kids 10 ml,77,6105.5,0.1609,0.938,9,pre_recall
2023-03-01,TR28,Hyderabad,South,Telangana,T1,E-Pharmacy,DePURA Kids 15 ml,368,41156.35,0.1591,0.925,9,pre_recall
2023-03-01,TR28,Hyderabad,South,Telangana,T1,Hospital Pharmacy,DePURA Kids 10 ml,60,5622.08,0.0085,0.944,9,pre_recall
2023-03-01,TR28,Hyderabad,South,Telangana,T1,Hospital Pharmacy,DePURA Kids 15 ml,364,47884.58,0.0109,1.0,9,pre_recall
2023-03-01,TR28,Hyderabad,South,Telangana,T1,Pharmacy Chain,DePURA Kids 10 ml,101,8818.18,0.0761,0.912,9,pre_recall
2023-03-01,TR28,Hyderabad,South,Telangana,T1,Pharmacy Chain,DePURA Kids 15 ml,519,64232.28,0.0695,0.936,9,pre_recall
2023-03-01,TR28,Hyderabad,South,Telangana,T1,Retail Chemist,DePURA Kids 10 ml,234,21136.22,0.0442,0.944,9,pre_recall
2023-03-01,TR28,Hyderabad,South,Telangana,T1,Retail Chemist,DePURA Kids 15 ml,992,130289.53,0.0125,0.906,9,pre_recall
2023-03-01,TR29,Vijayawada-Vizag,South,Andhra Pradesh,T2,E-Pharmacy,DePURA Kids 10 ml,17,1360.29,0.1533,0.986,5,pre_recall
2023-03-01,TR29,Vijayawada-Vizag,South,Andhra Pradesh,T2,E-Pharmacy,DePURA Kids 15 ml,62,7069.72,0.1426,1.0,5,pre_recall
2023-03-01,TR29,Vijayawada-Vizag,South,Andhra Pradesh,T2,Hospital Pharmacy,DePURA Kids 10 ml,18,1641.38,0.035,0.944,5,pre_recall
2023-03-01,TR29,Vijayawada-Vizag,South,Andhra Pradesh,T2,Hospital Pharmacy,DePURA Kids 15 ml,65,8393.66,0.0291,0.937,5,pre_recall
2023-03-01,TR29,Vijayawada-Vizag,South,Andhra Pradesh,T2,Pharmacy Chain,DePURA Kids 10 ml,22,1881.93,0.0948,0.977,5,pre_recall
2023-03-01,TR29,Vijayawada-Vizag,South,Andhra Pradesh,T2,Pharmacy Chain,DePURA Kids 15 ml,76,9412.06,0.0689,0.955,5,pre_recall
2023-03-01,TR29,Vijayawada-Vizag,South,Andhra Pradesh,T2,Retail Chemist,DePURA Kids 10 ml,106,9532.72,0.0483,0.953,5,pre_recall
2023-03-01,TR29,Vijayawada-Vizag,South,Andhra Pradesh,T2,Retail Chemist,DePURA Kids 15 ml,282,35993.73,0.0403,0.993,5,pre_recall
2023-03-01,TR30,Kochi-Trivandrum,South,Kerala,T2,E-Pharmacy,DePURA Kids 10 ml,35,2809.23,0.1506,0.879,5,pre_recall
2023-03-01,TR30,Kochi-Trivandrum,South,Kerala,T2,E-Pharmacy,DePURA Kids 15 ml,120,13749.58,0.1385,0.957,5,pre_recall
2023-03-01,TR30,Kochi-Trivandrum,South,Kerala,T2,Hospital Pharmacy,DePURA Kids 10 ml,49,4541.41,0.0192,0.91,5,pre_recall
2023-03-01,TR30,Kochi-Trivandrum,South,Kerala,T2,Hospital Pharmacy,DePURA Kids 15 ml,127,16891.0,0.0,0.905,5,pre_recall
2023-03-01,TR30,Kochi-Trivandrum,South,Kerala,T2,Pharmacy Chain,DePURA Kids 10 ml,42,3607.13,0.0912,0.836,5,pre_recall
2023-03-01,TR30,Kochi-Trivandrum,South,Kerala,T2,Pharmacy Chain,DePURA Kids 15 ml,176,21608.22,0.0769,0.91,5,pre_recall
2023-03-01,TR30,Kochi-Trivandrum,South,Kerala,T2,Retail Chemist,DePURA Kids 10 ml,197,18172.93,0.0238,0.83,5,pre_recall
2023-03-01,TR30,Kochi-Trivandrum,South,Kerala,T2,Retail Chemist,DePURA Kids 15 ml,644,81840.49,0.0445,0.865,5,pre_recall
2023-03-01,TR31,Kolkata,East,West Bengal,T1,E-Pharmacy,DePURA Kids 10 ml,59,4744.05,0.1491,0.973,16,pre_recall
2023-03-01,TR31,Kolkata,East,West Bengal,T1,E-Pharmacy,DePURA Kids 15 ml,251,27665.05,0.1713,0.962,16,pre_recall
2023-03-01,TR31,Kolkata,East,West Bengal,T1,Hospital Pharmacy,DePURA Kids 10 ml,52,4790.32,0.0252,0.913,16,pre_recall
2023-03-01,TR31,Kolkata,East,West Bengal,T1,Hospital Pharmacy,DePURA Kids 15 ml,241,31222.32,0.0259,1.0,16,pre_recall
2023-03-01,TR31,Kolkata,East,West Bengal,T1,Pharmacy Chain,DePURA Kids 10 ml,68,5969.73,0.071,0.938,16,pre_recall
2023-03-01,TR31,Kolkata,East,West Bengal,T1,Pharmacy Chain,DePURA Kids 15 ml,518,63853.73,0.0732,1.0,16,pre_recall
2023-03-01,TR31,Kolkata,East,West Bengal,T1,Retail Chemist,DePURA Kids 10 ml,206,18882.41,0.03,0.946,16,pre_recall
2023-03-01,TR31,Kolkata,East,West Bengal,T1,Retail Chemist,DePURA Kids 15 ml,743,94227.53,0.0465,0.911,16,pre_recall
2023-03-01,TR32,Siliguri-Durgapur,East,West Bengal,T3,E-Pharmacy,DePURA Kids 10 ml,9,712.18,0.1626,0.952,3,pre_recall
2023-03-01,TR32,Siliguri-Durgapur,East,West Bengal,T3,E-Pharmacy,DePURA Kids 15 ml,22,2515.09,0.1404,0.945,3,pre_recall
2023-03-01,TR32,Siliguri-Durgapur,East,West Bengal,T3,Hospital Pharmacy,DePURA Kids 10 ml,19,1776.17,0.0108,0.973,3,pre_recall
2023-03-01,TR32,Siliguri-Durgapur,East,West Bengal,T3,Hospital Pharmacy,DePURA Kids 15 ml,46,5933.59,0.0301,0.924,3,pre_recall
2023-03-01,TR32,Siliguri-Durgapur,East,West Bengal,T3,Pharmacy Chain,DePURA Kids 10 ml,10,843.97,0.1069,0.913,3,pre_recall
2023-03-01,TR32,Siliguri-Durgapur,East,West Bengal,T3,Pharmacy Chain,DePURA Kids 15 ml,31,3790.94,0.0805,0.93,3,pre_recall
2023-03-01,TR32,Siliguri-Durgapur,East,West Bengal,T3,Retail Chemist,DePURA Kids 10 ml,92,8590.8,0.0119,0.976,3,pre_recall
2023-03-01,TR32,Siliguri-Durgapur,East,West Bengal,T3,Retail Chemist,DePURA Kids 15 ml,282,35359.96,0.0572,0.974,3,pre_recall
2023-03-01,TR33,Patna,East,Bihar,T2,E-Pharmacy,DePURA Kids 10 ml,22,1771.09,0.1481,0.988,6,pre_recall
2023-03-01,TR33,Patna,East,Bihar,T2,E-Pharmacy,DePURA Kids 15 ml,71,7970.98,0.1559,1.0,6,pre_recall
2023-03-01,TR33,Patna,East,Bihar,T2,Hospital Pharmacy,DePURA Kids 10 ml,27,2507.73,0.0172,0.943,6,pre_recall
2023-03-01,TR33,Patna,East,Bihar,T2,Hospital Pharmacy,DePURA Kids 15 ml,89,11618.72,0.0184,0.906,6,pre_recall
2023-03-01,TR33,Patna,East,Bihar,T2,Pharmacy Chain,DePURA Kids 10 ml,26,2267.1,0.0773,0.95,6,pre_recall
2023-03-01,TR33,Patna,East,Bihar,T2,Pharmacy Chain,DePURA Kids 15 ml,79,9745.18,0.0725,0.931,6,pre_recall
2023-03-01,TR33,Patna,East,Bihar,T2,Retail Chemist,DePURA Kids 10 ml,111,10203.26,0.0273,0.945,6,pre_recall
2023-03-01,TR33,Patna,East,Bihar,T2,Retail Chemist,DePURA Kids 15 ml,353,46055.12,0.019,0.909,6,pre_recall
2023-03-01,TR34,Ranchi,East,Jharkhand,T3,E-Pharmacy,DePURA Kids 10 ml,13,1043.54,0.1506,0.939,6,pre_recall
2023-03-01,TR34,Ranchi,East,Jharkhand,T3,E-Pharmacy,DePURA Kids 15 ml,30,3377.03,0.1536,0.936,6,pre_recall
2023-03-01,TR34,Ranchi,East,Jharkhand,T3,Hospital Pharmacy,DePURA Kids 10 ml,22,2055.96,0.0111,0.919,6,pre_recall
2023-03-01,TR34,Ranchi,East,Jharkhand,T3,Hospital Pharmacy,DePURA Kids 15 ml,60,7836.59,0.018,0.903,6,pre_recall
2023-03-01,TR34,Ranchi,East,Jharkhand,T3,Pharmacy Chain,DePURA Kids 10 ml,13,1116.95,0.0908,0.873,6,pre_recall
2023-03-01,TR34,Ranchi,East,Jharkhand,T3,Pharmacy Chain,DePURA Kids 15 ml,29,3531.99,0.0843,0.885,6,pre_recall
2023-03-01,TR34,Ranchi,East,Jharkhand,T3,Retail Chemist,DePURA Kids 10 ml,133,12041.48,0.0419,0.956,6,pre_recall
2023-03-01,TR34,Ranchi,East,Jharkhand,T3,Retail Chemist,DePURA Kids 15 ml,307,39745.45,0.0266,0.889,6,pre_recall
2023-03-01,TR35,Bhubaneswar,East,Odisha,T2,E-Pharmacy,DePURA Kids 10 ml,26,2059.47,0.1618,0.939,6,pre_recall
2023-03-01,TR35,Bhubaneswar,East,Odisha,T2,E-Pharmacy,DePURA Kids 15 ml,64,7108.45,0.1649,0.908,6,pre_recall
2023-03-01,TR35,Bhubaneswar,East,Odisha,T2,Hospital Pharmacy,DePURA Kids 10 ml,25,2346.47,0.0068,0.883,6,pre_recall
2023-03-01,TR35,Bhubaneswar,East,Odisha,T2,Hospital Pharmacy,DePURA Kids 15 ml,96,12458.04,0.0243,0.893,6,pre_recall
2023-03-01,TR35,Bhubaneswar,East,Odisha,T2,Pharmacy Chain,DePURA Kids 10 ml,33,2789.13,0.1056,0.971,6,pre_recall
2023-03-01,TR35,Bhubaneswar,East,Odisha,T2,Pharmacy Chain,DePURA Kids 15 ml,123,15307.6,0.0643,0.953,6,pre_recall
2023-03-01,TR35,Bhubaneswar,East,Odisha,T2,Retail Chemist,DePURA Kids 10 ml,107,9834.72,0.0274,0.916,6,pre_recall
2023-03-01,TR35,Bhubaneswar,East,Odisha,T2,Retail Chemist,DePURA Kids 15 ml,422,53532.56,0.0462,0.872,6,pre_recall
2023-03-01,TR36,Guwahati,East,Assam,T2,E-Pharmacy,DePURA Kids 10 ml,25,1995.68,0.1553,0.997,8,pre_recall
2023-03-01,TR36,Guwahati,East,Assam,T2,E-Pharmacy,DePURA Kids 15 ml,99,11226.44,0.1474,1.0,8,pre_recall
2023-03-01,TR36,Guwahati,East,Assam,T2,Hospital Pharmacy,DePURA Kids 10 ml,39,3685.5,0.0,0.953,8,pre_recall
2023-03-01,TR36,Guwahati,East,Assam,T2,Hospital Pharmacy,DePURA Kids 15 ml,113,15029.0,0.0,0.886,8,pre_recall
2023-03-01,TR36,Guwahati,East,Assam,T2,Pharmacy Chain,DePURA Kids 10 ml,41,3563.9,0.0802,0.912,8,pre_recall
2023-03-01,TR36,Guwahati,East,Assam,T2,Pharmacy Chain,DePURA Kids 15 ml,152,18133.26,0.103,0.957,8,pre_recall
2023-03-01,TR36,Guwahati,East,Assam,T2,Retail Chemist,DePURA Kids 10 ml,145,13112.22,0.0431,0.977,8,pre_recall
2023-03-01,TR36,Guwahati,East,Assam,T2,Retail Chemist,DePURA Kids 15 ml,484,60683.35,0.0573,1.0,8,pre_recall
2023-04-01,TR01,Delhi North,North,Delhi,T1,E-Pharmacy,DePURA Kids 10 ml,85,6855.94,0.1465,0.921,16,pre_recall
2023-04-01,TR01,Delhi North,North,Delhi,T1,E-Pharmacy,DePURA Kids 15 ml,342,38464.71,0.1544,0.953,16,pre_recall
2023-04-01,TR01,Delhi North,North,Delhi,T1,Hospital Pharmacy,DePURA Kids 10 ml,95,8654.0,0.036,0.881,16,pre_recall
2023-04-01,TR01,Delhi North,North,Delhi,T1,Hospital Pharmacy,DePURA Kids 15 ml,399,52578.59,0.0092,0.941,16,pre_recall
2023-04-01,TR01,Delhi North,North,Delhi,T1,Pharmacy Chain,DePURA Kids 10 ml,120,10629.86,0.0626,0.938,16,pre_recall
2023-04-01,TR01,Delhi North,North,Delhi,T1,Pharmacy Chain,DePURA Kids 15 ml,588,72560.41,0.0722,0.926,16,pre_recall
2023-04-01,TR01,Delhi North,North,Delhi,T1,Retail Chemist,DePURA Kids 10 ml,328,29421.33,0.0508,0.905,16,pre_recall
2023-04-01,TR01,Delhi North,North,Delhi,T1,Retail Chemist,DePURA Kids 15 ml,1404,178513.64,0.044,0.929,16,pre_recall
2023-04-01,TR02,Delhi South,North,Delhi,T1,E-Pharmacy,DePURA Kids 10 ml,84,6716.15,0.1539,0.95,12,pre_recall
2023-04-01,TR02,Delhi South,North,Delhi,T1,E-Pharmacy,DePURA Kids 15 ml,353,40539.2,0.1365,0.928,12,pre_recall
2023-04-01,TR02,Delhi South,North,Delhi,T1,Hospital Pharmacy,DePURA Kids 10 ml,82,7541.99,0.0267,0.897,12,pre_recall
2023-04-01,TR02,Delhi South,North,Delhi,T1,Hospital Pharmacy,DePURA Kids 15 ml,379,49081.93,0.0263,0.886,12,pre_recall
2023-04-01,TR02,Delhi South,North,Delhi,T1,Pharmacy Chain,DePURA Kids 10 ml,128,11068.67,0.0849,0.963,12,pre_recall
2023-04-01,TR02,Delhi South,North,Delhi,T1,Pharmacy Chain,DePURA Kids 15 ml,492,59160.72,0.0959,0.876,12,pre_recall
2023-04-01,TR02,Delhi South,North,Delhi,T1,Retail Chemist,DePURA Kids 10 ml,199,18461.88,0.0183,0.869,12,pre_recall
2023-04-01,TR02,Delhi South,North,Delhi,T1,Retail Chemist,DePURA Kids 15 ml,914,117740.41,0.0314,0.911,12,pre_recall
2023-04-01,TR03,Noida-Ghaziabad,North,Uttar Pradesh,T2,E-Pharmacy,DePURA Kids 10 ml,25,2038.28,0.1372,0.954,5,pre_recall
2023-04-01,TR03,Noida-Ghaziabad,North,Uttar Pradesh,T2,E-Pharmacy,DePURA Kids 15 ml,62,6999.06,0.1512,0.929,5,pre_recall
2023-04-01,TR03,Noida-Ghaziabad,North,Uttar Pradesh,T2,Hospital Pharmacy,DePURA Kids 10 ml,35,3212.58,0.0287,0.858,5,pre_recall
2023-04-01,TR03,Noida-Ghaziabad,North,Uttar Pradesh,T2,Hospital Pharmacy,DePURA Kids 15 ml,122,15549.26,0.0417,0.941,5,pre_recall
2023-04-01,TR03,Noida-Ghaziabad,North,Uttar Pradesh,T2,Pharmacy Chain,DePURA Kids 10 ml,25,2203.68,0.0672,0.873,5,pre_recall
2023-04-01,TR03,Noida-Ghaziabad,North,Uttar Pradesh,T2,Pharmacy Chain,DePURA Kids 15 ml,100,12325.66,0.0733,0.945,5,pre_recall
2023-04-01,TR03,Noida-Ghaziabad,North,Uttar Pradesh,T2,Retail Chemist,DePURA Kids 10 ml,140,12759.66,0.0356,0.939,5,pre_recall
2023-04-01,TR03,Noida-Ghaziabad,North,Uttar Pradesh,T2,Retail Chemist,DePURA Kids 15 ml,418,53265.35,0.0419,0.925,5,pre_recall
2023-04-01,TR04,Gurugram-Faridabad,North,Haryana,T2,E-Pharmacy,DePURA Kids 10 ml,24,1911.08,0.1574,0.91,8,pre_recall
2023-04-01,TR04,Gurugram-Faridabad,North,Haryana,T2,E-Pharmacy,DePURA Kids 15 ml,67,7462.54,0.1625,0.96,8,pre_recall
2023-04-01,TR04,Gurugram-Faridabad,North,Haryana,T2,Hospital Pharmacy,DePURA Kids 10 ml,30,2769.98,0.0229,0.955,8,pre_recall
2023-04-01,TR04,Gurugram-Faridabad,North,Haryana,T2,Hospital Pharmacy,DePURA Kids 15 ml,109,14301.35,0.0135,0.974,8,pre_recall
2023-04-01,TR04,Gurugram-Faridabad,North,Haryana,T2,Pharmacy Chain,DePURA Kids 10 ml,30,2610.58,0.0792,0.96,8,pre_recall
2023-04-01,TR04,Gurugram-Faridabad,North,Haryana,T2,Pharmacy Chain,DePURA Kids 15 ml,121,15153.26,0.0584,0.929,8,pre_recall
2023-04-01,TR04,Gurugram-Faridabad,North,Haryana,T2,Retail Chemist,DePURA Kids 10 ml,146,13280.76,0.0374,0.877,8,pre_recall
2023-04-01,TR04,Gurugram-Faridabad,North,Haryana,T2,Retail Chemist,DePURA Kids 15 ml,431,54042.29,0.0397,0.937,8,pre_recall
2023-04-01,TR05,Lucknow,North,Uttar Pradesh,T2,E-Pharmacy,DePURA Kids 10 ml,21,1720.69,0.1329,0.865,6,pre_recall
2023-04-01,TR05,Lucknow,North,Uttar Pradesh,T2,E-Pharmacy,DePURA Kids 15 ml,74,8451.12,0.1413,0.878,6,pre_recall
2023-04-01,TR05,Lucknow,North,Uttar Pradesh,T2,Hospital Pharmacy,DePURA Kids 10 ml,27,2479.34,0.0283,0.902,6,pre_recall
2023-04-01,TR05,Lucknow,North,Uttar Pradesh,T2,Hospital Pharmacy,DePURA Kids 15 ml,87,11547.59,0.002,0.848,6,pre_recall
2023-04-01,TR05,Lucknow,North,Uttar Pradesh,T2,Pharmacy Chain,DePURA Kids 10 ml,35,3018.01,0.0875,0.889,6,pre_recall
2023-04-01,TR05,Lucknow,North,Uttar Pradesh,T2,Pharmacy Chain,DePURA Kids 15 ml,120,15020.52,0.0589,0.91,6,pre_recall
2023-04-01,TR05,Lucknow,North,Uttar Pradesh,T2,Retail Chemist,DePURA Kids 10 ml,140,12545.74,0.0517,0.907,6,pre_recall
2023-04-01,TR05,Lucknow,North,Uttar Pradesh,T2,Retail Chemist,DePURA Kids 15 ml,466,60382.73,0.0257,0.85,6,pre_recall
2023-04-01,TR06,Kanpur-Agra,North,Uttar Pradesh,T2,E-Pharmacy,DePURA Kids 10 ml,40,3199.57,0.1536,0.972,5,pre_recall
2023-04-01,TR06,Kanpur-Agra,North,Uttar Pradesh,T2,E-Pharmacy,DePURA Kids 15 ml,85,9632.26,0.148,0.964,5,pre_recall
2023-04-01,TR06,Kanpur-Agra,North,Uttar Pradesh,T2,Hospital Pharmacy,DePURA Kids 10 ml,39,3586.22,0.0269,0.955,5,pre_recall
2023-04-01,TR06,Kanpur-Agra,North,Uttar Pradesh,T2,Hospital Pharmacy,DePURA Kids 15 ml,147,19341.75,0.0107,0.939,5,pre_recall
2023-04-01,TR06,Kanpur-Agra,North,Uttar Pradesh,T2,Pharmacy Chain,DePURA Kids 10 ml,52,4577.93,0.0684,0.906,5,pre_recall
2023-04-01,TR06,Kanpur-Agra,North,Uttar Pradesh,T2,Pharmacy Chain,DePURA Kids 15 ml,143,17444.76,0.0828,0.975,5,pre_recall
2023-04-01,TR06,Kanpur-Agra,North,Uttar Pradesh,T2,Retail Chemist,DePURA Kids 10 ml,163,14848.18,0.0361,0.938,5,pre_recall
2023-04-01,TR06,Kanpur-Agra,North,Uttar Pradesh,T2,Retail Chemist,DePURA Kids 15 ml,560,70399.71,0.0548,0.979,5,pre_recall
2023-04-01,TR07,Varanasi-Gorakhpur,North,Uttar Pradesh,T3,E-Pharmacy,DePURA Kids 10 ml,5,399.79,0.1539,0.905,3,pre_recall
2023-04-01,TR07,Varanasi-Gorakhpur,North,Uttar Pradesh,T3,E-Pharmacy,DePURA Kids 15 ml,14,1602.89,0.1392,1.0,3,pre_recall
2023-04-01,TR07,Varanasi-Gorakhpur,North,Uttar Pradesh,T3,Hospital Pharmacy,DePURA Kids 10 ml,11,1013.38,0.0251,0.872,3,pre_recall
2023-04-01,TR07,Varanasi-Gorakhpur,North,Uttar Pradesh,T3,Hospital Pharmacy,DePURA Kids 15 ml,34,4466.34,0.0123,0.911,3,pre_recall
2023-04-01,TR07,Varanasi-Gorakhpur,North,Uttar Pradesh,T3,Pharmacy Chain,DePURA Kids 10 ml,7,605.16,0.0852,0.907,3,pre_recall
2023-04-01,TR07,Varanasi-Gorakhpur,North,Uttar Pradesh,T3,Pharmacy Chain,DePURA Kids 15 ml,18,2191.3,0.0847,0.935,3,pre_recall
2023-04-01,TR07,Varanasi-Gorakhpur,North,Uttar Pradesh,T3,Retail Chemist,DePURA Kids 10 ml,63,5696.95,0.0431,0.927,3,pre_recall
2023-04-01,TR07,Varanasi-Gorakhpur,North,Uttar Pradesh,T3,Retail Chemist,DePURA Kids 15 ml,152,19192.22,0.0506,0.971,3,pre_recall
2023-04-01,TR08,Chandigarh-Mohali,North,Chandigarh,T2,E-Pharmacy,DePURA Kids 10 ml,21,1649.07,0.169,0.95,7,pre_recall
2023-04-01,TR08,Chandigarh-Mohali,North,Chandigarh,T2,E-Pharmacy,DePURA Kids 15 ml,59,6568.35,0.1629,0.929,7,pre_recall
2023-04-01,TR08,Chandigarh-Mohali,North,Chandigarh,T2,Hospital Pharmacy,DePURA Kids 10 ml,20,1856.33,0.0178,0.933,7,pre_recall
2023-04-01,TR08,Chandigarh-Mohali,North,Chandigarh,T2,Hospital Pharmacy,DePURA Kids 15 ml,86,11145.92,0.0255,0.931,7,pre_recall
2023-04-01,TR08,Chandigarh-Mohali,North,Chandigarh,T2,Pharmacy Chain,DePURA Kids 10 ml,28,2451.45,0.0797,0.869,7,pre_recall
2023-04-01,TR08,Chandigarh-Mohali,North,Chandigarh,T2,Pharmacy Chain,DePURA Kids 15 ml,94,11500.05,0.0801,0.884,7,pre_recall
2023-04-01,TR08,Chandigarh-Mohali,North,Chandigarh,T2,Retail Chemist,DePURA Kids 10 ml,130,11754.77,0.0432,0.965,7,pre_recall
2023-04-01,TR08,Chandigarh-Mohali,North,Chandigarh,T2,Retail Chemist,DePURA Kids 15 ml,410,51379.21,0.0578,0.899,7,pre_recall
2023-04-01,TR09,Ludhiana-Amritsar,North,Punjab,T2,E-Pharmacy,DePURA Kids 10 ml,25,2030.11,0.1407,0.921,6,pre_recall
2023-04-01,TR09,Ludhiana-Amritsar,North,Punjab,T2,E-Pharmacy,DePURA Kids 15 ml,99,11130.01,0.1547,0.879,6,pre_recall
2023-04-01,TR09,Ludhiana-Amritsar,North,Punjab,T2,Hospital Pharmacy,DePURA Kids 10 ml,34,3165.8,0.0147,0.884,6,pre_recall
2023-04-01,TR09,Ludhiana-Amritsar,North,Punjab,T2,Hospital Pharmacy,DePURA Kids 15 ml,108,13839.76,0.0365,0.858,6,pre_recall
2023-04-01,TR09,Ludhiana-Amritsar,North,Punjab,T2,Pharmacy Chain,DePURA Kids 10 ml,31,2676.3,0.0864,0.945,6,pre_recall
2023-04-01,TR09,Ludhiana-Amritsar,North,Punjab,T2,Pharmacy Chain,DePURA Kids 15 ml,97,11949.08,0.0738,0.842,6,pre_recall
2023-04-01,TR09,Ludhiana-Amritsar,North,Punjab,T2,Retail Chemist,DePURA Kids 10 ml,105,9558.74,0.0367,0.862,6,pre_recall
2023-04-01,TR09,Ludhiana-Amritsar,North,Punjab,T2,Retail Chemist,DePURA Kids 15 ml,486,61920.13,0.042,0.887,6,pre_recall
2023-04-01,TR10,Jaipur,North,Rajasthan,T2,E-Pharmacy,DePURA Kids 10 ml,13,1032.43,0.1596,1.0,7,pre_recall
2023-04-01,TR10,Jaipur,North,Rajasthan,T2,E-Pharmacy,DePURA Kids 15 ml,38,4296.4,0.1499,1.0,7,pre_recall
2023-04-01,TR10,Jaipur,North,Rajasthan,T2,Hospital Pharmacy,DePURA Kids 10 ml,18,1666.3,0.0204,0.939,7,pre_recall
2023-04-01,TR10,Jaipur,North,Rajasthan,T2,Hospital Pharmacy,DePURA Kids 15 ml,57,7414.13,0.022,0.964,7,pre_recall
2023-04-01,TR10,Jaipur,North,Rajasthan,T2,Pharmacy Chain,DePURA Kids 10 ml,20,1721.03,0.0894,0.981,7,pre_recall
2023-04-01,TR10,Jaipur,North,Rajasthan,T2,Pharmacy Chain,DePURA Kids 15 ml,58,7077.84,0.0825,0.955,7,pre_recall
2023-04-01,TR10,Jaipur,North,Rajasthan,T2,Retail Chemist,DePURA Kids 10 ml,79,7185.05,0.0376,0.95,7,pre_recall
2023-04-01,TR10,Jaipur,North,Rajasthan,T2,Retail Chemist,DePURA Kids 15 ml,193,24723.04,0.0369,0.986,7,pre_recall
2023-04-01,TR11,Dehradun,North,Uttarakhand,T3,E-Pharmacy,DePURA Kids 10 ml,10,796.79,0.1568,0.875,6,pre_recall
2023-04-01,TR11,Dehradun,North,Uttarakhand,T3,E-Pharmacy,DePURA Kids 15 ml,25,2811.1,0.1546,0.915,6,pre_recall
2023-04-01,TR11,Dehradun,North,Uttarakhand,T3,Hospital Pharmacy,DePURA Kids 10 ml,17,1599.6,0.0043,0.935,6,pre_recall
2023-04-01,TR11,Dehradun,North,Uttarakhand,T3,Hospital Pharmacy,DePURA Kids 15 ml,42,5510.93,0.0134,0.92,6,pre_recall
2023-04-01,TR11,Dehradun,North,Uttarakhand,T3,Pharmacy Chain,DePURA Kids 10 ml,8,705.01,0.0674,0.89,6,pre_recall
2023-04-01,TR11,Dehradun,North,Uttarakhand,T3,Pharmacy Chain,DePURA Kids 15 ml,26,3207.72,0.0724,0.867,6,pre_recall
2023-04-01,TR11,Dehradun,North,Uttarakhand,T3,Retail Chemist,DePURA Kids 10 ml,98,8794.09,0.0504,0.922,6,pre_recall
2023-04-01,TR11,Dehradun,North,Uttarakhand,T3,Retail Chemist,DePURA Kids 15 ml,231,29110.97,0.0525,0.934,6,pre_recall
2023-04-01,TR12,Mumbai West,West,Maharashtra,T1,E-Pharmacy,DePURA Kids 10 ml,32,2559.1,0.1537,0.976,10,pre_recall
2023-04-01,TR12,Mumbai West,West,Maharashtra,T1,E-Pharmacy,DePURA Kids 15 ml,117,13192.08,0.1522,0.952,10,pre_recall
2023-04-01,TR12,Mumbai West,West,Maharashtra,T1,Hospital Pharmacy,DePURA Kids 10 ml,25,2352.06,0.0044,0.968,10,pre_recall
2023-04-01,TR12,Mumbai West,West,Maharashtra,T1,Hospital Pharmacy,DePURA Kids 15 ml,132,17252.67,0.0173,0.86,10,pre_recall
2023-04-01,TR12,Mumbai West,West,Maharashtra,T1,Pharmacy Chain,DePURA Kids 10 ml,43,3838.21,0.0554,0.966,10,pre_recall
2023-04-01,TR12,Mumbai West,West,Maharashtra,T1,Pharmacy Chain,DePURA Kids 15 ml,174,21134.61,0.0867,0.945,10,pre_recall
2023-04-01,TR12,Mumbai West,West,Maharashtra,T1,Retail Chemist,DePURA Kids 10 ml,94,8412.72,0.0529,0.912,10,pre_recall
2023-04-01,TR12,Mumbai West,West,Maharashtra,T1,Retail Chemist,DePURA Kids 15 ml,536,69266.16,0.0284,0.913,10,pre_recall
2023-04-01,TR13,Mumbai Thane,West,Maharashtra,T1,E-Pharmacy,DePURA Kids 10 ml,75,6015.02,0.1513,1.0,14,pre_recall
2023-04-01,TR13,Mumbai Thane,West,Maharashtra,T1,E-Pharmacy,DePURA Kids 15 ml,417,46721.29,0.1576,0.968,14,pre_recall
2023-04-01,TR13,Mumbai Thane,West,Maharashtra,T1,Hospital Pharmacy,DePURA Kids 10 ml,90,8383.72,0.0143,0.978,14,pre_recall
2023-04-01,TR13,Mumbai Thane,West,Maharashtra,T1,Hospital Pharmacy,DePURA Kids 15 ml,299,38733.7,0.026,0.928,14,pre_recall
2023-04-01,TR13,Mumbai Thane,West,Maharashtra,T1,Pharmacy Chain,DePURA Kids 10 ml,101,8725.56,0.0858,0.911,14,pre_recall
2023-04-01,TR13,Mumbai Thane,West,Maharashtra,T1,Pharmacy Chain,DePURA Kids 15 ml,477,58929.48,0.0711,0.939,14,pre_recall
2023-04-01,TR13,Mumbai Thane,West,Maharashtra,T1,Retail Chemist,DePURA Kids 10 ml,337,30401.25,0.0454,1.0,14,pre_recall
2023-04-01,TR13,Mumbai Thane,West,Maharashtra,T1,Retail Chemist,DePURA Kids 15 ml,1272,161735.49,0.044,0.944,14,pre_recall
2023-04-01,TR14,Pune,West,Maharashtra,T1,E-Pharmacy,DePURA Kids 10 ml,63,5069.01,0.1486,0.897,11,pre_recall
2023-04-01,TR14,Pune,West,Maharashtra,T1,E-Pharmacy,DePURA Kids 15 ml,353,40167.59,0.1444,0.938,11,pre_recall
2023-04-01,TR14,Pune,West,Maharashtra,T1,Hospital Pharmacy,DePURA Kids 10 ml,53,4964.84,0.0087,0.881,11,pre_recall
2023-04-01,TR14,Pune,West,Maharashtra,T1,Hospital Pharmacy,DePURA Kids 15 ml,201,26434.19,0.0112,0.907,11,pre_recall
2023-04-01,TR14,Pune,West,Maharashtra,T1,Pharmacy Chain,DePURA Kids 10 ml,111,9542.84,0.0902,0.886,11,pre_recall
2023-04-01,TR14,Pune,West,Maharashtra,T1,Pharmacy Chain,DePURA Kids 15 ml,323,39786.5,0.0738,0.852,11,pre_recall
2023-04-01,TR14,Pune,West,Maharashtra,T1,Retail Chemist,DePURA Kids 10 ml,209,18827.43,0.0467,0.873,11,pre_recall
2023-04-01,TR14,Pune,West,Maharashtra,T1,Retail Chemist,DePURA Kids 15 ml,714,89602.02,0.0564,0.842,11,pre_recall
2023-04-01,TR15,Nagpur,West,Maharashtra,T2,E-Pharmacy,DePURA Kids 10 ml,24,1973.61,0.1298,0.908,10,pre_recall
2023-04-01,TR15,Nagpur,West,Maharashtra,T2,E-Pharmacy,DePURA Kids 15 ml,66,7483.09,0.1475,0.932,10,pre_recall
2023-04-01,TR15,Nagpur,West,Maharashtra,T2,Hospital Pharmacy,DePURA Kids 10 ml,28,2575.86,0.0265,0.889,10,pre_recall
2023-04-01,TR15,Nagpur,West,Maharashtra,T2,Hospital Pharmacy,DePURA Kids 15 ml,94,12040.86,0.0369,0.871,10,pre_recall
2023-04-01,TR15,Nagpur,West,Maharashtra,T2,Pharmacy Chain,DePURA Kids 10 ml,37,3219.36,0.0793,0.923,10,pre_recall
2023-04-01,TR15,Nagpur,West,Maharashtra,T2,Pharmacy Chain,DePURA Kids 15 ml,88,10711.76,0.0848,0.869,10,pre_recall
2023-04-01,TR15,Nagpur,West,Maharashtra,T2,Retail Chemist,DePURA Kids 10 ml,166,14942.74,0.0474,0.926,10,pre_recall
2023-04-01,TR15,Nagpur,West,Maharashtra,T2,Retail Chemist,DePURA Kids 15 ml,406,51069.01,0.0542,0.879,10,pre_recall
2023-04-01,TR16,Ahmedabad,West,Gujarat,T1,E-Pharmacy,DePURA Kids 10 ml,69,5609.27,0.1397,0.905,16,pre_recall
2023-04-01,TR16,Ahmedabad,West,Gujarat,T1,E-Pharmacy,DePURA Kids 15 ml,271,29934.65,0.1695,0.969,16,pre_recall
2023-04-01,TR16,Ahmedabad,West,Gujarat,T1,Hospital Pharmacy,DePURA Kids 10 ml,58,5481.0,0.0,0.895,16,pre_recall
2023-04-01,TR16,Ahmedabad,West,Gujarat,T1,Hospital Pharmacy,DePURA Kids 15 ml,238,31224.69,0.0136,0.843,16,pre_recall
2023-04-01,TR16,Ahmedabad,West,Gujarat,T1,Pharmacy Chain,DePURA Kids 10 ml,69,6060.81,0.0705,0.908,16,pre_recall
2023-04-01,TR16,Ahmedabad,West,Gujarat,T1,Pharmacy Chain,DePURA Kids 15 ml,467,57504.94,0.0742,0.869,16,pre_recall
2023-04-01,TR16,Ahmedabad,West,Gujarat,T1,Retail Chemist,DePURA Kids 10 ml,188,17093.89,0.0378,0.854,16,pre_recall
2023-04-01,TR16,Ahmedabad,West,Gujarat,T1,Retail Chemist,DePURA Kids 15 ml,1219,156576.31,0.0342,0.933,16,pre_recall
2023-04-01,TR17,Surat-Vadodara,West,Gujarat,T2,E-Pharmacy,DePURA Kids 10 ml,21,1707.25,0.1397,0.946,5,pre_recall
2023-04-01,TR17,Surat-Vadodara,West,Gujarat,T2,E-Pharmacy,DePURA Kids 15 ml,73,8216.12,0.1538,0.882,5,pre_recall
2023-04-01,TR17,Surat-Vadodara,West,Gujarat,T2,Hospital Pharmacy,DePURA Kids 10 ml,25,2328.39,0.0144,0.851,5,pre_recall
2023-04-01,TR17,Surat-Vadodara,West,Gujarat,T2,Hospital Pharmacy,DePURA Kids 15 ml,92,11892.68,0.0281,0.891,5,pre_recall
2023-04-01,TR17,Surat-Vadodara,West,Gujarat,T2,Pharmacy Chain,DePURA Kids 10 ml,28,2431.65,0.081,0.905,5,pre_recall
2023-04-01,TR17,Surat-Vadodara,West,Gujarat,T2,Pharmacy Chain,DePURA Kids 15 ml,99,11791.94,0.1044,0.939,5,pre_recall
2023-04-01,TR17,Surat-Vadodara,West,Gujarat,T2,Retail Chemist,DePURA Kids 10 ml,130,11714.14,0.0465,0.898,5,pre_recall
2023-04-01,TR17,Surat-Vadodara,West,Gujarat,T2,Retail Chemist,DePURA Kids 15 ml,327,40833.01,0.0611,0.904,5,pre_recall
2023-04-01,TR18,Rajkot,West,Gujarat,T3,E-Pharmacy,DePURA Kids 10 ml,17,1391.53,0.1338,1.0,7,pre_recall
2023-04-01,TR18,Rajkot,West,Gujarat,T3,E-Pharmacy,DePURA Kids 15 ml,37,4225.98,0.1412,0.894,7,pre_recall
2023-04-01,TR18,Rajkot,West,Gujarat,T3,Hospital Pharmacy,DePURA Kids 10 ml,31,2864.58,0.0222,0.907,7,pre_recall
2023-04-01,TR18,Rajkot,West,Gujarat,T3,Hospital Pharmacy,DePURA Kids 15 ml,71,9224.32,0.0232,0.873,7,pre_recall
2023-04-01,TR18,Rajkot,West,Gujarat,T3,Pharmacy Chain,DePURA Kids 10 ml,18,1573.32,0.0751,0.918,7,pre_recall
2023-04-01,TR18,Rajkot,West,Gujarat,T3,Pharmacy Chain,DePURA Kids 15 ml,36,4425.33,0.0757,0.85,7,pre_recall
2023-04-01,TR18,Rajkot,West,Gujarat,T3,Retail Chemist,DePURA Kids 10 ml,152,13784.8,0.0403,0.917,7,pre_recall
2023-04-01,TR18,Rajkot,West,Gujarat,T3,Retail Chemist,DePURA Kids 15 ml,336,44442.12,0.0055,0.871,7,pre_recall
2023-04-01,TR19,Indore,Central,Madhya Pradesh,T2,E-Pharmacy,DePURA Kids 10 ml,37,2973.65,0.1495,0.923,6,pre_recall
2023-04-01,TR19,Indore,Central,Madhya Pradesh,T2,E-Pharmacy,DePURA Kids 15 ml,113,12895.52,0.142,0.965,6,pre_recall
2023-04-01,TR19,Indore,Central,Madhya Pradesh,T2,Hospital Pharmacy,DePURA Kids 10 ml,50,4561.19,0.0347,0.897,6,pre_recall
2023-04-01,TR19,Indore,Central,Madhya Pradesh,T2,Hospital Pharmacy,DePURA Kids 15 ml,136,17686.16,0.0222,0.849,6,pre_recall
2023-04-01,TR19,Indore,Central,Madhya Pradesh,T2,Pharmacy Chain,DePURA Kids 10 ml,65,5641.26,0.0816,0.948,6,pre_recall
2023-04-01,TR19,Indore,Central,Madhya Pradesh,T2,Pharmacy Chain,DePURA Kids 15 ml,156,18542.4,0.1063,0.897,6,pre_recall
2023-04-01,TR19,Indore,Central,Madhya Pradesh,T2,Retail Chemist,DePURA Kids 10 ml,218,19761.96,0.0407,0.924,6,pre_recall
2023-04-01,TR19,Indore,Central,Madhya Pradesh,T2,Retail Chemist,DePURA Kids 15 ml,581,75773.56,0.0194,0.897,6,pre_recall
2023-04-01,TR20,Bhopal,Central,Madhya Pradesh,T2,E-Pharmacy,DePURA Kids 10 ml,13,1038.11,0.155,0.944,3,pre_recall
2023-04-01,TR20,Bhopal,Central,Madhya Pradesh,T2,E-Pharmacy,DePURA Kids 15 ml,56,6398.34,0.1409,0.932,3,pre_recall
2023-04-01,TR20,Bhopal,Central,Madhya Pradesh,T2,Hospital Pharmacy,DePURA Kids 10 ml,16,1476.21,0.0237,0.878,3,pre_recall
2023-04-01,TR20,Bhopal,Central,Madhya Pradesh,T2,Hospital Pharmacy,DePURA Kids 15 ml,58,7495.62,0.0283,0.889,3,pre_recall
2023-04-01,TR20,Bhopal,Central,Madhya Pradesh,T2,Pharmacy Chain,DePURA Kids 10 ml,20,1713.13,0.0936,0.856,3,pre_recall
2023-04-01,TR20,Bhopal,Central,Madhya Pradesh,T2,Pharmacy Chain,DePURA Kids 15 ml,60,7290.18,0.0864,0.868,3,pre_recall
2023-04-01,TR20,Bhopal,Central,Madhya Pradesh,T2,Retail Chemist,DePURA Kids 10 ml,82,7480.63,0.0346,0.911,3,pre_recall
2023-04-01,TR20,Bhopal,Central,Madhya Pradesh,T2,Retail Chemist,DePURA Kids 15 ml,236,30008.19,0.044,0.935,3,pre_recall
2023-04-01,TR21,Jabalpur,Central,Madhya Pradesh,T3,E-Pharmacy,DePURA Kids 10 ml,14,1134.21,0.1427,1.0,5,pre_recall
2023-04-01,TR21,Jabalpur,Central,Madhya Pradesh,T3,E-Pharmacy,DePURA Kids 15 ml,29,3301.65,0.144,0.936,5,pre_recall
2023-04-01,TR21,Jabalpur,Central,Madhya Pradesh,T3,Hospital Pharmacy,DePURA Kids 10 ml,26,2440.32,0.0068,0.938,5,pre_recall
2023-04-01,TR21,Jabalpur,Central,Madhya Pradesh,T3,Hospital Pharmacy,DePURA Kids 15 ml,47,6251.0,0.0,0.948,5,pre_recall
2023-04-01,TR21,Jabalpur,Central,Madhya Pradesh,T3,Pharmacy Chain,DePURA Kids 10 ml,16,1362.63,0.0988,0.986,5,pre_recall
2023-04-01,TR21,Jabalpur,Central,Madhya Pradesh,T3,Pharmacy Chain,DePURA Kids 15 ml,40,4906.34,0.0778,0.949,5,pre_recall
2023-04-01,TR21,Jabalpur,Central,Madhya Pradesh,T3,Retail Chemist,DePURA Kids 10 ml,162,14595.66,0.0466,0.991,5,pre_recall
2023-04-01,TR21,Jabalpur,Central,Madhya Pradesh,T3,Retail Chemist,DePURA Kids 15 ml,312,39007.74,0.06,0.995,5,pre_recall
2023-04-01,TR22,Raipur,Central,Chhattisgarh,T3,E-Pharmacy,DePURA Kids 10 ml,12,983.37,0.1328,0.912,6,pre_recall
2023-04-01,TR22,Raipur,Central,Chhattisgarh,T3,E-Pharmacy,DePURA Kids 15 ml,46,5171.76,0.1547,0.942,6,pre_recall
2023-04-01,TR22,Raipur,Central,Chhattisgarh,T3,Hospital Pharmacy,DePURA Kids 10 ml,25,2351.02,0.0049,0.872,6,pre_recall
2023-04-01,TR22,Raipur,Central,Chhattisgarh,T3,Hospital Pharmacy,DePURA Kids 15 ml,81,10522.37,0.0233,0.88,6,pre_recall
2023-04-01,TR22,Raipur,Central,Chhattisgarh,T3,Pharmacy Chain,DePURA Kids 10 ml,21,1828.41,0.0787,0.862,6,pre_recall
2023-04-01,TR22,Raipur,Central,Chhattisgarh,T3,Pharmacy Chain,DePURA Kids 15 ml,56,6894.03,0.0744,0.939,6,pre_recall
2023-04-01,TR22,Raipur,Central,Chhattisgarh,T3,Retail Chemist,DePURA Kids 10 ml,138,12483.67,0.0427,0.852,6,pre_recall
2023-04-01,TR22,Raipur,Central,Chhattisgarh,T3,Retail Chemist,DePURA Kids 15 ml,389,48760.58,0.0575,0.954,6,pre_recall
2023-04-01,TR23,Bengaluru North,South,Karnataka,T1,E-Pharmacy,DePURA Kids 10 ml,99,7819.05,0.1642,0.965,11,pre_recall
2023-04-01,TR23,Bengaluru North,South,Karnataka,T1,E-Pharmacy,DePURA Kids 15 ml,360,39721.13,0.1704,0.999,11,pre_recall
2023-04-01,TR23,Bengaluru North,South,Karnataka,T1,Hospital Pharmacy,DePURA Kids 10 ml,54,4983.51,0.0234,0.907,11,pre_recall
2023-04-01,TR23,Bengaluru North,South,Karnataka,T1,Hospital Pharmacy,DePURA Kids 15 ml,286,37125.97,0.024,0.958,11,pre_recall
2023-04-01,TR23,Bengaluru North,South,Karnataka,T1,Pharmacy Chain,DePURA Kids 10 ml,104,9135.08,0.0705,0.93,11,pre_recall
2023-04-01,TR23,Bengaluru North,South,Karnataka,T1,Pharmacy Chain,DePURA Kids 15 ml,450,55587.65,0.0712,0.874,11,pre_recall
2023-04-01,TR23,Bengaluru North,South,Karnataka,T1,Retail Chemist,DePURA Kids 10 ml,276,25185.1,0.0344,0.89,11,pre_recall
2023-04-01,TR23,Bengaluru North,South,Karnataka,T1,Retail Chemist,DePURA Kids 15 ml,1018,128169.25,0.0534,0.883,11,pre_recall
2023-04-01,TR24,Bengaluru South,South,Karnataka,T1,E-Pharmacy,DePURA Kids 10 ml,74,5786.84,0.1725,0.903,16,pre_recall
2023-04-01,TR24,Bengaluru South,South,Karnataka,T1,E-Pharmacy,DePURA Kids 15 ml,389,43470.33,0.1598,0.911,16,pre_recall
2023-04-01,TR24,Bengaluru South,South,Karnataka,T1,Hospital Pharmacy,DePURA Kids 10 ml,79,7416.57,0.0066,0.865,16,pre_recall
2023-04-01,TR24,Bengaluru South,South,Karnataka,T1,Hospital Pharmacy,DePURA Kids 15 ml,304,40048.0,0.0095,0.889,16,pre_recall
2023-04-01,TR24,Bengaluru South,South,Karnataka,T1,Pharmacy Chain,DePURA Kids 10 ml,91,7887.57,0.0828,0.882,16,pre_recall
2023-04-01,TR24,Bengaluru South,South,Karnataka,T1,Pharmacy Chain,DePURA Kids 15 ml,399,49476.27,0.0677,0.841,16,pre_recall
2023-04-01,TR24,Bengaluru South,South,Karnataka,T1,Retail Chemist,DePURA Kids 10 ml,279,25224.79,0.0433,0.906,16,pre_recall
2023-04-01,TR24,Bengaluru South,South,Karnataka,T1,Retail Chemist,DePURA Kids 15 ml,1330,167503.15,0.0531,0.909,16,pre_recall
2023-04-01,TR25,Mysuru-Mangaluru,South,Karnataka,T3,E-Pharmacy,DePURA Kids 10 ml,7,550.53,0.1678,0.958,4,pre_recall
2023-04-01,TR25,Mysuru-Mangaluru,South,Karnataka,T3,E-Pharmacy,DePURA Kids 15 ml,16,1822.57,0.1435,0.91,4,pre_recall
2023-04-01,TR25,Mysuru-Mangaluru,South,Karnataka,T3,Hospital Pharmacy,DePURA Kids 10 ml,14,1303.81,0.0145,0.881,4,pre_recall
2023-04-01,TR25,Mysuru-Mangaluru,South,Karnataka,T3,Hospital Pharmacy,DePURA Kids 15 ml,34,4435.54,0.0191,0.972,4,pre_recall
2023-04-01,TR25,Mysuru-Mangaluru,South,Karnataka,T3,Pharmacy Chain,DePURA Kids 10 ml,8,699.43,0.0748,0.981,4,pre_recall
2023-04-01,TR25,Mysuru-Mangaluru,South,Karnataka,T3,Pharmacy Chain,DePURA Kids 15 ml,18,2155.88,0.0995,0.875,4,pre_recall
2023-04-01,TR25,Mysuru-Mangaluru,South,Karnataka,T3,Retail Chemist,DePURA Kids 10 ml,77,7024.17,0.0347,0.956,4,pre_recall
2023-04-01,TR25,Mysuru-Mangaluru,South,Karnataka,T3,Retail Chemist,DePURA Kids 15 ml,152,19406.56,0.04,0.982,4,pre_recall
2023-04-01,TR26,Chennai,South,Tamil Nadu,T1,E-Pharmacy,DePURA Kids 10 ml,99,7889.29,0.1567,1.0,16,pre_recall
2023-04-01,TR26,Chennai,South,Tamil Nadu,T1,E-Pharmacy,DePURA Kids 15 ml,402,45196.12,0.1547,0.945,16,pre_recall
2023-04-01,TR26,Chennai,South,Tamil Nadu,T1,Hospital Pharmacy,DePURA Kids 10 ml,72,6644.59,0.0234,0.864,16,pre_recall
2023-04-01,TR26,Chennai,South,Tamil Nadu,T1,Hospital Pharmacy,DePURA Kids 15 ml,397,52432.88,0.007,0.967,16,pre_recall
2023-04-01,TR26,Chennai,South,Tamil Nadu,T1,Pharmacy Chain,DePURA Kids 10 ml,106,9218.81,0.0797,0.968,16,pre_recall
2023-04-01,TR26,Chennai,South,Tamil Nadu,T1,Pharmacy Chain,DePURA Kids 15 ml,463,56106.17,0.0889,0.949,16,pre_recall
2023-04-01,TR26,Chennai,South,Tamil Nadu,T1,Retail Chemist,DePURA Kids 10 ml,213,19007.92,0.0557,0.913,16,pre_recall
2023-04-01,TR26,Chennai,South,Tamil Nadu,T1,Retail Chemist,DePURA Kids 15 ml,1353,169746.47,0.0567,0.984,16,pre_recall
2023-04-01,TR27,Coimbatore-Madurai,South,Tamil Nadu,T2,E-Pharmacy,DePURA Kids 10 ml,37,2961.91,0.1529,0.967,8,pre_recall
2023-04-01,TR27,Coimbatore-Madurai,South,Tamil Nadu,T2,E-Pharmacy,DePURA Kids 15 ml,103,11651.16,0.1495,0.953,8,pre_recall
2023-04-01,TR27,Coimbatore-Madurai,South,Tamil Nadu,T2,Hospital Pharmacy,DePURA Kids 10 ml,38,3495.14,0.0267,0.967,8,pre_recall
2023-04-01,TR27,Coimbatore-Madurai,South,Tamil Nadu,T2,Hospital Pharmacy,DePURA Kids 15 ml,140,18157.44,0.0248,0.951,8,pre_recall
2023-04-01,TR27,Coimbatore-Madurai,South,Tamil Nadu,T2,Pharmacy Chain,DePURA Kids 10 ml,47,4113.01,0.074,0.947,8,pre_recall
2023-04-01,TR27,Coimbatore-Madurai,South,Tamil Nadu,T2,Pharmacy Chain,DePURA Kids 15 ml,155,18948.63,0.0808,1.0,8,pre_recall
2023-04-01,TR27,Coimbatore-Madurai,South,Tamil Nadu,T2,Retail Chemist,DePURA Kids 10 ml,182,16729.69,0.0273,0.942,8,pre_recall
2023-04-01,TR27,Coimbatore-Madurai,South,Tamil Nadu,T2,Retail Chemist,DePURA Kids 15 ml,673,84870.66,0.0518,0.981,8,pre_recall
2023-04-01,TR28,Hyderabad,South,Telangana,T1,E-Pharmacy,DePURA Kids 10 ml,74,5873.49,0.1601,0.914,9,pre_recall
2023-04-01,TR28,Hyderabad,South,Telangana,T1,E-Pharmacy,DePURA Kids 15 ml,388,44192.55,0.1436,0.947,9,pre_recall
2023-04-01,TR28,Hyderabad,South,Telangana,T1,Hospital Pharmacy,DePURA Kids 10 ml,74,6974.51,0.0026,0.94,9,pre_recall
2023-04-01,TR28,Hyderabad,South,Telangana,T1,Hospital Pharmacy,DePURA Kids 15 ml,265,35221.44,0.0007,0.893,9,pre_recall
2023-04-01,TR28,Hyderabad,South,Telangana,T1,Pharmacy Chain,DePURA Kids 10 ml,89,7770.03,0.0762,0.968,9,pre_recall
2023-04-01,TR28,Hyderabad,South,Telangana,T1,Pharmacy Chain,DePURA Kids 15 ml,438,54487.39,0.0647,0.91,9,pre_recall
2023-04-01,TR28,Hyderabad,South,Telangana,T1,Retail Chemist,DePURA Kids 10 ml,223,20029.38,0.0495,0.924,9,pre_recall
2023-04-01,TR28,Hyderabad,South,Telangana,T1,Retail Chemist,DePURA Kids 15 ml,1175,152862.91,0.0218,0.913,9,pre_recall
2023-04-01,TR29,Vijayawada-Vizag,South,Andhra Pradesh,T2,E-Pharmacy,DePURA Kids 10 ml,17,1390.85,0.1342,0.989,5,pre_recall
2023-04-01,TR29,Vijayawada-Vizag,South,Andhra Pradesh,T2,E-Pharmacy,DePURA Kids 15 ml,56,6354.6,0.1468,0.995,5,pre_recall
2023-04-01,TR29,Vijayawada-Vizag,South,Andhra Pradesh,T2,Hospital Pharmacy,DePURA Kids 10 ml,20,1858.21,0.0168,0.967,5,pre_recall
2023-04-01,TR29,Vijayawada-Vizag,South,Andhra Pradesh,T2,Hospital Pharmacy,DePURA Kids 15 ml,53,6720.58,0.0466,0.966,5,pre_recall
2023-04-01,TR29,Vijayawada-Vizag,South,Andhra Pradesh,T2,Pharmacy Chain,DePURA Kids 10 ml,24,2075.7,0.0848,1.0,5,pre_recall
2023-04-01,TR29,Vijayawada-Vizag,South,Andhra Pradesh,T2,Pharmacy Chain,DePURA Kids 15 ml,65,7759.86,0.1024,0.908,5,pre_recall
2023-04-01,TR29,Vijayawada-Vizag,South,Andhra Pradesh,T2,Retail Chemist,DePURA Kids 10 ml,87,7889.74,0.0404,1.0,5,pre_recall
2023-04-01,TR29,Vijayawada-Vizag,South,Andhra Pradesh,T2,Retail Chemist,DePURA Kids 15 ml,277,35520.91,0.0358,0.99,5,pre_recall
2023-04-01,TR30,Kochi-Trivandrum,South,Kerala,T2,E-Pharmacy,DePURA Kids 10 ml,40,3151.92,0.1662,0.986,5,pre_recall
2023-04-01,TR30,Kochi-Trivandrum,South,Kerala,T2,E-Pharmacy,DePURA Kids 15 ml,117,13373.83,0.1406,0.942,5,pre_recall
2023-04-01,TR30,Kochi-Trivandrum,South,Kerala,T2,Hospital Pharmacy,DePURA Kids 10 ml,41,3854.84,0.0051,0.854,5,pre_recall
2023-04-01,TR30,Kochi-Trivandrum,South,Kerala,T2,Hospital Pharmacy,DePURA Kids 15 ml,133,17689.0,0.0,0.835,5,pre_recall
2023-04-01,TR30,Kochi-Trivandrum,South,Kerala,T2,Pharmacy Chain,DePURA Kids 10 ml,39,3352.82,0.0903,0.833,5,pre_recall
2023-04-01,TR30,Kochi-Trivandrum,South,Kerala,T2,Pharmacy Chain,DePURA Kids 15 ml,135,16294.27,0.0925,0.853,5,pre_recall
2023-04-01,TR30,Kochi-Trivandrum,South,Kerala,T2,Retail Chemist,DePURA Kids 10 ml,154,13847.47,0.0485,0.864,5,pre_recall
2023-04-01,TR30,Kochi-Trivandrum,South,Kerala,T2,Retail Chemist,DePURA Kids 15 ml,504,63717.73,0.0494,0.855,5,pre_recall
2023-04-01,TR31,Kolkata,East,West Bengal,T1,E-Pharmacy,DePURA Kids 10 ml,65,5251.1,0.1451,0.983,16,pre_recall
2023-04-01,TR31,Kolkata,East,West Bengal,T1,E-Pharmacy,DePURA Kids 15 ml,293,32794.63,0.1584,0.893,16,pre_recall
2023-04-01,TR31,Kolkata,East,West Bengal,T1,Hospital Pharmacy,DePURA Kids 10 ml,60,5528.4,0.025,0.942,16,pre_recall
2023-04-01,TR31,Kolkata,East,West Bengal,T1,Hospital Pharmacy,DePURA Kids 15 ml,210,27766.87,0.0058,0.982,16,pre_recall
2023-04-01,TR31,Kolkata,East,West Bengal,T1,Pharmacy Chain,DePURA Kids 10 ml,84,7093.85,0.1063,0.921,16,pre_recall
2023-04-01,TR31,Kolkata,East,West Bengal,T1,Pharmacy Chain,DePURA Kids 15 ml,336,40077.65,0.1032,0.86,16,pre_recall
2023-04-01,TR31,Kolkata,East,West Bengal,T1,Retail Chemist,DePURA Kids 10 ml,156,14176.76,0.0383,0.928,16,pre_recall
2023-04-01,TR31,Kolkata,East,West Bengal,T1,Retail Chemist,DePURA Kids 15 ml,639,83077.95,0.0397,0.958,16,pre_recall
2023-04-01,TR32,Siliguri-Durgapur,East,West Bengal,T3,E-Pharmacy,DePURA Kids 10 ml,10,780.96,0.1736,0.967,3,pre_recall
2023-04-01,TR32,Siliguri-Durgapur,East,West Bengal,T3,E-Pharmacy,DePURA Kids 15 ml,19,2161.88,0.1445,0.968,3,pre_recall
2023-04-01,TR32,Siliguri-Durgapur,East,West Bengal,T3,Hospital Pharmacy,DePURA Kids 10 ml,20,1849.07,0.0217,0.973,3,pre_recall
2023-04-01,TR32,Siliguri-Durgapur,East,West Bengal,T3,Hospital Pharmacy,DePURA Kids 15 ml,40,5314.61,0.001,0.952,3,pre_recall
2023-04-01,TR32,Siliguri-Durgapur,East,West Bengal,T3,Pharmacy Chain,DePURA Kids 10 ml,10,871.61,0.0777,0.97,3,pre_recall
2023-04-01,TR32,Siliguri-Durgapur,East,West Bengal,T3,Pharmacy Chain,DePURA Kids 15 ml,23,2813.19,0.0804,0.935,3,pre_recall
2023-04-01,TR32,Siliguri-Durgapur,East,West Bengal,T3,Retail Chemist,DePURA Kids 10 ml,109,9747.32,0.0537,0.927,3,pre_recall
2023-04-01,TR32,Siliguri-Durgapur,East,West Bengal,T3,Retail Chemist,DePURA Kids 15 ml,253,32658.45,0.0294,0.943,3,pre_recall
2023-04-01,TR33,Patna,East,Bihar,T2,E-Pharmacy,DePURA Kids 10 ml,29,2293.46,0.1631,0.947,6,pre_recall
2023-04-01,TR33,Patna,East,Bihar,T2,E-Pharmacy,DePURA Kids 15 ml,46,5179.62,0.1534,0.896,6,pre_recall
2023-04-01,TR33,Patna,East,Bihar,T2,Hospital Pharmacy,DePURA Kids 10 ml,28,2576.11,0.0264,0.908,6,pre_recall
2023-04-01,TR33,Patna,East,Bihar,T2,Hospital Pharmacy,DePURA Kids 15 ml,75,9660.13,0.0316,0.97,6,pre_recall
2023-04-01,TR33,Patna,East,Bihar,T2,Pharmacy Chain,DePURA Kids 10 ml,23,1990.8,0.0841,0.882,6,pre_recall
2023-04-01,TR33,Patna,East,Bihar,T2,Pharmacy Chain,DePURA Kids 15 ml,76,9514.22,0.0587,0.911,6,pre_recall
2023-04-01,TR33,Patna,East,Bihar,T2,Retail Chemist,DePURA Kids 10 ml,124,11289.74,0.0365,0.948,6,pre_recall
2023-04-01,TR33,Patna,East,Bihar,T2,Retail Chemist,DePURA Kids 15 ml,349,45423.98,0.0214,0.919,6,pre_recall
2023-04-01,TR34,Ranchi,East,Jharkhand,T3,E-Pharmacy,DePURA Kids 10 ml,11,861.87,0.1709,0.956,6,pre_recall
2023-04-01,TR34,Ranchi,East,Jharkhand,T3,E-Pharmacy,DePURA Kids 15 ml,30,3389.0,0.1506,0.938,6,pre_recall
2023-04-01,TR34,Ranchi,East,Jharkhand,T3,Hospital Pharmacy,DePURA Kids 10 ml,24,2221.52,0.0205,0.943,6,pre_recall
2023-04-01,TR34,Ranchi,East,Jharkhand,T3,Hospital Pharmacy,DePURA Kids 15 ml,68,8884.72,0.0176,0.947,6,pre_recall
2023-04-01,TR34,Ranchi,East,Jharkhand,T3,Pharmacy Chain,DePURA Kids 10 ml,16,1368.8,0.0947,0.922,6,pre_recall
2023-04-01,TR34,Ranchi,East,Jharkhand,T3,Pharmacy Chain,DePURA Kids 15 ml,42,5204.75,0.0683,0.874,6,pre_recall
2023-04-01,TR34,Ranchi,East,Jharkhand,T3,Retail Chemist,DePURA Kids 10 ml,124,11539.0,0.0153,0.917,6,pre_recall
2023-04-01,TR34,Ranchi,East,Jharkhand,T3,Retail Chemist,DePURA Kids 15 ml,281,35381.59,0.0533,0.886,6,pre_recall
2023-04-01,TR35,Bhubaneswar,East,Odisha,T2,E-Pharmacy,DePURA Kids 10 ml,21,1689.66,0.1486,0.969,6,pre_recall
2023-04-01,TR35,Bhubaneswar,East,Odisha,T2,E-Pharmacy,DePURA Kids 15 ml,62,6961.1,0.1558,0.917,6,pre_recall
2023-04-01,TR35,Bhubaneswar,East,Odisha,T2,Hospital Pharmacy,DePURA Kids 10 ml,21,1969.46,0.0076,0.859,6,pre_recall
2023-04-01,TR35,Bhubaneswar,East,Odisha,T2,Hospital Pharmacy,DePURA Kids 15 ml,79,10230.81,0.0263,0.871,6,pre_recall
2023-04-01,TR35,Bhubaneswar,East,Odisha,T2,Pharmacy Chain,DePURA Kids 10 ml,28,2436.24,0.0793,0.908,6,pre_recall
2023-04-01,TR35,Bhubaneswar,East,Odisha,T2,Pharmacy Chain,DePURA Kids 15 ml,102,12594.78,0.0716,0.967,6,pre_recall
2023-04-01,TR35,Bhubaneswar,East,Odisha,T2,Retail Chemist,DePURA Kids 10 ml,96,8571.57,0.0552,0.941,6,pre_recall
2023-04-01,TR35,Bhubaneswar,East,Odisha,T2,Retail Chemist,DePURA Kids 15 ml,325,41296.67,0.0446,0.913,6,pre_recall
2023-04-01,TR36,Guwahati,East,Assam,T2,E-Pharmacy,DePURA Kids 10 ml,27,2198.12,0.1385,0.944,8,pre_recall
2023-04-01,TR36,Guwahati,East,Assam,T2,E-Pharmacy,DePURA Kids 15 ml,100,11225.29,0.156,0.964,8,pre_recall
2023-04-01,TR36,Guwahati,East,Assam,T2,Hospital Pharmacy,DePURA Kids 10 ml,44,4062.82,0.0229,1.0,8,pre_recall
2023-04-01,TR36,Guwahati,East,Assam,T2,Hospital Pharmacy,DePURA Kids 15 ml,111,14246.11,0.035,0.953,8,pre_recall
2023-04-01,TR36,Guwahati,East,Assam,T2,Pharmacy Chain,DePURA Kids 10 ml,47,4012.46,0.0966,0.977,8,pre_recall
2023-04-01,TR36,Guwahati,East,Assam,T2,Pharmacy Chain,DePURA Kids 15 ml,116,13984.48,0.0936,0.939,8,pre_recall
2023-04-01,TR36,Guwahati,East,Assam,T2,Retail Chemist,DePURA Kids 10 ml,146,13140.07,0.0476,0.998,8,pre_recall
2023-04-01,TR36,Guwahati,East,Assam,T2,Retail Chemist,DePURA Kids 15 ml,436,55943.94,0.0352,0.915,8,pre_recall
2023-05-01,TR01,Delhi North,North,Delhi,T1,E-Pharmacy,DePURA Kids 10 ml,107,8502.2,0.1592,0.98,16,pre_recall
2023-05-01,TR01,Delhi North,North,Delhi,T1,E-Pharmacy,DePURA Kids 15 ml,431,49156.25,0.1425,1.0,16,pre_recall
2023-05-01,TR01,Delhi North,North,Delhi,T1,Hospital Pharmacy,DePURA Kids 10 ml,74,6809.89,0.0262,0.869,16,pre_recall
2023-05-01,TR01,Delhi North,North,Delhi,T1,Hospital Pharmacy,DePURA Kids 15 ml,392,50584.89,0.0298,0.913,16,pre_recall
2023-05-01,TR01,Delhi North,North,Delhi,T1,Pharmacy Chain,DePURA Kids 10 ml,106,9369.63,0.0646,0.874,16,pre_recall
2023-05-01,TR01,Delhi North,North,Delhi,T1,Pharmacy Chain,DePURA Kids 15 ml,657,80129.39,0.083,0.889,16,pre_recall
2023-05-01,TR01,Delhi North,North,Delhi,T1,Retail Chemist,DePURA Kids 10 ml,356,32201.27,0.0428,0.902,16,pre_recall
2023-05-01,TR01,Delhi North,North,Delhi,T1,Retail Chemist,DePURA Kids 15 ml,1245,154992.93,0.064,0.957,16,pre_recall
2023-05-01,TR02,Delhi South,North,Delhi,T1,E-Pharmacy,DePURA Kids 10 ml,86,6738.29,0.1709,0.946,12,pre_recall
2023-05-01,TR02,Delhi South,North,Delhi,T1,E-Pharmacy,DePURA Kids 15 ml,440,50183.35,0.1425,0.922,12,pre_recall
2023-05-01,TR02,Delhi South,North,Delhi,T1,Hospital Pharmacy,DePURA Kids 10 ml,83,7761.64,0.0104,0.97,12,pre_recall
2023-05-01,TR02,Delhi South,North,Delhi,T1,Hospital Pharmacy,DePURA Kids 15 ml,386,51271.91,0.0013,0.911,12,pre_recall
2023-05-01,TR02,Delhi South,North,Delhi,T1,Pharmacy Chain,DePURA Kids 10 ml,88,7691.85,0.0751,0.92,12,pre_recall
2023-05-01,TR02,Delhi South,North,Delhi,T1,Pharmacy Chain,DePURA Kids 15 ml,599,73801.26,0.0736,0.976,12,pre_recall
2023-05-01,TR02,Delhi South,North,Delhi,T1,Retail Chemist,DePURA Kids 10 ml,260,23210.69,0.0553,0.972,12,pre_recall
2023-05-01,TR02,Delhi South,North,Delhi,T1,Retail Chemist,DePURA Kids 15 ml,1360,172406.42,0.0468,0.918,12,pre_recall
2023-05-01,TR03,Noida-Ghaziabad,North,Uttar Pradesh,T2,E-Pharmacy,DePURA Kids 10 ml,26,2111.46,0.1406,0.96,5,pre_recall
2023-05-01,TR03,Noida-Ghaziabad,North,Uttar Pradesh,T2,E-Pharmacy,DePURA Kids 15 ml,74,8348.3,0.1518,0.946,5,pre_recall
2023-05-01,TR03,Noida-Ghaziabad,North,Uttar Pradesh,T2,Hospital Pharmacy,DePURA Kids 10 ml,26,2389.61,0.0274,0.91,5,pre_recall
2023-05-01,TR03,Noida-Ghaziabad,North,Uttar Pradesh,T2,Hospital Pharmacy,DePURA Kids 15 ml,103,13248.91,0.0329,0.896,5,pre_recall
2023-05-01,TR03,Noida-Ghaziabad,North,Uttar Pradesh,T2,Pharmacy Chain,DePURA Kids 10 ml,29,2536.06,0.0746,0.931,5,pre_recall
2023-05-01,TR03,Noida-Ghaziabad,North,Uttar Pradesh,T2,Pharmacy Chain,DePURA Kids 15 ml,85,10479.5,0.073,0.906,5,pre_recall
2023-05-01,TR03,Noida-Ghaziabad,North,Uttar Pradesh,T2,Retail Chemist,DePURA Kids 10 ml,98,9016.91,0.0264,0.888,5,pre_recall
2023-05-01,TR03,Noida-Ghaziabad,North,Uttar Pradesh,T2,Retail Chemist,DePURA Kids 15 ml,449,56939.31,0.0465,0.86,5,pre_recall
2023-05-01,TR04,Gurugram-Faridabad,North,Haryana,T2,E-Pharmacy,DePURA Kids 10 ml,28,2206.93,0.1499,0.968,8,pre_recall
2023-05-01,TR04,Gurugram-Faridabad,North,Haryana,T2,E-Pharmacy,DePURA Kids 15 ml,80,8853.74,0.1679,1.0,8,pre_recall
2023-05-01,TR04,Gurugram-Faridabad,North,Haryana,T2,Hospital Pharmacy,DePURA Kids 10 ml,31,2929.5,0.0,0.923,8,pre_recall
2023-05-01,TR04,Gurugram-Faridabad,North,Haryana,T2,Hospital Pharmacy,DePURA Kids 15 ml,92,12236.0,0.0,0.921,8,pre_recall
2023-05-01,TR04,Gurugram-Faridabad,North,Haryana,T2,Pharmacy Chain,DePURA Kids 10 ml,30,2665.32,0.0599,0.954,8,pre_recall
2023-05-01,TR04,Gurugram-Faridabad,North,Haryana,T2,Pharmacy Chain,DePURA Kids 15 ml,80,9530.8,0.1042,0.925,8,pre_recall
2023-05-01,TR04,Gurugram-Faridabad,North,Haryana,T2,Retail Chemist,DePURA Kids 10 ml,119,10801.83,0.0395,0.964,8,pre_recall
2023-05-01,TR04,Gurugram-Faridabad,North,Haryana,T2,Retail Chemist,DePURA Kids 15 ml,384,48779.24,0.0449,0.953,8,pre_recall
2023-05-01,TR05,Lucknow,North,Uttar Pradesh,T2,E-Pharmacy,DePURA Kids 10 ml,25,1979.29,0.1622,0.877,6,pre_recall
2023-05-01,TR05,Lucknow,North,Uttar Pradesh,T2,E-Pharmacy,DePURA Kids 15 ml,87,9843.89,0.1493,0.914,6,pre_recall
2023-05-01,TR05,Lucknow,North,Uttar Pradesh,T2,Hospital Pharmacy,DePURA Kids 10 ml,29,2652.12,0.0323,0.894,6,pre_recall
2023-05-01,TR05,Lucknow,North,Uttar Pradesh,T2,Hospital Pharmacy,DePURA Kids 15 ml,105,13743.15,0.0159,0.897,6,pre_recall
2023-05-01,TR05,Lucknow,North,Uttar Pradesh,T2,Pharmacy Chain,DePURA Kids 10 ml,39,3404.2,0.0763,0.923,6,pre_recall
2023-05-01,TR05,Lucknow,North,Uttar Pradesh,T2,Pharmacy Chain,DePURA Kids 15 ml,101,12425.78,0.075,0.918,6,pre_recall
2023-05-01,TR05,Lucknow,North,Uttar Pradesh,T2,Retail Chemist,DePURA Kids 10 ml,133,12262.1,0.0244,0.92,6,pre_recall
2023-05-01,TR05,Lucknow,North,Uttar Pradesh,T2,Retail Chemist,DePURA Kids 15 ml,413,53510.03,0.0258,0.885,6,pre_recall
2023-05-01,TR06,Kanpur-Agra,North,Uttar Pradesh,T2,E-Pharmacy,DePURA Kids 10 ml,37,2954.51,0.155,0.937,5,pre_recall
2023-05-01,TR06,Kanpur-Agra,North,Uttar Pradesh,T2,E-Pharmacy,DePURA Kids 15 ml,79,8723.83,0.1697,0.934,5,pre_recall
2023-05-01,TR06,Kanpur-Agra,North,Uttar Pradesh,T2,Hospital Pharmacy,DePURA Kids 10 ml,42,3947.47,0.0054,0.959,5,pre_recall
2023-05-01,TR06,Kanpur-Agra,North,Uttar Pradesh,T2,Hospital Pharmacy,DePURA Kids 15 ml,113,14726.56,0.0201,0.905,5,pre_recall
2023-05-01,TR06,Kanpur-Agra,North,Uttar Pradesh,T2,Pharmacy Chain,DePURA Kids 10 ml,33,2865.59,0.0811,0.933,5,pre_recall
2023-05-01,TR06,Kanpur-Agra,North,Uttar Pradesh,T2,Pharmacy Chain,DePURA Kids 15 ml,114,14084.04,0.0711,0.966,5,pre_recall
2023-05-01,TR06,Kanpur-Agra,North,Uttar Pradesh,T2,Retail Chemist,DePURA Kids 10 ml,162,14537.48,0.0504,1.0,5,pre_recall
2023-05-01,TR06,Kanpur-Agra,North,Uttar Pradesh,T2,Retail Chemist,DePURA Kids 15 ml,516,67805.16,0.012,0.948,5,pre_recall
2023-05-01,TR07,Varanasi-Gorakhpur,North,Uttar Pradesh,T3,E-Pharmacy,DePURA Kids 10 ml,5,403.26,0.1465,0.933,3,pre_recall
2023-05-01,TR07,Varanasi-Gorakhpur,North,Uttar Pradesh,T3,E-Pharmacy,DePURA Kids 15 ml,16,1784.42,0.1615,0.942,3,pre_recall
2023-05-01,TR07,Varanasi-Gorakhpur,North,Uttar Pradesh,T3,Hospital Pharmacy,DePURA Kids 10 ml,10,911.67,0.0353,0.903,3,pre_recall
2023-05-01,TR07,Varanasi-Gorakhpur,North,Uttar Pradesh,T3,Hospital Pharmacy,DePURA Kids 15 ml,25,3234.34,0.0273,0.877,3,pre_recall
2023-05-01,TR07,Varanasi-Gorakhpur,North,Uttar Pradesh,T3,Pharmacy Chain,DePURA Kids 10 ml,6,516.54,0.089,0.965,3,pre_recall
2023-05-01,TR07,Varanasi-Gorakhpur,North,Uttar Pradesh,T3,Pharmacy Chain,DePURA Kids 15 ml,14,1695.23,0.0896,0.863,3,pre_recall
2023-05-01,TR07,Varanasi-Gorakhpur,North,Uttar Pradesh,T3,Retail Chemist,DePURA Kids 10 ml,71,6560.93,0.0221,0.891,3,pre_recall
2023-05-01,TR07,Varanasi-Gorakhpur,North,Uttar Pradesh,T3,Retail Chemist,DePURA Kids 15 ml,150,19667.28,0.0142,0.892,3,pre_recall
2023-05-01,TR08,Chandigarh-Mohali,North,Chandigarh,T2,E-Pharmacy,DePURA Kids 10 ml,23,1828.53,0.1587,1.0,7,pre_recall
2023-05-01,TR08,Chandigarh-Mohali,North,Chandigarh,T2,E-Pharmacy,DePURA Kids 15 ml,75,8610.36,0.1368,0.88,7,pre_recall
2023-05-01,TR08,Chandigarh-Mohali,North,Chandigarh,T2,Hospital Pharmacy,DePURA Kids 10 ml,25,2340.91,0.0091,0.923,7,pre_recall
2023-05-01,TR08,Chandigarh-Mohali,North,Chandigarh,T2,Hospital Pharmacy,DePURA Kids 15 ml,106,14066.46,0.0022,0.915,7,pre_recall
2023-05-01,TR08,Chandigarh-Mohali,North,Chandigarh,T2,Pharmacy Chain,DePURA Kids 10 ml,23,2015.9,0.0725,0.934,7,pre_recall
2023-05-01,TR08,Chandigarh-Mohali,North,Chandigarh,T2,Pharmacy Chain,DePURA Kids 15 ml,89,11014.42,0.0695,0.94,7,pre_recall
2023-05-01,TR08,Chandigarh-Mohali,North,Chandigarh,T2,Retail Chemist,DePURA Kids 10 ml,142,12874.73,0.0406,0.914,7,pre_recall
2023-05-01,TR08,Chandigarh-Mohali,North,Chandigarh,T2,Retail Chemist,DePURA Kids 15 ml,460,59690.16,0.0244,0.917,7,pre_recall
2023-05-01,TR09,Ludhiana-Amritsar,North,Punjab,T2,E-Pharmacy,DePURA Kids 10 ml,22,1763.5,0.1518,0.867,6,pre_recall
2023-05-01,TR09,Ludhiana-Amritsar,North,Punjab,T2,E-Pharmacy,DePURA Kids 15 ml,74,8325.34,0.1541,0.929,6,pre_recall
2023-05-01,TR09,Ludhiana-Amritsar,North,Punjab,T2,Hospital Pharmacy,DePURA Kids 10 ml,28,2584.43,0.0233,0.869,6,pre_recall
2023-05-01,TR09,Ludhiana-Amritsar,North,Punjab,T2,Hospital Pharmacy,DePURA Kids 15 ml,107,13795.52,0.0306,0.903,6,pre_recall
2023-05-01,TR09,Ludhiana-Amritsar,North,Punjab,T2,Pharmacy Chain,DePURA Kids 10 ml,33,2798.21,0.1027,0.848,6,pre_recall
2023-05-01,TR09,Ludhiana-Amritsar,North,Punjab,T2,Pharmacy Chain,DePURA Kids 15 ml,91,11156.54,0.0782,0.85,6,pre_recall
2023-05-01,TR09,Ludhiana-Amritsar,North,Punjab,T2,Retail Chemist,DePURA Kids 10 ml,127,11566.22,0.0363,0.922,6,pre_recall
2023-05-01,TR09,Ludhiana-Amritsar,North,Punjab,T2,Retail Chemist,DePURA Kids 15 ml,429,55729.25,0.0233,0.867,6,pre_recall
2023-05-01,TR10,Jaipur,North,Rajasthan,T2,E-Pharmacy,DePURA Kids 10 ml,10,822.97,0.1291,0.937,7,pre_recall
2023-05-01,TR10,Jaipur,North,Rajasthan,T2,E-Pharmacy,DePURA Kids 15 ml,40,4506.09,0.153,0.998,7,pre_recall
2023-05-01,TR10,Jaipur,North,Rajasthan,T2,Hospital Pharmacy,DePURA Kids 10 ml,18,1614.04,0.0511,0.948,7,pre_recall
2023-05-01,TR10,Jaipur,North,Rajasthan,T2,Hospital Pharmacy,DePURA Kids 15 ml,51,6747.92,0.0052,0.945,7,pre_recall
2023-05-01,TR10,Jaipur,North,Rajasthan,T2,Pharmacy Chain,DePURA Kids 10 ml,18,1570.56,0.0767,0.977,7,pre_recall
2023-05-01,TR10,Jaipur,North,Rajasthan,T2,Pharmacy Chain,DePURA Kids 15 ml,59,7134.13,0.0908,0.929,7,pre_recall
2023-05-01,TR10,Jaipur,North,Rajasthan,T2,Retail Chemist,DePURA Kids 10 ml,65,5887.29,0.0415,0.919,7,pre_recall
2023-05-01,TR10,Jaipur,North,Rajasthan,T2,Retail Chemist,DePURA Kids 15 ml,202,25684.42,0.044,0.931,7,pre_recall
2023-05-01,TR11,Dehradun,North,Uttarakhand,T3,E-Pharmacy,DePURA Kids 10 ml,8,646.15,0.1453,0.939,6,pre_recall
2023-05-01,TR11,Dehradun,North,Uttarakhand,T3,E-Pharmacy,DePURA Kids 15 ml,20,2249.78,0.1542,0.864,6,pre_recall
2023-05-01,TR11,Dehradun,North,Uttarakhand,T3,Hospital Pharmacy,DePURA Kids 10 ml,16,1470.74,0.0273,0.842,6,pre_recall
2023-05-01,TR11,Dehradun,North,Uttarakhand,T3,Hospital Pharmacy,DePURA Kids 15 ml,37,4890.17,0.0063,0.898,6,pre_recall
2023-05-01,TR11,Dehradun,North,Uttarakhand,T3,Pharmacy Chain,DePURA Kids 10 ml,10,886.34,0.0621,0.898,6,pre_recall
2023-05-01,TR11,Dehradun,North,Uttarakhand,T3,Pharmacy Chain,DePURA Kids 15 ml,27,3261.05,0.0919,0.857,6,pre_recall
2023-05-01,TR11,Dehradun,North,Uttarakhand,T3,Retail Chemist,DePURA Kids 10 ml,102,9186.08,0.047,0.903,6,pre_recall
2023-05-01,TR11,Dehradun,North,Uttarakhand,T3,Retail Chemist,DePURA Kids 15 ml,229,29288.95,0.0384,0.885,6,pre_recall
2023-05-01,TR12,Mumbai West,West,Maharashtra,T1,E-Pharmacy,DePURA Kids 10 ml,33,2653.15,0.1499,0.939,10,pre_recall
2023-05-01,TR12,Mumbai West,West,Maharashtra,T1,E-Pharmacy,DePURA Kids 15 ml,202,23193.58,0.1499,0.973,10,pre_recall
2023-05-01,TR12,Mumbai West,West,Maharashtra,T1,Hospital Pharmacy,DePURA Kids 10 ml,31,2879.4,0.0171,0.927,10,pre_recall
2023-05-01,TR12,Mumbai West,West,Maharashtra,T1,Hospital Pharmacy,DePURA Kids 15 ml,150,19565.34,0.0193,0.955,10,pre_recall
2023-05-01,TR12,Mumbai West,West,Maharashtra,T1,Pharmacy Chain,DePURA Kids 10 ml,34,2934.6,0.0866,0.945,10,pre_recall
2023-05-01,TR12,Mumbai West,West,Maharashtra,T1,Pharmacy Chain,DePURA Kids 15 ml,214,26021.4,0.0857,0.926,10,pre_recall
2023-05-01,TR12,Mumbai West,West,Maharashtra,T1,Retail Chemist,DePURA Kids 10 ml,84,7607.77,0.0416,0.879,10,pre_recall
2023-05-01,TR12,Mumbai West,West,Maharashtra,T1,Retail Chemist,DePURA Kids 15 ml,439,55894.77,0.0427,0.965,10,pre_recall
2023-05-01,TR13,Mumbai Thane,West,Maharashtra,T1,E-Pharmacy,DePURA Kids 10 ml,92,7381.62,0.151,1.0,14,pre_recall
2023-05-01,TR13,Mumbai Thane,West,Maharashtra,T1,E-Pharmacy,DePURA Kids 15 ml,499,56312.71,0.1499,0.983,14,pre_recall
2023-05-01,TR13,Mumbai Thane,West,Maharashtra,T1,Hospital Pharmacy,DePURA Kids 10 ml,83,7691.73,0.0193,0.993,14,pre_recall
2023-05-01,TR13,Mumbai Thane,West,Maharashtra,T1,Hospital Pharmacy,DePURA Kids 15 ml,356,46613.54,0.0155,0.961,14,pre_recall
2023-05-01,TR13,Mumbai Thane,West,Maharashtra,T1,Pharmacy Chain,DePURA Kids 10 ml,114,9778.86,0.0923,0.945,14,pre_recall
2023-05-01,TR13,Mumbai Thane,West,Maharashtra,T1,Pharmacy Chain,DePURA Kids 15 ml,561,68915.48,0.0764,0.974,14,pre_recall
2023-05-01,TR13,Mumbai Thane,West,Maharashtra,T1,Retail Chemist,DePURA Kids 10 ml,245,22441.24,0.0307,0.975,14,pre_recall
2023-05-01,TR13,Mumbai Thane,West,Maharashtra,T1,Retail Chemist,DePURA Kids 15 ml,1397,178564.46,0.0389,0.987,14,pre_recall
2023-05-01,TR14,Pune,West,Maharashtra,T1,E-Pharmacy,DePURA Kids 10 ml,73,5887.16,0.1466,0.913,11,pre_recall
2023-05-01,TR14,Pune,West,Maharashtra,T1,E-Pharmacy,DePURA Kids 15 ml,242,27621.84,0.1418,0.905,11,pre_recall
2023-05-01,TR14,Pune,West,Maharashtra,T1,Hospital Pharmacy,DePURA Kids 10 ml,46,4316.09,0.0071,0.877,11,pre_recall
2023-05-01,TR14,Pune,West,Maharashtra,T1,Hospital Pharmacy,DePURA Kids 15 ml,221,28431.33,0.0327,0.909,11,pre_recall
2023-05-01,TR14,Pune,West,Maharashtra,T1,Pharmacy Chain,DePURA Kids 10 ml,51,4386.33,0.0899,0.861,11,pre_recall
2023-05-01,TR14,Pune,West,Maharashtra,T1,Pharmacy Chain,DePURA Kids 15 ml,282,33824.61,0.0982,0.924,11,pre_recall
2023-05-01,TR14,Pune,West,Maharashtra,T1,Retail Chemist,DePURA Kids 10 ml,208,19026.64,0.032,0.929,11,pre_recall
2023-05-01,TR14,Pune,West,Maharashtra,T1,Retail Chemist,DePURA Kids 15 ml,906,113830.74,0.0553,0.923,11,pre_recall
2023-05-01,TR15,Nagpur,West,Maharashtra,T2,E-Pharmacy,DePURA Kids 10 ml,18,1448.58,0.1484,0.921,10,pre_recall
2023-05-01,TR15,Nagpur,West,Maharashtra,T2,E-Pharmacy,DePURA Kids 15 ml,59,6661.76,0.151,0.89,10,pre_recall
2023-05-01,TR15,Nagpur,West,Maharashtra,T2,Hospital Pharmacy,DePURA Kids 10 ml,37,3479.57,0.0048,0.933,10,pre_recall
2023-05-01,TR15,Nagpur,West,Maharashtra,T2,Hospital Pharmacy,DePURA Kids 15 ml,82,10906.0,0.0,0.871,10,pre_recall
2023-05-01,TR15,Nagpur,West,Maharashtra,T2,Pharmacy Chain,DePURA Kids 10 ml,30,2677.91,0.0554,0.861,10,pre_recall
2023-05-01,TR15,Nagpur,West,Maharashtra,T2,Pharmacy Chain,DePURA Kids 15 ml,111,13572.75,0.0806,0.906,10,pre_recall
2023-05-01,TR15,Nagpur,West,Maharashtra,T2,Retail Chemist,DePURA Kids 10 ml,118,10942.43,0.0187,0.919,10,pre_recall
2023-05-01,TR15,Nagpur,West,Maharashtra,T2,Retail Chemist,DePURA Kids 15 ml,384,49162.51,0.0374,0.847,10,pre_recall
2023-05-01,TR16,Ahmedabad,West,Gujarat,T1,E-Pharmacy,DePURA Kids 10 ml,68,5588.59,0.1303,0.909,16,pre_recall
2023-05-01,TR16,Ahmedabad,West,Gujarat,T1,E-Pharmacy,DePURA Kids 15 ml,328,36086.88,0.1728,1.0,16,pre_recall
2023-05-01,TR16,Ahmedabad,West,Gujarat,T1,Hospital Pharmacy,DePURA Kids 10 ml,52,4908.13,0.0012,0.855,16,pre_recall
2023-05-01,TR16,Ahmedabad,West,Gujarat,T1,Hospital Pharmacy,DePURA Kids 15 ml,302,39833.28,0.0083,0.913,16,pre_recall
2023-05-01,TR16,Ahmedabad,West,Gujarat,T1,Pharmacy Chain,DePURA Kids 10 ml,91,7685.86,0.1062,0.882,16,pre_recall
2023-05-01,TR16,Ahmedabad,West,Gujarat,T1,Pharmacy Chain,DePURA Kids 15 ml,331,40897.79,0.071,0.917,16,pre_recall
2023-05-01,TR16,Ahmedabad,West,Gujarat,T1,Retail Chemist,DePURA Kids 10 ml,214,19027.57,0.0591,0.899,16,pre_recall
2023-05-01,TR16,Ahmedabad,West,Gujarat,T1,Retail Chemist,DePURA Kids 15 ml,947,118370.37,0.0602,0.86,16,pre_recall
2023-05-01,TR17,Surat-Vadodara,West,Gujarat,T2,E-Pharmacy,DePURA Kids 10 ml,20,1606.11,0.1502,0.962,5,pre_recall
2023-05-01,TR17,Surat-Vadodara,West,Gujarat,T2,E-Pharmacy,DePURA Kids 15 ml,67,7294.73,0.1814,0.939,5,pre_recall
2023-05-01,TR17,Surat-Vadodara,West,Gujarat,T2,Hospital Pharmacy,DePURA Kids 10 ml,30,2809.65,0.0089,0.933,5,pre_recall
2023-05-01,TR17,Surat-Vadodara,West,Gujarat,T2,Hospital Pharmacy,DePURA Kids 15 ml,107,14037.85,0.01985,0.931,5,pre_recall
2023-05-01,TR17,Surat-Vadodara,West,Gujarat,T2,Pharmacy Chain,DePURA Kids 10 ml,30,2579.07,0.0903,0.949,5,pre_recall
2023-05-01,TR17,Surat-Vadodara,West,Gujarat,T2,Pharmacy Chain,DePURA Kids 15 ml,87,10641.63,0.0803,0.92,5,pre_recall
2023-05-01,TR17,Surat-Vadodara,West,Gujarat,T2,Retail Chemist,DePURA Kids 10 ml,136,12163.18,0.0536,0.875,5,pre_recall
2023-05-01,TR17,Surat-Vadodara,West,Gujarat,T2,Retail Chemist,DePURA Kids 15 ml,394,50409.36,0.038,0.936,5,pre_recall
2023-05-01,TR18,Rajkot,West,Gujarat,T3,E-Pharmacy,DePURA Kids 10 ml,18,1407.48,0.1726,0.94,7,pre_recall
2023-05-01,TR18,Rajkot,West,Gujarat,T3,E-Pharmacy,DePURA Kids 15 ml,34,3875.26,0.143,0.864,7,pre_recall
2023-05-01,TR18,Rajkot,West,Gujarat,T3,Hospital Pharmacy,DePURA Kids 10 ml,30,2821.54,0.0047,0.898,7,pre_recall
2023-05-01,TR18,Rajkot,West,Gujarat,T3,Hospital Pharmacy,DePURA Kids 15 ml,72,9276.85,0.0312,0.87,7,pre_recall
2023-05-01,TR18,Rajkot,West,Gujarat,T3,Pharmacy Chain,DePURA Kids 10 ml,19,1650.85,0.0806,0.898,7,pre_recall
2023-05-01,TR18,Rajkot,West,Gujarat,T3,Pharmacy Chain,DePURA Kids 15 ml,46,5525.23,0.0969,0.963,7,pre_recall
2023-05-01,TR18,Rajkot,West,Gujarat,T3,Retail Chemist,DePURA Kids 10 ml,186,16923.39,0.0372,0.889,7,pre_recall
2023-05-01,TR18,Rajkot,West,Gujarat,T3,Retail Chemist,DePURA Kids 15 ml,454,58186.51,0.0364,0.903,7,pre_recall
2023-05-01,TR19,Indore,Central,Madhya Pradesh,T2,E-Pharmacy,DePURA Kids 10 ml,33,2678.16,0.1412,0.968,6,pre_recall
2023-05-01,TR19,Indore,Central,Madhya Pradesh,T2,E-Pharmacy,DePURA Kids 15 ml,114,12921.19,0.1478,0.931,6,pre_recall
2023-05-01,TR19,Indore,Central,Madhya Pradesh,T2,Hospital Pharmacy,DePURA Kids 10 ml,40,3669.78,0.0292,0.911,6,pre_recall
2023-05-01,TR19,Indore,Central,Madhya Pradesh,T2,Hospital Pharmacy,DePURA Kids 15 ml,154,19996.89,0.0237,0.917,6,pre_recall
2023-05-01,TR19,Indore,Central,Madhya Pradesh,T2,Pharmacy Chain,DePURA Kids 10 ml,59,5112.63,0.083,0.96,6,pre_recall
2023-05-01,TR19,Indore,Central,Madhya Pradesh,T2,Pharmacy Chain,DePURA Kids 15 ml,167,20653.82,0.0701,0.912,6,pre_recall
2023-05-01,TR19,Indore,Central,Madhya Pradesh,T2,Retail Chemist,DePURA Kids 10 ml,226,20499.45,0.0402,0.942,6,pre_recall
2023-05-01,TR19,Indore,Central,Madhya Pradesh,T2,Retail Chemist,DePURA Kids 15 ml,591,74328.27,0.0544,0.859,6,pre_recall
2023-05-01,TR20,Bhopal,Central,Madhya Pradesh,T2,E-Pharmacy,DePURA Kids 10 ml,19,1523.05,0.1517,0.978,3,pre_recall
2023-05-01,TR20,Bhopal,Central,Madhya Pradesh,T2,E-Pharmacy,DePURA Kids 15 ml,51,5805.08,0.1442,0.911,3,pre_recall
2023-05-01,TR20,Bhopal,Central,Madhya Pradesh,T2,Hospital Pharmacy,DePURA Kids 10 ml,19,1767.36,0.0157,0.846,3,pre_recall
2023-05-01,TR20,Bhopal,Central,Madhya Pradesh,T2,Hospital Pharmacy,DePURA Kids 15 ml,65,8491.27,0.0178,0.949,3,pre_recall
2023-05-01,TR20,Bhopal,Central,Madhya Pradesh,T2,Pharmacy Chain,DePURA Kids 10 ml,19,1647.55,0.0824,0.857,3,pre_recall
2023-05-01,TR20,Bhopal,Central,Madhya Pradesh,T2,Pharmacy Chain,DePURA Kids 15 ml,60,7375.48,0.0758,0.907,3,pre_recall
2023-05-01,TR20,Bhopal,Central,Madhya Pradesh,T2,Retail Chemist,DePURA Kids 10 ml,87,8044.66,0.0215,0.813,3,pre_recall
2023-05-01,TR20,Bhopal,Central,Madhya Pradesh,T2,Retail Chemist,DePURA Kids 15 ml,261,33814.88,0.0259,0.891,3,pre_recall
2023-05-01,TR21,Jabalpur,Central,Madhya Pradesh,T3,E-Pharmacy,DePURA Kids 10 ml,12,968.85,0.1456,0.965,5,pre_recall
2023-05-01,TR21,Jabalpur,Central,Madhya Pradesh,T3,E-Pharmacy,DePURA Kids 15 ml,30,3382.67,0.1522,0.958,5,pre_recall
2023-05-01,TR21,Jabalpur,Central,Madhya Pradesh,T3,Hospital Pharmacy,DePURA Kids 10 ml,23,2157.2,0.0075,0.989,5,pre_recall
2023-05-01,TR21,Jabalpur,Central,Madhya Pradesh,T3,Hospital Pharmacy,DePURA Kids 15 ml,62,7890.25,0.0431,0.936,5,pre_recall
2023-05-01,TR21,Jabalpur,Central,Madhya Pradesh,T3,Pharmacy Chain,DePURA Kids 10 ml,14,1216.94,0.0802,0.992,5,pre_recall
2023-05-01,TR21,Jabalpur,Central,Madhya Pradesh,T3,Pharmacy Chain,DePURA Kids 15 ml,32,3900.91,0.0834,0.952,5,pre_recall
2023-05-01,TR21,Jabalpur,Central,Madhya Pradesh,T3,Retail Chemist,DePURA Kids 10 ml,130,12043.67,0.0196,0.951,5,pre_recall
2023-05-01,TR21,Jabalpur,Central,Madhya Pradesh,T3,Retail Chemist,DePURA Kids 15 ml,358,45193.33,0.0508,0.959,5,pre_recall
2023-05-01,TR22,Raipur,Central,Chhattisgarh,T3,E-Pharmacy,DePURA Kids 10 ml,13,1052.02,0.1437,0.893,6,pre_recall
2023-05-01,TR22,Raipur,Central,Chhattisgarh,T3,E-Pharmacy,DePURA Kids 15 ml,40,4444.82,0.1645,0.935,6,pre_recall
2023-05-01,TR22,Raipur,Central,Chhattisgarh,T3,Hospital Pharmacy,DePURA Kids 10 ml,26,2400.07,0.0232,0.889,6,pre_recall
2023-05-01,TR22,Raipur,Central,Chhattisgarh,T3,Hospital Pharmacy,DePURA Kids 15 ml,65,8491.63,0.0177,0.963,6,pre_recall
2023-05-01,TR22,Raipur,Central,Chhattisgarh,T3,Pharmacy Chain,DePURA Kids 10 ml,17,1487.92,0.0738,0.848,6,pre_recall
2023-05-01,TR22,Raipur,Central,Chhattisgarh,T3,Pharmacy Chain,DePURA Kids 15 ml,42,5094.99,0.0879,0.952,6,pre_recall
2023-05-01,TR22,Raipur,Central,Chhattisgarh,T3,Retail Chemist,DePURA Kids 10 ml,152,14036.16,0.0228,0.901,6,pre_recall
2023-05-01,TR22,Raipur,Central,Chhattisgarh,T3,Retail Chemist,DePURA Kids 15 ml,440,55809.17,0.0463,0.992,6,pre_recall
2023-05-01,TR23,Bengaluru North,South,Karnataka,T1,E-Pharmacy,DePURA Kids 10 ml,67,5466.54,0.1366,0.92,11,pre_recall
2023-05-01,TR23,Bengaluru North,South,Karnataka,T1,E-Pharmacy,DePURA Kids 15 ml,296,33972.91,0.137,0.959,11,pre_recall
2023-05-01,TR23,Bengaluru North,South,Karnataka,T1,Hospital Pharmacy,DePURA Kids 10 ml,55,5157.69,0.0077,0.867,11,pre_recall
2023-05-01,TR23,Bengaluru North,South,Karnataka,T1,Hospital Pharmacy,DePURA Kids 15 ml,218,28723.24,0.0093,0.956,11,pre_recall
2023-05-01,TR23,Bengaluru North,South,Karnataka,T1,Pharmacy Chain,DePURA Kids 10 ml,86,7495.87,0.0777,0.897,11,pre_recall
2023-05-01,TR23,Bengaluru North,South,Karnataka,T1,Pharmacy Chain,DePURA Kids 15 ml,429,53051.09,0.0702,0.98,11,pre_recall
2023-05-01,TR23,Bengaluru North,South,Karnataka,T1,Retail Chemist,DePURA Kids 10 ml,287,26197.49,0.0341,0.94,11,pre_recall
2023-05-01,TR23,Bengaluru North,South,Karnataka,T1,Retail Chemist,DePURA Kids 15 ml,1042,135928.81,0.0192,0.977,11,pre_recall
2023-05-01,TR24,Bengaluru South,South,Karnataka,T1,E-Pharmacy,DePURA Kids 10 ml,96,7747.74,0.146,0.912,16,pre_recall
2023-05-01,TR24,Bengaluru South,South,Karnataka,T1,E-Pharmacy,DePURA Kids 15 ml,447,50219.15,0.1553,0.954,16,pre_recall
2023-05-01,TR24,Bengaluru South,South,Karnataka,T1,Hospital Pharmacy,DePURA Kids 10 ml,70,6576.41,0.0058,0.846,16,pre_recall
2023-05-01,TR24,Bengaluru South,South,Karnataka,T1,Hospital Pharmacy,DePURA Kids 15 ml,339,44966.4,0.0027,0.886,16,pre_recall
2023-05-01,TR24,Bengaluru South,South,Karnataka,T1,Pharmacy Chain,DePURA Kids 10 ml,95,8139.72,0.0933,0.854,16,pre_recall
2023-05-01,TR24,Bengaluru South,South,Karnataka,T1,Pharmacy Chain,DePURA Kids 15 ml,445,54725.96,0.0753,0.862,16,pre_recall
2023-05-01,TR24,Bengaluru South,South,Karnataka,T1,Retail Chemist,DePURA Kids 10 ml,259,23077.39,0.0571,0.875,16,pre_recall
2023-05-01,TR24,Bengaluru South,South,Karnataka,T1,Retail Chemist,DePURA Kids 15 ml,1428,178556.23,0.0599,0.932,16,pre_recall
2023-05-01,TR25,Mysuru-Mangaluru,South,Karnataka,T3,E-Pharmacy,DePURA Kids 10 ml,8,647.75,0.1432,1.0,4,pre_recall
2023-05-01,TR25,Mysuru-Mangaluru,South,Karnataka,T3,E-Pharmacy,DePURA Kids 15 ml,19,2183.8,0.1358,0.913,4,pre_recall
2023-05-01,TR25,Mysuru-Mangaluru,South,Karnataka,T3,Hospital Pharmacy,DePURA Kids 10 ml,14,1304.68,0.0138,1.0,4,pre_recall
2023-05-01,TR25,Mysuru-Mangaluru,South,Karnataka,T3,Hospital Pharmacy,DePURA Kids 15 ml,29,3728.54,0.0333,0.939,4,pre_recall
2023-05-01,TR25,Mysuru-Mangaluru,South,Karnataka,T3,Pharmacy Chain,DePURA Kids 10 ml,9,771.8,0.0925,0.963,4,pre_recall
2023-05-01,TR25,Mysuru-Mangaluru,South,Karnataka,T3,Pharmacy Chain,DePURA Kids 15 ml,21,2538.7,0.091,0.929,4,pre_recall
2023-05-01,TR25,Mysuru-Mangaluru,South,Karnataka,T3,Retail Chemist,DePURA Kids 10 ml,74,6743.31,0.0357,0.919,4,pre_recall
2023-05-01,TR25,Mysuru-Mangaluru,South,Karnataka,T3,Retail Chemist,DePURA Kids 15 ml,173,21330.35,0.073,0.902,4,pre_recall
2023-05-01,TR26,Chennai,South,Tamil Nadu,T1,E-Pharmacy,DePURA Kids 10 ml,77,6202.25,0.1476,1.0,16,pre_recall
2023-05-01,TR26,Chennai,South,Tamil Nadu,T1,E-Pharmacy,DePURA Kids 15 ml,417,46388.12,0.1636,0.991,16,pre_recall
2023-05-01,TR26,Chennai,South,Tamil Nadu,T1,Hospital Pharmacy,DePURA Kids 10 ml,74,6860.96,0.0189,0.95,16,pre_recall
2023-05-01,TR26,Chennai,South,Tamil Nadu,T1,Hospital Pharmacy,DePURA Kids 15 ml,412,53241.36,0.0284,0.991,16,pre_recall
2023-05-01,TR26,Chennai,South,Tamil Nadu,T1,Pharmacy Chain,DePURA Kids 10 ml,98,8584.71,0.073,0.967,16,pre_recall
2023-05-01,TR26,Chennai,South,Tamil Nadu,T1,Pharmacy Chain,DePURA Kids 15 ml,419,51017.42,0.0845,0.937,16,pre_recall
2023-05-01,TR26,Chennai,South,Tamil Nadu,T1,Retail Chemist,DePURA Kids 10 ml,311,28275.06,0.0379,0.942,16,pre_recall
2023-05-01,TR26,Chennai,South,Tamil Nadu,T1,Retail Chemist,DePURA Kids 15 ml,1195,153478.13,0.0343,0.944,16,pre_recall
2023-05-01,TR27,Coimbatore-Madurai,South,Tamil Nadu,T2,E-Pharmacy,DePURA Kids 10 ml,29,2325.52,0.1514,1.0,8,pre_recall
2023-05-01,TR27,Coimbatore-Madurai,South,Tamil Nadu,T2,E-Pharmacy,DePURA Kids 15 ml,88,9730.49,0.1686,0.978,8,pre_recall
2023-05-01,TR27,Coimbatore-Madurai,South,Tamil Nadu,T2,Hospital Pharmacy,DePURA Kids 10 ml,46,4254.84,0.0212,0.975,8,pre_recall
2023-05-01,TR27,Coimbatore-Madurai,South,Tamil Nadu,T2,Hospital Pharmacy,DePURA Kids 15 ml,122,15696.87,0.0326,0.956,8,pre_recall
2023-05-01,TR27,Coimbatore-Madurai,South,Tamil Nadu,T2,Pharmacy Chain,DePURA Kids 10 ml,58,5129.97,0.064,0.972,8,pre_recall
2023-05-01,TR27,Coimbatore-Madurai,South,Tamil Nadu,T2,Pharmacy Chain,DePURA Kids 15 ml,132,16267.95,0.0734,0.947,8,pre_recall
2023-05-01,TR27,Coimbatore-Madurai,South,Tamil Nadu,T2,Retail Chemist,DePURA Kids 10 ml,170,15478.24,0.0365,0.914,8,pre_recall
2023-05-01,TR27,Coimbatore-Madurai,South,Tamil Nadu,T2,Retail Chemist,DePURA Kids 15 ml,501,62838.44,0.0569,0.996,8,pre_recall
2023-05-01,TR28,Hyderabad,South,Telangana,T1,E-Pharmacy,DePURA Kids 10 ml,80,6474.79,0.1435,1.0,9,pre_recall
2023-05-01,TR28,Hyderabad,South,Telangana,T1,E-Pharmacy,DePURA Kids 15 ml,329,37372.04,0.1459,0.894,9,pre_recall
2023-05-01,TR28,Hyderabad,South,Telangana,T1,Hospital Pharmacy,DePURA Kids 10 ml,77,7172.62,0.0143,0.862,9,pre_recall
2023-05-01,TR28,Hyderabad,South,Telangana,T1,Hospital Pharmacy,DePURA Kids 15 ml,305,40147.89,0.0103,0.889,9,pre_recall
2023-05-01,TR28,Hyderabad,South,Telangana,T1,Pharmacy Chain,DePURA Kids 10 ml,107,9241.81,0.086,0.904,9,pre_recall
2023-05-01,TR28,Hyderabad,South,Telangana,T1,Pharmacy Chain,DePURA Kids 15 ml,419,51497.09,0.0759,0.855,9,pre_recall
2023-05-01,TR28,Hyderabad,South,Telangana,T1,Retail Chemist,DePURA Kids 10 ml,255,23891.72,0.0085,0.935,9,pre_recall
2023-05-01,TR28,Hyderabad,South,Telangana,T1,Retail Chemist,DePURA Kids 15 ml,1210,155468.71,0.0339,0.903,9,pre_recall
2023-05-01,TR29,Vijayawada-Vizag,South,Andhra Pradesh,T2,E-Pharmacy,DePURA Kids 10 ml,17,1340.83,0.1654,1.0,5,pre_recall
2023-05-01,TR29,Vijayawada-Vizag,South,Andhra Pradesh,T2,E-Pharmacy,DePURA Kids 15 ml,46,5297.73,0.1341,0.957,5,pre_recall
2023-05-01,TR29,Vijayawada-Vizag,South,Andhra Pradesh,T2,Hospital Pharmacy,DePURA Kids 10 ml,18,1634.64,0.039,0.94,5,pre_recall
2023-05-01,TR29,Vijayawada-Vizag,South,Andhra Pradesh,T2,Hospital Pharmacy,DePURA Kids 15 ml,67,8643.2,0.0301,0.98,5,pre_recall
2023-05-01,TR29,Vijayawada-Vizag,South,Andhra Pradesh,T2,Pharmacy Chain,DePURA Kids 10 ml,22,1926.91,0.0732,0.988,5,pre_recall
2023-05-01,TR29,Vijayawada-Vizag,South,Andhra Pradesh,T2,Pharmacy Chain,DePURA Kids 15 ml,87,10486.84,0.0937,0.961,5,pre_recall
2023-05-01,TR29,Vijayawada-Vizag,South,Andhra Pradesh,T2,Retail Chemist,DePURA Kids 10 ml,104,9335.35,0.0501,1.0,5,pre_recall
2023-05-01,TR29,Vijayawada-Vizag,South,Andhra Pradesh,T2,Retail Chemist,DePURA Kids 15 ml,364,46790.43,0.0335,0.985,5,pre_recall
2023-05-01,TR30,Kochi-Trivandrum,South,Kerala,T2,E-Pharmacy,DePURA Kids 10 ml,28,2240.43,0.1533,0.925,5,pre_recall
2023-05-01,TR30,Kochi-Trivandrum,South,Kerala,T2,E-Pharmacy,DePURA Kids 15 ml,108,12184.61,0.1517,0.907,5,pre_recall
2023-05-01,TR30,Kochi-Trivandrum,South,Kerala,T2,Hospital Pharmacy,DePURA Kids 10 ml,35,3232.14,0.0228,0.856,5,pre_recall
2023-05-01,TR30,Kochi-Trivandrum,South,Kerala,T2,Hospital Pharmacy,DePURA Kids 15 ml,138,17815.01,0.0294,0.86,5,pre_recall
2023-05-01,TR30,Kochi-Trivandrum,South,Kerala,T2,Pharmacy Chain,DePURA Kids 10 ml,37,3182.35,0.0898,0.861,5,pre_recall
2023-05-01,TR30,Kochi-Trivandrum,South,Kerala,T2,Pharmacy Chain,DePURA Kids 15 ml,129,15736.02,0.0828,0.834,5,pre_recall
2023-05-01,TR30,Kochi-Trivandrum,South,Kerala,T2,Retail Chemist,DePURA Kids 10 ml,156,14374.78,0.0249,0.9,5,pre_recall
2023-05-01,TR30,Kochi-Trivandrum,South,Kerala,T2,Retail Chemist,DePURA Kids 15 ml,540,69329.61,0.0347,0.895,5,pre_recall
2023-05-01,TR31,Kolkata,East,West Bengal,T1,E-Pharmacy,DePURA Kids 10 ml,69,5568.84,0.1459,1.0,16,pre_recall
2023-05-01,TR31,Kolkata,East,West Bengal,T1,E-Pharmacy,DePURA Kids 15 ml,258,29215.93,0.1486,0.922,16,pre_recall
2023-05-01,TR31,Kolkata,East,West Bengal,T1,Hospital Pharmacy,DePURA Kids 10 ml,35,3206.84,0.0304,0.905,16,pre_recall
2023-05-01,TR31,Kolkata,East,West Bengal,T1,Hospital Pharmacy,DePURA Kids 15 ml,227,29526.62,0.022,0.968,16,pre_recall
2023-05-01,TR31,Kolkata,East,West Bengal,T1,Pharmacy Chain,DePURA Kids 10 ml,57,4934.25,0.084,0.903,16,pre_recall
2023-05-01,TR31,Kolkata,East,West Bengal,T1,Pharmacy Chain,DePURA Kids 15 ml,398,49524.79,0.0644,0.894,16,pre_recall
2023-05-01,TR31,Kolkata,East,West Bengal,T1,Retail Chemist,DePURA Kids 10 ml,164,14922.89,0.0371,0.894,16,pre_recall
2023-05-01,TR31,Kolkata,East,West Bengal,T1,Retail Chemist,DePURA Kids 15 ml,701,89831.43,0.0365,0.893,16,pre_recall
2023-05-01,TR32,Siliguri-Durgapur,East,West Bengal,T3,E-Pharmacy,DePURA Kids 10 ml,10,810.75,0.1421,0.95,3,pre_recall
2023-05-01,TR32,Siliguri-Durgapur,East,West Bengal,T3,E-Pharmacy,DePURA Kids 15 ml,23,2561.25,0.1627,1.0,3,pre_recall
2023-05-01,TR32,Siliguri-Durgapur,East,West Bengal,T3,Hospital Pharmacy,DePURA Kids 10 ml,15,1391.72,0.0182,0.889,3,pre_recall
2023-05-01,TR32,Siliguri-Durgapur,East,West Bengal,T3,Hospital Pharmacy,DePURA Kids 15 ml,51,6548.07,0.0346,1.0,3,pre_recall
2023-05-01,TR32,Siliguri-Durgapur,East,West Bengal,T3,Pharmacy Chain,DePURA Kids 10 ml,10,876.51,0.0725,0.948,3,pre_recall
2023-05-01,TR32,Siliguri-Durgapur,East,West Bengal,T3,Pharmacy Chain,DePURA Kids 15 ml,25,3092.84,0.0698,0.917,3,pre_recall
2023-05-01,TR32,Siliguri-Durgapur,East,West Bengal,T3,Retail Chemist,DePURA Kids 10 ml,89,7997.46,0.0491,0.922,3,pre_recall
2023-05-01,TR32,Siliguri-Durgapur,East,West Bengal,T3,Retail Chemist,DePURA Kids 15 ml,180,23271.44,0.0279,0.93,3,pre_recall
2023-05-01,TR33,Patna,East,Bihar,T2,E-Pharmacy,DePURA Kids 10 ml,19,1511.59,0.1581,0.938,6,pre_recall
2023-05-01,TR33,Patna,East,Bihar,T2,E-Pharmacy,DePURA Kids 15 ml,61,7030.71,0.1334,0.981,6,pre_recall
2023-05-01,TR33,Patna,East,Bihar,T2,Hospital Pharmacy,DePURA Kids 10 ml,27,2551.5,0.0,0.928,6,pre_recall
2023-05-01,TR33,Patna,East,Bihar,T2,Hospital Pharmacy,DePURA Kids 15 ml,82,10780.43,0.0115,0.901,6,pre_recall
2023-05-01,TR33,Patna,East,Bihar,T2,Pharmacy Chain,DePURA Kids 10 ml,24,2104.8,0.072,0.905,6,pre_recall
2023-05-01,TR33,Patna,East,Bihar,T2,Pharmacy Chain,DePURA Kids 15 ml,82,9981.75,0.0847,0.921,6,pre_recall
2023-05-01,TR33,Patna,East,Bihar,T2,Retail Chemist,DePURA Kids 10 ml,96,8782.09,0.032,0.938,6,pre_recall
2023-05-01,TR33,Patna,East,Bihar,T2,Retail Chemist,DePURA Kids 15 ml,314,40716.5,0.025,0.928,6,pre_recall
2023-05-01,TR34,Ranchi,East,Jharkhand,T3,E-Pharmacy,DePURA Kids 10 ml,13,1059.9,0.1372,0.959,6,pre_recall
2023-05-01,TR34,Ranchi,East,Jharkhand,T3,E-Pharmacy,DePURA Kids 15 ml,27,3159.24,0.1202,0.938,6,pre_recall
2023-05-01,TR34,Ranchi,East,Jharkhand,T3,Hospital Pharmacy,DePURA Kids 10 ml,23,2168.68,0.0022,0.912,6,pre_recall
2023-05-01,TR34,Ranchi,East,Jharkhand,T3,Hospital Pharmacy,DePURA Kids 15 ml,46,6039.21,0.0129,0.906,6,pre_recall
2023-05-01,TR34,Ranchi,East,Jharkhand,T3,Pharmacy Chain,DePURA Kids 10 ml,12,1057.6,0.0674,0.916,6,pre_recall
2023-05-01,TR34,Ranchi,East,Jharkhand,T3,Pharmacy Chain,DePURA Kids 15 ml,28,3348.37,0.1009,0.852,6,pre_recall
2023-05-01,TR34,Ranchi,East,Jharkhand,T3,Retail Chemist,DePURA Kids 10 ml,124,11191.24,0.045,0.901,6,pre_recall
2023-05-01,TR34,Ranchi,East,Jharkhand,T3,Retail Chemist,DePURA Kids 15 ml,360,46176.37,0.0356,0.953,6,pre_recall
2023-05-01,TR35,Bhubaneswar,East,Odisha,T2,E-Pharmacy,DePURA Kids 10 ml,21,1699.57,0.1436,0.935,6,pre_recall
2023-05-01,TR35,Bhubaneswar,East,Odisha,T2,E-Pharmacy,DePURA Kids 15 ml,68,7768.59,0.141,0.86,6,pre_recall
2023-05-01,TR35,Bhubaneswar,East,Odisha,T2,Hospital Pharmacy,DePURA Kids 10 ml,22,2018.63,0.029,0.877,6,pre_recall
2023-05-01,TR35,Bhubaneswar,East,Odisha,T2,Hospital Pharmacy,DePURA Kids 15 ml,95,12279.33,0.0281,0.903,6,pre_recall
2023-05-01,TR35,Bhubaneswar,East,Odisha,T2,Pharmacy Chain,DePURA Kids 10 ml,25,2146.1,0.0916,0.886,6,pre_recall
2023-05-01,TR35,Bhubaneswar,East,Odisha,T2,Pharmacy Chain,DePURA Kids 15 ml,96,11795.97,0.0761,0.947,6,pre_recall
2023-05-01,TR35,Bhubaneswar,East,Odisha,T2,Retail Chemist,DePURA Kids 10 ml,120,10755.74,0.0515,0.963,6,pre_recall
2023-05-01,TR35,Bhubaneswar,East,Odisha,T2,Retail Chemist,DePURA Kids 15 ml,308,38639.63,0.0567,0.906,6,pre_recall
2023-05-01,TR36,Guwahati,East,Assam,T2,E-Pharmacy,DePURA Kids 10 ml,25,1969.88,0.1662,0.935,8,pre_recall
2023-05-01,TR36,Guwahati,East,Assam,T2,E-Pharmacy,DePURA Kids 15 ml,94,10746.86,0.1404,0.987,8,pre_recall
2023-05-01,TR36,Guwahati,East,Assam,T2,Hospital Pharmacy,DePURA Kids 10 ml,37,3423.64,0.0208,0.989,8,pre_recall
2023-05-01,TR36,Guwahati,East,Assam,T2,Hospital Pharmacy,DePURA Kids 15 ml,94,12112.15,0.0312,0.898,8,pre_recall
2023-05-01,TR36,Guwahati,East,Assam,T2,Pharmacy Chain,DePURA Kids 10 ml,33,2892.97,0.0723,1.0,8,pre_recall
2023-05-01,TR36,Guwahati,East,Assam,T2,Pharmacy Chain,DePURA Kids 15 ml,115,14239.62,0.069,0.908,8,pre_recall
2023-05-01,TR36,Guwahati,East,Assam,T2,Retail Chemist,DePURA Kids 10 ml,186,17133.81,0.0252,0.993,8,pre_recall
2023-05-01,TR36,Guwahati,East,Assam,T2,Retail Chemist,DePURA Kids 15 ml,481,62820.02,0.018,0.986,8,pre_recall
2023-06-01,TR01,Delhi North,North,Delhi,T1,E-Pharmacy,DePURA Kids 10 ml,126,9890.77,0.1693,0.877,16,pre_recall
2023-06-01,TR01,Delhi North,North,Delhi,T1,E-Pharmacy,DePURA Kids 15 ml,401,44460.96,0.1664,0.947,16,pre_recall
2023-06-01,TR01,Delhi North,North,Delhi,T1,Hospital Pharmacy,DePURA Kids 10 ml,78,7181.91,0.0257,0.91,16,pre_recall
2023-06-01,TR01,Delhi North,North,Delhi,T1,Hospital Pharmacy,DePURA Kids 15 ml,394,51333.77,0.0204,0.916,16,pre_recall
2023-06-01,TR01,Delhi North,North,Delhi,T1,Pharmacy Chain,DePURA Kids 10 ml,144,12619.62,0.0726,0.94,16,pre_recall
2023-06-01,TR01,Delhi North,North,Delhi,T1,Pharmacy Chain,DePURA Kids 15 ml,579,72031.7,0.0646,0.903,16,pre_recall
2023-06-01,TR01,Delhi North,North,Delhi,T1,Retail Chemist,DePURA Kids 10 ml,318,29362.38,0.0229,0.94,16,pre_recall
2023-06-01,TR01,Delhi North,North,Delhi,T1,Retail Chemist,DePURA Kids 15 ml,1157,146732.24,0.0465,0.873,16,pre_recall
2023-06-01,TR02,Delhi South,North,Delhi,T1,E-Pharmacy,DePURA Kids 10 ml,91,7517.42,0.1258,0.871,12,pre_recall
2023-06-01,TR02,Delhi South,North,Delhi,T1,E-Pharmacy,DePURA Kids 15 ml,485,54998.02,0.1474,0.96,12,pre_recall
2023-06-01,TR02,Delhi South,North,Delhi,T1,Hospital Pharmacy,DePURA Kids 10 ml,93,8675.98,0.0128,0.918,12,pre_recall
2023-06-01,TR02,Delhi South,North,Delhi,T1,Hospital Pharmacy,DePURA Kids 15 ml,325,42167.0,0.0245,0.904,12,pre_recall
2023-06-01,TR02,Delhi South,North,Delhi,T1,Pharmacy Chain,DePURA Kids 10 ml,136,11586.8,0.0984,0.938,12,pre_recall
2023-06-01,TR02,Delhi South,North,Delhi,T1,Pharmacy Chain,DePURA Kids 15 ml,534,64775.97,0.0879,0.888,12,pre_recall
2023-06-01,TR02,Delhi South,North,Delhi,T1,Retail Chemist,DePURA Kids 10 ml,269,24418.8,0.0394,0.902,12,pre_recall
2023-06-01,TR02,Delhi South,North,Delhi,T1,Retail Chemist,DePURA Kids 15 ml,1439,183507.8,0.0412,0.952,12,pre_recall
2023-06-01,TR03,Noida-Ghaziabad,North,Uttar Pradesh,T2,E-Pharmacy,DePURA Kids 10 ml,31,2537.54,0.1338,0.99,5,pre_recall
2023-06-01,TR03,Noida-Ghaziabad,North,Uttar Pradesh,T2,E-Pharmacy,DePURA Kids 15 ml,67,7617.51,0.1452,0.885,5,pre_recall
2023-06-01,TR03,Noida-Ghaziabad,North,Uttar Pradesh,T2,Hospital Pharmacy,DePURA Kids 10 ml,32,2932.09,0.0304,0.879,5,pre_recall
2023-06-01,TR03,Noida-Ghaziabad,North,Uttar Pradesh,T2,Hospital Pharmacy,DePURA Kids 15 ml,90,11901.88,0.0057,0.913,5,pre_recall
2023-06-01,TR03,Noida-Ghaziabad,North,Uttar Pradesh,T2,Pharmacy Chain,DePURA Kids 10 ml,38,3386.52,0.0797,0.951,5,pre_recall
2023-06-01,TR03,Noida-Ghaziabad,North,Uttar Pradesh,T2,Pharmacy Chain,DePURA Kids 15 ml,90,11223.0,0.0624,0.904,5,pre_recall
2023-06-01,TR03,Noida-Ghaziabad,North,Uttar Pradesh,T2,Retail Chemist,DePURA Kids 10 ml,133,12158.67,0.0326,0.808,5,pre_recall
2023-06-01,TR03,Noida-Ghaziabad,North,Uttar Pradesh,T2,Retail Chemist,DePURA Kids 15 ml,481,63653.51,0.005,0.934,5,pre_recall
2023-06-01,TR04,Gurugram-Faridabad,North,Haryana,T2,E-Pharmacy,DePURA Kids 10 ml,28,2246.47,0.151,1.0,8,pre_recall
2023-06-01,TR04,Gurugram-Faridabad,North,Haryana,T2,E-Pharmacy,DePURA Kids 15 ml,78,8775.6,0.1541,0.963,8,pre_recall
2023-06-01,TR04,Gurugram-Faridabad,North,Haryana,T2,Hospital Pharmacy,DePURA Kids 10 ml,33,3093.22,0.0081,0.984,8,pre_recall
2023-06-01,TR04,Gurugram-Faridabad,North,Haryana,T2,Hospital Pharmacy,DePURA Kids 15 ml,103,13583.45,0.0084,0.908,8,pre_recall
2023-06-01,TR04,Gurugram-Faridabad,North,Haryana,T2,Pharmacy Chain,DePURA Kids 10 ml,32,2784.74,0.0791,0.943,8,pre_recall
2023-06-01,TR04,Gurugram-Faridabad,North,Haryana,T2,Pharmacy Chain,DePURA Kids 15 ml,125,15167.33,0.0877,1.0,8,pre_recall
2023-06-01,TR04,Gurugram-Faridabad,North,Haryana,T2,Retail Chemist,DePURA Kids 10 ml,131,12153.15,0.0183,0.952,8,pre_recall
2023-06-01,TR04,Gurugram-Faridabad,North,Haryana,T2,Retail Chemist,DePURA Kids 15 ml,415,53610.82,0.0287,0.976,8,pre_recall
2023-06-01,TR05,Lucknow,North,Uttar Pradesh,T2,E-Pharmacy,DePURA Kids 10 ml,22,1744.47,0.1609,0.938,6,pre_recall
2023-06-01,TR05,Lucknow,North,Uttar Pradesh,T2,E-Pharmacy,DePURA Kids 15 ml,90,10096.1,0.1565,0.895,6,pre_recall
2023-06-01,TR05,Lucknow,North,Uttar Pradesh,T2,Hospital Pharmacy,DePURA Kids 10 ml,36,3377.86,0.0071,0.935,6,pre_recall
2023-06-01,TR05,Lucknow,North,Uttar Pradesh,T2,Hospital Pharmacy,DePURA Kids 15 ml,94,12469.91,0.0026,0.904,6,pre_recall
2023-06-01,TR05,Lucknow,North,Uttar Pradesh,T2,Pharmacy Chain,DePURA Kids 10 ml,32,2815.27,0.069,0.862,6,pre_recall
2023-06-01,TR05,Lucknow,North,Uttar Pradesh,T2,Pharmacy Chain,DePURA Kids 15 ml,101,12655.62,0.0579,0.824,6,pre_recall
2023-06-01,TR05,Lucknow,North,Uttar Pradesh,T2,Retail Chemist,DePURA Kids 10 ml,142,12652.46,0.0571,0.918,6,pre_recall
2023-06-01,TR05,Lucknow,North,Uttar Pradesh,T2,Retail Chemist,DePURA Kids 15 ml,536,67402.86,0.0545,0.836,6,pre_recall
2023-06-01,TR06,Kanpur-Agra,North,Uttar Pradesh,T2,E-Pharmacy,DePURA Kids 10 ml,26,2124.29,0.1354,0.95,5,pre_recall
2023-06-01,TR06,Kanpur-Agra,North,Uttar Pradesh,T2,E-Pharmacy,DePURA Kids 15 ml,94,10688.75,0.145,0.941,5,pre_recall
2023-06-01,TR06,Kanpur-Agra,North,Uttar Pradesh,T2,Hospital Pharmacy,DePURA Kids 10 ml,41,3832.14,0.0109,0.988,5,pre_recall
2023-06-01,TR06,Kanpur-Agra,North,Uttar Pradesh,T2,Hospital Pharmacy,DePURA Kids 15 ml,129,16524.26,0.0369,0.928,5,pre_recall
2023-06-01,TR06,Kanpur-Agra,North,Uttar Pradesh,T2,Pharmacy Chain,DePURA Kids 10 ml,43,3801.9,0.0644,0.956,5,pre_recall
2023-06-01,TR06,Kanpur-Agra,North,Uttar Pradesh,T2,Pharmacy Chain,DePURA Kids 15 ml,112,13632.51,0.0848,0.9,5,pre_recall
2023-06-01,TR06,Kanpur-Agra,North,Uttar Pradesh,T2,Retail Chemist,DePURA Kids 10 ml,140,12778.61,0.0341,0.909,5,pre_recall
2023-06-01,TR06,Kanpur-Agra,North,Uttar Pradesh,T2,Retail Chemist,DePURA Kids 15 ml,546,69222.8,0.0468,0.956,5,pre_recall
2023-06-01,TR07,Varanasi-Gorakhpur,North,Uttar Pradesh,T3,E-Pharmacy,DePURA Kids 10 ml,5,412.13,0.1278,0.948,3,pre_recall
2023-06-01,TR07,Varanasi-Gorakhpur,North,Uttar Pradesh,T3,E-Pharmacy,DePURA Kids 15 ml,16,1791.17,0.1583,0.9,3,pre_recall
2023-06-01,TR07,Varanasi-Gorakhpur,North,Uttar Pradesh,T3,Hospital Pharmacy,DePURA Kids 10 ml,12,1123.77,0.009,0.922,3,pre_recall
2023-06-01,TR07,Varanasi-Gorakhpur,North,Uttar Pradesh,T3,Hospital Pharmacy,DePURA Kids 15 ml,28,3716.5,0.002,0.972,3,pre_recall
2023-06-01,TR07,Varanasi-Gorakhpur,North,Uttar Pradesh,T3,Pharmacy Chain,DePURA Kids 10 ml,7,601.37,0.0909,0.959,3,pre_recall
2023-06-01,TR07,Varanasi-Gorakhpur,North,Uttar Pradesh,T3,Pharmacy Chain,DePURA Kids 15 ml,15,1830.88,0.0823,0.901,3,pre_recall
2023-06-01,TR07,Varanasi-Gorakhpur,North,Uttar Pradesh,T3,Retail Chemist,DePURA Kids 10 ml,57,5103.86,0.0525,0.912,3,pre_recall
2023-06-01,TR07,Varanasi-Gorakhpur,North,Uttar Pradesh,T3,Retail Chemist,DePURA Kids 15 ml,145,18439.93,0.0438,0.872,3,pre_recall
2023-06-01,TR08,Chandigarh-Mohali,North,Chandigarh,T2,E-Pharmacy,DePURA Kids 10 ml,26,2046.8,0.167,0.966,7,pre_recall
2023-06-01,TR08,Chandigarh-Mohali,North,Chandigarh,T2,E-Pharmacy,DePURA Kids 15 ml,76,8529.77,0.1561,0.95,7,pre_recall
2023-06-01,TR08,Chandigarh-Mohali,North,Chandigarh,T2,Hospital Pharmacy,DePURA Kids 10 ml,25,2312.13,0.0213,0.916,7,pre_recall
2023-06-01,TR08,Chandigarh-Mohali,North,Chandigarh,T2,Hospital Pharmacy,DePURA Kids 15 ml,93,12087.63,0.0227,0.879,7,pre_recall
2023-06-01,TR08,Chandigarh-Mohali,North,Chandigarh,T2,Pharmacy Chain,DePURA Kids 10 ml,43,3741.36,0.0793,0.914,7,pre_recall
2023-06-01,TR08,Chandigarh-Mohali,North,Chandigarh,T2,Pharmacy Chain,DePURA Kids 15 ml,83,10244.1,0.072,0.856,7,pre_recall
2023-06-01,TR08,Chandigarh-Mohali,North,Chandigarh,T2,Retail Chemist,DePURA Kids 10 ml,146,12894.85,0.0397,0.91,7,pre_recall
2023-06-01,TR08,Chandigarh-Mohali,North,Chandigarh,T2,Retail Chemist,DePURA Kids 15 ml,482,62277.57,0.0285,0.901,7,pre_recall
2023-06-01,TR09,Ludhiana-Amritsar,North,Punjab,T2,E-Pharmacy,DePURA Kids 10 ml,30,2377.02,0.1615,0.939,6,pre_recall
2023-06-01,TR09,Ludhiana-Amritsar,North,Punjab,T2,E-Pharmacy,DePURA Kids 15 ml,92,10330.16,0.1558,0.913,6,pre_recall
2023-06-01,TR09,Ludhiana-Amritsar,North,Punjab,T2,Hospital Pharmacy,DePURA Kids 10 ml,27,2518.3,0.013,0.833,6,pre_recall
2023-06-01,TR09,Ludhiana-Amritsar,North,Punjab,T2,Hospital Pharmacy,DePURA Kids 15 ml,97,12762.29,0.0108,0.916,6,pre_recall
2023-06-01,TR09,Ludhiana-Amritsar,North,Punjab,T2,Pharmacy Chain,DePURA Kids 10 ml,24,2091.32,0.0779,0.855,6,pre_recall
2023-06-01,TR09,Ludhiana-Amritsar,North,Punjab,T2,Pharmacy Chain,DePURA Kids 15 ml,101,12324.73,0.0825,0.844,6,pre_recall
2023-06-01,TR09,Ludhiana-Amritsar,North,Punjab,T2,Retail Chemist,DePURA Kids 10 ml,131,11942.43,0.0353,0.972,6,pre_recall
2023-06-01,TR09,Ludhiana-Amritsar,North,Punjab,T2,Retail Chemist,DePURA Kids 15 ml,431,54680.87,0.0461,0.817,6,pre_recall
2023-06-01,TR10,Jaipur,North,Rajasthan,T2,E-Pharmacy,DePURA Kids 10 ml,16,1277.01,0.1554,1.0,7,pre_recall
2023-06-01,TR10,Jaipur,North,Rajasthan,T2,E-Pharmacy,DePURA Kids 15 ml,38,4415.54,0.1263,0.977,7,pre_recall
2023-06-01,TR10,Jaipur,North,Rajasthan,T2,Hospital Pharmacy,DePURA Kids 10 ml,14,1313.92,0.0069,0.928,7,pre_recall
2023-06-01,TR10,Jaipur,North,Rajasthan,T2,Hospital Pharmacy,DePURA Kids 15 ml,52,6841.51,0.0108,0.916,7,pre_recall
2023-06-01,TR10,Jaipur,North,Rajasthan,T2,Pharmacy Chain,DePURA Kids 10 ml,15,1305.26,0.0792,0.923,7,pre_recall
2023-06-01,TR10,Jaipur,North,Rajasthan,T2,Pharmacy Chain,DePURA Kids 15 ml,56,6698.09,0.1007,0.931,7,pre_recall
2023-06-01,TR10,Jaipur,North,Rajasthan,T2,Retail Chemist,DePURA Kids 10 ml,59,5366.89,0.0374,0.934,7,pre_recall
2023-06-01,TR10,Jaipur,North,Rajasthan,T2,Retail Chemist,DePURA Kids 15 ml,189,24766.64,0.0147,0.941,7,pre_recall
2023-06-01,TR11,Dehradun,North,Uttarakhand,T3,E-Pharmacy,DePURA Kids 10 ml,10,808.29,0.1447,0.936,6,pre_recall
2023-06-01,TR11,Dehradun,North,Uttarakhand,T3,E-Pharmacy,DePURA Kids 15 ml,26,2915.8,0.1568,0.978,6,pre_recall
2023-06-01,TR11,Dehradun,North,Uttarakhand,T3,Hospital Pharmacy,DePURA Kids 10 ml,16,1485.59,0.0175,0.923,6,pre_recall
2023-06-01,TR11,Dehradun,North,Uttarakhand,T3,Hospital Pharmacy,DePURA Kids 15 ml,34,4385.83,0.0301,0.843,6,pre_recall
2023-06-01,TR11,Dehradun,North,Uttarakhand,T3,Pharmacy Chain,DePURA Kids 10 ml,11,915.25,0.1195,0.872,6,pre_recall
2023-06-01,TR11,Dehradun,North,Uttarakhand,T3,Pharmacy Chain,DePURA Kids 15 ml,22,2603.87,0.1101,0.879,6,pre_recall
2023-06-01,TR11,Dehradun,North,Uttarakhand,T3,Retail Chemist,DePURA Kids 10 ml,90,8184.26,0.0377,0.896,6,pre_recall
2023-06-01,TR11,Dehradun,North,Uttarakhand,T3,Retail Chemist,DePURA Kids 15 ml,214,27507.33,0.0335,0.864,6,pre_recall
2023-06-01,TR12,Mumbai West,West,Maharashtra,T1,E-Pharmacy,DePURA Kids 10 ml,28,2253.74,0.1482,1.0,10,pre_recall
2023-06-01,TR12,Mumbai West,West,Maharashtra,T1,E-Pharmacy,DePURA Kids 15 ml,165,18882.2,0.1396,1.0,10,pre_recall
2023-06-01,TR12,Mumbai West,West,Maharashtra,T1,Hospital Pharmacy,DePURA Kids 10 ml,24,2238.35,0.0131,0.904,10,pre_recall
2023-06-01,TR12,Mumbai West,West,Maharashtra,T1,Hospital Pharmacy,DePURA Kids 15 ml,147,19255.47,0.0151,0.941,10,pre_recall
2023-06-01,TR12,Mumbai West,West,Maharashtra,T1,Pharmacy Chain,DePURA Kids 10 ml,33,2886.06,0.0745,0.934,10,pre_recall
2023-06-01,TR12,Mumbai West,West,Maharashtra,T1,Pharmacy Chain,DePURA Kids 15 ml,177,21489.09,0.0872,0.939,10,pre_recall
2023-06-01,TR12,Mumbai West,West,Maharashtra,T1,Retail Chemist,DePURA Kids 10 ml,129,11866.13,0.0266,0.938,10,pre_recall
2023-06-01,TR12,Mumbai West,West,Maharashtra,T1,Retail Chemist,DePURA Kids 15 ml,455,58232.19,0.0377,0.956,10,pre_recall
2023-06-01,TR13,Mumbai Thane,West,Maharashtra,T1,E-Pharmacy,DePURA Kids 10 ml,94,7580.21,0.1467,0.999,14,pre_recall
2023-06-01,TR13,Mumbai Thane,West,Maharashtra,T1,E-Pharmacy,DePURA Kids 15 ml,364,41446.21,0.1439,1.0,14,pre_recall
2023-06-01,TR13,Mumbai Thane,West,Maharashtra,T1,Hospital Pharmacy,DePURA Kids 10 ml,98,9223.33,0.0041,0.977,14,pre_recall
2023-06-01,TR13,Mumbai Thane,West,Maharashtra,T1,Hospital Pharmacy,DePURA Kids 15 ml,423,54615.71,0.01985,0.976,14,pre_recall
2023-06-01,TR13,Mumbai Thane,West,Maharashtra,T1,Pharmacy Chain,DePURA Kids 10 ml,118,10063.12,0.0976,0.998,14,pre_recall
2023-06-01,TR13,Mumbai Thane,West,Maharashtra,T1,Pharmacy Chain,DePURA Kids 15 ml,454,55615.76,0.0789,0.985,14,pre_recall
2023-06-01,TR13,Mumbai Thane,West,Maharashtra,T1,Retail Chemist,DePURA Kids 10 ml,246,22108.11,0.049,0.981,14,pre_recall
2023-06-01,TR13,Mumbai Thane,West,Maharashtra,T1,Retail Chemist,DePURA Kids 15 ml,1254,160456.9,0.0379,0.927,14,pre_recall
2023-06-01,TR14,Pune,West,Maharashtra,T1,E-Pharmacy,DePURA Kids 10 ml,51,4066.77,0.1562,0.937,11,pre_recall
2023-06-01,TR14,Pune,West,Maharashtra,T1,E-Pharmacy,DePURA Kids 15 ml,241,27183.93,0.1519,0.896,11,pre_recall
2023-06-01,TR14,Pune,West,Maharashtra,T1,Hospital Pharmacy,DePURA Kids 10 ml,54,4911.83,0.0375,0.891,11,pre_recall
2023-06-01,TR14,Pune,West,Maharashtra,T1,Hospital Pharmacy,DePURA Kids 15 ml,220,28297.08,0.0329,0.883,11,pre_recall
2023-06-01,TR14,Pune,West,Maharashtra,T1,Pharmacy Chain,DePURA Kids 10 ml,57,4991.07,0.0734,0.83,11,pre_recall
2023-06-01,TR14,Pune,West,Maharashtra,T1,Pharmacy Chain,DePURA Kids 15 ml,362,44188.19,0.0822,0.85,11,pre_recall
2023-06-01,TR14,Pune,West,Maharashtra,T1,Retail Chemist,DePURA Kids 10 ml,145,13434.65,0.0195,0.872,11,pre_recall
2023-06-01,TR14,Pune,West,Maharashtra,T1,Retail Chemist,DePURA Kids 15 ml,766,97382.14,0.0441,0.878,11,pre_recall
2023-06-01,TR15,Nagpur,West,Maharashtra,T2,E-Pharmacy,DePURA Kids 10 ml,25,1950.8,0.1743,0.981,10,pre_recall
2023-06-01,TR15,Nagpur,West,Maharashtra,T2,E-Pharmacy,DePURA Kids 15 ml,62,6840.94,0.1704,0.877,10,pre_recall
2023-06-01,TR15,Nagpur,West,Maharashtra,T2,Hospital Pharmacy,DePURA Kids 10 ml,31,2845.49,0.0287,0.943,10,pre_recall
2023-06-01,TR15,Nagpur,West,Maharashtra,T2,Hospital Pharmacy,DePURA Kids 15 ml,85,11018.53,0.0253,0.89,10,pre_recall
2023-06-01,TR15,Nagpur,West,Maharashtra,T2,Pharmacy Chain,DePURA Kids 10 ml,27,2397.45,0.0604,0.921,10,pre_recall
2023-06-01,TR15,Nagpur,West,Maharashtra,T2,Pharmacy Chain,DePURA Kids 15 ml,71,8663.32,0.0826,0.848,10,pre_recall
2023-06-01,TR15,Nagpur,West,Maharashtra,T2,Retail Chemist,DePURA Kids 10 ml,142,12590.09,0.0618,0.924,10,pre_recall
2023-06-01,TR15,Nagpur,West,Maharashtra,T2,Retail Chemist,DePURA Kids 15 ml,387,49718.11,0.0341,0.989,10,pre_recall
2023-06-01,TR16,Ahmedabad,West,Gujarat,T1,E-Pharmacy,DePURA Kids 10 ml,72,5827.14,0.1436,0.943,16,pre_recall
2023-06-01,TR16,Ahmedabad,West,Gujarat,T1,E-Pharmacy,DePURA Kids 15 ml,380,42872.56,0.1517,0.979,16,pre_recall
2023-06-01,TR16,Ahmedabad,West,Gujarat,T1,Hospital Pharmacy,DePURA Kids 10 ml,54,5025.85,0.0151,0.852,16,pre_recall
2023-06-01,TR16,Ahmedabad,West,Gujarat,T1,Hospital Pharmacy,DePURA Kids 15 ml,247,32613.78,0.0072,0.848,16,pre_recall
2023-06-01,TR16,Ahmedabad,West,Gujarat,T1,Pharmacy Chain,DePURA Kids 10 ml,95,8251.89,0.0808,0.916,16,pre_recall
2023-06-01,TR16,Ahmedabad,West,Gujarat,T1,Pharmacy Chain,DePURA Kids 15 ml,418,51484.87,0.0739,0.922,16,pre_recall
2023-06-01,TR16,Ahmedabad,West,Gujarat,T1,Retail Chemist,DePURA Kids 10 ml,196,17657.54,0.0397,0.896,16,pre_recall
2023-06-01,TR16,Ahmedabad,West,Gujarat,T1,Retail Chemist,DePURA Kids 15 ml,1102,139314.69,0.0495,0.909,16,pre_recall
2023-06-01,TR17,Surat-Vadodara,West,Gujarat,T2,E-Pharmacy,DePURA Kids 10 ml,22,1793.98,0.1371,0.926,5,pre_recall
2023-06-01,TR17,Surat-Vadodara,West,Gujarat,T2,E-Pharmacy,DePURA Kids 15 ml,60,6709.91,0.1592,0.916,5,pre_recall
2023-06-01,TR17,Surat-Vadodara,West,Gujarat,T2,Hospital Pharmacy,DePURA Kids 10 ml,36,3280.98,0.0356,0.921,5,pre_recall
2023-06-01,TR17,Surat-Vadodara,West,Gujarat,T2,Hospital Pharmacy,DePURA Kids 15 ml,84,11023.95,0.0133,0.832,5,pre_recall
2023-06-01,TR17,Surat-Vadodara,West,Gujarat,T2,Pharmacy Chain,DePURA Kids 10 ml,31,2656.13,0.0933,0.889,5,pre_recall
2023-06-01,TR17,Surat-Vadodara,West,Gujarat,T2,Pharmacy Chain,DePURA Kids 15 ml,91,11156.32,0.0782,0.862,5,pre_recall
2023-06-01,TR17,Surat-Vadodara,West,Gujarat,T2,Retail Chemist,DePURA Kids 10 ml,124,11114.6,0.0515,0.892,5,pre_recall
2023-06-01,TR17,Surat-Vadodara,West,Gujarat,T2,Retail Chemist,DePURA Kids 15 ml,329,42005.43,0.04,0.877,5,pre_recall
2023-06-01,TR18,Rajkot,West,Gujarat,T3,E-Pharmacy,DePURA Kids 10 ml,16,1243.0,0.1779,0.879,7,pre_recall
2023-06-01,TR18,Rajkot,West,Gujarat,T3,E-Pharmacy,DePURA Kids 15 ml,40,4545.43,0.1456,0.95,7,pre_recall
2023-06-01,TR18,Rajkot,West,Gujarat,T3,Hospital Pharmacy,DePURA Kids 10 ml,26,2432.35,0.01,0.845,7,pre_recall
2023-06-01,TR18,Rajkot,West,Gujarat,T3,Hospital Pharmacy,DePURA Kids 15 ml,74,9564.09,0.0282,0.861,7,pre_recall
2023-06-01,TR18,Rajkot,West,Gujarat,T3,Pharmacy Chain,DePURA Kids 10 ml,22,1927.56,0.0728,0.891,7,pre_recall
2023-06-01,TR18,Rajkot,West,Gujarat,T3,Pharmacy Chain,DePURA Kids 15 ml,46,5628.83,0.08,0.923,7,pre_recall
2023-06-01,TR18,Rajkot,West,Gujarat,T3,Retail Chemist,DePURA Kids 10 ml,165,15105.73,0.0312,0.965,7,pre_recall
2023-06-01,TR18,Rajkot,West,Gujarat,T3,Retail Chemist,DePURA Kids 15 ml,485,61425.37,0.0477,0.951,7,pre_recall
2023-06-01,TR19,Indore,Central,Madhya Pradesh,T2,E-Pharmacy,DePURA Kids 10 ml,41,3286.35,0.1518,0.945,6,pre_recall
2023-06-01,TR19,Indore,Central,Madhya Pradesh,T2,E-Pharmacy,DePURA Kids 15 ml,90,10140.6,0.1528,0.929,6,pre_recall
2023-06-01,TR19,Indore,Central,Madhya Pradesh,T2,Hospital Pharmacy,DePURA Kids 10 ml,45,4141.96,0.026,0.906,6,pre_recall
2023-06-01,TR19,Indore,Central,Madhya Pradesh,T2,Hospital Pharmacy,DePURA Kids 15 ml,149,19376.66,0.0222,0.876,6,pre_recall
2023-06-01,TR19,Indore,Central,Madhya Pradesh,T2,Pharmacy Chain,DePURA Kids 10 ml,50,4419.15,0.0647,0.883,6,pre_recall
2023-06-01,TR19,Indore,Central,Madhya Pradesh,T2,Pharmacy Chain,DePURA Kids 15 ml,133,16567.75,0.0634,0.877,6,pre_recall
2023-06-01,TR19,Indore,Central,Madhya Pradesh,T2,Retail Chemist,DePURA Kids 10 ml,219,19828.26,0.0419,0.924,6,pre_recall
2023-06-01,TR19,Indore,Central,Madhya Pradesh,T2,Retail Chemist,DePURA Kids 15 ml,511,66402.89,0.023,0.92,6,pre_recall
2023-06-01,TR20,Bhopal,Central,Madhya Pradesh,T2,E-Pharmacy,DePURA Kids 10 ml,14,1123.92,0.1505,0.91,3,pre_recall
2023-06-01,TR20,Bhopal,Central,Madhya Pradesh,T2,E-Pharmacy,DePURA Kids 15 ml,41,4604.0,0.1557,0.878,3,pre_recall
2023-06-01,TR20,Bhopal,Central,Madhya Pradesh,T2,Hospital Pharmacy,DePURA Kids 10 ml,19,1755.32,0.0224,0.863,3,pre_recall
2023-06-01,TR20,Bhopal,Central,Madhya Pradesh,T2,Hospital Pharmacy,DePURA Kids 15 ml,69,8978.68,0.0216,0.918,3,pre_recall
2023-06-01,TR20,Bhopal,Central,Madhya Pradesh,T2,Pharmacy Chain,DePURA Kids 10 ml,23,1976.53,0.0906,0.875,3,pre_recall
2023-06-01,TR20,Bhopal,Central,Madhya Pradesh,T2,Pharmacy Chain,DePURA Kids 15 ml,76,9284.19,0.0815,0.922,3,pre_recall
2023-06-01,TR20,Bhopal,Central,Madhya Pradesh,T2,Retail Chemist,DePURA Kids 10 ml,89,8094.55,0.0376,0.887,3,pre_recall
2023-06-01,TR20,Bhopal,Central,Madhya Pradesh,T2,Retail Chemist,DePURA Kids 15 ml,257,32368.99,0.053,0.916,3,pre_recall
2023-06-01,TR21,Jabalpur,Central,Madhya Pradesh,T3,E-Pharmacy,DePURA Kids 10 ml,11,863.29,0.1695,0.915,5,pre_recall
2023-06-01,TR21,Jabalpur,Central,Madhya Pradesh,T3,E-Pharmacy,DePURA Kids 15 ml,31,3484.81,0.1499,1.0,5,pre_recall
2023-06-01,TR21,Jabalpur,Central,Madhya Pradesh,T3,Hospital Pharmacy,DePURA Kids 10 ml,26,2353.19,0.0423,0.991,5,pre_recall
2023-06-01,TR21,Jabalpur,Central,Madhya Pradesh,T3,Hospital Pharmacy,DePURA Kids 15 ml,56,7411.96,0.0048,0.947,5,pre_recall
2023-06-01,TR21,Jabalpur,Central,Madhya Pradesh,T3,Pharmacy Chain,DePURA Kids 10 ml,12,1057.43,0.0675,0.951,5,pre_recall
2023-06-01,TR21,Jabalpur,Central,Madhya Pradesh,T3,Pharmacy Chain,DePURA Kids 15 ml,31,3747.43,0.0911,0.934,5,pre_recall
2023-06-01,TR21,Jabalpur,Central,Madhya Pradesh,T3,Retail Chemist,DePURA Kids 10 ml,138,12303.39,0.0566,0.964,5,pre_recall
2023-06-01,TR21,Jabalpur,Central,Madhya Pradesh,T3,Retail Chemist,DePURA Kids 15 ml,269,33867.99,0.0534,0.946,5,pre_recall
2023-06-01,TR22,Raipur,Central,Chhattisgarh,T3,E-Pharmacy,DePURA Kids 10 ml,19,1534.22,0.1455,1.0,6,pre_recall
2023-06-01,TR22,Raipur,Central,Chhattisgarh,T3,E-Pharmacy,DePURA Kids 15 ml,32,3549.62,0.166,0.917,6,pre_recall
2023-06-01,TR22,Raipur,Central,Chhattisgarh,T3,Hospital Pharmacy,DePURA Kids 10 ml,36,3343.54,0.0172,0.884,6,pre_recall
2023-06-01,TR22,Raipur,Central,Chhattisgarh,T3,Hospital Pharmacy,DePURA Kids 15 ml,72,9527.83,0.005,0.884,6,pre_recall
2023-06-01,TR22,Raipur,Central,Chhattisgarh,T3,Pharmacy Chain,DePURA Kids 10 ml,19,1616.88,0.0995,0.922,6,pre_recall
2023-06-01,TR22,Raipur,Central,Chhattisgarh,T3,Pharmacy Chain,DePURA Kids 15 ml,49,6072.59,0.0682,0.829,6,pre_recall
2023-06-01,TR22,Raipur,Central,Chhattisgarh,T3,Retail Chemist,DePURA Kids 10 ml,146,13113.95,0.0495,0.959,6,pre_recall
2023-06-01,TR22,Raipur,Central,Chhattisgarh,T3,Retail Chemist,DePURA Kids 15 ml,353,44895.95,0.0437,0.886,6,pre_recall
2023-06-01,TR23,Bengaluru North,South,Karnataka,T1,E-Pharmacy,DePURA Kids 10 ml,68,5589.21,0.1302,0.945,11,pre_recall
2023-06-01,TR23,Bengaluru North,South,Karnataka,T1,E-Pharmacy,DePURA Kids 15 ml,320,36405.82,0.1446,0.925,11,pre_recall
2023-06-01,TR23,Bengaluru North,South,Karnataka,T1,Hospital Pharmacy,DePURA Kids 10 ml,53,4987.2,0.0043,0.918,11,pre_recall
2023-06-01,TR23,Bengaluru North,South,Karnataka,T1,Hospital Pharmacy,DePURA Kids 15 ml,269,34317.47,0.0408,0.92,11,pre_recall
2023-06-01,TR23,Bengaluru North,South,Karnataka,T1,Pharmacy Chain,DePURA Kids 10 ml,79,6919.85,0.0731,0.921,11,pre_recall
2023-06-01,TR23,Bengaluru North,South,Karnataka,T1,Pharmacy Chain,DePURA Kids 15 ml,368,44411.38,0.0926,0.917,11,pre_recall
2023-06-01,TR23,Bengaluru North,South,Karnataka,T1,Retail Chemist,DePURA Kids 10 ml,250,22834.51,0.0335,0.91,11,pre_recall
2023-06-01,TR23,Bengaluru North,South,Karnataka,T1,Retail Chemist,DePURA Kids 15 ml,921,116580.42,0.0483,0.902,11,pre_recall
2023-06-01,TR24,Bengaluru South,South,Karnataka,T1,E-Pharmacy,DePURA Kids 10 ml,77,6269.85,0.1383,0.94,16,pre_recall
2023-06-01,TR24,Bengaluru South,South,Karnataka,T1,E-Pharmacy,DePURA Kids 15 ml,356,39661.25,0.1623,0.933,16,pre_recall
2023-06-01,TR24,Bengaluru South,South,Karnataka,T1,Hospital Pharmacy,DePURA Kids 10 ml,85,7938.14,0.0117,0.855,16,pre_recall
2023-06-01,TR24,Bengaluru South,South,Karnataka,T1,Hospital Pharmacy,DePURA Kids 15 ml,362,47577.0,0.0118,0.961,16,pre_recall
2023-06-01,TR24,Bengaluru South,South,Karnataka,T1,Pharmacy Chain,DePURA Kids 10 ml,100,8543.72,0.0959,0.85,16,pre_recall
2023-06-01,TR24,Bengaluru South,South,Karnataka,T1,Pharmacy Chain,DePURA Kids 15 ml,544,66971.39,0.0744,0.835,16,pre_recall
2023-06-01,TR24,Bengaluru South,South,Karnataka,T1,Retail Chemist,DePURA Kids 10 ml,244,22327.83,0.0317,0.857,16,pre_recall
2023-06-01,TR24,Bengaluru South,South,Karnataka,T1,Retail Chemist,DePURA Kids 15 ml,1414,178656.42,0.05,0.867,16,pre_recall
2023-06-01,TR25,Mysuru-Mangaluru,South,Karnataka,T3,E-Pharmacy,DePURA Kids 10 ml,8,665.7,0.1194,0.992,4,pre_recall
2023-06-01,TR25,Mysuru-Mangaluru,South,Karnataka,T3,E-Pharmacy,DePURA Kids 15 ml,18,2067.34,0.1364,0.966,4,pre_recall
2023-06-01,TR25,Mysuru-Mangaluru,South,Karnataka,T3,Hospital Pharmacy,DePURA Kids 10 ml,16,1489.86,0.0146,0.866,4,pre_recall
2023-06-01,TR25,Mysuru-Mangaluru,South,Karnataka,T3,Hospital Pharmacy,DePURA Kids 15 ml,38,4937.09,0.0231,0.919,4,pre_recall
2023-06-01,TR25,Mysuru-Mangaluru,South,Karnataka,T3,Pharmacy Chain,DePURA Kids 10 ml,9,770.74,0.0938,0.898,4,pre_recall
2023-06-01,TR25,Mysuru-Mangaluru,South,Karnataka,T3,Pharmacy Chain,DePURA Kids 15 ml,18,2203.06,0.0798,0.948,4,pre_recall
2023-06-01,TR25,Mysuru-Mangaluru,South,Karnataka,T3,Retail Chemist,DePURA Kids 10 ml,88,8007.18,0.0371,0.979,4,pre_recall
2023-06-01,TR25,Mysuru-Mangaluru,South,Karnataka,T3,Retail Chemist,DePURA Kids 15 ml,243,30638.32,0.052,0.934,4,pre_recall
2023-06-01,TR26,Chennai,South,Tamil Nadu,T1,E-Pharmacy,DePURA Kids 10 ml,88,7066.43,0.1503,0.973,16,pre_recall
2023-06-01,TR26,Chennai,South,Tamil Nadu,T1,E-Pharmacy,DePURA Kids 15 ml,535,60479.7,0.15,1.0,16,pre_recall
2023-06-01,TR26,Chennai,South,Tamil Nadu,T1,Hospital Pharmacy,DePURA Kids 10 ml,73,6759.81,0.0201,0.933,16,pre_recall
2023-06-01,TR26,Chennai,South,Tamil Nadu,T1,Hospital Pharmacy,DePURA Kids 15 ml,384,50161.89,0.0178,0.944,16,pre_recall
2023-06-01,TR26,Chennai,South,Tamil Nadu,T1,Pharmacy Chain,DePURA Kids 10 ml,90,7679.41,0.0971,0.913,16,pre_recall
2023-06-01,TR26,Chennai,South,Tamil Nadu,T1,Pharmacy Chain,DePURA Kids 15 ml,511,62489.35,0.0805,0.963,16,pre_recall
2023-06-01,TR26,Chennai,South,Tamil Nadu,T1,Retail Chemist,DePURA Kids 10 ml,271,24375.35,0.0482,0.926,16,pre_recall
2023-06-01,TR26,Chennai,South,Tamil Nadu,T1,Retail Chemist,DePURA Kids 15 ml,1094,142628.82,0.0197,0.873,16,pre_recall
2023-06-01,TR27,Coimbatore-Madurai,South,Tamil Nadu,T2,E-Pharmacy,DePURA Kids 10 ml,34,2653.17,0.1742,0.971,8,pre_recall
2023-06-01,TR27,Coimbatore-Madurai,South,Tamil Nadu,T2,E-Pharmacy,DePURA Kids 15 ml,119,13703.07,0.1342,0.978,8,pre_recall
2023-06-01,TR27,Coimbatore-Madurai,South,Tamil Nadu,T2,Hospital Pharmacy,DePURA Kids 10 ml,42,3901.03,0.0171,0.941,8,pre_recall
2023-06-01,TR27,Coimbatore-Madurai,South,Tamil Nadu,T2,Hospital Pharmacy,DePURA Kids 15 ml,118,15145.96,0.0349,0.936,8,pre_recall
2023-06-01,TR27,Coimbatore-Madurai,South,Tamil Nadu,T2,Pharmacy Chain,DePURA Kids 10 ml,44,3778.62,0.0912,1.0,8,pre_recall
2023-06-01,TR27,Coimbatore-Madurai,South,Tamil Nadu,T2,Pharmacy Chain,DePURA Kids 15 ml,152,18281.5,0.0957,1.0,8,pre_recall
2023-06-01,TR27,Coimbatore-Madurai,South,Tamil Nadu,T2,Retail Chemist,DePURA Kids 10 ml,189,16994.84,0.0485,0.961,8,pre_recall
2023-06-01,TR27,Coimbatore-Madurai,South,Tamil Nadu,T2,Retail Chemist,DePURA Kids 15 ml,464,57874.48,0.0622,1.0,8,pre_recall
2023-06-01,TR28,Hyderabad,South,Telangana,T1,E-Pharmacy,DePURA Kids 10 ml,65,5289.29,0.1389,0.887,9,pre_recall
2023-06-01,TR28,Hyderabad,South,Telangana,T1,E-Pharmacy,DePURA Kids 15 ml,395,44538.65,0.1522,0.951,9,pre_recall
2023-06-01,TR28,Hyderabad,South,Telangana,T1,Hospital Pharmacy,DePURA Kids 10 ml,65,5959.24,0.0298,0.925,9,pre_recall
2023-06-01,TR28,Hyderabad,South,Telangana,T1,Hospital Pharmacy,DePURA Kids 15 ml,299,39190.33,0.0145,0.917,9,pre_recall
2023-06-01,TR28,Hyderabad,South,Telangana,T1,Pharmacy Chain,DePURA Kids 10 ml,102,8699.27,0.0975,0.909,9,pre_recall
2023-06-01,TR28,Hyderabad,South,Telangana,T1,Pharmacy Chain,DePURA Kids 15 ml,482,59229.95,0.0761,0.946,9,pre_recall
2023-06-01,TR28,Hyderabad,South,Telangana,T1,Retail Chemist,DePURA Kids 10 ml,253,22668.49,0.0519,0.885,9,pre_recall
2023-06-01,TR28,Hyderabad,South,Telangana,T1,Retail Chemist,DePURA Kids 15 ml,1137,145155.24,0.0401,0.88,9,pre_recall
2023-06-01,TR29,Vijayawada-Vizag,South,Andhra Pradesh,T2,E-Pharmacy,DePURA Kids 10 ml,19,1509.69,0.1592,1.0,5,pre_recall
2023-06-01,TR29,Vijayawada-Vizag,South,Andhra Pradesh,T2,E-Pharmacy,DePURA Kids 15 ml,58,6586.82,0.1461,0.987,5,pre_recall
2023-06-01,TR29,Vijayawada-Vizag,South,Andhra Pradesh,T2,Hospital Pharmacy,DePURA Kids 10 ml,17,1582.51,0.0149,0.976,5,pre_recall
2023-06-01,TR29,Vijayawada-Vizag,South,Andhra Pradesh,T2,Hospital Pharmacy,DePURA Kids 15 ml,67,8504.79,0.0456,0.909,5,pre_recall
2023-06-01,TR29,Vijayawada-Vizag,South,Andhra Pradesh,T2,Pharmacy Chain,DePURA Kids 10 ml,21,1818.36,0.0837,0.963,5,pre_recall
2023-06-01,TR29,Vijayawada-Vizag,South,Andhra Pradesh,T2,Pharmacy Chain,DePURA Kids 15 ml,64,7854.02,0.0773,0.93,5,pre_recall
2023-06-01,TR29,Vijayawada-Vizag,South,Andhra Pradesh,T2,Retail Chemist,DePURA Kids 10 ml,99,8826.94,0.0565,1.0,5,pre_recall
2023-06-01,TR29,Vijayawada-Vizag,South,Andhra Pradesh,T2,Retail Chemist,DePURA Kids 15 ml,253,32307.28,0.0399,0.977,5,pre_recall
2023-06-01,TR30,Kochi-Trivandrum,South,Kerala,T2,E-Pharmacy,DePURA Kids 10 ml,34,2683.02,0.1649,0.96,5,pre_recall
2023-06-01,TR30,Kochi-Trivandrum,South,Kerala,T2,E-Pharmacy,DePURA Kids 15 ml,87,9699.53,0.1617,0.935,5,pre_recall
2023-06-01,TR30,Kochi-Trivandrum,South,Kerala,T2,Hospital Pharmacy,DePURA Kids 10 ml,41,3791.16,0.0215,0.892,5,pre_recall
2023-06-01,TR30,Kochi-Trivandrum,South,Kerala,T2,Hospital Pharmacy,DePURA Kids 15 ml,157,20881.0,0.0,0.87,5,pre_recall
2023-06-01,TR30,Kochi-Trivandrum,South,Kerala,T2,Pharmacy Chain,DePURA Kids 10 ml,34,2947.42,0.0827,0.874,5,pre_recall
2023-06-01,TR30,Kochi-Trivandrum,South,Kerala,T2,Pharmacy Chain,DePURA Kids 15 ml,114,13999.17,0.0767,0.869,5,pre_recall
2023-06-01,TR30,Kochi-Trivandrum,South,Kerala,T2,Retail Chemist,DePURA Kids 10 ml,144,12914.17,0.051,0.859,5,pre_recall
2023-06-01,TR30,Kochi-Trivandrum,South,Kerala,T2,Retail Chemist,DePURA Kids 15 ml,601,76207.1,0.0466,0.898,5,pre_recall
2023-06-01,TR31,Kolkata,East,West Bengal,T1,E-Pharmacy,DePURA Kids 10 ml,55,4494.79,0.1352,0.935,16,pre_recall
2023-06-01,TR31,Kolkata,East,West Bengal,T1,E-Pharmacy,DePURA Kids 15 ml,225,25359.96,0.1525,0.956,16,pre_recall
2023-06-01,TR31,Kolkata,East,West Bengal,T1,Hospital Pharmacy,DePURA Kids 10 ml,48,4427.08,0.024,0.918,16,pre_recall
2023-06-01,TR31,Kolkata,East,West Bengal,T1,Hospital Pharmacy,DePURA Kids 15 ml,288,37652.27,0.017,0.968,16,pre_recall
2023-06-01,TR31,Kolkata,East,West Bengal,T1,Pharmacy Chain,DePURA Kids 10 ml,74,6525.92,0.0668,0.95,16,pre_recall
2023-06-01,TR31,Kolkata,East,West Bengal,T1,Pharmacy Chain,DePURA Kids 15 ml,463,55741.23,0.0948,0.939,16,pre_recall
2023-06-01,TR31,Kolkata,East,West Bengal,T1,Retail Chemist,DePURA Kids 10 ml,212,19053.44,0.0489,0.875,16,pre_recall
2023-06-01,TR31,Kolkata,East,West Bengal,T1,Retail Chemist,DePURA Kids 15 ml,812,102807.08,0.048,0.984,16,pre_recall
2023-06-01,TR32,Siliguri-Durgapur,East,West Bengal,T3,E-Pharmacy,DePURA Kids 10 ml,11,902.93,0.1314,1.0,3,pre_recall
2023-06-01,TR32,Siliguri-Durgapur,East,West Bengal,T3,E-Pharmacy,DePURA Kids 15 ml,24,2731.45,0.1443,1.0,3,pre_recall
2023-06-01,TR32,Siliguri-Durgapur,East,West Bengal,T3,Hospital Pharmacy,DePURA Kids 10 ml,18,1650.25,0.0298,0.949,3,pre_recall
2023-06-01,TR32,Siliguri-Durgapur,East,West Bengal,T3,Hospital Pharmacy,DePURA Kids 15 ml,45,5916.5,0.0114,0.97,3,pre_recall
2023-06-01,TR32,Siliguri-Durgapur,East,West Bengal,T3,Pharmacy Chain,DePURA Kids 10 ml,9,790.42,0.0706,0.948,3,pre_recall
2023-06-01,TR32,Siliguri-Durgapur,East,West Bengal,T3,Pharmacy Chain,DePURA Kids 15 ml,25,3058.06,0.0803,0.973,3,pre_recall
2023-06-01,TR32,Siliguri-Durgapur,East,West Bengal,T3,Retail Chemist,DePURA Kids 10 ml,105,9493.56,0.0432,0.952,3,pre_recall
2023-06-01,TR32,Siliguri-Durgapur,East,West Bengal,T3,Retail Chemist,DePURA Kids 15 ml,235,29951.93,0.0417,0.976,3,pre_recall
2023-06-01,TR33,Patna,East,Bihar,T2,E-Pharmacy,DePURA Kids 10 ml,19,1527.68,0.1492,1.0,6,pre_recall
2023-06-01,TR33,Patna,East,Bihar,T2,E-Pharmacy,DePURA Kids 15 ml,59,6771.74,0.137,1.0,6,pre_recall
2023-06-01,TR33,Patna,East,Bihar,T2,Hospital Pharmacy,DePURA Kids 10 ml,29,2697.31,0.0158,0.98,6,pre_recall
2023-06-01,TR33,Patna,East,Bihar,T2,Hospital Pharmacy,DePURA Kids 15 ml,59,7783.23,0.0081,0.916,6,pre_recall
2023-06-01,TR33,Patna,East,Bihar,T2,Pharmacy Chain,DePURA Kids 10 ml,28,2341.67,0.115,0.99,6,pre_recall
2023-06-01,TR33,Patna,East,Bihar,T2,Pharmacy Chain,DePURA Kids 15 ml,87,10510.06,0.0917,0.943,6,pre_recall
2023-06-01,TR33,Patna,East,Bihar,T2,Retail Chemist,DePURA Kids 10 ml,104,9356.77,0.0479,0.985,6,pre_recall
2023-06-01,TR33,Patna,East,Bihar,T2,Retail Chemist,DePURA Kids 15 ml,286,36602.84,0.0377,0.933,6,pre_recall
2023-06-01,TR34,Ranchi,East,Jharkhand,T3,E-Pharmacy,DePURA Kids 10 ml,14,1131.65,0.1446,0.956,6,pre_recall
2023-06-01,TR34,Ranchi,East,Jharkhand,T3,E-Pharmacy,DePURA Kids 15 ml,32,3634.07,0.1461,0.965,6,pre_recall
2023-06-01,TR34,Ranchi,East,Jharkhand,T3,Hospital Pharmacy,DePURA Kids 10 ml,20,1864.05,0.0137,0.921,6,pre_recall
2023-06-01,TR34,Ranchi,East,Jharkhand,T3,Hospital Pharmacy,DePURA Kids 15 ml,52,6822.02,0.0136,0.829,6,pre_recall
2023-06-01,TR34,Ranchi,East,Jharkhand,T3,Pharmacy Chain,DePURA Kids 10 ml,14,1219.72,0.0781,0.875,6,pre_recall
2023-06-01,TR34,Ranchi,East,Jharkhand,T3,Pharmacy Chain,DePURA Kids 15 ml,36,4454.24,0.0697,0.953,6,pre_recall
2023-06-01,TR34,Ranchi,East,Jharkhand,T3,Retail Chemist,DePURA Kids 10 ml,128,11739.37,0.0295,0.942,6,pre_recall
2023-06-01,TR34,Ranchi,East,Jharkhand,T3,Retail Chemist,DePURA Kids 15 ml,301,38920.59,0.0278,0.928,6,pre_recall
2023-06-01,TR35,Bhubaneswar,East,Odisha,T2,E-Pharmacy,DePURA Kids 10 ml,22,1798.44,0.135,0.968,6,pre_recall
2023-06-01,TR35,Bhubaneswar,East,Odisha,T2,E-Pharmacy,DePURA Kids 15 ml,64,7114.1,0.1642,0.954,6,pre_recall
2023-06-01,TR35,Bhubaneswar,East,Odisha,T2,Hospital Pharmacy,DePURA Kids 10 ml,24,2205.68,0.0275,0.828,6,pre_recall
2023-06-01,TR35,Bhubaneswar,East,Odisha,T2,Hospital Pharmacy,DePURA Kids 15 ml,96,12466.9,0.0236,0.891,6,pre_recall
2023-06-01,TR35,Bhubaneswar,East,Odisha,T2,Pharmacy Chain,DePURA Kids 10 ml,26,2276.84,0.0733,0.906,6,pre_recall
2023-06-01,TR35,Bhubaneswar,East,Odisha,T2,Pharmacy Chain,DePURA Kids 15 ml,85,10450.08,0.0756,0.857,6,pre_recall
2023-06-01,TR35,Bhubaneswar,East,Odisha,T2,Retail Chemist,DePURA Kids 10 ml,96,8695.59,0.0397,0.902,6,pre_recall
2023-06-01,TR35,Bhubaneswar,East,Odisha,T2,Retail Chemist,DePURA Kids 15 ml,299,37879.55,0.0475,0.906,6,pre_recall
2023-06-01,TR36,Guwahati,East,Assam,T2,E-Pharmacy,DePURA Kids 10 ml,28,2257.28,0.1469,1.0,8,pre_recall
2023-06-01,TR36,Guwahati,East,Assam,T2,E-Pharmacy,DePURA Kids 15 ml,94,10545.26,0.1565,0.999,8,pre_recall
2023-06-01,TR36,Guwahati,East,Assam,T2,Hospital Pharmacy,DePURA Kids 10 ml,38,3550.43,0.0113,0.954,8,pre_recall
2023-06-01,TR36,Guwahati,East,Assam,T2,Hospital Pharmacy,DePURA Kids 15 ml,115,15156.11,0.0091,0.979,8,pre_recall
2023-06-01,TR36,Guwahati,East,Assam,T2,Pharmacy Chain,DePURA Kids 10 ml,41,3478.48,0.1022,0.941,8,pre_recall
2023-06-01,TR36,Guwahati,East,Assam,T2,Pharmacy Chain,DePURA Kids 15 ml,100,12306.95,0.0747,0.918,8,pre_recall
2023-06-01,TR36,Guwahati,East,Assam,T2,Retail Chemist,DePURA Kids 10 ml,159,13886.93,0.0758,0.934,8,pre_recall
2023-06-01,TR36,Guwahati,East,Assam,T2,Retail Chemist,DePURA Kids 15 ml,468,60527.12,0.0276,0.962,8,pre_recall
2023-07-01,TR01,Delhi North,North,Delhi,T1,E-Pharmacy,DePURA Kids 10 ml,100,7965.9,0.157,0.923,16,pre_recall
2023-07-01,TR01,Delhi North,North,Delhi,T1,E-Pharmacy,DePURA Kids 15 ml,573,64936.93,0.1479,1.0,16,pre_recall
2023-07-01,TR01,Delhi North,North,Delhi,T1,Hospital Pharmacy,DePURA Kids 10 ml,76,7024.19,0.022,0.871,16,pre_recall
2023-07-01,TR01,Delhi North,North,Delhi,T1,Hospital Pharmacy,DePURA Kids 15 ml,409,53401.75,0.0183,0.92,16,pre_recall
2023-07-01,TR01,Delhi North,North,Delhi,T1,Pharmacy Chain,DePURA Kids 10 ml,128,10830.37,0.1046,0.956,16,pre_recall
2023-07-01,TR01,Delhi North,North,Delhi,T1,Pharmacy Chain,DePURA Kids 15 ml,471,57237.28,0.0863,0.952,16,pre_recall
2023-07-01,TR01,Delhi North,North,Delhi,T1,Retail Chemist,DePURA Kids 10 ml,261,23734.13,0.0377,0.921,16,pre_recall
2023-07-01,TR01,Delhi North,North,Delhi,T1,Retail Chemist,DePURA Kids 15 ml,1284,167910.21,0.0168,0.917,16,pre_recall
2023-07-01,TR02,Delhi South,North,Delhi,T1,E-Pharmacy,DePURA Kids 10 ml,95,7738.22,0.1499,0.861,12,pre_recall
2023-07-01,TR02,Delhi South,North,Delhi,T1,E-Pharmacy,DePURA Kids 15 ml,413,46192.75,0.159,0.969,12,pre_recall
2023-07-01,TR02,Delhi South,North,Delhi,T1,Hospital Pharmacy,DePURA Kids 10 ml,58,5367.86,0.0206,0.884,12,pre_recall
2023-07-01,TR02,Delhi South,North,Delhi,T1,Hospital Pharmacy,DePURA Kids 15 ml,288,37841.94,0.0121,0.862,12,pre_recall
2023-07-01,TR02,Delhi South,North,Delhi,T1,Pharmacy Chain,DePURA Kids 10 ml,113,9791.21,0.0831,0.843,12,pre_recall
2023-07-01,TR02,Delhi South,North,Delhi,T1,Pharmacy Chain,DePURA Kids 15 ml,480,59069.15,0.0747,0.923,12,pre_recall
2023-07-01,TR02,Delhi South,North,Delhi,T1,Retail Chemist,DePURA Kids 10 ml,310,27418.89,0.064,0.917,12,pre_recall
2023-07-01,TR02,Delhi South,North,Delhi,T1,Retail Chemist,DePURA Kids 15 ml,1077,137080.87,0.043,0.919,12,pre_recall
2023-07-01,TR03,Noida-Ghaziabad,North,Uttar Pradesh,T2,E-Pharmacy,DePURA Kids 10 ml,22,1774.29,0.1466,0.903,5,pre_recall
2023-07-01,TR03,Noida-Ghaziabad,North,Uttar Pradesh,T2,E-Pharmacy,DePURA Kids 15 ml,88,10092.29,0.1377,0.953,5,pre_recall
2023-07-01,TR03,Noida-Ghaziabad,North,Uttar Pradesh,T2,Hospital Pharmacy,DePURA Kids 10 ml,28,2646.0,0.0,0.924,5,pre_recall
2023-07-01,TR03,Noida-Ghaziabad,North,Uttar Pradesh,T2,Hospital Pharmacy,DePURA Kids 15 ml,97,12333.21,0.044,0.884,5,pre_recall
2023-07-01,TR03,Noida-Ghaziabad,North,Uttar Pradesh,T2,Pharmacy Chain,DePURA Kids 10 ml,27,2370.41,0.071,0.852,5,pre_recall
2023-07-01,TR03,Noida-Ghaziabad,North,Uttar Pradesh,T2,Pharmacy Chain,DePURA Kids 15 ml,93,11703.11,0.0538,0.872,5,pre_recall
2023-07-01,TR03,Noida-Ghaziabad,North,Uttar Pradesh,T2,Retail Chemist,DePURA Kids 10 ml,128,11797.17,0.0247,0.887,5,pre_recall
2023-07-01,TR03,Noida-Ghaziabad,North,Uttar Pradesh,T2,Retail Chemist,DePURA Kids 15 ml,381,49352.62,0.0261,0.914,5,pre_recall
2023-07-01,TR04,Gurugram-Faridabad,North,Haryana,T2,E-Pharmacy,DePURA Kids 10 ml,24,1973.2,0.13,0.92,8,pre_recall
2023-07-01,TR04,Gurugram-Faridabad,North,Haryana,T2,E-Pharmacy,DePURA Kids 15 ml,79,8955.73,0.1476,0.932,8,pre_recall
2023-07-01,TR04,Gurugram-Faridabad,North,Haryana,T2,Hospital Pharmacy,DePURA Kids 10 ml,26,2373.1,0.0341,0.944,8,pre_recall
2023-07-01,TR04,Gurugram-Faridabad,North,Haryana,T2,Hospital Pharmacy,DePURA Kids 15 ml,90,11527.88,0.0369,0.917,8,pre_recall
2023-07-01,TR04,Gurugram-Faridabad,North,Haryana,T2,Pharmacy Chain,DePURA Kids 10 ml,34,3029.75,0.057,0.946,8,pre_recall
2023-07-01,TR04,Gurugram-Faridabad,North,Haryana,T2,Pharmacy Chain,DePURA Kids 15 ml,106,13109.34,0.0701,0.88,8,pre_recall
2023-07-01,TR04,Gurugram-Faridabad,North,Haryana,T2,Retail Chemist,DePURA Kids 10 ml,144,12986.96,0.0456,1.0,8,pre_recall
2023-07-01,TR04,Gurugram-Faridabad,North,Haryana,T2,Retail Chemist,DePURA Kids 15 ml,361,45732.85,0.0475,0.947,8,pre_recall
2023-07-01,TR05,Lucknow,North,Uttar Pradesh,T2,E-Pharmacy,DePURA Kids 10 ml,29,2318.56,0.154,0.874,6,pre_recall
2023-07-01,TR05,Lucknow,North,Uttar Pradesh,T2,E-Pharmacy,DePURA Kids 15 ml,78,8859.91,0.146,0.882,6,pre_recall
2023-07-01,TR05,Lucknow,North,Uttar Pradesh,T2,Hospital Pharmacy,DePURA Kids 10 ml,38,3547.08,0.0122,0.894,6,pre_recall
2023-07-01,TR05,Lucknow,North,Uttar Pradesh,T2,Hospital Pharmacy,DePURA Kids 15 ml,90,11591.83,0.0316,0.833,6,pre_recall
2023-07-01,TR05,Lucknow,North,Uttar Pradesh,T2,Pharmacy Chain,DePURA Kids 10 ml,33,2826.01,0.0938,0.889,6,pre_recall
2023-07-01,TR05,Lucknow,North,Uttar Pradesh,T2,Pharmacy Chain,DePURA Kids 15 ml,112,13945.61,0.0638,0.853,6,pre_recall
2023-07-01,TR05,Lucknow,North,Uttar Pradesh,T2,Retail Chemist,DePURA Kids 10 ml,141,12713.95,0.0458,0.892,6,pre_recall
2023-07-01,TR05,Lucknow,North,Uttar Pradesh,T2,Retail Chemist,DePURA Kids 15 ml,450,58068.4,0.0298,0.921,6,pre_recall
2023-07-01,TR06,Kanpur-Agra,North,Uttar Pradesh,T2,E-Pharmacy,DePURA Kids 10 ml,28,2320.13,0.1232,0.929,5,pre_recall
2023-07-01,TR06,Kanpur-Agra,North,Uttar Pradesh,T2,E-Pharmacy,DePURA Kids 15 ml,99,10809.19,0.1791,1.0,5,pre_recall
2023-07-01,TR06,Kanpur-Agra,North,Uttar Pradesh,T2,Hospital Pharmacy,DePURA Kids 10 ml,31,2907.49,0.0075,0.908,5,pre_recall
2023-07-01,TR06,Kanpur-Agra,North,Uttar Pradesh,T2,Hospital Pharmacy,DePURA Kids 15 ml,99,12517.13,0.0494,0.888,5,pre_recall
2023-07-01,TR06,Kanpur-Agra,North,Uttar Pradesh,T2,Pharmacy Chain,DePURA Kids 10 ml,41,3635.32,0.0617,0.968,5,pre_recall
2023-07-01,TR06,Kanpur-Agra,North,Uttar Pradesh,T2,Pharmacy Chain,DePURA Kids 15 ml,141,17180.51,0.0797,0.923,5,pre_recall
2023-07-01,TR06,Kanpur-Agra,North,Uttar Pradesh,T2,Retail Chemist,DePURA Kids 10 ml,195,17992.93,0.0236,0.889,5,pre_recall
2023-07-01,TR06,Kanpur-Agra,North,Uttar Pradesh,T2,Retail Chemist,DePURA Kids 15 ml,525,67917.11,0.0273,0.863,5,pre_recall
2023-07-01,TR07,Varanasi-Gorakhpur,North,Uttar Pradesh,T3,E-Pharmacy,DePURA Kids 10 ml,6,502.86,0.1131,0.943,3,pre_recall
2023-07-01,TR07,Varanasi-Gorakhpur,North,Uttar Pradesh,T3,E-Pharmacy,DePURA Kids 15 ml,16,1814.61,0.1473,0.95,3,pre_recall
2023-07-01,TR07,Varanasi-Gorakhpur,North,Uttar Pradesh,T3,Hospital Pharmacy,DePURA Kids 10 ml,10,918.8,0.0277,0.865,3,pre_recall
2023-07-01,TR07,Varanasi-Gorakhpur,North,Uttar Pradesh,T3,Hospital Pharmacy,DePURA Kids 15 ml,30,3888.06,0.0255,0.922,3,pre_recall
2023-07-01,TR07,Varanasi-Gorakhpur,North,Uttar Pradesh,T3,Pharmacy Chain,DePURA Kids 10 ml,9,764.28,0.1014,0.921,3,pre_recall
2023-07-01,TR07,Varanasi-Gorakhpur,North,Uttar Pradesh,T3,Pharmacy Chain,DePURA Kids 15 ml,16,1975.06,0.0719,0.944,3,pre_recall
2023-07-01,TR07,Varanasi-Gorakhpur,North,Uttar Pradesh,T3,Retail Chemist,DePURA Kids 10 ml,61,5524.47,0.0416,0.952,3,pre_recall
2023-07-01,TR07,Varanasi-Gorakhpur,North,Uttar Pradesh,T3,Retail Chemist,DePURA Kids 15 ml,112,14296.37,0.0403,0.929,3,pre_recall
2023-07-01,TR08,Chandigarh-Mohali,North,Chandigarh,T2,E-Pharmacy,DePURA Kids 10 ml,25,1983.06,0.1606,0.988,7,pre_recall
2023-07-01,TR08,Chandigarh-Mohali,North,Chandigarh,T2,E-Pharmacy,DePURA Kids 15 ml,66,7536.51,0.1414,0.965,7,pre_recall
2023-07-01,TR08,Chandigarh-Mohali,North,Chandigarh,T2,Hospital Pharmacy,DePURA Kids 10 ml,27,2517.29,0.0134,0.942,7,pre_recall
2023-07-01,TR08,Chandigarh-Mohali,North,Chandigarh,T2,Hospital Pharmacy,DePURA Kids 15 ml,91,12054.96,0.004,0.903,7,pre_recall
2023-07-01,TR08,Chandigarh-Mohali,North,Chandigarh,T2,Pharmacy Chain,DePURA Kids 10 ml,26,2303.77,0.0624,0.908,7,pre_recall
2023-07-01,TR08,Chandigarh-Mohali,North,Chandigarh,T2,Pharmacy Chain,DePURA Kids 15 ml,75,9319.23,0.0657,0.884,7,pre_recall
2023-07-01,TR08,Chandigarh-Mohali,North,Chandigarh,T2,Retail Chemist,DePURA Kids 10 ml,114,10309.46,0.043,0.909,7,pre_recall
2023-07-01,TR08,Chandigarh-Mohali,North,Chandigarh,T2,Retail Chemist,DePURA Kids 15 ml,354,45860.74,0.0259,0.919,7,pre_recall
2023-07-01,TR09,Ludhiana-Amritsar,North,Punjab,T2,E-Pharmacy,DePURA Kids 10 ml,34,2724.22,0.1521,0.984,6,pre_recall
2023-07-01,TR09,Ludhiana-Amritsar,North,Punjab,T2,E-Pharmacy,DePURA Kids 15 ml,81,8985.79,0.1659,0.903,6,pre_recall
2023-07-01,TR09,Ludhiana-Amritsar,North,Punjab,T2,Hospital Pharmacy,DePURA Kids 10 ml,24,2239.17,0.0127,0.9,6,pre_recall
2023-07-01,TR09,Ludhiana-Amritsar,North,Punjab,T2,Hospital Pharmacy,DePURA Kids 15 ml,88,11300.6,0.0345,0.925,6,pre_recall
2023-07-01,TR09,Ludhiana-Amritsar,North,Punjab,T2,Pharmacy Chain,DePURA Kids 10 ml,38,3254.73,0.0936,0.883,6,pre_recall
2023-07-01,TR09,Ludhiana-Amritsar,North,Punjab,T2,Pharmacy Chain,DePURA Kids 15 ml,108,13262.26,0.0767,0.854,6,pre_recall
2023-07-01,TR09,Ludhiana-Amritsar,North,Punjab,T2,Retail Chemist,DePURA Kids 10 ml,113,10168.25,0.0478,0.921,6,pre_recall
2023-07-01,TR09,Ludhiana-Amritsar,North,Punjab,T2,Retail Chemist,DePURA Kids 15 ml,469,59909.4,0.0396,0.903,6,pre_recall
2023-07-01,TR10,Jaipur,North,Rajasthan,T2,E-Pharmacy,DePURA Kids 10 ml,13,1028.42,0.1629,0.999,7,pre_recall
2023-07-01,TR10,Jaipur,North,Rajasthan,T2,E-Pharmacy,DePURA Kids 15 ml,44,4958.83,0.1526,0.987,7,pre_recall
2023-07-01,TR10,Jaipur,North,Rajasthan,T2,Hospital Pharmacy,DePURA Kids 10 ml,12,1126.93,0.0062,0.892,7,pre_recall
2023-07-01,TR10,Jaipur,North,Rajasthan,T2,Hospital Pharmacy,DePURA Kids 15 ml,38,4961.27,0.0183,0.957,7,pre_recall
2023-07-01,TR10,Jaipur,North,Rajasthan,T2,Pharmacy Chain,DePURA Kids 10 ml,15,1315.19,0.0722,0.957,7,pre_recall
2023-07-01,TR10,Jaipur,North,Rajasthan,T2,Pharmacy Chain,DePURA Kids 15 ml,46,5620.65,0.0813,0.923,7,pre_recall
2023-07-01,TR10,Jaipur,North,Rajasthan,T2,Retail Chemist,DePURA Kids 10 ml,74,6699.6,0.042,0.969,7,pre_recall
2023-07-01,TR10,Jaipur,North,Rajasthan,T2,Retail Chemist,DePURA Kids 15 ml,303,37986.35,0.0574,0.986,7,pre_recall
2023-07-01,TR11,Dehradun,North,Uttarakhand,T3,E-Pharmacy,DePURA Kids 10 ml,11,864.31,0.1685,0.904,6,pre_recall
2023-07-01,TR11,Dehradun,North,Uttarakhand,T3,E-Pharmacy,DePURA Kids 15 ml,21,2376.76,0.1499,0.916,6,pre_recall
2023-07-01,TR11,Dehradun,North,Uttarakhand,T3,Hospital Pharmacy,DePURA Kids 10 ml,20,1883.21,0.0036,0.897,6,pre_recall
2023-07-01,TR11,Dehradun,North,Uttarakhand,T3,Hospital Pharmacy,DePURA Kids 15 ml,43,5551.52,0.0293,0.892,6,pre_recall
2023-07-01,TR11,Dehradun,North,Uttarakhand,T3,Pharmacy Chain,DePURA Kids 10 ml,10,874.12,0.075,0.899,6,pre_recall
2023-07-01,TR11,Dehradun,North,Uttarakhand,T3,Pharmacy Chain,DePURA Kids 15 ml,24,2984.57,0.065,0.896,6,pre_recall
2023-07-01,TR11,Dehradun,North,Uttarakhand,T3,Retail Chemist,DePURA Kids 10 ml,100,9047.96,0.0425,0.921,6,pre_recall
2023-07-01,TR11,Dehradun,North,Uttarakhand,T3,Retail Chemist,DePURA Kids 15 ml,285,36327.51,0.0416,0.934,6,pre_recall
2023-07-01,TR12,Mumbai West,West,Maharashtra,T1,E-Pharmacy,DePURA Kids 10 ml,32,2545.97,0.1581,0.976,10,pre_recall
2023-07-01,TR12,Mumbai West,West,Maharashtra,T1,E-Pharmacy,DePURA Kids 15 ml,136,15030.24,0.169,0.982,10,pre_recall
2023-07-01,TR12,Mumbai West,West,Maharashtra,T1,Hospital Pharmacy,DePURA Kids 10 ml,33,3055.5,0.0202,0.995,10,pre_recall
2023-07-01,TR12,Mumbai West,West,Maharashtra,T1,Hospital Pharmacy,DePURA Kids 15 ml,138,18215.15,0.0076,0.969,10,pre_recall
2023-07-01,TR12,Mumbai West,West,Maharashtra,T1,Pharmacy Chain,DePURA Kids 10 ml,29,2541.96,0.0724,0.971,10,pre_recall
2023-07-01,TR12,Mumbai West,West,Maharashtra,T1,Pharmacy Chain,DePURA Kids 15 ml,165,20435.27,0.0688,0.963,10,pre_recall
2023-07-01,TR12,Mumbai West,West,Maharashtra,T1,Retail Chemist,DePURA Kids 10 ml,107,9693.17,0.0414,0.96,10,pre_recall
2023-07-01,TR12,Mumbai West,West,Maharashtra,T1,Retail Chemist,DePURA Kids 15 ml,381,48123.28,0.0503,0.899,10,pre_recall
2023-07-01,TR13,Mumbai Thane,West,Maharashtra,T1,E-Pharmacy,DePURA Kids 10 ml,89,7278.86,0.1346,1.0,14,pre_recall
2023-07-01,TR13,Mumbai Thane,West,Maharashtra,T1,E-Pharmacy,DePURA Kids 15 ml,412,47650.48,0.1304,0.988,14,pre_recall
2023-07-01,TR13,Mumbai Thane,West,Maharashtra,T1,Hospital Pharmacy,DePURA Kids 10 ml,89,8212.23,0.0236,0.933,14,pre_recall
2023-07-01,TR13,Mumbai Thane,West,Maharashtra,T1,Hospital Pharmacy,DePURA Kids 15 ml,364,47117.83,0.0267,0.952,14,pre_recall
2023-07-01,TR13,Mumbai Thane,West,Maharashtra,T1,Pharmacy Chain,DePURA Kids 10 ml,95,8344.23,0.0705,0.972,14,pre_recall
2023-07-01,TR13,Mumbai Thane,West,Maharashtra,T1,Pharmacy Chain,DePURA Kids 15 ml,512,62854.39,0.077,0.904,14,pre_recall
2023-07-01,TR13,Mumbai Thane,West,Maharashtra,T1,Retail Chemist,DePURA Kids 10 ml,277,25296.99,0.0336,0.965,14,pre_recall
2023-07-01,TR13,Mumbai Thane,West,Maharashtra,T1,Retail Chemist,DePURA Kids 15 ml,1100,141442.45,0.0332,0.977,14,pre_recall
2023-07-01,TR14,Pune,West,Maharashtra,T1,E-Pharmacy,DePURA Kids 10 ml,56,4492.33,0.1511,0.956,11,pre_recall
2023-07-01,TR14,Pune,West,Maharashtra,T1,E-Pharmacy,DePURA Kids 15 ml,286,32347.28,0.1496,0.903,11,pre_recall
2023-07-01,TR14,Pune,West,Maharashtra,T1,Hospital Pharmacy,DePURA Kids 10 ml,53,4970.23,0.0076,0.909,11,pre_recall
2023-07-01,TR14,Pune,West,Maharashtra,T1,Hospital Pharmacy,DePURA Kids 15 ml,213,28329.0,0.0,0.906,11,pre_recall
2023-07-01,TR14,Pune,West,Maharashtra,T1,Pharmacy Chain,DePURA Kids 10 ml,58,5047.13,0.0792,0.78,11,pre_recall
2023-07-01,TR14,Pune,West,Maharashtra,T1,Pharmacy Chain,DePURA Kids 15 ml,288,35640.98,0.0695,0.925,11,pre_recall
2023-07-01,TR14,Pune,West,Maharashtra,T1,Retail Chemist,DePURA Kids 10 ml,180,16232.14,0.0457,0.921,11,pre_recall
2023-07-01,TR14,Pune,West,Maharashtra,T1,Retail Chemist,DePURA Kids 15 ml,886,113290.74,0.0386,0.898,11,pre_recall
2023-07-01,TR15,Nagpur,West,Maharashtra,T2,E-Pharmacy,DePURA Kids 10 ml,20,1600.32,0.1533,0.912,10,pre_recall
2023-07-01,TR15,Nagpur,West,Maharashtra,T2,E-Pharmacy,DePURA Kids 15 ml,64,7422.12,0.128,0.862,10,pre_recall
2023-07-01,TR15,Nagpur,West,Maharashtra,T2,Hospital Pharmacy,DePURA Kids 10 ml,29,2723.42,0.0062,0.898,10,pre_recall
2023-07-01,TR15,Nagpur,West,Maharashtra,T2,Hospital Pharmacy,DePURA Kids 15 ml,84,10878.68,0.0263,0.873,10,pre_recall
2023-07-01,TR15,Nagpur,West,Maharashtra,T2,Pharmacy Chain,DePURA Kids 10 ml,32,2741.06,0.0936,0.824,10,pre_recall
2023-07-01,TR15,Nagpur,West,Maharashtra,T2,Pharmacy Chain,DePURA Kids 15 ml,94,11882.36,0.0496,0.879,10,pre_recall
2023-07-01,TR15,Nagpur,West,Maharashtra,T2,Retail Chemist,DePURA Kids 10 ml,106,9505.19,0.0511,0.928,10,pre_recall
2023-07-01,TR15,Nagpur,West,Maharashtra,T2,Retail Chemist,DePURA Kids 15 ml,367,48664.32,0.003,0.926,10,pre_recall
2023-07-01,TR16,Ahmedabad,West,Gujarat,T1,E-Pharmacy,DePURA Kids 10 ml,62,5108.17,0.1281,0.909,16,pre_recall
2023-07-01,TR16,Ahmedabad,West,Gujarat,T1,E-Pharmacy,DePURA Kids 15 ml,374,42280.24,0.15,0.969,16,pre_recall
2023-07-01,TR16,Ahmedabad,West,Gujarat,T1,Hospital Pharmacy,DePURA Kids 10 ml,69,6341.52,0.0274,0.907,16,pre_recall
2023-07-01,TR16,Ahmedabad,West,Gujarat,T1,Hospital Pharmacy,DePURA Kids 15 ml,236,31143.76,0.0078,0.864,16,pre_recall
2023-07-01,TR16,Ahmedabad,West,Gujarat,T1,Pharmacy Chain,DePURA Kids 10 ml,93,8202.45,0.0667,0.881,16,pre_recall
2023-07-01,TR16,Ahmedabad,West,Gujarat,T1,Pharmacy Chain,DePURA Kids 15 ml,389,46483.56,0.1015,0.821,16,pre_recall
2023-07-01,TR16,Ahmedabad,West,Gujarat,T1,Retail Chemist,DePURA Kids 10 ml,190,17606.92,0.0194,0.845,16,pre_recall
2023-07-01,TR16,Ahmedabad,West,Gujarat,T1,Retail Chemist,DePURA Kids 15 ml,991,124643.35,0.0543,0.928,16,pre_recall
2023-07-01,TR17,Surat-Vadodara,West,Gujarat,T2,E-Pharmacy,DePURA Kids 10 ml,25,2000.18,0.1534,0.868,5,pre_recall
2023-07-01,TR17,Surat-Vadodara,West,Gujarat,T2,E-Pharmacy,DePURA Kids 15 ml,68,7606.34,0.159,0.928,5,pre_recall
2023-07-01,TR17,Surat-Vadodara,West,Gujarat,T2,Hospital Pharmacy,DePURA Kids 10 ml,31,2858.84,0.0241,0.888,5,pre_recall
2023-07-01,TR17,Surat-Vadodara,West,Gujarat,T2,Hospital Pharmacy,DePURA Kids 15 ml,116,15428.0,0.01985,0.892,5,pre_recall
2023-07-01,TR17,Surat-Vadodara,West,Gujarat,T2,Pharmacy Chain,DePURA Kids 10 ml,34,2967.94,0.0763,0.868,5,pre_recall
2023-07-01,TR17,Surat-Vadodara,West,Gujarat,T2,Pharmacy Chain,DePURA Kids 15 ml,105,12669.02,0.0928,0.955,5,pre_recall
2023-07-01,TR17,Surat-Vadodara,West,Gujarat,T2,Retail Chemist,DePURA Kids 10 ml,106,9678.47,0.0338,0.896,5,pre_recall
2023-07-01,TR17,Surat-Vadodara,West,Gujarat,T2,Retail Chemist,DePURA Kids 15 ml,374,47571.13,0.0436,0.987,5,pre_recall
2023-07-01,TR18,Rajkot,West,Gujarat,T3,E-Pharmacy,DePURA Kids 10 ml,21,1669.07,0.1589,1.0,7,pre_recall
2023-07-01,TR18,Rajkot,West,Gujarat,T3,E-Pharmacy,DePURA Kids 15 ml,45,5093.11,0.149,0.909,7,pre_recall
2023-07-01,TR18,Rajkot,West,Gujarat,T3,Hospital Pharmacy,DePURA Kids 10 ml,31,2891.81,0.0129,0.953,7,pre_recall
2023-07-01,TR18,Rajkot,West,Gujarat,T3,Hospital Pharmacy,DePURA Kids 15 ml,60,7829.05,0.0189,0.889,7,pre_recall
2023-07-01,TR18,Rajkot,West,Gujarat,T3,Pharmacy Chain,DePURA Kids 10 ml,13,1129.7,0.0804,0.865,7,pre_recall
2023-07-01,TR18,Rajkot,West,Gujarat,T3,Pharmacy Chain,DePURA Kids 15 ml,39,4797.25,0.0751,0.857,7,pre_recall
2023-07-01,TR18,Rajkot,West,Gujarat,T3,Retail Chemist,DePURA Kids 10 ml,185,17185.31,0.017,0.967,7,pre_recall
2023-07-01,TR18,Rajkot,West,Gujarat,T3,Retail Chemist,DePURA Kids 15 ml,374,48075.02,0.0335,0.917,7,pre_recall
2023-07-01,TR19,Indore,Central,Madhya Pradesh,T2,E-Pharmacy,DePURA Kids 10 ml,35,2740.16,0.1715,0.936,6,pre_recall
2023-07-01,TR19,Indore,Central,Madhya Pradesh,T2,E-Pharmacy,DePURA Kids 15 ml,136,15244.59,0.1572,0.907,6,pre_recall
2023-07-01,TR19,Indore,Central,Madhya Pradesh,T2,Hospital Pharmacy,DePURA Kids 10 ml,42,3881.63,0.022,0.87,6,pre_recall
2023-07-01,TR19,Indore,Central,Madhya Pradesh,T2,Hospital Pharmacy,DePURA Kids 15 ml,148,19345.02,0.0172,0.922,6,pre_recall
2023-07-01,TR19,Indore,Central,Madhya Pradesh,T2,Pharmacy Chain,DePURA Kids 10 ml,56,4808.46,0.0797,0.924,6,pre_recall
2023-07-01,TR19,Indore,Central,Madhya Pradesh,T2,Pharmacy Chain,DePURA Kids 15 ml,143,17641.12,0.0724,0.911,6,pre_recall
2023-07-01,TR19,Indore,Central,Madhya Pradesh,T2,Retail Chemist,DePURA Kids 10 ml,181,16708.73,0.0231,0.918,6,pre_recall
2023-07-01,TR19,Indore,Central,Madhya Pradesh,T2,Retail Chemist,DePURA Kids 15 ml,528,67681.14,0.0362,0.847,6,pre_recall
2023-07-01,TR20,Bhopal,Central,Madhya Pradesh,T2,E-Pharmacy,DePURA Kids 10 ml,20,1565.72,0.1716,1.0,3,pre_recall
2023-07-01,TR20,Bhopal,Central,Madhya Pradesh,T2,E-Pharmacy,DePURA Kids 15 ml,45,5146.0,0.1402,0.864,3,pre_recall
2023-07-01,TR20,Bhopal,Central,Madhya Pradesh,T2,Hospital Pharmacy,DePURA Kids 10 ml,27,2492.07,0.0233,0.927,3,pre_recall
2023-07-01,TR20,Bhopal,Central,Madhya Pradesh,T2,Hospital Pharmacy,DePURA Kids 15 ml,69,9039.22,0.015,0.924,3,pre_recall
2023-07-01,TR20,Bhopal,Central,Madhya Pradesh,T2,Pharmacy Chain,DePURA Kids 10 ml,18,1573.27,0.0751,0.935,3,pre_recall
2023-07-01,TR20,Bhopal,Central,Madhya Pradesh,T2,Pharmacy Chain,DePURA Kids 15 ml,58,7205.3,0.0659,0.891,3,pre_recall
2023-07-01,TR20,Bhopal,Central,Madhya Pradesh,T2,Retail Chemist,DePURA Kids 10 ml,112,10257.69,0.0308,0.914,3,pre_recall
2023-07-01,TR20,Bhopal,Central,Madhya Pradesh,T2,Retail Chemist,DePURA Kids 15 ml,243,31000.43,0.0408,0.897,3,pre_recall
2023-07-01,TR21,Jabalpur,Central,Madhya Pradesh,T3,E-Pharmacy,DePURA Kids 10 ml,13,1069.02,0.1298,0.967,5,pre_recall
2023-07-01,TR21,Jabalpur,Central,Madhya Pradesh,T3,E-Pharmacy,DePURA Kids 15 ml,32,3655.89,0.141,1.0,5,pre_recall
2023-07-01,TR21,Jabalpur,Central,Madhya Pradesh,T3,Hospital Pharmacy,DePURA Kids 10 ml,28,2585.18,0.023,0.954,5,pre_recall
2023-07-01,TR21,Jabalpur,Central,Madhya Pradesh,T3,Hospital Pharmacy,DePURA Kids 15 ml,53,6869.22,0.0255,0.893,5,pre_recall
2023-07-01,TR21,Jabalpur,Central,Madhya Pradesh,T3,Pharmacy Chain,DePURA Kids 10 ml,16,1369.27,0.0944,0.946,5,pre_recall
2023-07-01,TR21,Jabalpur,Central,Madhya Pradesh,T3,Pharmacy Chain,DePURA Kids 15 ml,35,4322.37,0.0715,0.934,5,pre_recall
2023-07-01,TR21,Jabalpur,Central,Madhya Pradesh,T3,Retail Chemist,DePURA Kids 10 ml,169,14922.92,0.0656,0.963,5,pre_recall
2023-07-01,TR21,Jabalpur,Central,Madhya Pradesh,T3,Retail Chemist,DePURA Kids 15 ml,298,37793.33,0.0464,1.0,5,pre_recall
2023-07-01,TR22,Raipur,Central,Chhattisgarh,T3,E-Pharmacy,DePURA Kids 10 ml,20,1616.68,0.1446,0.935,6,pre_recall
2023-07-01,TR22,Raipur,Central,Chhattisgarh,T3,E-Pharmacy,DePURA Kids 15 ml,39,4439.35,0.1441,0.952,6,pre_recall
2023-07-01,TR22,Raipur,Central,Chhattisgarh,T3,Hospital Pharmacy,DePURA Kids 10 ml,37,3418.19,0.0224,0.93,6,pre_recall
2023-07-01,TR22,Raipur,Central,Chhattisgarh,T3,Hospital Pharmacy,DePURA Kids 15 ml,67,8798.58,0.0126,0.82,6,pre_recall
2023-07-01,TR22,Raipur,Central,Chhattisgarh,T3,Pharmacy Chain,DePURA Kids 10 ml,20,1740.4,0.0792,0.916,6,pre_recall
2023-07-01,TR22,Raipur,Central,Chhattisgarh,T3,Pharmacy Chain,DePURA Kids 15 ml,51,6249.76,0.0786,0.893,6,pre_recall
2023-07-01,TR22,Raipur,Central,Chhattisgarh,T3,Retail Chemist,DePURA Kids 10 ml,158,14461.54,0.0314,0.922,6,pre_recall
2023-07-01,TR22,Raipur,Central,Chhattisgarh,T3,Retail Chemist,DePURA Kids 15 ml,444,57042.36,0.034,0.922,6,pre_recall
2023-07-01,TR23,Bengaluru North,South,Karnataka,T1,E-Pharmacy,DePURA Kids 10 ml,74,5908.87,0.155,0.933,11,pre_recall
2023-07-01,TR23,Bengaluru North,South,Karnataka,T1,E-Pharmacy,DePURA Kids 15 ml,380,42598.39,0.1571,0.95,11,pre_recall
2023-07-01,TR23,Bengaluru North,South,Karnataka,T1,Hospital Pharmacy,DePURA Kids 10 ml,71,6584.47,0.0186,0.899,11,pre_recall
2023-07-01,TR23,Bengaluru North,South,Karnataka,T1,Hospital Pharmacy,DePURA Kids 15 ml,363,46518.24,0.01985,0.901,11,pre_recall
2023-07-01,TR23,Bengaluru North,South,Karnataka,T1,Pharmacy Chain,DePURA Kids 10 ml,89,7624.14,0.0935,0.925,11,pre_recall
2023-07-01,TR23,Bengaluru North,South,Karnataka,T1,Pharmacy Chain,DePURA Kids 15 ml,418,50553.77,0.0907,0.87,11,pre_recall
2023-07-01,TR23,Bengaluru North,South,Karnataka,T1,Retail Chemist,DePURA Kids 10 ml,240,21985.7,0.0306,0.933,11,pre_recall
2023-07-01,TR23,Bengaluru North,South,Karnataka,T1,Retail Chemist,DePURA Kids 15 ml,1008,130886.54,0.0237,0.94,11,pre_recall
2023-07-01,TR24,Bengaluru South,South,Karnataka,T1,E-Pharmacy,DePURA Kids 10 ml,89,7065.16,0.16,0.939,16,pre_recall
2023-07-01,TR24,Bengaluru South,South,Karnataka,T1,E-Pharmacy,DePURA Kids 15 ml,536,60673.56,0.1489,0.947,16,pre_recall
2023-07-01,TR24,Bengaluru South,South,Karnataka,T1,Hospital Pharmacy,DePURA Kids 10 ml,62,5790.01,0.0118,0.865,16,pre_recall
2023-07-01,TR24,Bengaluru South,South,Karnataka,T1,Hospital Pharmacy,DePURA Kids 15 ml,345,43858.27,0.0442,0.871,16,pre_recall
2023-07-01,TR24,Bengaluru South,South,Karnataka,T1,Pharmacy Chain,DePURA Kids 10 ml,88,7817.22,0.06,0.874,16,pre_recall
2023-07-01,TR24,Bengaluru South,South,Karnataka,T1,Pharmacy Chain,DePURA Kids 15 ml,598,71737.74,0.098,0.845,16,pre_recall
2023-07-01,TR24,Bengaluru South,South,Karnataka,T1,Retail Chemist,DePURA Kids 10 ml,332,29790.15,0.0505,0.912,16,pre_recall
2023-07-01,TR24,Bengaluru South,South,Karnataka,T1,Retail Chemist,DePURA Kids 15 ml,1250,159144.07,0.0427,0.895,16,pre_recall
2023-07-01,TR25,Mysuru-Mangaluru,South,Karnataka,T3,E-Pharmacy,DePURA Kids 10 ml,7,555.79,0.1598,0.941,4,pre_recall
2023-07-01,TR25,Mysuru-Mangaluru,South,Karnataka,T3,E-Pharmacy,DePURA Kids 15 ml,15,1707.31,0.1442,0.932,4,pre_recall
2023-07-01,TR25,Mysuru-Mangaluru,South,Karnataka,T3,Hospital Pharmacy,DePURA Kids 10 ml,10,931.51,0.0143,0.943,4,pre_recall
2023-07-01,TR25,Mysuru-Mangaluru,South,Karnataka,T3,Hospital Pharmacy,DePURA Kids 15 ml,34,4451.85,0.0155,0.889,4,pre_recall
2023-07-01,TR25,Mysuru-Mangaluru,South,Karnataka,T3,Pharmacy Chain,DePURA Kids 10 ml,8,693.41,0.0828,0.956,4,pre_recall
2023-07-01,TR25,Mysuru-Mangaluru,South,Karnataka,T3,Pharmacy Chain,DePURA Kids 15 ml,17,2119.59,0.0625,0.89,4,pre_recall
2023-07-01,TR25,Mysuru-Mangaluru,South,Karnataka,T3,Retail Chemist,DePURA Kids 10 ml,74,6715.3,0.0397,0.921,4,pre_recall
2023-07-01,TR25,Mysuru-Mangaluru,South,Karnataka,T3,Retail Chemist,DePURA Kids 15 ml,179,23323.81,0.0203,0.913,4,pre_recall
2023-07-01,TR26,Chennai,South,Tamil Nadu,T1,E-Pharmacy,DePURA Kids 10 ml,95,7464.8,0.1685,0.954,16,pre_recall
2023-07-01,TR26,Chennai,South,Tamil Nadu,T1,E-Pharmacy,DePURA Kids 15 ml,374,42420.85,0.1472,0.98,16,pre_recall
2023-07-01,TR26,Chennai,South,Tamil Nadu,T1,Hospital Pharmacy,DePURA Kids 10 ml,72,6630.7,0.0255,0.909,16,pre_recall
2023-07-01,TR26,Chennai,South,Tamil Nadu,T1,Hospital Pharmacy,DePURA Kids 15 ml,419,55097.99,0.0113,0.967,16,pre_recall
2023-07-01,TR26,Chennai,South,Tamil Nadu,T1,Pharmacy Chain,DePURA Kids 10 ml,113,9490.28,0.1113,0.948,16,pre_recall
2023-07-01,TR26,Chennai,South,Tamil Nadu,T1,Pharmacy Chain,DePURA Kids 15 ml,605,73936.16,0.0811,0.948,16,pre_recall
2023-07-01,TR26,Chennai,South,Tamil Nadu,T1,Retail Chemist,DePURA Kids 10 ml,283,25569.38,0.0439,0.934,16,pre_recall
2023-07-01,TR26,Chennai,South,Tamil Nadu,T1,Retail Chemist,DePURA Kids 15 ml,1274,163860.7,0.0329,0.953,16,pre_recall
2023-07-01,TR27,Coimbatore-Madurai,South,Tamil Nadu,T2,E-Pharmacy,DePURA Kids 10 ml,34,2691.88,0.1622,1.0,8,pre_recall
2023-07-01,TR27,Coimbatore-Madurai,South,Tamil Nadu,T2,E-Pharmacy,DePURA Kids 15 ml,114,12722.89,0.1609,0.978,8,pre_recall
2023-07-01,TR27,Coimbatore-Madurai,South,Tamil Nadu,T2,Hospital Pharmacy,DePURA Kids 10 ml,41,3754.19,0.0311,0.928,8,pre_recall
2023-07-01,TR27,Coimbatore-Madurai,South,Tamil Nadu,T2,Hospital Pharmacy,DePURA Kids 15 ml,136,17769.69,0.0176,0.879,8,pre_recall
2023-07-01,TR27,Coimbatore-Madurai,South,Tamil Nadu,T2,Pharmacy Chain,DePURA Kids 10 ml,44,3800.11,0.0861,0.955,8,pre_recall
2023-07-01,TR27,Coimbatore-Madurai,South,Tamil Nadu,T2,Pharmacy Chain,DePURA Kids 15 ml,159,19523.7,0.0768,1.0,8,pre_recall
2023-07-01,TR27,Coimbatore-Madurai,South,Tamil Nadu,T2,Retail Chemist,DePURA Kids 10 ml,205,18542.93,0.0428,0.975,8,pre_recall
2023-07-01,TR27,Coimbatore-Madurai,South,Tamil Nadu,T2,Retail Chemist,DePURA Kids 15 ml,685,86771.1,0.0476,0.999,8,pre_recall
2023-07-01,TR28,Hyderabad,South,Telangana,T1,E-Pharmacy,DePURA Kids 10 ml,88,6884.33,0.1722,0.938,9,pre_recall
2023-07-01,TR28,Hyderabad,South,Telangana,T1,E-Pharmacy,DePURA Kids 15 ml,378,42106.76,0.1625,0.925,9,pre_recall
2023-07-01,TR28,Hyderabad,South,Telangana,T1,Hospital Pharmacy,DePURA Kids 10 ml,66,6017.73,0.0352,0.928,9,pre_recall
2023-07-01,TR28,Hyderabad,South,Telangana,T1,Hospital Pharmacy,DePURA Kids 15 ml,334,43401.75,0.023,0.89,9,pre_recall
2023-07-01,TR28,Hyderabad,South,Telangana,T1,Pharmacy Chain,DePURA Kids 10 ml,91,8121.82,0.0555,0.906,9,pre_recall
2023-07-01,TR28,Hyderabad,South,Telangana,T1,Pharmacy Chain,DePURA Kids 15 ml,477,58000.89,0.0858,0.943,9,pre_recall
2023-07-01,TR28,Hyderabad,South,Telangana,T1,Retail Chemist,DePURA Kids 10 ml,208,18964.87,0.0352,0.875,9,pre_recall
2023-07-01,TR28,Hyderabad,South,Telangana,T1,Retail Chemist,DePURA Kids 15 ml,1063,137252.38,0.0292,0.917,9,pre_recall
2023-07-01,TR29,Vijayawada-Vizag,South,Andhra Pradesh,T2,E-Pharmacy,DePURA Kids 10 ml,15,1206.78,0.1487,0.963,5,pre_recall
2023-07-01,TR29,Vijayawada-Vizag,South,Andhra Pradesh,T2,E-Pharmacy,DePURA Kids 15 ml,42,4751.91,0.1493,0.991,5,pre_recall
2023-07-01,TR29,Vijayawada-Vizag,South,Andhra Pradesh,T2,Hospital Pharmacy,DePURA Kids 10 ml,22,2012.23,0.0321,1.0,5,pre_recall
2023-07-01,TR29,Vijayawada-Vizag,South,Andhra Pradesh,T2,Hospital Pharmacy,DePURA Kids 15 ml,59,7847.0,0.0,1.0,5,pre_recall
2023-07-01,TR29,Vijayawada-Vizag,South,Andhra Pradesh,T2,Pharmacy Chain,DePURA Kids 10 ml,26,2231.52,0.0918,0.981,5,pre_recall
2023-07-01,TR29,Vijayawada-Vizag,South,Andhra Pradesh,T2,Pharmacy Chain,DePURA Kids 15 ml,63,7685.41,0.0828,0.93,5,pre_recall
2023-07-01,TR29,Vijayawada-Vizag,South,Andhra Pradesh,T2,Retail Chemist,DePURA Kids 10 ml,88,8172.97,0.0172,0.977,5,pre_recall
2023-07-01,TR29,Vijayawada-Vizag,South,Andhra Pradesh,T2,Retail Chemist,DePURA Kids 15 ml,341,43326.71,0.0447,1.0,5,pre_recall
2023-07-01,TR30,Kochi-Trivandrum,South,Kerala,T2,E-Pharmacy,DePURA Kids 10 ml,27,2180.57,0.1454,0.861,5,pre_recall
2023-07-01,TR30,Kochi-Trivandrum,South,Kerala,T2,E-Pharmacy,DePURA Kids 15 ml,77,8697.62,0.1507,0.914,5,pre_recall
2023-07-01,TR30,Kochi-Trivandrum,South,Kerala,T2,Hospital Pharmacy,DePURA Kids 10 ml,39,3576.49,0.0296,0.871,5,pre_recall
2023-07-01,TR30,Kochi-Trivandrum,South,Kerala,T2,Hospital Pharmacy,DePURA Kids 15 ml,108,14149.31,0.0149,0.833,5,pre_recall
2023-07-01,TR30,Kochi-Trivandrum,South,Kerala,T2,Pharmacy Chain,DePURA Kids 10 ml,37,3125.22,0.1062,0.87,5,pre_recall
2023-07-01,TR30,Kochi-Trivandrum,South,Kerala,T2,Pharmacy Chain,DePURA Kids 15 ml,155,18489.38,0.1031,0.881,5,pre_recall
2023-07-01,TR30,Kochi-Trivandrum,South,Kerala,T2,Retail Chemist,DePURA Kids 10 ml,192,17156.83,0.0544,0.902,5,pre_recall
2023-07-01,TR30,Kochi-Trivandrum,South,Kerala,T2,Retail Chemist,DePURA Kids 15 ml,450,59684.4,0.0028,0.88,5,pre_recall
2023-07-01,TR31,Kolkata,East,West Bengal,T1,E-Pharmacy,DePURA Kids 10 ml,47,3757.78,0.1539,0.905,16,pre_recall
2023-07-01,TR31,Kolkata,East,West Bengal,T1,E-Pharmacy,DePURA Kids 15 ml,276,32086.58,0.1259,0.94,16,pre_recall
2023-07-01,TR31,Kolkata,East,West Bengal,T1,Hospital Pharmacy,DePURA Kids 10 ml,54,5033.04,0.0137,0.952,16,pre_recall
2023-07-01,TR31,Kolkata,East,West Bengal,T1,Hospital Pharmacy,DePURA Kids 15 ml,256,33462.47,0.0172,0.929,16,pre_recall
2023-07-01,TR31,Kolkata,East,West Bengal,T1,Pharmacy Chain,DePURA Kids 10 ml,87,7517.13,0.0857,0.955,16,pre_recall
2023-07-01,TR31,Kolkata,East,West Bengal,T1,Pharmacy Chain,DePURA Kids 15 ml,337,41314.54,0.0782,0.873,16,pre_recall
2023-07-01,TR31,Kolkata,East,West Bengal,T1,Retail Chemist,DePURA Kids 10 ml,179,16496.2,0.0248,0.94,16,pre_recall
2023-07-01,TR31,Kolkata,East,West Bengal,T1,Retail Chemist,DePURA Kids 15 ml,911,114845.34,0.0521,0.893,16,pre_recall
2023-07-01,TR32,Siliguri-Durgapur,East,West Bengal,T3,E-Pharmacy,DePURA Kids 10 ml,9,731.5,0.1399,0.959,3,pre_recall
2023-07-01,TR32,Siliguri-Durgapur,East,West Bengal,T3,E-Pharmacy,DePURA Kids 15 ml,24,2694.26,0.1559,0.998,3,pre_recall
2023-07-01,TR32,Siliguri-Durgapur,East,West Bengal,T3,Hospital Pharmacy,DePURA Kids 10 ml,16,1500.39,0.0077,0.865,3,pre_recall
2023-07-01,TR32,Siliguri-Durgapur,East,West Bengal,T3,Hospital Pharmacy,DePURA Kids 15 ml,35,4567.86,0.0187,0.943,3,pre_recall
2023-07-01,TR32,Siliguri-Durgapur,East,West Bengal,T3,Pharmacy Chain,DePURA Kids 10 ml,9,775.76,0.0879,0.937,3,pre_recall
2023-07-01,TR32,Siliguri-Durgapur,East,West Bengal,T3,Pharmacy Chain,DePURA Kids 15 ml,22,2726.09,0.0683,0.984,3,pre_recall
2023-07-01,TR32,Siliguri-Durgapur,East,West Bengal,T3,Retail Chemist,DePURA Kids 10 ml,96,8744.33,0.0361,0.971,3,pre_recall
2023-07-01,TR32,Siliguri-Durgapur,East,West Bengal,T3,Retail Chemist,DePURA Kids 15 ml,261,32929.88,0.0514,1.0,3,pre_recall
2023-07-01,TR33,Patna,East,Bihar,T2,E-Pharmacy,DePURA Kids 10 ml,20,1586.95,0.1603,0.997,6,pre_recall
2023-07-01,TR33,Patna,East,Bihar,T2,E-Pharmacy,DePURA Kids 15 ml,55,6201.23,0.1523,0.939,6,pre_recall
2023-07-01,TR33,Patna,East,Bihar,T2,Hospital Pharmacy,DePURA Kids 10 ml,28,2562.86,0.0314,1.0,6,pre_recall
2023-07-01,TR33,Patna,East,Bihar,T2,Hospital Pharmacy,DePURA Kids 15 ml,86,11243.33,0.017,0.968,6,pre_recall
2023-07-01,TR33,Patna,East,Bihar,T2,Pharmacy Chain,DePURA Kids 10 ml,25,2142.37,0.0932,0.927,6,pre_recall
2023-07-01,TR33,Patna,East,Bihar,T2,Pharmacy Chain,DePURA Kids 15 ml,125,15228.34,0.084,0.985,6,pre_recall
2023-07-01,TR33,Patna,East,Bihar,T2,Retail Chemist,DePURA Kids 10 ml,133,12038.35,0.0422,0.96,6,pre_recall
2023-07-01,TR33,Patna,East,Bihar,T2,Retail Chemist,DePURA Kids 15 ml,394,50394.87,0.0383,0.899,6,pre_recall
2023-07-01,TR34,Ranchi,East,Jharkhand,T3,E-Pharmacy,DePURA Kids 10 ml,14,1129.28,0.1464,0.922,6,pre_recall
2023-07-01,TR34,Ranchi,East,Jharkhand,T3,E-Pharmacy,DePURA Kids 15 ml,29,3241.3,0.1596,0.939,6,pre_recall
2023-07-01,TR34,Ranchi,East,Jharkhand,T3,Hospital Pharmacy,DePURA Kids 10 ml,16,1487.95,0.0159,0.889,6,pre_recall
2023-07-01,TR34,Ranchi,East,Jharkhand,T3,Hospital Pharmacy,DePURA Kids 15 ml,60,7709.36,0.0339,0.945,6,pre_recall
2023-07-01,TR34,Ranchi,East,Jharkhand,T3,Pharmacy Chain,DePURA Kids 10 ml,12,1025.66,0.0955,0.873,6,pre_recall
2023-07-01,TR34,Ranchi,East,Jharkhand,T3,Pharmacy Chain,DePURA Kids 15 ml,33,4025.18,0.0829,0.918,6,pre_recall
2023-07-01,TR34,Ranchi,East,Jharkhand,T3,Retail Chemist,DePURA Kids 10 ml,180,16366.46,0.0378,0.95,6,pre_recall
2023-07-01,TR34,Ranchi,East,Jharkhand,T3,Retail Chemist,DePURA Kids 15 ml,347,43645.67,0.0543,0.892,6,pre_recall
2023-07-01,TR35,Bhubaneswar,East,Odisha,T2,E-Pharmacy,DePURA Kids 10 ml,24,1912.69,0.1567,1.0,6,pre_recall
2023-07-01,TR35,Bhubaneswar,East,Odisha,T2,E-Pharmacy,DePURA Kids 15 ml,75,8311.51,0.1668,0.951,6,pre_recall
2023-07-01,TR35,Bhubaneswar,East,Odisha,T2,Hospital Pharmacy,DePURA Kids 10 ml,24,2239.95,0.0124,0.928,6,pre_recall
2023-07-01,TR35,Bhubaneswar,East,Odisha,T2,Hospital Pharmacy,DePURA Kids 15 ml,81,10541.17,0.0215,0.871,6,pre_recall
2023-07-01,TR35,Bhubaneswar,East,Odisha,T2,Pharmacy Chain,DePURA Kids 10 ml,29,2535.39,0.0748,0.953,6,pre_recall
2023-07-01,TR35,Bhubaneswar,East,Odisha,T2,Pharmacy Chain,DePURA Kids 15 ml,87,10526.48,0.0903,0.912,6,pre_recall
2023-07-01,TR35,Bhubaneswar,East,Odisha,T2,Retail Chemist,DePURA Kids 10 ml,104,9247.8,0.059,0.921,6,pre_recall
2023-07-01,TR35,Bhubaneswar,East,Odisha,T2,Retail Chemist,DePURA Kids 15 ml,316,40323.54,0.0406,0.897,6,pre_recall
2023-07-01,TR36,Guwahati,East,Assam,T2,E-Pharmacy,DePURA Kids 10 ml,30,2410.91,0.1496,1.0,8,pre_recall
2023-07-01,TR36,Guwahati,East,Assam,T2,E-Pharmacy,DePURA Kids 15 ml,96,10703.43,0.1617,0.998,8,pre_recall
2023-07-01,TR36,Guwahati,East,Assam,T2,Hospital Pharmacy,DePURA Kids 10 ml,45,4126.69,0.0296,0.961,8,pre_recall
2023-07-01,TR36,Guwahati,East,Assam,T2,Hospital Pharmacy,DePURA Kids 15 ml,152,20134.81,0.01985,0.942,8,pre_recall
2023-07-01,TR36,Guwahati,East,Assam,T2,Pharmacy Chain,DePURA Kids 10 ml,48,4219.38,0.0698,0.943,8,pre_recall
2023-07-01,TR36,Guwahati,East,Assam,T2,Pharmacy Chain,DePURA Kids 15 ml,123,14694.01,0.1018,0.924,8,pre_recall
2023-07-01,TR36,Guwahati,East,Assam,T2,Retail Chemist,DePURA Kids 10 ml,177,15979.71,0.0446,0.917,8,pre_recall
2023-07-01,TR36,Guwahati,East,Assam,T2,Retail Chemist,DePURA Kids 15 ml,418,54108.73,0.0267,0.997,8,pre_recall
2023-08-01,TR01,Delhi North,North,Delhi,T1,E-Pharmacy,DePURA Kids 10 ml,101,8068.42,0.1547,0.976,16,pre_recall
2023-08-01,TR01,Delhi North,North,Delhi,T1,E-Pharmacy,DePURA Kids 15 ml,632,71095.22,0.1542,0.991,16,pre_recall
2023-08-01,TR01,Delhi North,North,Delhi,T1,Hospital Pharmacy,DePURA Kids 10 ml,73,6819.63,0.0114,0.941,16,pre_recall
2023-08-01,TR01,Delhi North,North,Delhi,T1,Hospital Pharmacy,DePURA Kids 15 ml,416,55328.0,0.0,0.913,16,pre_recall
2023-08-01,TR01,Delhi North,North,Delhi,T1,Pharmacy Chain,DePURA Kids 10 ml,120,10652.66,0.0606,0.872,16,pre_recall
2023-08-01,TR01,Delhi North,North,Delhi,T1,Pharmacy Chain,DePURA Kids 15 ml,536,65877.82,0.0759,0.9,16,pre_recall
2023-08-01,TR01,Delhi North,North,Delhi,T1,Retail Chemist,DePURA Kids 10 ml,298,27606.33,0.0197,0.92,16,pre_recall
2023-08-01,TR01,Delhi North,North,Delhi,T1,Retail Chemist,DePURA Kids 15 ml,1575,200650.08,0.0397,0.901,16,pre_recall
2023-08-01,TR02,Delhi South,North,Delhi,T1,E-Pharmacy,DePURA Kids 10 ml,81,6678.83,0.1275,0.973,12,pre_recall
2023-08-01,TR02,Delhi South,North,Delhi,T1,E-Pharmacy,DePURA Kids 15 ml,413,47736.97,0.1309,0.958,12,pre_recall
2023-08-01,TR02,Delhi South,North,Delhi,T1,Hospital Pharmacy,DePURA Kids 10 ml,83,7665.1,0.0227,0.863,12,pre_recall
2023-08-01,TR02,Delhi South,North,Delhi,T1,Hospital Pharmacy,DePURA Kids 15 ml,346,45407.3,0.0133,0.891,12,pre_recall
2023-08-01,TR02,Delhi South,North,Delhi,T1,Pharmacy Chain,DePURA Kids 10 ml,129,11432.5,0.0622,0.93,12,pre_recall
2023-08-01,TR02,Delhi South,North,Delhi,T1,Pharmacy Chain,DePURA Kids 15 ml,518,61864.42,0.102,0.937,12,pre_recall
2023-08-01,TR02,Delhi South,North,Delhi,T1,Retail Chemist,DePURA Kids 10 ml,301,27537.16,0.0319,0.945,12,pre_recall
2023-08-01,TR02,Delhi South,North,Delhi,T1,Retail Chemist,DePURA Kids 15 ml,1000,128234.65,0.0358,0.82,12,pre_recall
2023-08-01,TR03,Noida-Ghaziabad,North,Uttar Pradesh,T2,E-Pharmacy,DePURA Kids 10 ml,24,1926.96,0.1504,0.925,5,pre_recall
2023-08-01,TR03,Noida-Ghaziabad,North,Uttar Pradesh,T2,E-Pharmacy,DePURA Kids 15 ml,86,9655.23,0.1559,1.0,5,pre_recall
2023-08-01,TR03,Noida-Ghaziabad,North,Uttar Pradesh,T2,Hospital Pharmacy,DePURA Kids 10 ml,32,3024.0,0.0,0.942,5,pre_recall
2023-08-01,TR03,Noida-Ghaziabad,North,Uttar Pradesh,T2,Hospital Pharmacy,DePURA Kids 15 ml,86,10976.37,0.0404,0.919,5,pre_recall
2023-08-01,TR03,Noida-Ghaziabad,North,Uttar Pradesh,T2,Pharmacy Chain,DePURA Kids 10 ml,33,2877.85,0.0772,0.943,5,pre_recall
2023-08-01,TR03,Noida-Ghaziabad,North,Uttar Pradesh,T2,Pharmacy Chain,DePURA Kids 15 ml,101,12372.64,0.0789,0.923,5,pre_recall
2023-08-01,TR03,Noida-Ghaziabad,North,Uttar Pradesh,T2,Retail Chemist,DePURA Kids 10 ml,140,12817.39,0.0312,0.907,5,pre_recall
2023-08-01,TR03,Noida-Ghaziabad,North,Uttar Pradesh,T2,Retail Chemist,DePURA Kids 15 ml,412,53025.32,0.0323,0.921,5,pre_recall
2023-08-01,TR04,Gurugram-Faridabad,North,Haryana,T2,E-Pharmacy,DePURA Kids 10 ml,27,2133.86,0.1637,0.967,8,pre_recall
2023-08-01,TR04,Gurugram-Faridabad,North,Haryana,T2,E-Pharmacy,DePURA Kids 15 ml,74,8482.18,0.1382,0.97,8,pre_recall
2023-08-01,TR04,Gurugram-Faridabad,North,Haryana,T2,Hospital Pharmacy,DePURA Kids 10 ml,30,2806.09,0.0102,0.988,8,pre_recall
2023-08-01,TR04,Gurugram-Faridabad,North,Haryana,T2,Hospital Pharmacy,DePURA Kids 15 ml,107,13972.87,0.0181,0.917,8,pre_recall
2023-08-01,TR04,Gurugram-Faridabad,North,Haryana,T2,Pharmacy Chain,DePURA Kids 10 ml,32,2726.29,0.0984,0.913,8,pre_recall
2023-08-01,TR04,Gurugram-Faridabad,North,Haryana,T2,Pharmacy Chain,DePURA Kids 15 ml,91,10894.05,0.0999,0.909,8,pre_recall
2023-08-01,TR04,Gurugram-Faridabad,North,Haryana,T2,Retail Chemist,DePURA Kids 10 ml,137,12429.82,0.0399,0.913,8,pre_recall
2023-08-01,TR04,Gurugram-Faridabad,North,Haryana,T2,Retail Chemist,DePURA Kids 15 ml,312,40031.47,0.0353,0.915,8,pre_recall
2023-08-01,TR05,Lucknow,North,Uttar Pradesh,T2,E-Pharmacy,DePURA Kids 10 ml,29,2374.11,0.1337,0.948,6,pre_recall
2023-08-01,TR05,Lucknow,North,Uttar Pradesh,T2,E-Pharmacy,DePURA Kids 15 ml,74,8211.63,0.1657,0.893,6,pre_recall
2023-08-01,TR05,Lucknow,North,Uttar Pradesh,T2,Hospital Pharmacy,DePURA Kids 10 ml,34,3081.51,0.0409,0.868,6,pre_recall
2023-08-01,TR05,Lucknow,North,Uttar Pradesh,T2,Hospital Pharmacy,DePURA Kids 15 ml,93,12369.0,0.0,0.916,6,pre_recall
2023-08-01,TR05,Lucknow,North,Uttar Pradesh,T2,Pharmacy Chain,DePURA Kids 10 ml,28,2495.18,0.057,0.869,6,pre_recall
2023-08-01,TR05,Lucknow,North,Uttar Pradesh,T2,Pharmacy Chain,DePURA Kids 15 ml,109,13393.99,0.0761,0.92,6,pre_recall
2023-08-01,TR05,Lucknow,North,Uttar Pradesh,T2,Retail Chemist,DePURA Kids 10 ml,122,11111.15,0.0362,0.881,6,pre_recall
2023-08-01,TR05,Lucknow,North,Uttar Pradesh,T2,Retail Chemist,DePURA Kids 15 ml,305,38750.05,0.0447,0.865,6,pre_recall
2023-08-01,TR06,Kanpur-Agra,North,Uttar Pradesh,T2,E-Pharmacy,DePURA Kids 10 ml,39,3129.66,0.1508,0.992,5,pre_recall
2023-08-01,TR06,Kanpur-Agra,North,Uttar Pradesh,T2,E-Pharmacy,DePURA Kids 15 ml,120,13526.04,0.1525,0.989,5,pre_recall
2023-08-01,TR06,Kanpur-Agra,North,Uttar Pradesh,T2,Hospital Pharmacy,DePURA Kids 10 ml,46,4241.73,0.0242,0.972,5,pre_recall
2023-08-01,TR06,Kanpur-Agra,North,Uttar Pradesh,T2,Hospital Pharmacy,DePURA Kids 15 ml,105,13812.31,0.0109,0.895,5,pre_recall
2023-08-01,TR06,Kanpur-Agra,North,Uttar Pradesh,T2,Pharmacy Chain,DePURA Kids 10 ml,37,3183.63,0.0895,0.976,5,pre_recall
2023-08-01,TR06,Kanpur-Agra,North,Uttar Pradesh,T2,Pharmacy Chain,DePURA Kids 15 ml,131,15889.95,0.088,0.907,5,pre_recall
2023-08-01,TR06,Kanpur-Agra,North,Uttar Pradesh,T2,Retail Chemist,DePURA Kids 10 ml,167,15089.06,0.0439,0.959,5,pre_recall
2023-08-01,TR06,Kanpur-Agra,North,Uttar Pradesh,T2,Retail Chemist,DePURA Kids 15 ml,548,70538.27,0.0322,0.934,5,pre_recall
2023-08-01,TR07,Varanasi-Gorakhpur,North,Uttar Pradesh,T3,E-Pharmacy,DePURA Kids 10 ml,7,555.54,0.1602,0.923,3,pre_recall
2023-08-01,TR07,Varanasi-Gorakhpur,North,Uttar Pradesh,T3,E-Pharmacy,DePURA Kids 15 ml,13,1438.49,0.168,0.957,3,pre_recall
2023-08-01,TR07,Varanasi-Gorakhpur,North,Uttar Pradesh,T3,Hospital Pharmacy,DePURA Kids 10 ml,13,1208.28,0.0165,0.954,3,pre_recall
2023-08-01,TR07,Varanasi-Gorakhpur,North,Uttar Pradesh,T3,Hospital Pharmacy,DePURA Kids 15 ml,28,3613.72,0.0296,0.897,3,pre_recall
2023-08-01,TR07,Varanasi-Gorakhpur,North,Uttar Pradesh,T3,Pharmacy Chain,DePURA Kids 10 ml,7,612.37,0.0743,0.824,3,pre_recall
2023-08-01,TR07,Varanasi-Gorakhpur,North,Uttar Pradesh,T3,Pharmacy Chain,DePURA Kids 15 ml,16,1948.5,0.0844,0.946,3,pre_recall
2023-08-01,TR07,Varanasi-Gorakhpur,North,Uttar Pradesh,T3,Retail Chemist,DePURA Kids 10 ml,74,6687.15,0.0437,0.966,3,pre_recall
2023-08-01,TR07,Varanasi-Gorakhpur,North,Uttar Pradesh,T3,Retail Chemist,DePURA Kids 15 ml,157,19934.02,0.0454,0.931,3,pre_recall
2023-08-01,TR08,Chandigarh-Mohali,North,Chandigarh,T2,E-Pharmacy,DePURA Kids 10 ml,25,1985.77,0.1595,0.922,7,pre_recall
2023-08-01,TR08,Chandigarh-Mohali,North,Chandigarh,T2,E-Pharmacy,DePURA Kids 15 ml,79,8954.35,0.1478,0.921,7,pre_recall
2023-08-01,TR08,Chandigarh-Mohali,North,Chandigarh,T2,Hospital Pharmacy,DePURA Kids 10 ml,29,2714.71,0.0094,0.908,7,pre_recall
2023-08-01,TR08,Chandigarh-Mohali,North,Chandigarh,T2,Hospital Pharmacy,DePURA Kids 15 ml,84,10674.42,0.0445,0.898,7,pre_recall
2023-08-01,TR08,Chandigarh-Mohali,North,Chandigarh,T2,Pharmacy Chain,DePURA Kids 10 ml,25,2148.9,0.0904,0.906,7,pre_recall
2023-08-01,TR08,Chandigarh-Mohali,North,Chandigarh,T2,Pharmacy Chain,DePURA Kids 15 ml,102,12525.54,0.0767,0.918,7,pre_recall
2023-08-01,TR08,Chandigarh-Mohali,North,Chandigarh,T2,Retail Chemist,DePURA Kids 10 ml,132,11823.74,0.0521,0.93,7,pre_recall
2023-08-01,TR08,Chandigarh-Mohali,North,Chandigarh,T2,Retail Chemist,DePURA Kids 15 ml,465,60838.62,0.0163,0.949,7,pre_recall
2023-08-01,TR09,Ludhiana-Amritsar,North,Punjab,T2,E-Pharmacy,DePURA Kids 10 ml,25,2007.4,0.1503,0.955,6,pre_recall
2023-08-01,TR09,Ludhiana-Amritsar,North,Punjab,T2,E-Pharmacy,DePURA Kids 15 ml,104,11474.04,0.1705,0.942,6,pre_recall
2023-08-01,TR09,Ludhiana-Amritsar,North,Punjab,T2,Hospital Pharmacy,DePURA Kids 10 ml,32,2930.96,0.0308,0.952,6,pre_recall
2023-08-01,TR09,Ludhiana-Amritsar,North,Punjab,T2,Hospital Pharmacy,DePURA Kids 15 ml,105,13425.35,0.0386,0.911,6,pre_recall
2023-08-01,TR09,Ludhiana-Amritsar,North,Punjab,T2,Pharmacy Chain,DePURA Kids 10 ml,32,2783.93,0.0794,0.871,6,pre_recall
2023-08-01,TR09,Ludhiana-Amritsar,North,Punjab,T2,Pharmacy Chain,DePURA Kids 15 ml,125,15063.93,0.0939,0.928,6,pre_recall
2023-08-01,TR09,Ludhiana-Amritsar,North,Punjab,T2,Retail Chemist,DePURA Kids 10 ml,125,11411.18,0.034,0.922,6,pre_recall
2023-08-01,TR09,Ludhiana-Amritsar,North,Punjab,T2,Retail Chemist,DePURA Kids 15 ml,358,45696.6,0.0403,0.89,6,pre_recall
2023-08-01,TR10,Jaipur,North,Rajasthan,T2,E-Pharmacy,DePURA Kids 10 ml,15,1205.39,0.1496,0.971,7,pre_recall
2023-08-01,TR10,Jaipur,North,Rajasthan,T2,E-Pharmacy,DePURA Kids 15 ml,38,4231.97,0.1626,0.996,7,pre_recall
2023-08-01,TR10,Jaipur,North,Rajasthan,T2,Hospital Pharmacy,DePURA Kids 10 ml,16,1510.04,0.0013,0.931,7,pre_recall
2023-08-01,TR10,Jaipur,North,Rajasthan,T2,Hospital Pharmacy,DePURA Kids 15 ml,45,5947.26,0.0063,0.902,7,pre_recall
2023-08-01,TR10,Jaipur,North,Rajasthan,T2,Pharmacy Chain,DePURA Kids 10 ml,20,1771.69,0.0626,0.998,7,pre_recall
2023-08-01,TR10,Jaipur,North,Rajasthan,T2,Pharmacy Chain,DePURA Kids 15 ml,59,7248.03,0.0763,0.932,7,pre_recall
2023-08-01,TR10,Jaipur,North,Rajasthan,T2,Retail Chemist,DePURA Kids 10 ml,51,4553.21,0.0397,0.956,7,pre_recall
2023-08-01,TR10,Jaipur,North,Rajasthan,T2,Retail Chemist,DePURA Kids 15 ml,237,29844.33,0.0532,0.95,7,pre_recall
2023-08-01,TR11,Dehradun,North,Uttarakhand,T3,E-Pharmacy,DePURA Kids 10 ml,10,814.73,0.1379,0.915,6,pre_recall
2023-08-01,TR11,Dehradun,North,Uttarakhand,T3,E-Pharmacy,DePURA Kids 15 ml,20,2220.93,0.1651,0.897,6,pre_recall
2023-08-01,TR11,Dehradun,North,Uttarakhand,T3,Hospital Pharmacy,DePURA Kids 10 ml,15,1371.87,0.0322,0.854,6,pre_recall
2023-08-01,TR11,Dehradun,North,Uttarakhand,T3,Hospital Pharmacy,DePURA Kids 15 ml,36,4725.14,0.0131,0.859,6,pre_recall
2023-08-01,TR11,Dehradun,North,Uttarakhand,T3,Pharmacy Chain,DePURA Kids 10 ml,11,964.06,0.0726,0.912,6,pre_recall
2023-08-01,TR11,Dehradun,North,Uttarakhand,T3,Pharmacy Chain,DePURA Kids 15 ml,25,3048.93,0.083,0.876,6,pre_recall
2023-08-01,TR11,Dehradun,North,Uttarakhand,T3,Retail Chemist,DePURA Kids 10 ml,100,9093.57,0.0377,0.894,6,pre_recall
2023-08-01,TR11,Dehradun,North,Uttarakhand,T3,Retail Chemist,DePURA Kids 15 ml,245,31323.63,0.0387,0.907,6,pre_recall
2023-08-01,TR12,Mumbai West,West,Maharashtra,T1,E-Pharmacy,DePURA Kids 10 ml,40,3184.45,0.1576,0.997,10,pre_recall
2023-08-01,TR12,Mumbai West,West,Maharashtra,T1,E-Pharmacy,DePURA Kids 15 ml,131,14726.87,0.1547,0.997,10,pre_recall
2023-08-01,TR12,Mumbai West,West,Maharashtra,T1,Hospital Pharmacy,DePURA Kids 10 ml,31,2838.64,0.031,0.92,10,pre_recall
2023-08-01,TR12,Mumbai West,West,Maharashtra,T1,Hospital Pharmacy,DePURA Kids 15 ml,126,16758.0,0.0,0.947,10,pre_recall
2023-08-01,TR12,Mumbai West,West,Maharashtra,T1,Pharmacy Chain,DePURA Kids 10 ml,41,3551.8,0.0833,0.99,10,pre_recall
2023-08-01,TR12,Mumbai West,West,Maharashtra,T1,Pharmacy Chain,DePURA Kids 15 ml,164,20377.78,0.0658,0.988,10,pre_recall
2023-08-01,TR12,Mumbai West,West,Maharashtra,T1,Retail Chemist,DePURA Kids 10 ml,115,10396.01,0.0434,1.0,10,pre_recall
2023-08-01,TR12,Mumbai West,West,Maharashtra,T1,Retail Chemist,DePURA Kids 15 ml,621,79717.48,0.0348,0.987,10,pre_recall
2023-08-01,TR13,Mumbai Thane,West,Maharashtra,T1,E-Pharmacy,DePURA Kids 10 ml,76,6169.64,0.141,0.989,14,pre_recall
2023-08-01,TR13,Mumbai Thane,West,Maharashtra,T1,E-Pharmacy,DePURA Kids 15 ml,425,47500.05,0.1597,1.0,14,pre_recall
2023-08-01,TR13,Mumbai Thane,West,Maharashtra,T1,Hospital Pharmacy,DePURA Kids 10 ml,98,8966.35,0.0318,0.943,14,pre_recall
2023-08-01,TR13,Mumbai Thane,West,Maharashtra,T1,Hospital Pharmacy,DePURA Kids 15 ml,341,44072.19,0.0282,0.967,14,pre_recall
2023-08-01,TR13,Mumbai Thane,West,Maharashtra,T1,Pharmacy Chain,DePURA Kids 10 ml,132,11434.8,0.0833,0.888,14,pre_recall
2023-08-01,TR13,Mumbai Thane,West,Maharashtra,T1,Pharmacy Chain,DePURA Kids 15 ml,460,56542.66,0.0758,0.947,14,pre_recall
2023-08-01,TR13,Mumbai Thane,West,Maharashtra,T1,Retail Chemist,DePURA Kids 10 ml,333,30177.74,0.041,0.991,14,pre_recall
2023-08-01,TR13,Mumbai Thane,West,Maharashtra,T1,Retail Chemist,DePURA Kids 15 ml,1276,162724.41,0.0412,0.943,14,pre_recall
2023-08-01,TR14,Pune,West,Maharashtra,T1,E-Pharmacy,DePURA Kids 10 ml,63,5026.84,0.1557,0.937,11,pre_recall
2023-08-01,TR14,Pune,West,Maharashtra,T1,E-Pharmacy,DePURA Kids 15 ml,243,27541.01,0.1478,0.926,11,pre_recall
2023-08-01,TR14,Pune,West,Maharashtra,T1,Hospital Pharmacy,DePURA Kids 10 ml,51,4718.43,0.021,0.859,11,pre_recall
2023-08-01,TR14,Pune,West,Maharashtra,T1,Hospital Pharmacy,DePURA Kids 15 ml,233,30147.62,0.0272,0.93,11,pre_recall
2023-08-01,TR14,Pune,West,Maharashtra,T1,Pharmacy Chain,DePURA Kids 10 ml,78,6939.84,0.0585,0.926,11,pre_recall
2023-08-01,TR14,Pune,West,Maharashtra,T1,Pharmacy Chain,DePURA Kids 15 ml,338,42356.71,0.0578,0.857,11,pre_recall
2023-08-01,TR14,Pune,West,Maharashtra,T1,Retail Chemist,DePURA Kids 10 ml,180,16408.37,0.0354,0.886,11,pre_recall
2023-08-01,TR14,Pune,West,Maharashtra,T1,Retail Chemist,DePURA Kids 15 ml,736,93224.28,0.0476,0.876,11,pre_recall
2023-08-01,TR15,Nagpur,West,Maharashtra,T2,E-Pharmacy,DePURA Kids 10 ml,23,1857.48,0.1454,0.868,10,pre_recall
2023-08-01,TR15,Nagpur,West,Maharashtra,T2,E-Pharmacy,DePURA Kids 15 ml,74,8587.53,0.1275,0.933,10,pre_recall
2023-08-01,TR15,Nagpur,West,Maharashtra,T2,Hospital Pharmacy,DePURA Kids 10 ml,22,2037.69,0.0199,0.846,10,pre_recall
2023-08-01,TR15,Nagpur,West,Maharashtra,T2,Hospital Pharmacy,DePURA Kids 15 ml,97,12639.88,0.0202,0.91,10,pre_recall
2023-08-01,TR15,Nagpur,West,Maharashtra,T2,Pharmacy Chain,DePURA Kids 10 ml,27,2349.71,0.0791,0.827,10,pre_recall
2023-08-01,TR15,Nagpur,West,Maharashtra,T2,Pharmacy Chain,DePURA Kids 15 ml,78,9452.46,0.0888,0.905,10,pre_recall
2023-08-01,TR15,Nagpur,West,Maharashtra,T2,Retail Chemist,DePURA Kids 10 ml,130,11645.75,0.052,0.897,10,pre_recall
2023-08-01,TR15,Nagpur,West,Maharashtra,T2,Retail Chemist,DePURA Kids 15 ml,417,53135.67,0.0419,0.956,10,pre_recall
2023-08-01,TR16,Ahmedabad,West,Gujarat,T1,E-Pharmacy,DePURA Kids 10 ml,85,6727.79,0.1624,0.942,16,pre_recall
2023-08-01,TR16,Ahmedabad,West,Gujarat,T1,E-Pharmacy,DePURA Kids 15 ml,359,40878.54,0.1439,0.924,16,pre_recall
2023-08-01,TR16,Ahmedabad,West,Gujarat,T1,Hospital Pharmacy,DePURA Kids 10 ml,57,5261.3,0.0232,0.874,16,pre_recall
2023-08-01,TR16,Ahmedabad,West,Gujarat,T1,Hospital Pharmacy,DePURA Kids 15 ml,285,36711.88,0.0315,0.928,16,pre_recall
2023-08-01,TR16,Ahmedabad,West,Gujarat,T1,Pharmacy Chain,DePURA Kids 10 ml,81,7060.97,0.0775,0.93,16,pre_recall
2023-08-01,TR16,Ahmedabad,West,Gujarat,T1,Pharmacy Chain,DePURA Kids 15 ml,333,41430.27,0.0645,0.843,16,pre_recall
2023-08-01,TR16,Ahmedabad,West,Gujarat,T1,Retail Chemist,DePURA Kids 10 ml,263,23674.44,0.0474,0.887,16,pre_recall
2023-08-01,TR16,Ahmedabad,West,Gujarat,T1,Retail Chemist,DePURA Kids 15 ml,850,109385.35,0.0324,0.875,16,pre_recall
2023-08-01,TR17,Surat-Vadodara,West,Gujarat,T2,E-Pharmacy,DePURA Kids 10 ml,26,2065.25,0.1594,0.907,5,pre_recall
2023-08-01,TR17,Surat-Vadodara,West,Gujarat,T2,E-Pharmacy,DePURA Kids 15 ml,79,8827.32,0.1599,0.932,5,pre_recall
2023-08-01,TR17,Surat-Vadodara,West,Gujarat,T2,Hospital Pharmacy,DePURA Kids 10 ml,27,2519.55,0.0125,0.876,5,pre_recall
2023-08-01,TR17,Surat-Vadodara,West,Gujarat,T2,Hospital Pharmacy,DePURA Kids 15 ml,107,13688.09,0.0381,0.946,5,pre_recall
2023-08-01,TR17,Surat-Vadodara,West,Gujarat,T2,Pharmacy Chain,DePURA Kids 10 ml,34,2947.35,0.0827,0.889,5,pre_recall
2023-08-01,TR17,Surat-Vadodara,West,Gujarat,T2,Pharmacy Chain,DePURA Kids 15 ml,87,10863.82,0.0797,0.879,5,pre_recall
2023-08-01,TR17,Surat-Vadodara,West,Gujarat,T2,Retail Chemist,DePURA Kids 10 ml,112,10212.78,0.0351,0.865,5,pre_recall
2023-08-01,TR17,Surat-Vadodara,West,Gujarat,T2,Retail Chemist,DePURA Kids 15 ml,427,55015.5,0.0313,0.859,5,pre_recall
2023-08-01,TR18,Rajkot,West,Gujarat,T3,E-Pharmacy,DePURA Kids 10 ml,16,1267.6,0.1616,0.968,7,pre_recall
2023-08-01,TR18,Rajkot,West,Gujarat,T3,E-Pharmacy,DePURA Kids 15 ml,39,4483.42,0.1356,0.945,7,pre_recall
2023-08-01,TR18,Rajkot,West,Gujarat,T3,Hospital Pharmacy,DePURA Kids 10 ml,30,2747.73,0.0308,0.868,7,pre_recall
2023-08-01,TR18,Rajkot,West,Gujarat,T3,Hospital Pharmacy,DePURA Kids 15 ml,75,9758.93,0.0217,0.9,7,pre_recall
2023-08-01,TR18,Rajkot,West,Gujarat,T3,Pharmacy Chain,DePURA Kids 10 ml,16,1387.54,0.0823,0.843,7,pre_recall
2023-08-01,TR18,Rajkot,West,Gujarat,T3,Pharmacy Chain,DePURA Kids 15 ml,35,4266.28,0.0835,0.836,7,pre_recall
2023-08-01,TR18,Rajkot,West,Gujarat,T3,Retail Chemist,DePURA Kids 10 ml,187,16934.11,0.0397,0.928,7,pre_recall
2023-08-01,TR18,Rajkot,West,Gujarat,T3,Retail Chemist,DePURA Kids 15 ml,521,66314.34,0.043,0.96,7,pre_recall
2023-08-01,TR19,Indore,Central,Madhya Pradesh,T2,E-Pharmacy,DePURA Kids 10 ml,36,2933.74,0.1376,0.898,6,pre_recall
2023-08-01,TR19,Indore,Central,Madhya Pradesh,T2,E-Pharmacy,DePURA Kids 15 ml,136,15414.38,0.1478,0.898,6,pre_recall
2023-08-01,TR19,Indore,Central,Madhya Pradesh,T2,Hospital Pharmacy,DePURA Kids 10 ml,48,4446.52,0.0197,0.889,6,pre_recall
2023-08-01,TR19,Indore,Central,Madhya Pradesh,T2,Hospital Pharmacy,DePURA Kids 15 ml,144,18629.22,0.0273,0.836,6,pre_recall
2023-08-01,TR19,Indore,Central,Madhya Pradesh,T2,Pharmacy Chain,DePURA Kids 10 ml,56,4789.91,0.0949,0.895,6,pre_recall
2023-08-01,TR19,Indore,Central,Madhya Pradesh,T2,Pharmacy Chain,DePURA Kids 15 ml,144,17719.65,0.0748,0.84,6,pre_recall
2023-08-01,TR19,Indore,Central,Madhya Pradesh,T2,Retail Chemist,DePURA Kids 10 ml,177,16412.67,0.0188,0.883,6,pre_recall
2023-08-01,TR19,Indore,Central,Madhya Pradesh,T2,Retail Chemist,DePURA Kids 15 ml,552,69849.78,0.0486,0.828,6,pre_recall
2023-08-01,TR20,Bhopal,Central,Madhya Pradesh,T2,E-Pharmacy,DePURA Kids 10 ml,15,1218.39,0.1405,0.908,3,pre_recall
2023-08-01,TR20,Bhopal,Central,Madhya Pradesh,T2,E-Pharmacy,DePURA Kids 15 ml,48,5374.19,0.1582,0.894,3,pre_recall
2023-08-01,TR20,Bhopal,Central,Madhya Pradesh,T2,Hospital Pharmacy,DePURA Kids 10 ml,21,1950.04,0.0174,0.902,3,pre_recall
2023-08-01,TR20,Bhopal,Central,Madhya Pradesh,T2,Hospital Pharmacy,DePURA Kids 15 ml,63,8275.57,0.0123,0.874,3,pre_recall
2023-08-01,TR20,Bhopal,Central,Madhya Pradesh,T2,Pharmacy Chain,DePURA Kids 10 ml,20,1763.68,0.0668,0.896,3,pre_recall
2023-08-01,TR20,Bhopal,Central,Madhya Pradesh,T2,Pharmacy Chain,DePURA Kids 15 ml,55,6661.82,0.0893,0.891,3,pre_recall
2023-08-01,TR20,Bhopal,Central,Madhya Pradesh,T2,Retail Chemist,DePURA Kids 10 ml,82,7300.24,0.0579,0.867,3,pre_recall
2023-08-01,TR20,Bhopal,Central,Madhya Pradesh,T2,Retail Chemist,DePURA Kids 15 ml,237,30516.43,0.0319,0.867,3,pre_recall
2023-08-01,TR21,Jabalpur,Central,Madhya Pradesh,T3,E-Pharmacy,DePURA Kids 10 ml,14,1117.89,0.155,0.965,5,pre_recall
2023-08-01,TR21,Jabalpur,Central,Madhya Pradesh,T3,E-Pharmacy,DePURA Kids 15 ml,30,3299.14,0.1731,0.993,5,pre_recall
2023-08-01,TR21,Jabalpur,Central,Madhya Pradesh,T3,Hospital Pharmacy,DePURA Kids 10 ml,23,2164.76,0.004,0.988,5,pre_recall
2023-08-01,TR21,Jabalpur,Central,Madhya Pradesh,T3,Hospital Pharmacy,DePURA Kids 15 ml,65,8436.58,0.0241,0.927,5,pre_recall
2023-08-01,TR21,Jabalpur,Central,Madhya Pradesh,T3,Pharmacy Chain,DePURA Kids 10 ml,19,1662.62,0.0797,0.918,5,pre_recall
2023-08-01,TR21,Jabalpur,Central,Madhya Pradesh,T3,Pharmacy Chain,DePURA Kids 15 ml,39,4857.85,0.0635,0.902,5,pre_recall
2023-08-01,TR21,Jabalpur,Central,Madhya Pradesh,T3,Retail Chemist,DePURA Kids 10 ml,124,11208.82,0.0435,0.95,5,pre_recall
2023-08-01,TR21,Jabalpur,Central,Madhya Pradesh,T3,Retail Chemist,DePURA Kids 15 ml,333,43427.34,0.0195,1.0,5,pre_recall
2023-08-01,TR22,Raipur,Central,Chhattisgarh,T3,E-Pharmacy,DePURA Kids 10 ml,15,1206.0,0.1492,0.94,6,pre_recall
2023-08-01,TR22,Raipur,Central,Chhattisgarh,T3,E-Pharmacy,DePURA Kids 15 ml,37,4266.26,0.133,0.905,6,pre_recall
2023-08-01,TR22,Raipur,Central,Chhattisgarh,T3,Hospital Pharmacy,DePURA Kids 10 ml,28,2578.15,0.0256,0.866,6,pre_recall
2023-08-01,TR22,Raipur,Central,Chhattisgarh,T3,Hospital Pharmacy,DePURA Kids 15 ml,86,10910.04,0.0462,0.918,6,pre_recall
2023-08-01,TR22,Raipur,Central,Chhattisgarh,T3,Pharmacy Chain,DePURA Kids 10 ml,22,1902.72,0.0848,0.931,6,pre_recall
2023-08-01,TR22,Raipur,Central,Chhattisgarh,T3,Pharmacy Chain,DePURA Kids 15 ml,39,4803.15,0.074,0.92,6,pre_recall
2023-08-01,TR22,Raipur,Central,Chhattisgarh,T3,Retail Chemist,DePURA Kids 10 ml,166,15160.95,0.0335,0.88,6,pre_recall
2023-08-01,TR22,Raipur,Central,Chhattisgarh,T3,Retail Chemist,DePURA Kids 15 ml,420,53413.71,0.0438,0.852,6,pre_recall
2023-08-01,TR23,Bengaluru North,South,Karnataka,T1,E-Pharmacy,DePURA Kids 10 ml,68,5445.93,0.1525,1.0,11,pre_recall
2023-08-01,TR23,Bengaluru North,South,Karnataka,T1,E-Pharmacy,DePURA Kids 15 ml,377,42010.5,0.1622,0.956,11,pre_recall
2023-08-01,TR23,Bengaluru North,South,Karnataka,T1,Hospital Pharmacy,DePURA Kids 10 ml,82,7749.0,0.0,0.981,11,pre_recall
2023-08-01,TR23,Bengaluru North,South,Karnataka,T1,Hospital Pharmacy,DePURA Kids 15 ml,328,43290.15,0.0077,0.895,11,pre_recall
2023-08-01,TR23,Bengaluru North,South,Karnataka,T1,Pharmacy Chain,DePURA Kids 10 ml,80,6912.08,0.0857,0.937,11,pre_recall
2023-08-01,TR23,Bengaluru North,South,Karnataka,T1,Pharmacy Chain,DePURA Kids 15 ml,449,54643.81,0.085,0.938,11,pre_recall
2023-08-01,TR23,Bengaluru North,South,Karnataka,T1,Retail Chemist,DePURA Kids 10 ml,266,23841.53,0.0515,0.955,11,pre_recall
2023-08-01,TR23,Bengaluru North,South,Karnataka,T1,Retail Chemist,DePURA Kids 15 ml,935,120857.62,0.0281,0.88,11,pre_recall
2023-08-01,TR24,Bengaluru South,South,Karnataka,T1,E-Pharmacy,DePURA Kids 10 ml,77,6252.64,0.1407,0.915,16,pre_recall
2023-08-01,TR24,Bengaluru South,South,Karnataka,T1,E-Pharmacy,DePURA Kids 15 ml,479,53866.9,0.1545,0.983,16,pre_recall
2023-08-01,TR24,Bengaluru South,South,Karnataka,T1,Hospital Pharmacy,DePURA Kids 10 ml,83,7612.72,0.0294,0.896,16,pre_recall
2023-08-01,TR24,Bengaluru South,South,Karnataka,T1,Hospital Pharmacy,DePURA Kids 15 ml,418,54071.1,0.0274,0.862,16,pre_recall
2023-08-01,TR24,Bengaluru South,South,Karnataka,T1,Pharmacy Chain,DePURA Kids 10 ml,123,10724.12,0.0774,0.897,16,pre_recall
2023-08-01,TR24,Bengaluru South,South,Karnataka,T1,Pharmacy Chain,DePURA Kids 15 ml,435,53429.89,0.0765,0.892,16,pre_recall
2023-08-01,TR24,Bengaluru South,South,Karnataka,T1,Retail Chemist,DePURA Kids 10 ml,316,28805.45,0.0354,0.919,16,pre_recall
2023-08-01,TR24,Bengaluru South,South,Karnataka,T1,Retail Chemist,DePURA Kids 15 ml,1011,130494.05,0.0295,0.849,16,pre_recall
2023-08-01,TR25,Mysuru-Mangaluru,South,Karnataka,T3,E-Pharmacy,DePURA Kids 10 ml,8,639.88,0.1536,0.96,4,pre_recall
2023-08-01,TR25,Mysuru-Mangaluru,South,Karnataka,T3,E-Pharmacy,DePURA Kids 15 ml,20,2221.62,0.1648,1.0,4,pre_recall
2023-08-01,TR25,Mysuru-Mangaluru,South,Karnataka,T3,Hospital Pharmacy,DePURA Kids 10 ml,14,1299.54,0.0177,0.913,4,pre_recall
2023-08-01,TR25,Mysuru-Mangaluru,South,Karnataka,T3,Hospital Pharmacy,DePURA Kids 15 ml,36,4588.24,0.0417,0.935,4,pre_recall
2023-08-01,TR25,Mysuru-Mangaluru,South,Karnataka,T3,Pharmacy Chain,DePURA Kids 10 ml,7,616.67,0.0678,0.911,4,pre_recall
2023-08-01,TR25,Mysuru-Mangaluru,South,Karnataka,T3,Pharmacy Chain,DePURA Kids 15 ml,24,2920.95,0.0849,0.971,4,pre_recall
2023-08-01,TR25,Mysuru-Mangaluru,South,Karnataka,T3,Retail Chemist,DePURA Kids 10 ml,65,5928.24,0.0349,0.858,4,pre_recall
2023-08-01,TR25,Mysuru-Mangaluru,South,Karnataka,T3,Retail Chemist,DePURA Kids 15 ml,182,23675.9,0.0219,0.96,4,pre_recall
2023-08-01,TR26,Chennai,South,Tamil Nadu,T1,E-Pharmacy,DePURA Kids 10 ml,91,7391.99,0.1404,0.953,16,pre_recall
2023-08-01,TR26,Chennai,South,Tamil Nadu,T1,E-Pharmacy,DePURA Kids 15 ml,464,51038.44,0.173,0.982,16,pre_recall
2023-08-01,TR26,Chennai,South,Tamil Nadu,T1,Hospital Pharmacy,DePURA Kids 10 ml,90,8478.64,0.0031,0.953,16,pre_recall
2023-08-01,TR26,Chennai,South,Tamil Nadu,T1,Hospital Pharmacy,DePURA Kids 15 ml,295,38297.41,0.0239,0.924,16,pre_recall
2023-08-01,TR26,Chennai,South,Tamil Nadu,T1,Pharmacy Chain,DePURA Kids 10 ml,104,9117.63,0.0723,0.978,16,pre_recall
2023-08-01,TR26,Chennai,South,Tamil Nadu,T1,Pharmacy Chain,DePURA Kids 15 ml,570,70499.03,0.0701,0.999,16,pre_recall
2023-08-01,TR26,Chennai,South,Tamil Nadu,T1,Retail Chemist,DePURA Kids 10 ml,306,27568.37,0.0466,0.96,16,pre_recall
2023-08-01,TR26,Chennai,South,Tamil Nadu,T1,Retail Chemist,DePURA Kids 15 ml,1091,137391.56,0.0531,0.889,16,pre_recall
2023-08-01,TR27,Coimbatore-Madurai,South,Tamil Nadu,T2,E-Pharmacy,DePURA Kids 10 ml,36,2969.81,0.127,0.989,8,pre_recall
2023-08-01,TR27,Coimbatore-Madurai,South,Tamil Nadu,T2,E-Pharmacy,DePURA Kids 15 ml,90,10115.63,0.1549,1.0,8,pre_recall
2023-08-01,TR27,Coimbatore-Madurai,South,Tamil Nadu,T2,Hospital Pharmacy,DePURA Kids 10 ml,42,3936.94,0.01985,0.949,8,pre_recall
2023-08-01,TR27,Coimbatore-Madurai,South,Tamil Nadu,T2,Hospital Pharmacy,DePURA Kids 15 ml,151,19417.87,0.0331,1.0,8,pre_recall
2023-08-01,TR27,Coimbatore-Madurai,South,Tamil Nadu,T2,Pharmacy Chain,DePURA Kids 10 ml,42,3718.87,0.063,0.951,8,pre_recall
2023-08-01,TR27,Coimbatore-Madurai,South,Tamil Nadu,T2,Pharmacy Chain,DePURA Kids 15 ml,120,14497.82,0.0916,0.972,8,pre_recall
2023-08-01,TR27,Coimbatore-Madurai,South,Tamil Nadu,T2,Retail Chemist,DePURA Kids 10 ml,207,18568.67,0.0508,0.978,8,pre_recall
2023-08-01,TR27,Coimbatore-Madurai,South,Tamil Nadu,T2,Retail Chemist,DePURA Kids 15 ml,431,55290.18,0.0355,0.897,8,pre_recall
2023-08-01,TR28,Hyderabad,South,Telangana,T1,E-Pharmacy,DePURA Kids 10 ml,72,5669.61,0.1667,0.945,9,pre_recall
2023-08-01,TR28,Hyderabad,South,Telangana,T1,E-Pharmacy,DePURA Kids 15 ml,342,38476.56,0.1541,0.951,9,pre_recall
2023-08-01,TR28,Hyderabad,South,Telangana,T1,Hospital Pharmacy,DePURA Kids 10 ml,63,5841.44,0.0188,0.87,9,pre_recall
2023-08-01,TR28,Hyderabad,South,Telangana,T1,Hospital Pharmacy,DePURA Kids 15 ml,352,46572.75,0.0052,0.98,9,pre_recall
2023-08-01,TR28,Hyderabad,South,Telangana,T1,Pharmacy Chain,DePURA Kids 10 ml,94,8113.21,0.0867,0.932,9,pre_recall
2023-08-01,TR28,Hyderabad,South,Telangana,T1,Pharmacy Chain,DePURA Kids 15 ml,532,64628.64,0.0866,0.947,9,pre_recall
2023-08-01,TR28,Hyderabad,South,Telangana,T1,Retail Chemist,DePURA Kids 10 ml,277,25121.74,0.0403,0.924,9,pre_recall
2023-08-01,TR28,Hyderabad,South,Telangana,T1,Retail Chemist,DePURA Kids 15 ml,1338,172300.64,0.0318,0.91,9,pre_recall
2023-08-01,TR29,Vijayawada-Vizag,South,Andhra Pradesh,T2,E-Pharmacy,DePURA Kids 10 ml,18,1440.12,0.1534,0.955,5,pre_recall
2023-08-01,TR29,Vijayawada-Vizag,South,Andhra Pradesh,T2,E-Pharmacy,DePURA Kids 15 ml,54,6037.66,0.1593,0.915,5,pre_recall
2023-08-01,TR29,Vijayawada-Vizag,South,Andhra Pradesh,T2,Hospital Pharmacy,DePURA Kids 10 ml,22,2028.96,0.0241,0.978,5,pre_recall
2023-08-01,TR29,Vijayawada-Vizag,South,Andhra Pradesh,T2,Hospital Pharmacy,DePURA Kids 15 ml,73,9455.48,0.0261,0.952,5,pre_recall
2023-08-01,TR29,Vijayawada-Vizag,South,Andhra Pradesh,T2,Pharmacy Chain,DePURA Kids 10 ml,21,1828.3,0.0787,0.915,5,pre_recall
2023-08-01,TR29,Vijayawada-Vizag,South,Andhra Pradesh,T2,Pharmacy Chain,DePURA Kids 15 ml,76,9148.11,0.095,0.943,5,pre_recall
2023-08-01,TR29,Vijayawada-Vizag,South,Andhra Pradesh,T2,Retail Chemist,DePURA Kids 10 ml,100,9044.5,0.0429,0.97,5,pre_recall
2023-08-01,TR29,Vijayawada-Vizag,South,Andhra Pradesh,T2,Retail Chemist,DePURA Kids 15 ml,284,35101.34,0.0707,0.939,5,pre_recall
2023-08-01,TR30,Kochi-Trivandrum,South,Kerala,T2,E-Pharmacy,DePURA Kids 10 ml,39,3094.08,0.1605,0.996,5,pre_recall
2023-08-01,TR30,Kochi-Trivandrum,South,Kerala,T2,E-Pharmacy,DePURA Kids 15 ml,108,12148.7,0.1542,0.904,5,pre_recall
2023-08-01,TR30,Kochi-Trivandrum,South,Kerala,T2,Hospital Pharmacy,DePURA Kids 10 ml,43,3915.62,0.0364,0.844,5,pre_recall
2023-08-01,TR30,Kochi-Trivandrum,South,Kerala,T2,Hospital Pharmacy,DePURA Kids 15 ml,116,15186.58,0.0156,0.864,5,pre_recall
2023-08-01,TR30,Kochi-Trivandrum,South,Kerala,T2,Pharmacy Chain,DePURA Kids 10 ml,44,3806.22,0.0846,0.895,5,pre_recall
2023-08-01,TR30,Kochi-Trivandrum,South,Kerala,T2,Pharmacy Chain,DePURA Kids 15 ml,121,14690.49,0.0872,0.938,5,pre_recall
2023-08-01,TR30,Kochi-Trivandrum,South,Kerala,T2,Retail Chemist,DePURA Kids 10 ml,201,18415.49,0.0305,0.838,5,pre_recall
2023-08-01,TR30,Kochi-Trivandrum,South,Kerala,T2,Retail Chemist,DePURA Kids 15 ml,548,68740.58,0.0568,0.876,5,pre_recall
2023-08-01,TR31,Kolkata,East,West Bengal,T1,E-Pharmacy,DePURA Kids 10 ml,59,4790.35,0.1408,0.907,16,pre_recall
2023-08-01,TR31,Kolkata,East,West Bengal,T1,E-Pharmacy,DePURA Kids 15 ml,311,35812.76,0.1342,0.965,16,pre_recall
2023-08-01,TR31,Kolkata,East,West Bengal,T1,Hospital Pharmacy,DePURA Kids 10 ml,55,5114.13,0.016,0.936,16,pre_recall
2023-08-01,TR31,Kolkata,East,West Bengal,T1,Hospital Pharmacy,DePURA Kids 15 ml,209,27795.12,0.0001,0.927,16,pre_recall
2023-08-01,TR31,Kolkata,East,West Bengal,T1,Pharmacy Chain,DePURA Kids 10 ml,73,6142.18,0.1096,0.928,16,pre_recall
2023-08-01,TR31,Kolkata,East,West Bengal,T1,Pharmacy Chain,DePURA Kids 15 ml,295,35723.99,0.0895,0.913,16,pre_recall
2023-08-01,TR31,Kolkata,East,West Bengal,T1,Retail Chemist,DePURA Kids 10 ml,186,17100.66,0.0271,0.902,16,pre_recall
2023-08-01,TR31,Kolkata,East,West Bengal,T1,Retail Chemist,DePURA Kids 15 ml,936,120156.21,0.0348,0.895,16,pre_recall
2023-08-01,TR32,Siliguri-Durgapur,East,West Bengal,T3,E-Pharmacy,DePURA Kids 10 ml,7,562.29,0.15,0.961,3,pre_recall
2023-08-01,TR32,Siliguri-Durgapur,East,West Bengal,T3,E-Pharmacy,DePURA Kids 15 ml,26,2904.72,0.16,0.976,3,pre_recall
2023-08-01,TR32,Siliguri-Durgapur,East,West Bengal,T3,Hospital Pharmacy,DePURA Kids 10 ml,19,1742.09,0.0297,0.964,3,pre_recall
2023-08-01,TR32,Siliguri-Durgapur,East,West Bengal,T3,Hospital Pharmacy,DePURA Kids 15 ml,42,5434.99,0.027,0.933,3,pre_recall
2023-08-01,TR32,Siliguri-Durgapur,East,West Bengal,T3,Pharmacy Chain,DePURA Kids 10 ml,12,1031.11,0.0907,0.918,3,pre_recall
2023-08-01,TR32,Siliguri-Durgapur,East,West Bengal,T3,Pharmacy Chain,DePURA Kids 15 ml,28,3423.68,0.0806,1.0,3,pre_recall
2023-08-01,TR32,Siliguri-Durgapur,East,West Bengal,T3,Retail Chemist,DePURA Kids 10 ml,115,10493.51,0.0344,0.996,3,pre_recall
2023-08-01,TR32,Siliguri-Durgapur,East,West Bengal,T3,Retail Chemist,DePURA Kids 15 ml,240,30295.75,0.0509,0.943,3,pre_recall
2023-08-01,TR33,Patna,East,Bihar,T2,E-Pharmacy,DePURA Kids 10 ml,25,2030.19,0.1407,0.941,6,pre_recall
2023-08-01,TR33,Patna,East,Bihar,T2,E-Pharmacy,DePURA Kids 15 ml,66,7547.29,0.1402,0.881,6,pre_recall
2023-08-01,TR33,Patna,East,Bihar,T2,Hospital Pharmacy,DePURA Kids 10 ml,28,2612.44,0.0127,0.887,6,pre_recall
2023-08-01,TR33,Patna,East,Bihar,T2,Hospital Pharmacy,DePURA Kids 15 ml,77,10241.0,0.0,0.936,6,pre_recall
2023-08-01,TR33,Patna,East,Bihar,T2,Pharmacy Chain,DePURA Kids 10 ml,29,2502.29,0.0869,0.878,6,pre_recall
2023-08-01,TR33,Patna,East,Bihar,T2,Pharmacy Chain,DePURA Kids 15 ml,82,10096.12,0.0743,0.898,6,pre_recall
2023-08-01,TR33,Patna,East,Bihar,T2,Retail Chemist,DePURA Kids 10 ml,107,9778.44,0.0329,0.956,6,pre_recall
2023-08-01,TR33,Patna,East,Bihar,T2,Retail Chemist,DePURA Kids 15 ml,379,47469.54,0.0583,0.994,6,pre_recall
2023-08-01,TR34,Ranchi,East,Jharkhand,T3,E-Pharmacy,DePURA Kids 10 ml,14,1116.66,0.156,0.877,6,pre_recall
2023-08-01,TR34,Ranchi,East,Jharkhand,T3,E-Pharmacy,DePURA Kids 15 ml,27,3028.75,0.1566,0.981,6,pre_recall
2023-08-01,TR34,Ranchi,East,Jharkhand,T3,Hospital Pharmacy,DePURA Kids 10 ml,23,2169.63,0.0018,0.922,6,pre_recall
2023-08-01,TR34,Ranchi,East,Jharkhand,T3,Hospital Pharmacy,DePURA Kids 15 ml,46,5970.06,0.0242,0.87,6,pre_recall
2023-08-01,TR34,Ranchi,East,Jharkhand,T3,Pharmacy Chain,DePURA Kids 10 ml,16,1388.9,0.0814,0.966,6,pre_recall
2023-08-01,TR34,Ranchi,East,Jharkhand,T3,Pharmacy Chain,DePURA Kids 15 ml,33,3925.8,0.1055,0.919,6,pre_recall
2023-08-01,TR34,Ranchi,East,Jharkhand,T3,Retail Chemist,DePURA Kids 10 ml,167,15232.32,0.0348,0.921,6,pre_recall
2023-08-01,TR34,Ranchi,East,Jharkhand,T3,Retail Chemist,DePURA Kids 15 ml,288,35917.85,0.0623,0.911,6,pre_recall
2023-08-01,TR35,Bhubaneswar,East,Odisha,T2,E-Pharmacy,DePURA Kids 10 ml,22,1763.06,0.152,0.953,6,pre_recall
2023-08-01,TR35,Bhubaneswar,East,Odisha,T2,E-Pharmacy,DePURA Kids 15 ml,55,6283.75,0.141,0.885,6,pre_recall
2023-08-01,TR35,Bhubaneswar,East,Odisha,T2,Hospital Pharmacy,DePURA Kids 10 ml,27,2491.32,0.0236,0.868,6,pre_recall
2023-08-01,TR35,Bhubaneswar,East,Odisha,T2,Hospital Pharmacy,DePURA Kids 15 ml,87,11420.25,0.013,0.93,6,pre_recall
2023-08-01,TR35,Bhubaneswar,East,Odisha,T2,Pharmacy Chain,DePURA Kids 10 ml,26,2303.62,0.0624,0.893,6,pre_recall
2023-08-01,TR35,Bhubaneswar,East,Odisha,T2,Pharmacy Chain,DePURA Kids 15 ml,74,9264.03,0.0587,0.899,6,pre_recall
2023-08-01,TR35,Bhubaneswar,East,Odisha,T2,Retail Chemist,DePURA Kids 10 ml,115,10328.4,0.0496,0.867,6,pre_recall
2023-08-01,TR35,Bhubaneswar,East,Odisha,T2,Retail Chemist,DePURA Kids 15 ml,440,55134.15,0.0579,0.929,6,pre_recall
2023-08-01,TR36,Guwahati,East,Assam,T2,E-Pharmacy,DePURA Kids 10 ml,28,2192.28,0.1715,1.0,8,pre_recall
2023-08-01,TR36,Guwahati,East,Assam,T2,E-Pharmacy,DePURA Kids 15 ml,80,9208.5,0.1345,1.0,8,pre_recall
2023-08-01,TR36,Guwahati,East,Assam,T2,Hospital Pharmacy,DePURA Kids 10 ml,31,2872.7,0.0194,0.947,8,pre_recall
2023-08-01,TR36,Guwahati,East,Assam,T2,Hospital Pharmacy,DePURA Kids 15 ml,136,17894.38,0.0107,1.0,8,pre_recall
2023-08-01,TR36,Guwahati,East,Assam,T2,Pharmacy Chain,DePURA Kids 10 ml,36,3072.17,0.097,0.963,8,pre_recall
2023-08-01,TR36,Guwahati,East,Assam,T2,Pharmacy Chain,DePURA Kids 15 ml,130,15688.4,0.0926,1.0,8,pre_recall
2023-08-01,TR36,Guwahati,East,Assam,T2,Retail Chemist,DePURA Kids 10 ml,175,15713.49,0.0498,0.965,8,pre_recall
2023-08-01,TR36,Guwahati,East,Assam,T2,Retail Chemist,DePURA Kids 15 ml,535,68647.62,0.0352,0.951,8,pre_recall
2023-09-01,TR01,Delhi North,North,Delhi,T1,E-Pharmacy,DePURA Kids 10 ml,102,8312.38,0.1376,0.953,16,pre_recall
2023-09-01,TR01,Delhi North,North,Delhi,T1,E-Pharmacy,DePURA Kids 15 ml,529,59973.24,0.1476,0.929,16,pre_recall
2023-09-01,TR01,Delhi North,North,Delhi,T1,Hospital Pharmacy,DePURA Kids 10 ml,76,7182.0,0.01985,0.904,16,pre_recall
2023-09-01,TR01,Delhi North,North,Delhi,T1,Hospital Pharmacy,DePURA Kids 15 ml,374,49742.0,0.0,0.965,16,pre_recall
2023-09-01,TR01,Delhi North,North,Delhi,T1,Pharmacy Chain,DePURA Kids 10 ml,122,10563.23,0.0838,0.917,16,pre_recall
2023-09-01,TR01,Delhi North,North,Delhi,T1,Pharmacy Chain,DePURA Kids 15 ml,573,68742.0,0.098,0.959,16,pre_recall
2023-09-01,TR01,Delhi North,North,Delhi,T1,Retail Chemist,DePURA Kids 10 ml,294,26816.84,0.0348,0.913,16,pre_recall
2023-09-01,TR01,Delhi North,North,Delhi,T1,Retail Chemist,DePURA Kids 15 ml,1747,221314.09,0.0475,0.96,16,pre_recall
2023-09-01,TR02,Delhi South,North,Delhi,T1,E-Pharmacy,DePURA Kids 10 ml,104,8128.19,0.173,0.96,12,pre_recall
2023-09-01,TR02,Delhi South,North,Delhi,T1,E-Pharmacy,DePURA Kids 15 ml,373,41832.92,0.1567,0.938,12,pre_recall
2023-09-01,TR02,Delhi South,North,Delhi,T1,Hospital Pharmacy,DePURA Kids 10 ml,79,7234.14,0.031,0.892,12,pre_recall
2023-09-01,TR02,Delhi South,North,Delhi,T1,Hospital Pharmacy,DePURA Kids 15 ml,381,48254.98,0.0477,0.881,12,pre_recall
2023-09-01,TR02,Delhi South,North,Delhi,T1,Pharmacy Chain,DePURA Kids 10 ml,111,9595.08,0.0853,0.932,12,pre_recall
2023-09-01,TR02,Delhi South,North,Delhi,T1,Pharmacy Chain,DePURA Kids 15 ml,520,63804.64,0.0774,1.0,12,pre_recall
2023-09-01,TR02,Delhi South,North,Delhi,T1,Retail Chemist,DePURA Kids 10 ml,337,30393.58,0.0456,0.982,12,pre_recall
2023-09-01,TR02,Delhi South,North,Delhi,T1,Retail Chemist,DePURA Kids 15 ml,1441,183365.7,0.0432,0.948,12,pre_recall
2023-09-01,TR03,Noida-Ghaziabad,North,Uttar Pradesh,T2,E-Pharmacy,DePURA Kids 10 ml,23,1849.93,0.1489,0.984,5,pre_recall
2023-09-01,TR03,Noida-Ghaziabad,North,Uttar Pradesh,T2,E-Pharmacy,DePURA Kids 15 ml,71,7998.01,0.153,0.96,5,pre_recall
2023-09-01,TR03,Noida-Ghaziabad,North,Uttar Pradesh,T2,Hospital Pharmacy,DePURA Kids 10 ml,32,2979.92,0.0146,0.992,5,pre_recall
2023-09-01,TR03,Noida-Ghaziabad,North,Uttar Pradesh,T2,Hospital Pharmacy,DePURA Kids 15 ml,97,12657.15,0.0189,0.926,5,pre_recall
2023-09-01,TR03,Noida-Ghaziabad,North,Uttar Pradesh,T2,Pharmacy Chain,DePURA Kids 10 ml,37,3213.09,0.0811,0.949,5,pre_recall
2023-09-01,TR03,Noida-Ghaziabad,North,Uttar Pradesh,T2,Pharmacy Chain,DePURA Kids 15 ml,115,13971.31,0.0865,0.929,5,pre_recall
2023-09-01,TR03,Noida-Ghaziabad,North,Uttar Pradesh,T2,Retail Chemist,DePURA Kids 10 ml,114,10446.31,0.0303,0.888,5,pre_recall
2023-09-01,TR03,Noida-Ghaziabad,North,Uttar Pradesh,T2,Retail Chemist,DePURA Kids 15 ml,439,56254.62,0.0365,0.887,5,pre_recall
2023-09-01,TR04,Gurugram-Faridabad,North,Haryana,T2,E-Pharmacy,DePURA Kids 10 ml,25,2013.23,0.1478,0.933,8,pre_recall
2023-09-01,TR04,Gurugram-Faridabad,North,Haryana,T2,E-Pharmacy,DePURA Kids 15 ml,80,9118.81,0.143,0.966,8,pre_recall
2023-09-01,TR04,Gurugram-Faridabad,North,Haryana,T2,Hospital Pharmacy,DePURA Kids 10 ml,26,2369.93,0.0354,0.87,8,pre_recall
2023-09-01,TR04,Gurugram-Faridabad,North,Haryana,T2,Hospital Pharmacy,DePURA Kids 15 ml,88,11133.87,0.0487,0.947,8,pre_recall
2023-09-01,TR04,Gurugram-Faridabad,North,Haryana,T2,Pharmacy Chain,DePURA Kids 10 ml,31,2637.47,0.0997,0.931,8,pre_recall
2023-09-01,TR04,Gurugram-Faridabad,North,Haryana,T2,Pharmacy Chain,DePURA Kids 15 ml,118,14618.68,0.0685,0.902,8,pre_recall
2023-09-01,TR04,Gurugram-Faridabad,North,Haryana,T2,Retail Chemist,DePURA Kids 10 ml,127,11436.67,0.0471,0.916,8,pre_recall
2023-09-01,TR04,Gurugram-Faridabad,North,Haryana,T2,Retail Chemist,DePURA Kids 15 ml,443,56713.51,0.0374,0.925,8,pre_recall
2023-09-01,TR05,Lucknow,North,Uttar Pradesh,T2,E-Pharmacy,DePURA Kids 10 ml,28,2265.17,0.1439,0.897,6,pre_recall
2023-09-01,TR05,Lucknow,North,Uttar Pradesh,T2,E-Pharmacy,DePURA Kids 15 ml,76,8506.41,0.1584,0.929,6,pre_recall
2023-09-01,TR05,Lucknow,North,Uttar Pradesh,T2,Hospital Pharmacy,DePURA Kids 10 ml,37,3296.98,0.0571,0.917,6,pre_recall
2023-09-01,TR05,Lucknow,North,Uttar Pradesh,T2,Hospital Pharmacy,DePURA Kids 15 ml,121,15372.97,0.0447,0.902,6,pre_recall
2023-09-01,TR05,Lucknow,North,Uttar Pradesh,T2,Pharmacy Chain,DePURA Kids 10 ml,35,3060.42,0.0747,0.88,6,pre_recall
2023-09-01,TR05,Lucknow,North,Uttar Pradesh,T2,Pharmacy Chain,DePURA Kids 15 ml,116,14078.91,0.0874,0.862,6,pre_recall
2023-09-01,TR05,Lucknow,North,Uttar Pradesh,T2,Retail Chemist,DePURA Kids 10 ml,151,13783.44,0.0341,0.892,6,pre_recall
2023-09-01,TR05,Lucknow,North,Uttar Pradesh,T2,Retail Chemist,DePURA Kids 15 ml,425,54961.63,0.0277,0.868,6,pre_recall
2023-09-01,TR06,Kanpur-Agra,North,Uttar Pradesh,T2,E-Pharmacy,DePURA Kids 10 ml,32,2551.64,0.1562,1.0,5,pre_recall
2023-09-01,TR06,Kanpur-Agra,North,Uttar Pradesh,T2,E-Pharmacy,DePURA Kids 15 ml,120,13724.75,0.1401,0.953,5,pre_recall
2023-09-01,TR06,Kanpur-Agra,North,Uttar Pradesh,T2,Hospital Pharmacy,DePURA Kids 10 ml,43,4019.28,0.0109,0.875,5,pre_recall
2023-09-01,TR06,Kanpur-Agra,North,Uttar Pradesh,T2,Hospital Pharmacy,DePURA Kids 15 ml,131,17159.79,0.0151,0.943,5,pre_recall
2023-09-01,TR06,Kanpur-Agra,North,Uttar Pradesh,T2,Pharmacy Chain,DePURA Kids 10 ml,58,5090.34,0.0713,0.944,5,pre_recall
2023-09-01,TR06,Kanpur-Agra,North,Uttar Pradesh,T2,Pharmacy Chain,DePURA Kids 15 ml,143,17947.09,0.0564,0.991,5,pre_recall
2023-09-01,TR06,Kanpur-Agra,North,Uttar Pradesh,T2,Retail Chemist,DePURA Kids 10 ml,183,16345.04,0.0548,0.97,5,pre_recall
2023-09-01,TR06,Kanpur-Agra,North,Uttar Pradesh,T2,Retail Chemist,DePURA Kids 15 ml,510,65364.52,0.0363,0.949,5,pre_recall
2023-09-01,TR07,Varanasi-Gorakhpur,North,Uttar Pradesh,T3,E-Pharmacy,DePURA Kids 10 ml,8,647.6,0.1434,0.916,3,pre_recall
2023-09-01,TR07,Varanasi-Gorakhpur,North,Uttar Pradesh,T3,E-Pharmacy,DePURA Kids 15 ml,15,1648.09,0.1739,0.942,3,pre_recall
2023-09-01,TR07,Varanasi-Gorakhpur,North,Uttar Pradesh,T3,Hospital Pharmacy,DePURA Kids 10 ml,12,1126.84,0.0063,0.954,3,pre_recall
2023-09-01,TR07,Varanasi-Gorakhpur,North,Uttar Pradesh,T3,Hospital Pharmacy,DePURA Kids 15 ml,25,3250.93,0.0223,0.905,3,pre_recall
2023-09-01,TR07,Varanasi-Gorakhpur,North,Uttar Pradesh,T3,Pharmacy Chain,DePURA Kids 10 ml,8,696.01,0.0794,0.91,3,pre_recall
2023-09-01,TR07,Varanasi-Gorakhpur,North,Uttar Pradesh,T3,Pharmacy Chain,DePURA Kids 15 ml,20,2386.86,0.1027,0.95,3,pre_recall
2023-09-01,TR07,Varanasi-Gorakhpur,North,Uttar Pradesh,T3,Retail Chemist,DePURA Kids 10 ml,73,6652.33,0.0357,0.939,3,pre_recall
2023-09-01,TR07,Varanasi-Gorakhpur,North,Uttar Pradesh,T3,Retail Chemist,DePURA Kids 15 ml,177,22682.05,0.0365,0.917,3,pre_recall
2023-09-01,TR08,Chandigarh-Mohali,North,Chandigarh,T2,E-Pharmacy,DePURA Kids 10 ml,18,1476.61,0.1319,0.943,7,pre_recall
2023-09-01,TR08,Chandigarh-Mohali,North,Chandigarh,T2,E-Pharmacy,DePURA Kids 15 ml,69,7741.91,0.1564,0.964,7,pre_recall
2023-09-01,TR08,Chandigarh-Mohali,North,Chandigarh,T2,Hospital Pharmacy,DePURA Kids 10 ml,33,3036.55,0.0263,0.925,7,pre_recall
2023-09-01,TR08,Chandigarh-Mohali,North,Chandigarh,T2,Hospital Pharmacy,DePURA Kids 15 ml,79,10453.38,0.0051,0.934,7,pre_recall
2023-09-01,TR08,Chandigarh-Mohali,North,Chandigarh,T2,Pharmacy Chain,DePURA Kids 10 ml,29,2495.44,0.0894,0.968,7,pre_recall
2023-09-01,TR08,Chandigarh-Mohali,North,Chandigarh,T2,Pharmacy Chain,DePURA Kids 15 ml,125,15010.45,0.0971,0.913,7,pre_recall
2023-09-01,TR08,Chandigarh-Mohali,North,Chandigarh,T2,Retail Chemist,DePURA Kids 10 ml,119,10751.84,0.0439,0.953,7,pre_recall
2023-09-01,TR08,Chandigarh-Mohali,North,Chandigarh,T2,Retail Chemist,DePURA Kids 15 ml,621,79149.99,0.0417,0.953,7,pre_recall
2023-09-01,TR09,Ludhiana-Amritsar,North,Punjab,T2,E-Pharmacy,DePURA Kids 10 ml,25,1995.31,0.1499,0.918,6,pre_recall
2023-09-01,TR09,Ludhiana-Amritsar,North,Punjab,T2,E-Pharmacy,DePURA Kids 15 ml,83,9341.56,0.1538,0.932,6,pre_recall
2023-09-01,TR09,Ludhiana-Amritsar,North,Punjab,T2,Hospital Pharmacy,DePURA Kids 10 ml,31,2850.72,0.0269,0.89,6,pre_recall
2023-09-01,TR09,Ludhiana-Amritsar,North,Punjab,T2,Hospital Pharmacy,DePURA Kids 15 ml,127,16276.17,0.0364,0.908,6,pre_recall
2023-09-01,TR09,Ludhiana-Amritsar,North,Punjab,T2,Pharmacy Chain,DePURA Kids 10 ml,30,2606.41,0.0806,0.875,6,pre_recall
2023-09-01,TR09,Ludhiana-Amritsar,North,Punjab,T2,Pharmacy Chain,DePURA Kids 15 ml,131,16000.85,0.0816,0.878,6,pre_recall
2023-09-01,TR09,Ludhiana-Amritsar,North,Punjab,T2,Retail Chemist,DePURA Kids 10 ml,133,12058.01,0.0406,0.899,6,pre_recall
2023-09-01,TR09,Ludhiana-Amritsar,North,Punjab,T2,Retail Chemist,DePURA Kids 15 ml,470,58753.92,0.0601,0.903,6,pre_recall
2023-09-01,TR10,Jaipur,North,Rajasthan,T2,E-Pharmacy,DePURA Kids 10 ml,14,1135.75,0.1415,0.929,7,pre_recall
2023-09-01,TR10,Jaipur,North,Rajasthan,T2,E-Pharmacy,DePURA Kids 15 ml,39,4471.88,0.1379,1.0,7,pre_recall
2023-09-01,TR10,Jaipur,North,Rajasthan,T2,Hospital Pharmacy,DePURA Kids 10 ml,17,1550.05,0.0351,0.927,7,pre_recall
2023-09-01,TR10,Jaipur,North,Rajasthan,T2,Hospital Pharmacy,DePURA Kids 15 ml,52,6916.0,0.0,0.942,7,pre_recall
2023-09-01,TR10,Jaipur,North,Rajasthan,T2,Pharmacy Chain,DePURA Kids 10 ml,16,1399.26,0.0746,0.934,7,pre_recall
2023-09-01,TR10,Jaipur,North,Rajasthan,T2,Pharmacy Chain,DePURA Kids 15 ml,57,6968.66,0.0808,0.92,7,pre_recall
2023-09-01,TR10,Jaipur,North,Rajasthan,T2,Retail Chemist,DePURA Kids 10 ml,64,5824.83,0.0369,0.905,7,pre_recall
2023-09-01,TR10,Jaipur,North,Rajasthan,T2,Retail Chemist,DePURA Kids 15 ml,194,25066.21,0.0285,0.843,7,pre_recall
2023-09-01,TR11,Dehradun,North,Uttarakhand,T3,E-Pharmacy,DePURA Kids 10 ml,9,717.04,0.1569,0.919,6,pre_recall
2023-09-01,TR11,Dehradun,North,Uttarakhand,T3,E-Pharmacy,DePURA Kids 15 ml,24,2746.73,0.1395,0.918,6,pre_recall
2023-09-01,TR11,Dehradun,North,Uttarakhand,T3,Hospital Pharmacy,DePURA Kids 10 ml,16,1510.13,0.0012,0.839,6,pre_recall
2023-09-01,TR11,Dehradun,North,Uttarakhand,T3,Hospital Pharmacy,DePURA Kids 15 ml,37,4847.12,0.015,0.897,6,pre_recall
2023-09-01,TR11,Dehradun,North,Uttarakhand,T3,Pharmacy Chain,DePURA Kids 10 ml,9,785.52,0.0764,0.893,6,pre_recall
2023-09-01,TR11,Dehradun,North,Uttarakhand,T3,Pharmacy Chain,DePURA Kids 15 ml,25,3028.48,0.0892,0.936,6,pre_recall
2023-09-01,TR11,Dehradun,North,Uttarakhand,T3,Retail Chemist,DePURA Kids 10 ml,90,8218.32,0.0337,0.894,6,pre_recall
2023-09-01,TR11,Dehradun,North,Uttarakhand,T3,Retail Chemist,DePURA Kids 15 ml,257,32510.67,0.0489,0.921,6,pre_recall
2023-09-01,TR12,Mumbai West,West,Maharashtra,T1,E-Pharmacy,DePURA Kids 10 ml,37,2972.32,0.1499,0.957,10,pre_recall
2023-09-01,TR12,Mumbai West,West,Maharashtra,T1,E-Pharmacy,DePURA Kids 15 ml,162,18364.53,0.1477,1.0,10,pre_recall
2023-09-01,TR12,Mumbai West,West,Maharashtra,T1,Hospital Pharmacy,DePURA Kids 10 ml,29,2656.96,0.0305,0.919,10,pre_recall
2023-09-01,TR12,Mumbai West,West,Maharashtra,T1,Hospital Pharmacy,DePURA Kids 15 ml,128,16693.44,0.0194,0.903,10,pre_recall
2023-09-01,TR12,Mumbai West,West,Maharashtra,T1,Pharmacy Chain,DePURA Kids 10 ml,39,3435.96,0.0677,0.91,10,pre_recall
2023-09-01,TR12,Mumbai West,West,Maharashtra,T1,Pharmacy Chain,DePURA Kids 15 ml,170,20522.39,0.0923,0.938,10,pre_recall
2023-09-01,TR12,Mumbai West,West,Maharashtra,T1,Retail Chemist,DePURA Kids 10 ml,104,9414.54,0.0421,0.92,10,pre_recall
2023-09-01,TR12,Mumbai West,West,Maharashtra,T1,Retail Chemist,DePURA Kids 15 ml,480,62583.04,0.0197,1.0,10,pre_recall
2023-09-01,TR13,Mumbai Thane,West,Maharashtra,T1,E-Pharmacy,DePURA Kids 10 ml,125,10048.16,0.1494,0.97,14,pre_recall
2023-09-01,TR13,Mumbai Thane,West,Maharashtra,T1,E-Pharmacy,DePURA Kids 15 ml,514,58469.95,0.1447,0.981,14,pre_recall
2023-09-01,TR13,Mumbai Thane,West,Maharashtra,T1,Hospital Pharmacy,DePURA Kids 10 ml,72,6711.93,0.0135,0.965,14,pre_recall
2023-09-01,TR13,Mumbai Thane,West,Maharashtra,T1,Hospital Pharmacy,DePURA Kids 15 ml,344,44835.16,0.02,0.882,14,pre_recall
2023-09-01,TR13,Mumbai Thane,West,Maharashtra,T1,Pharmacy Chain,DePURA Kids 10 ml,90,7730.02,0.0911,0.93,14,pre_recall
2023-09-01,TR13,Mumbai Thane,West,Maharashtra,T1,Pharmacy Chain,DePURA Kids 15 ml,480,59016.39,0.0756,0.91,14,pre_recall
2023-09-01,TR13,Mumbai Thane,West,Maharashtra,T1,Retail Chemist,DePURA Kids 10 ml,261,23688.97,0.0396,0.9,14,pre_recall
2023-09-01,TR13,Mumbai Thane,West,Maharashtra,T1,Retail Chemist,DePURA Kids 15 ml,1212,154651.83,0.0406,0.912,14,pre_recall
2023-09-01,TR14,Pune,West,Maharashtra,T1,E-Pharmacy,DePURA Kids 10 ml,73,5893.96,0.1456,0.964,11,pre_recall
2023-09-01,TR14,Pune,West,Maharashtra,T1,E-Pharmacy,DePURA Kids 15 ml,307,34591.86,0.1528,1.0,11,pre_recall
2023-09-01,TR14,Pune,West,Maharashtra,T1,Hospital Pharmacy,DePURA Kids 10 ml,50,4618.96,0.0224,0.887,11,pre_recall
2023-09-01,TR14,Pune,West,Maharashtra,T1,Hospital Pharmacy,DePURA Kids 15 ml,225,28995.03,0.0311,0.932,11,pre_recall
2023-09-01,TR14,Pune,West,Maharashtra,T1,Pharmacy Chain,DePURA Kids 10 ml,73,6419.24,0.0695,0.909,11,pre_recall
2023-09-01,TR14,Pune,West,Maharashtra,T1,Pharmacy Chain,DePURA Kids 15 ml,443,54412.68,0.0765,0.935,11,pre_recall
2023-09-01,TR14,Pune,West,Maharashtra,T1,Retail Chemist,DePURA Kids 10 ml,227,20782.39,0.0312,0.937,11,pre_recall
2023-09-01,TR14,Pune,West,Maharashtra,T1,Retail Chemist,DePURA Kids 15 ml,825,103124.93,0.0602,0.896,11,pre_recall
2023-09-01,TR15,Nagpur,West,Maharashtra,T2,E-Pharmacy,DePURA Kids 10 ml,25,2017.97,0.1458,0.906,10,pre_recall
2023-09-01,TR15,Nagpur,West,Maharashtra,T2,E-Pharmacy,DePURA Kids 15 ml,59,6681.73,0.1485,0.873,10,pre_recall
2023-09-01,TR15,Nagpur,West,Maharashtra,T2,Hospital Pharmacy,DePURA Kids 10 ml,42,3895.23,0.0186,0.893,10,pre_recall
2023-09-01,TR15,Nagpur,West,Maharashtra,T2,Hospital Pharmacy,DePURA Kids 15 ml,80,10595.91,0.0041,0.874,10,pre_recall
2023-09-01,TR15,Nagpur,West,Maharashtra,T2,Pharmacy Chain,DePURA Kids 10 ml,27,2355.75,0.0767,0.889,10,pre_recall
2023-09-01,TR15,Nagpur,West,Maharashtra,T2,Pharmacy Chain,DePURA Kids 15 ml,108,13138.93,0.0853,0.909,10,pre_recall
2023-09-01,TR15,Nagpur,West,Maharashtra,T2,Retail Chemist,DePURA Kids 10 ml,117,10839.1,0.0197,0.837,10,pre_recall
2023-09-01,TR15,Nagpur,West,Maharashtra,T2,Retail Chemist,DePURA Kids 15 ml,361,47040.64,0.0203,0.898,10,pre_recall
2023-09-01,TR16,Ahmedabad,West,Gujarat,T1,E-Pharmacy,DePURA Kids 10 ml,68,5471.16,0.1486,0.944,16,pre_recall
2023-09-01,TR16,Ahmedabad,West,Gujarat,T1,E-Pharmacy,DePURA Kids 15 ml,346,38581.06,0.1616,0.914,16,pre_recall
2023-09-01,TR16,Ahmedabad,West,Gujarat,T1,Hospital Pharmacy,DePURA Kids 10 ml,75,7058.27,0.0041,0.891,16,pre_recall
2023-09-01,TR16,Ahmedabad,West,Gujarat,T1,Hospital Pharmacy,DePURA Kids 15 ml,283,36746.72,0.0237,0.943,16,pre_recall
2023-09-01,TR16,Ahmedabad,West,Gujarat,T1,Pharmacy Chain,DePURA Kids 10 ml,95,8227.6,0.0835,0.894,16,pre_recall
2023-09-01,TR16,Ahmedabad,West,Gujarat,T1,Pharmacy Chain,DePURA Kids 15 ml,416,50708.94,0.0835,0.927,16,pre_recall
2023-09-01,TR16,Ahmedabad,West,Gujarat,T1,Retail Chemist,DePURA Kids 10 ml,243,21327.57,0.0712,0.919,16,pre_recall
2023-09-01,TR16,Ahmedabad,West,Gujarat,T1,Retail Chemist,DePURA Kids 15 ml,1175,150973.8,0.0339,0.919,16,pre_recall
2023-09-01,TR17,Surat-Vadodara,West,Gujarat,T2,E-Pharmacy,DePURA Kids 10 ml,18,1454.38,0.145,0.858,5,pre_recall
2023-09-01,TR17,Surat-Vadodara,West,Gujarat,T2,E-Pharmacy,DePURA Kids 15 ml,61,6970.24,0.1409,0.928,5,pre_recall
2023-09-01,TR17,Surat-Vadodara,West,Gujarat,T2,Hospital Pharmacy,DePURA Kids 10 ml,28,2620.02,0.0098,0.895,5,pre_recall
2023-09-01,TR17,Surat-Vadodara,West,Gujarat,T2,Hospital Pharmacy,DePURA Kids 15 ml,91,11966.01,0.0113,0.871,5,pre_recall
2023-09-01,TR17,Surat-Vadodara,West,Gujarat,T2,Pharmacy Chain,DePURA Kids 10 ml,32,2814.73,0.0692,0.89,5,pre_recall
2023-09-01,TR17,Surat-Vadodara,West,Gujarat,T2,Pharmacy Chain,DePURA Kids 15 ml,93,11589.44,0.063,0.9,5,pre_recall
2023-09-01,TR17,Surat-Vadodara,West,Gujarat,T2,Retail Chemist,DePURA Kids 10 ml,123,11253.58,0.0318,0.851,5,pre_recall
2023-09-01,TR17,Surat-Vadodara,West,Gujarat,T2,Retail Chemist,DePURA Kids 15 ml,368,47005.04,0.0396,0.912,5,pre_recall
2023-09-01,TR18,Rajkot,West,Gujarat,T3,E-Pharmacy,DePURA Kids 10 ml,18,1455.27,0.1499,0.938,7,pre_recall
2023-09-01,TR18,Rajkot,West,Gujarat,T3,E-Pharmacy,DePURA Kids 15 ml,47,5436.84,0.1302,0.976,7,pre_recall
2023-09-01,TR18,Rajkot,West,Gujarat,T3,Hospital Pharmacy,DePURA Kids 10 ml,37,3424.27,0.0207,0.895,7,pre_recall
2023-09-01,TR18,Rajkot,West,Gujarat,T3,Hospital Pharmacy,DePURA Kids 15 ml,77,10175.97,0.0063,0.87,7,pre_recall
2023-09-01,TR18,Rajkot,West,Gujarat,T3,Pharmacy Chain,DePURA Kids 10 ml,19,1665.04,0.0727,0.937,7,pre_recall
2023-09-01,TR18,Rajkot,West,Gujarat,T3,Pharmacy Chain,DePURA Kids 15 ml,44,5390.2,0.0789,0.872,7,pre_recall
2023-09-01,TR18,Rajkot,West,Gujarat,T3,Retail Chemist,DePURA Kids 10 ml,185,16812.19,0.0383,0.851,7,pre_recall
2023-09-01,TR18,Rajkot,West,Gujarat,T3,Retail Chemist,DePURA Kids 15 ml,379,48988.76,0.0281,0.881,7,pre_recall
2023-09-01,TR19,Indore,Central,Madhya Pradesh,T2,E-Pharmacy,DePURA Kids 10 ml,36,2881.82,0.1529,0.899,6,pre_recall
2023-09-01,TR19,Indore,Central,Madhya Pradesh,T2,E-Pharmacy,DePURA Kids 15 ml,137,15755.99,0.1353,0.952,6,pre_recall
2023-09-01,TR19,Indore,Central,Madhya Pradesh,T2,Hospital Pharmacy,DePURA Kids 10 ml,47,4398.91,0.0096,0.884,6,pre_recall
2023-09-01,TR19,Indore,Central,Madhya Pradesh,T2,Hospital Pharmacy,DePURA Kids 15 ml,174,22587.0,0.024,0.855,6,pre_recall
2023-09-01,TR19,Indore,Central,Madhya Pradesh,T2,Pharmacy Chain,DePURA Kids 10 ml,52,4510.26,0.0822,0.869,6,pre_recall
2023-09-01,TR19,Indore,Central,Madhya Pradesh,T2,Pharmacy Chain,DePURA Kids 15 ml,157,19100.74,0.0853,0.818,6,pre_recall
2023-09-01,TR19,Indore,Central,Madhya Pradesh,T2,Retail Chemist,DePURA Kids 10 ml,226,20512.61,0.0395,0.943,6,pre_recall
2023-09-01,TR19,Indore,Central,Madhya Pradesh,T2,Retail Chemist,DePURA Kids 15 ml,606,79040.31,0.0193,0.853,6,pre_recall
2023-09-01,TR20,Bhopal,Central,Madhya Pradesh,T2,E-Pharmacy,DePURA Kids 10 ml,18,1478.71,0.1307,0.953,3,pre_recall
2023-09-01,TR20,Bhopal,Central,Madhya Pradesh,T2,E-Pharmacy,DePURA Kids 15 ml,45,5204.87,0.1303,0.872,3,pre_recall
2023-09-01,TR20,Bhopal,Central,Madhya Pradesh,T2,Hospital Pharmacy,DePURA Kids 10 ml,25,2307.96,0.0231,0.885,3,pre_recall
2023-09-01,TR20,Bhopal,Central,Madhya Pradesh,T2,Hospital Pharmacy,DePURA Kids 15 ml,90,11706.44,0.022,0.944,3,pre_recall
2023-09-01,TR20,Bhopal,Central,Madhya Pradesh,T2,Pharmacy Chain,DePURA Kids 10 ml,22,1938.86,0.0674,0.943,3,pre_recall
2023-09-01,TR20,Bhopal,Central,Madhya Pradesh,T2,Pharmacy Chain,DePURA Kids 15 ml,65,7820.53,0.0954,0.873,3,pre_recall
2023-09-01,TR20,Bhopal,Central,Madhya Pradesh,T2,Retail Chemist,DePURA Kids 10 ml,94,8577.99,0.0343,0.927,3,pre_recall
2023-09-01,TR20,Bhopal,Central,Madhya Pradesh,T2,Retail Chemist,DePURA Kids 15 ml,261,33350.85,0.0392,0.96,3,pre_recall
2023-09-01,TR21,Jabalpur,Central,Madhya Pradesh,T3,E-Pharmacy,DePURA Kids 10 ml,15,1215.44,0.1425,1.0,5,pre_recall
2023-09-01,TR21,Jabalpur,Central,Madhya Pradesh,T3,E-Pharmacy,DePURA Kids 15 ml,36,4121.69,0.1392,0.938,5,pre_recall
2023-09-01,TR21,Jabalpur,Central,Madhya Pradesh,T3,Hospital Pharmacy,DePURA Kids 10 ml,27,2498.08,0.0209,0.996,5,pre_recall
2023-09-01,TR21,Jabalpur,Central,Madhya Pradesh,T3,Hospital Pharmacy,DePURA Kids 15 ml,46,6105.79,0.002,0.955,5,pre_recall
2023-09-01,TR21,Jabalpur,Central,Madhya Pradesh,T3,Pharmacy Chain,DePURA Kids 10 ml,16,1371.49,0.0929,0.958,5,pre_recall
2023-09-01,TR21,Jabalpur,Central,Madhya Pradesh,T3,Pharmacy Chain,DePURA Kids 15 ml,46,5703.88,0.0677,0.951,5,pre_recall
2023-09-01,TR21,Jabalpur,Central,Madhya Pradesh,T3,Retail Chemist,DePURA Kids 10 ml,143,12768.26,0.0551,0.96,5,pre_recall
2023-09-01,TR21,Jabalpur,Central,Madhya Pradesh,T3,Retail Chemist,DePURA Kids 15 ml,321,41418.88,0.0298,0.976,5,pre_recall
2023-09-01,TR22,Raipur,Central,Chhattisgarh,T3,E-Pharmacy,DePURA Kids 10 ml,18,1470.11,0.1357,0.9,6,pre_recall
2023-09-01,TR22,Raipur,Central,Chhattisgarh,T3,E-Pharmacy,DePURA Kids 15 ml,37,4191.08,0.1483,0.873,6,pre_recall
2023-09-01,TR22,Raipur,Central,Chhattisgarh,T3,Hospital Pharmacy,DePURA Kids 10 ml,29,2647.96,0.0338,0.888,6,pre_recall
2023-09-01,TR22,Raipur,Central,Chhattisgarh,T3,Hospital Pharmacy,DePURA Kids 15 ml,57,7403.51,0.0234,0.865,6,pre_recall
2023-09-01,TR22,Raipur,Central,Chhattisgarh,T3,Pharmacy Chain,DePURA Kids 10 ml,16,1394.78,0.0775,0.826,6,pre_recall
2023-09-01,TR22,Raipur,Central,Chhattisgarh,T3,Pharmacy Chain,DePURA Kids 15 ml,63,7988.91,0.0466,0.913,6,pre_recall
2023-09-01,TR22,Raipur,Central,Chhattisgarh,T3,Retail Chemist,DePURA Kids 10 ml,225,20294.18,0.0455,0.862,6,pre_recall
2023-09-01,TR22,Raipur,Central,Chhattisgarh,T3,Retail Chemist,DePURA Kids 15 ml,416,51712.75,0.0653,0.838,6,pre_recall
2023-09-01,TR23,Bengaluru North,South,Karnataka,T1,E-Pharmacy,DePURA Kids 10 ml,79,6343.1,0.1503,0.898,11,pre_recall
2023-09-01,TR23,Bengaluru North,South,Karnataka,T1,E-Pharmacy,DePURA Kids 15 ml,313,34955.82,0.1603,0.958,11,pre_recall
2023-09-01,TR23,Bengaluru North,South,Karnataka,T1,Hospital Pharmacy,DePURA Kids 10 ml,85,7597.25,0.0542,0.947,11,pre_recall
2023-09-01,TR23,Bengaluru North,South,Karnataka,T1,Hospital Pharmacy,DePURA Kids 15 ml,266,34162.14,0.0344,0.901,11,pre_recall
2023-09-01,TR23,Bengaluru North,South,Karnataka,T1,Pharmacy Chain,DePURA Kids 10 ml,70,6147.72,0.0706,0.854,11,pre_recall
2023-09-01,TR23,Bengaluru North,South,Karnataka,T1,Pharmacy Chain,DePURA Kids 15 ml,435,53498.62,0.0753,0.885,11,pre_recall
2023-09-01,TR23,Bengaluru North,South,Karnataka,T1,Retail Chemist,DePURA Kids 10 ml,231,20973.53,0.0392,0.946,11,pre_recall
2023-09-01,TR23,Bengaluru North,South,Karnataka,T1,Retail Chemist,DePURA Kids 15 ml,1079,136878.72,0.0462,0.919,11,pre_recall
2023-09-01,TR24,Bengaluru South,South,Karnataka,T1,E-Pharmacy,DePURA Kids 10 ml,90,7301.52,0.1415,0.921,16,pre_recall
2023-09-01,TR24,Bengaluru South,South,Karnataka,T1,E-Pharmacy,DePURA Kids 15 ml,545,62200.25,0.1419,0.926,16,pre_recall
2023-09-01,TR24,Bengaluru South,South,Karnataka,T1,Hospital Pharmacy,DePURA Kids 10 ml,66,6024.7,0.01985,0.811,16,pre_recall
2023-09-01,TR24,Bengaluru South,South,Karnataka,T1,Hospital Pharmacy,DePURA Kids 15 ml,406,53074.94,0.0171,0.852,16,pre_recall
2023-09-01,TR24,Bengaluru South,South,Karnataka,T1,Pharmacy Chain,DePURA Kids 10 ml,100,8474.17,0.1033,0.844,16,pre_recall
2023-09-01,TR24,Bengaluru South,South,Karnataka,T1,Pharmacy Chain,DePURA Kids 15 ml,489,59538.74,0.0845,0.859,16,pre_recall
2023-09-01,TR24,Bengaluru South,South,Karnataka,T1,Retail Chemist,DePURA Kids 10 ml,274,24572.11,0.051,0.901,16,pre_recall
2023-09-01,TR24,Bengaluru South,South,Karnataka,T1,Retail Chemist,DePURA Kids 15 ml,1469,189926.04,0.0279,0.931,16,pre_recall
2023-09-01,TR25,Mysuru-Mangaluru,South,Karnataka,T3,E-Pharmacy,DePURA Kids 10 ml,8,637.32,0.157,0.907,4,pre_recall
2023-09-01,TR25,Mysuru-Mangaluru,South,Karnataka,T3,E-Pharmacy,DePURA Kids 15 ml,16,1827.1,0.1414,0.993,4,pre_recall
2023-09-01,TR25,Mysuru-Mangaluru,South,Karnataka,T3,Hospital Pharmacy,DePURA Kids 10 ml,15,1393.77,0.0167,0.965,4,pre_recall
2023-09-01,TR25,Mysuru-Mangaluru,South,Karnataka,T3,Hospital Pharmacy,DePURA Kids 15 ml,33,4369.38,0.0045,0.98,4,pre_recall
2023-09-01,TR25,Mysuru-Mangaluru,South,Karnataka,T3,Pharmacy Chain,DePURA Kids 10 ml,8,705.41,0.0669,0.933,4,pre_recall
2023-09-01,TR25,Mysuru-Mangaluru,South,Karnataka,T3,Pharmacy Chain,DePURA Kids 15 ml,32,3897.21,0.0843,0.944,4,pre_recall
2023-09-01,TR25,Mysuru-Mangaluru,South,Karnataka,T3,Retail Chemist,DePURA Kids 10 ml,101,9054.06,0.0514,0.927,4,pre_recall
2023-09-01,TR25,Mysuru-Mangaluru,South,Karnataka,T3,Retail Chemist,DePURA Kids 15 ml,213,27482.78,0.0299,0.911,4,pre_recall
2023-09-01,TR26,Chennai,South,Tamil Nadu,T1,E-Pharmacy,DePURA Kids 10 ml,98,7957.02,0.1408,0.955,16,pre_recall
2023-09-01,TR26,Chennai,South,Tamil Nadu,T1,E-Pharmacy,DePURA Kids 15 ml,524,58884.92,0.1551,0.96,16,pre_recall
2023-09-01,TR26,Chennai,South,Tamil Nadu,T1,Hospital Pharmacy,DePURA Kids 10 ml,93,8599.86,0.0215,0.967,16,pre_recall
2023-09-01,TR26,Chennai,South,Tamil Nadu,T1,Hospital Pharmacy,DePURA Kids 15 ml,404,53066.61,0.0124,0.883,16,pre_recall
2023-09-01,TR26,Chennai,South,Tamil Nadu,T1,Pharmacy Chain,DePURA Kids 10 ml,91,7720.99,0.1022,0.889,16,pre_recall
2023-09-01,TR26,Chennai,South,Tamil Nadu,T1,Pharmacy Chain,DePURA Kids 15 ml,563,69592.36,0.0706,0.997,16,pre_recall
2023-09-01,TR26,Chennai,South,Tamil Nadu,T1,Retail Chemist,DePURA Kids 10 ml,301,26871.6,0.0553,1.0,16,pre_recall
2023-09-01,TR26,Chennai,South,Tamil Nadu,T1,Retail Chemist,DePURA Kids 15 ml,1179,148302.78,0.0542,0.933,16,pre_recall
2023-09-01,TR27,Coimbatore-Madurai,South,Tamil Nadu,T2,E-Pharmacy,DePURA Kids 10 ml,35,2829.95,0.1444,0.975,8,pre_recall
2023-09-01,TR27,Coimbatore-Madurai,South,Tamil Nadu,T2,E-Pharmacy,DePURA Kids 15 ml,95,10740.41,0.1499,1.0,8,pre_recall
2023-09-01,TR27,Coimbatore-Madurai,South,Tamil Nadu,T2,Hospital Pharmacy,DePURA Kids 10 ml,41,3844.63,0.0077,0.953,8,pre_recall
2023-09-01,TR27,Coimbatore-Madurai,South,Tamil Nadu,T2,Hospital Pharmacy,DePURA Kids 15 ml,138,18304.6,0.0027,0.968,8,pre_recall
2023-09-01,TR27,Coimbatore-Madurai,South,Tamil Nadu,T2,Pharmacy Chain,DePURA Kids 10 ml,48,4104.17,0.0952,0.945,8,pre_recall
2023-09-01,TR27,Coimbatore-Madurai,South,Tamil Nadu,T2,Pharmacy Chain,DePURA Kids 15 ml,159,19618.91,0.0723,0.977,8,pre_recall
2023-09-01,TR27,Coimbatore-Madurai,South,Tamil Nadu,T2,Retail Chemist,DePURA Kids 10 ml,247,22342.75,0.0428,0.974,8,pre_recall
2023-09-01,TR27,Coimbatore-Madurai,South,Tamil Nadu,T2,Retail Chemist,DePURA Kids 15 ml,628,81408.96,0.0253,0.931,8,pre_recall
2023-09-01,TR28,Hyderabad,South,Telangana,T1,E-Pharmacy,DePURA Kids 10 ml,83,6697.84,0.1461,0.892,9,pre_recall
2023-09-01,TR28,Hyderabad,South,Telangana,T1,E-Pharmacy,DePURA Kids 15 ml,402,45283.8,0.153,0.977,9,pre_recall
2023-09-01,TR28,Hyderabad,South,Telangana,T1,Hospital Pharmacy,DePURA Kids 10 ml,69,6516.43,0.0006,0.905,9,pre_recall
2023-09-01,TR28,Hyderabad,South,Telangana,T1,Hospital Pharmacy,DePURA Kids 15 ml,301,38558.97,0.0368,0.869,9,pre_recall
2023-09-01,TR28,Hyderabad,South,Telangana,T1,Pharmacy Chain,DePURA Kids 10 ml,94,8353.69,0.0596,0.963,9,pre_recall
2023-09-01,TR28,Hyderabad,South,Telangana,T1,Pharmacy Chain,DePURA Kids 15 ml,449,55400.16,0.0723,0.898,9,pre_recall
2023-09-01,TR28,Hyderabad,South,Telangana,T1,Retail Chemist,DePURA Kids 10 ml,243,21763.25,0.0523,0.922,9,pre_recall
2023-09-01,TR28,Hyderabad,South,Telangana,T1,Retail Chemist,DePURA Kids 15 ml,1186,149799.2,0.0503,0.886,9,pre_recall
2023-09-01,TR29,Vijayawada-Vizag,South,Andhra Pradesh,T2,E-Pharmacy,DePURA Kids 10 ml,19,1517.55,0.1548,1.0,5,pre_recall
2023-09-01,TR29,Vijayawada-Vizag,South,Andhra Pradesh,T2,E-Pharmacy,DePURA Kids 15 ml,44,5021.1,0.142,0.925,5,pre_recall
2023-09-01,TR29,Vijayawada-Vizag,South,Andhra Pradesh,T2,Hospital Pharmacy,DePURA Kids 10 ml,24,2251.15,0.0074,0.975,5,pre_recall
2023-09-01,TR29,Vijayawada-Vizag,South,Andhra Pradesh,T2,Hospital Pharmacy,DePURA Kids 15 ml,69,8983.55,0.0211,0.933,5,pre_recall
2023-09-01,TR29,Vijayawada-Vizag,South,Andhra Pradesh,T2,Pharmacy Chain,DePURA Kids 10 ml,27,2346.84,0.0802,0.989,5,pre_recall
2023-09-01,TR29,Vijayawada-Vizag,South,Andhra Pradesh,T2,Pharmacy Chain,DePURA Kids 15 ml,61,7355.87,0.0933,0.938,5,pre_recall
2023-09-01,TR29,Vijayawada-Vizag,South,Andhra Pradesh,T2,Retail Chemist,DePURA Kids 10 ml,103,9379.96,0.0363,0.993,5,pre_recall
2023-09-01,TR29,Vijayawada-Vizag,South,Andhra Pradesh,T2,Retail Chemist,DePURA Kids 15 ml,328,41611.9,0.0461,1.0,5,pre_recall
2023-09-01,TR30,Kochi-Trivandrum,South,Kerala,T2,E-Pharmacy,DePURA Kids 10 ml,37,2960.92,0.1532,0.94,5,pre_recall
2023-09-01,TR30,Kochi-Trivandrum,South,Kerala,T2,E-Pharmacy,DePURA Kids 15 ml,111,12616.69,0.1454,0.868,5,pre_recall
2023-09-01,TR30,Kochi-Trivandrum,South,Kerala,T2,Hospital Pharmacy,DePURA Kids 10 ml,42,3885.7,0.021,0.94,5,pre_recall
2023-09-01,TR30,Kochi-Trivandrum,South,Kerala,T2,Hospital Pharmacy,DePURA Kids 15 ml,141,18267.32,0.0259,0.875,5,pre_recall
2023-09-01,TR30,Kochi-Trivandrum,South,Kerala,T2,Pharmacy Chain,DePURA Kids 10 ml,36,3208.4,0.0569,0.897,5,pre_recall
2023-09-01,TR30,Kochi-Trivandrum,South,Kerala,T2,Pharmacy Chain,DePURA Kids 15 ml,129,16215.94,0.0549,0.913,5,pre_recall
2023-09-01,TR30,Kochi-Trivandrum,South,Kerala,T2,Retail Chemist,DePURA Kids 10 ml,193,17690.52,0.03,0.907,5,pre_recall
2023-09-01,TR30,Kochi-Trivandrum,South,Kerala,T2,Retail Chemist,DePURA Kids 15 ml,672,86266.88,0.0348,0.885,5,pre_recall
2023-09-01,TR31,Kolkata,East,West Bengal,T1,E-Pharmacy,DePURA Kids 10 ml,68,5414.58,0.1574,0.985,16,pre_recall
2023-09-01,TR31,Kolkata,East,West Bengal,T1,E-Pharmacy,DePURA Kids 15 ml,344,38989.11,0.1478,0.899,16,pre_recall
2023-09-01,TR31,Kolkata,East,West Bengal,T1,Hospital Pharmacy,DePURA Kids 10 ml,57,5285.85,0.0187,0.924,16,pre_recall
2023-09-01,TR31,Kolkata,East,West Bengal,T1,Hospital Pharmacy,DePURA Kids 15 ml,227,30115.76,0.01985,0.904,16,pre_recall
2023-09-01,TR31,Kolkata,East,West Bengal,T1,Pharmacy Chain,DePURA Kids 10 ml,82,7082.41,0.086,0.983,16,pre_recall
2023-09-01,TR31,Kolkata,East,West Bengal,T1,Pharmacy Chain,DePURA Kids 15 ml,405,48901.76,0.0921,0.906,16,pre_recall
2023-09-01,TR31,Kolkata,East,West Bengal,T1,Retail Chemist,DePURA Kids 10 ml,221,19884.38,0.0479,0.926,16,pre_recall
2023-09-01,TR31,Kolkata,East,West Bengal,T1,Retail Chemist,DePURA Kids 15 ml,920,118939.61,0.028,0.975,16,pre_recall
2023-09-01,TR32,Siliguri-Durgapur,East,West Bengal,T3,E-Pharmacy,DePURA Kids 10 ml,10,786.57,0.1677,1.0,3,pre_recall
2023-09-01,TR32,Siliguri-Durgapur,East,West Bengal,T3,E-Pharmacy,DePURA Kids 15 ml,26,2905.51,0.1598,0.956,3,pre_recall
2023-09-01,TR32,Siliguri-Durgapur,East,West Bengal,T3,Hospital Pharmacy,DePURA Kids 10 ml,20,1862.2,0.0147,0.991,3,pre_recall
2023-09-01,TR32,Siliguri-Durgapur,East,West Bengal,T3,Hospital Pharmacy,DePURA Kids 15 ml,41,5341.51,0.0204,0.936,3,pre_recall
2023-09-01,TR32,Siliguri-Durgapur,East,West Bengal,T3,Pharmacy Chain,DePURA Kids 10 ml,11,948.99,0.0871,0.919,3,pre_recall
2023-09-01,TR32,Siliguri-Durgapur,East,West Bengal,T3,Pharmacy Chain,DePURA Kids 15 ml,25,3090.29,0.0706,0.959,3,pre_recall
2023-09-01,TR32,Siliguri-Durgapur,East,West Bengal,T3,Retail Chemist,DePURA Kids 10 ml,97,8824.06,0.0374,0.955,3,pre_recall
2023-09-01,TR32,Siliguri-Durgapur,East,West Bengal,T3,Retail Chemist,DePURA Kids 15 ml,237,29797.51,0.0547,0.971,3,pre_recall
2023-09-01,TR33,Patna,East,Bihar,T2,E-Pharmacy,DePURA Kids 10 ml,20,1544.06,0.183,0.927,6,pre_recall
2023-09-01,TR33,Patna,East,Bihar,T2,E-Pharmacy,DePURA Kids 15 ml,62,7104.8,0.1384,1.0,6,pre_recall
2023-09-01,TR33,Patna,East,Bihar,T2,Hospital Pharmacy,DePURA Kids 10 ml,23,2151.05,0.0103,0.894,6,pre_recall
2023-09-01,TR33,Patna,East,Bihar,T2,Hospital Pharmacy,DePURA Kids 15 ml,106,13629.9,0.0332,1.0,6,pre_recall
2023-09-01,TR33,Patna,East,Bihar,T2,Pharmacy Chain,DePURA Kids 10 ml,29,2489.0,0.0918,0.921,6,pre_recall
2023-09-01,TR33,Patna,East,Bihar,T2,Pharmacy Chain,DePURA Kids 15 ml,84,10282.97,0.0796,0.877,6,pre_recall
2023-09-01,TR33,Patna,East,Bihar,T2,Retail Chemist,DePURA Kids 10 ml,145,12946.56,0.0552,0.942,6,pre_recall
2023-09-01,TR33,Patna,East,Bihar,T2,Retail Chemist,DePURA Kids 15 ml,391,49339.84,0.0512,0.949,6,pre_recall
2023-09-01,TR34,Ranchi,East,Jharkhand,T3,E-Pharmacy,DePURA Kids 10 ml,12,969.06,0.1454,0.91,6,pre_recall
2023-09-01,TR34,Ranchi,East,Jharkhand,T3,E-Pharmacy,DePURA Kids 15 ml,33,3826.07,0.1283,0.901,6,pre_recall
2023-09-01,TR34,Ranchi,East,Jharkhand,T3,Hospital Pharmacy,DePURA Kids 10 ml,28,2585.06,0.023,0.924,6,pre_recall
2023-09-01,TR34,Ranchi,East,Jharkhand,T3,Hospital Pharmacy,DePURA Kids 15 ml,57,7462.38,0.0156,0.9,6,pre_recall
2023-09-01,TR34,Ranchi,East,Jharkhand,T3,Pharmacy Chain,DePURA Kids 10 ml,14,1217.05,0.0801,0.917,6,pre_recall
2023-09-01,TR34,Ranchi,East,Jharkhand,T3,Pharmacy Chain,DePURA Kids 15 ml,30,3599.83,0.0978,0.917,6,pre_recall
2023-09-01,TR34,Ranchi,East,Jharkhand,T3,Retail Chemist,DePURA Kids 10 ml,136,12578.65,0.0213,0.844,6,pre_recall
2023-09-01,TR34,Ranchi,East,Jharkhand,T3,Retail Chemist,DePURA Kids 15 ml,311,38667.42,0.0652,0.879,6,pre_recall
2023-09-01,TR35,Bhubaneswar,East,Odisha,T2,E-Pharmacy,DePURA Kids 10 ml,21,1669.7,0.1586,0.933,6,pre_recall
2023-09-01,TR35,Bhubaneswar,East,Odisha,T2,E-Pharmacy,DePURA Kids 15 ml,72,7986.05,0.166,0.928,6,pre_recall
2023-09-01,TR35,Bhubaneswar,East,Odisha,T2,Hospital Pharmacy,DePURA Kids 10 ml,26,2397.17,0.0244,0.993,6,pre_recall
2023-09-01,TR35,Bhubaneswar,East,Odisha,T2,Hospital Pharmacy,DePURA Kids 15 ml,85,10897.16,0.0361,0.877,6,pre_recall
2023-09-01,TR35,Bhubaneswar,East,Odisha,T2,Pharmacy Chain,DePURA Kids 10 ml,35,3024.41,0.0856,0.915,6,pre_recall
2023-09-01,TR35,Bhubaneswar,East,Odisha,T2,Pharmacy Chain,DePURA Kids 15 ml,91,10835.47,0.1047,0.899,6,pre_recall
2023-09-01,TR35,Bhubaneswar,East,Odisha,T2,Retail Chemist,DePURA Kids 10 ml,116,10607.13,0.0324,0.888,6,pre_recall
2023-09-01,TR35,Bhubaneswar,East,Odisha,T2,Retail Chemist,DePURA Kids 15 ml,394,50102.91,0.0439,0.901,6,pre_recall
2023-09-01,TR36,Guwahati,East,Assam,T2,E-Pharmacy,DePURA Kids 10 ml,29,2405.02,0.1224,0.983,8,pre_recall
2023-09-01,TR36,Guwahati,East,Assam,T2,E-Pharmacy,DePURA Kids 15 ml,72,8277.06,0.1356,0.944,8,pre_recall
2023-09-01,TR36,Guwahati,East,Assam,T2,Hospital Pharmacy,DePURA Kids 10 ml,38,3555.06,0.01,0.943,8,pre_recall
2023-09-01,TR36,Guwahati,East,Assam,T2,Hospital Pharmacy,DePURA Kids 15 ml,108,14001.02,0.0253,1.0,8,pre_recall
2023-09-01,TR36,Guwahati,East,Assam,T2,Pharmacy Chain,DePURA Kids 10 ml,52,4529.28,0.0783,0.966,8,pre_recall
2023-09-01,TR36,Guwahati,East,Assam,T2,Pharmacy Chain,DePURA Kids 15 ml,142,17649.58,0.0655,0.903,8,pre_recall
2023-09-01,TR36,Guwahati,East,Assam,T2,Retail Chemist,DePURA Kids 10 ml,183,16635.72,0.0397,0.994,8,pre_recall
2023-09-01,TR36,Guwahati,East,Assam,T2,Retail Chemist,DePURA Kids 15 ml,538,68007.9,0.0496,0.982,8,pre_recall
2023-10-01,TR01,Delhi North,North,Delhi,T1,E-Pharmacy,DePURA Kids 10 ml,125,10000.57,0.1534,1.0,16,pre_recall
2023-10-01,TR01,Delhi North,North,Delhi,T1,E-Pharmacy,DePURA Kids 15 ml,409,47214.4,0.132,0.882,16,pre_recall
2023-10-01,TR01,Delhi North,North,Delhi,T1,Hospital Pharmacy,DePURA Kids 10 ml,103,9550.06,0.0188,0.896,16,pre_recall
2023-10-01,TR01,Delhi North,North,Delhi,T1,Hospital Pharmacy,DePURA Kids 15 ml,389,50276.52,0.0282,0.877,16,pre_recall
2023-10-01,TR01,Delhi North,North,Delhi,T1,Pharmacy Chain,DePURA Kids 10 ml,115,10025.58,0.0775,0.931,16,pre_recall
2023-10-01,TR01,Delhi North,North,Delhi,T1,Pharmacy Chain,DePURA Kids 15 ml,541,65590.92,0.0884,0.931,16,pre_recall
2023-10-01,TR01,Delhi North,North,Delhi,T1,Retail Chemist,DePURA Kids 10 ml,367,33386.44,0.0373,0.951,16,pre_recall
2023-10-01,TR01,Delhi North,North,Delhi,T1,Retail Chemist,DePURA Kids 15 ml,1401,181061.92,0.0283,0.968,16,pre_recall
2023-10-01,TR02,Delhi South,North,Delhi,T1,E-Pharmacy,DePURA Kids 10 ml,121,9679.36,0.1535,0.954,12,pre_recall
2023-10-01,TR02,Delhi South,North,Delhi,T1,E-Pharmacy,DePURA Kids 15 ml,491,55221.89,0.1544,0.946,12,pre_recall
2023-10-01,TR02,Delhi South,North,Delhi,T1,Hospital Pharmacy,DePURA Kids 10 ml,72,6634.86,0.0249,0.946,12,pre_recall
2023-10-01,TR02,Delhi South,North,Delhi,T1,Hospital Pharmacy,DePURA Kids 15 ml,341,43923.7,0.0315,0.961,12,pre_recall
2023-10-01,TR02,Delhi South,North,Delhi,T1,Pharmacy Chain,DePURA Kids 10 ml,143,12615.17,0.0665,0.931,12,pre_recall
2023-10-01,TR02,Delhi South,North,Delhi,T1,Pharmacy Chain,DePURA Kids 15 ml,504,60976.06,0.0903,0.857,12,pre_recall
2023-10-01,TR02,Delhi South,North,Delhi,T1,Retail Chemist,DePURA Kids 10 ml,336,30625.87,0.0355,0.908,12,pre_recall
2023-10-01,TR02,Delhi South,North,Delhi,T1,Retail Chemist,DePURA Kids 15 ml,1301,167164.63,0.0339,0.904,12,pre_recall
2023-10-01,TR03,Noida-Ghaziabad,North,Uttar Pradesh,T2,E-Pharmacy,DePURA Kids 10 ml,25,1971.04,0.1657,0.928,5,pre_recall
2023-10-01,TR03,Noida-Ghaziabad,North,Uttar Pradesh,T2,E-Pharmacy,DePURA Kids 15 ml,89,10431.03,0.1188,0.965,5,pre_recall
2023-10-01,TR03,Noida-Ghaziabad,North,Uttar Pradesh,T2,Hospital Pharmacy,DePURA Kids 10 ml,28,2635.42,0.004,0.913,5,pre_recall
2023-10-01,TR03,Noida-Ghaziabad,North,Uttar Pradesh,T2,Hospital Pharmacy,DePURA Kids 15 ml,109,14344.49,0.0105,0.915,5,pre_recall
2023-10-01,TR03,Noida-Ghaziabad,North,Uttar Pradesh,T2,Pharmacy Chain,DePURA Kids 10 ml,38,3278.65,0.087,0.892,5,pre_recall
2023-10-01,TR03,Noida-Ghaziabad,North,Uttar Pradesh,T2,Pharmacy Chain,DePURA Kids 15 ml,122,14896.9,0.0819,0.971,5,pre_recall
2023-10-01,TR03,Noida-Ghaziabad,North,Uttar Pradesh,T2,Retail Chemist,DePURA Kids 10 ml,156,14035.78,0.0479,0.977,5,pre_recall
2023-10-01,TR03,Noida-Ghaziabad,North,Uttar Pradesh,T2,Retail Chemist,DePURA Kids 15 ml,417,52826.15,0.0475,0.957,5,pre_recall
2023-10-01,TR04,Gurugram-Faridabad,North,Haryana,T2,E-Pharmacy,DePURA Kids 10 ml,23,1821.51,0.1619,0.959,8,pre_recall
2023-10-01,TR04,Gurugram-Faridabad,North,Haryana,T2,E-Pharmacy,DePURA Kids 15 ml,89,9996.96,0.1554,0.904,8,pre_recall
2023-10-01,TR04,Gurugram-Faridabad,North,Haryana,T2,Hospital Pharmacy,DePURA Kids 10 ml,34,3088.37,0.0388,0.949,8,pre_recall
2023-10-01,TR04,Gurugram-Faridabad,North,Haryana,T2,Hospital Pharmacy,DePURA Kids 15 ml,97,12567.87,0.0258,0.92,8,pre_recall
2023-10-01,TR04,Gurugram-Faridabad,North,Haryana,T2,Pharmacy Chain,DePURA Kids 10 ml,40,3446.25,0.0883,0.913,8,pre_recall
2023-10-01,TR04,Gurugram-Faridabad,North,Haryana,T2,Pharmacy Chain,DePURA Kids 15 ml,106,13016.07,0.0767,0.922,8,pre_recall
2023-10-01,TR04,Gurugram-Faridabad,North,Haryana,T2,Retail Chemist,DePURA Kids 10 ml,131,11947.09,0.0349,0.886,8,pre_recall
2023-10-01,TR04,Gurugram-Faridabad,North,Haryana,T2,Retail Chemist,DePURA Kids 15 ml,399,51390.14,0.0316,0.901,8,pre_recall
2023-10-01,TR05,Lucknow,North,Uttar Pradesh,T2,E-Pharmacy,DePURA Kids 10 ml,26,2086.79,0.1507,0.899,6,pre_recall
2023-10-01,TR05,Lucknow,North,Uttar Pradesh,T2,E-Pharmacy,DePURA Kids 15 ml,70,7917.37,0.1496,0.913,6,pre_recall
2023-10-01,TR05,Lucknow,North,Uttar Pradesh,T2,Hospital Pharmacy,DePURA Kids 10 ml,33,3081.35,0.0119,0.885,6,pre_recall
2023-10-01,TR05,Lucknow,North,Uttar Pradesh,T2,Hospital Pharmacy,DePURA Kids 15 ml,121,15716.31,0.0234,0.914,6,pre_recall
2023-10-01,TR05,Lucknow,North,Uttar Pradesh,T2,Pharmacy Chain,DePURA Kids 10 ml,40,3470.09,0.082,0.872,6,pre_recall
2023-10-01,TR05,Lucknow,North,Uttar Pradesh,T2,Pharmacy Chain,DePURA Kids 15 ml,101,12233.61,0.0893,0.922,6,pre_recall
2023-10-01,TR05,Lucknow,North,Uttar Pradesh,T2,Retail Chemist,DePURA Kids 10 ml,140,12726.47,0.0381,0.913,6,pre_recall
2023-10-01,TR05,Lucknow,North,Uttar Pradesh,T2,Retail Chemist,DePURA Kids 15 ml,531,67680.94,0.0417,0.876,6,pre_recall
2023-10-01,TR06,Kanpur-Agra,North,Uttar Pradesh,T2,E-Pharmacy,DePURA Kids 10 ml,35,2855.99,0.1365,0.953,5,pre_recall
2023-10-01,TR06,Kanpur-Agra,North,Uttar Pradesh,T2,E-Pharmacy,DePURA Kids 15 ml,98,11292.83,0.1336,0.963,5,pre_recall
2023-10-01,TR06,Kanpur-Agra,North,Uttar Pradesh,T2,Hospital Pharmacy,DePURA Kids 10 ml,43,3966.26,0.0239,0.972,5,pre_recall
2023-10-01,TR06,Kanpur-Agra,North,Uttar Pradesh,T2,Hospital Pharmacy,DePURA Kids 15 ml,151,19742.51,0.017,0.956,5,pre_recall
2023-10-01,TR06,Kanpur-Agra,North,Uttar Pradesh,T2,Pharmacy Chain,DePURA Kids 10 ml,50,4384.89,0.072,1.0,5,pre_recall
2023-10-01,TR06,Kanpur-Agra,North,Uttar Pradesh,T2,Pharmacy Chain,DePURA Kids 15 ml,144,17569.42,0.0826,0.89,5,pre_recall
2023-10-01,TR06,Kanpur-Agra,North,Uttar Pradesh,T2,Retail Chemist,DePURA Kids 10 ml,158,14444.5,0.0326,0.909,5,pre_recall
2023-10-01,TR06,Kanpur-Agra,North,Uttar Pradesh,T2,Retail Chemist,DePURA Kids 15 ml,516,66545.13,0.0304,0.937,5,pre_recall
2023-10-01,TR07,Varanasi-Gorakhpur,North,Uttar Pradesh,T3,E-Pharmacy,DePURA Kids 10 ml,6,485.16,0.1443,0.902,3,pre_recall
2023-10-01,TR07,Varanasi-Gorakhpur,North,Uttar Pradesh,T3,E-Pharmacy,DePURA Kids 15 ml,11,1264.61,0.1356,0.95,3,pre_recall
2023-10-01,TR07,Varanasi-Gorakhpur,North,Uttar Pradesh,T3,Hospital Pharmacy,DePURA Kids 10 ml,10,936.27,0.0092,0.854,3,pre_recall
2023-10-01,TR07,Varanasi-Gorakhpur,North,Uttar Pradesh,T3,Hospital Pharmacy,DePURA Kids 15 ml,23,3035.75,0.0076,0.885,3,pre_recall
2023-10-01,TR07,Varanasi-Gorakhpur,North,Uttar Pradesh,T3,Pharmacy Chain,DePURA Kids 10 ml,8,700.42,0.0735,0.923,3,pre_recall
2023-10-01,TR07,Varanasi-Gorakhpur,North,Uttar Pradesh,T3,Pharmacy Chain,DePURA Kids 15 ml,23,2783.22,0.0902,0.911,3,pre_recall
2023-10-01,TR07,Varanasi-Gorakhpur,North,Uttar Pradesh,T3,Retail Chemist,DePURA Kids 10 ml,72,6622.14,0.0267,0.93,3,pre_recall
2023-10-01,TR07,Varanasi-Gorakhpur,North,Uttar Pradesh,T3,Retail Chemist,DePURA Kids 15 ml,209,27019.6,0.028,0.811,3,pre_recall
2023-10-01,TR08,Chandigarh-Mohali,North,Chandigarh,T2,E-Pharmacy,DePURA Kids 10 ml,24,1914.73,0.1558,1.0,7,pre_recall
2023-10-01,TR08,Chandigarh-Mohali,North,Chandigarh,T2,E-Pharmacy,DePURA Kids 15 ml,86,9827.38,0.1408,0.913,7,pre_recall
2023-10-01,TR08,Chandigarh-Mohali,North,Chandigarh,T2,Hospital Pharmacy,DePURA Kids 10 ml,33,3044.96,0.0236,0.948,7,pre_recall
2023-10-01,TR08,Chandigarh-Mohali,North,Chandigarh,T2,Hospital Pharmacy,DePURA Kids 15 ml,83,10767.5,0.0246,0.863,7,pre_recall
2023-10-01,TR08,Chandigarh-Mohali,North,Chandigarh,T2,Pharmacy Chain,DePURA Kids 10 ml,41,3585.0,0.0747,0.9,7,pre_recall
2023-10-01,TR08,Chandigarh-Mohali,North,Chandigarh,T2,Pharmacy Chain,DePURA Kids 15 ml,103,12906.52,0.0578,0.893,7,pre_recall
2023-10-01,TR08,Chandigarh-Mohali,North,Chandigarh,T2,Retail Chemist,DePURA Kids 10 ml,148,13530.5,0.0326,0.955,7,pre_recall
2023-10-01,TR08,Chandigarh-Mohali,North,Chandigarh,T2,Retail Chemist,DePURA Kids 15 ml,480,61863.35,0.031,0.942,7,pre_recall
2023-10-01,TR09,Ludhiana-Amritsar,North,Punjab,T2,E-Pharmacy,DePURA Kids 10 ml,18,1432.31,0.158,0.861,6,pre_recall
2023-10-01,TR09,Ludhiana-Amritsar,North,Punjab,T2,E-Pharmacy,DePURA Kids 15 ml,69,7733.16,0.1573,0.922,6,pre_recall
2023-10-01,TR09,Ludhiana-Amritsar,North,Punjab,T2,Hospital Pharmacy,DePURA Kids 10 ml,34,3191.98,0.0065,0.843,6,pre_recall
2023-10-01,TR09,Ludhiana-Amritsar,North,Punjab,T2,Hospital Pharmacy,DePURA Kids 15 ml,86,11212.0,0.0198,0.875,6,pre_recall
2023-10-01,TR09,Ludhiana-Amritsar,North,Punjab,T2,Pharmacy Chain,DePURA Kids 10 ml,33,2849.23,0.0863,0.889,6,pre_recall
2023-10-01,TR09,Ludhiana-Amritsar,North,Punjab,T2,Pharmacy Chain,DePURA Kids 15 ml,121,14632.57,0.0907,0.88,6,pre_recall
2023-10-01,TR09,Ludhiana-Amritsar,North,Punjab,T2,Retail Chemist,DePURA Kids 10 ml,120,11057.79,0.0249,0.841,6,pre_recall
2023-10-01,TR09,Ludhiana-Amritsar,North,Punjab,T2,Retail Chemist,DePURA Kids 15 ml,629,78596.73,0.0605,0.875,6,pre_recall
2023-10-01,TR10,Jaipur,North,Rajasthan,T2,E-Pharmacy,DePURA Kids 10 ml,12,972.21,0.1427,1.0,7,pre_recall
2023-10-01,TR10,Jaipur,North,Rajasthan,T2,E-Pharmacy,DePURA Kids 15 ml,48,5294.77,0.1706,0.986,7,pre_recall
2023-10-01,TR10,Jaipur,North,Rajasthan,T2,Hospital Pharmacy,DePURA Kids 10 ml,16,1493.5,0.0122,0.953,7,pre_recall
2023-10-01,TR10,Jaipur,North,Rajasthan,T2,Hospital Pharmacy,DePURA Kids 15 ml,58,7593.58,0.0156,0.938,7,pre_recall
2023-10-01,TR10,Jaipur,North,Rajasthan,T2,Pharmacy Chain,DePURA Kids 10 ml,18,1561.61,0.0819,0.927,7,pre_recall
2023-10-01,TR10,Jaipur,North,Rajasthan,T2,Pharmacy Chain,DePURA Kids 15 ml,42,5106.3,0.0859,0.887,7,pre_recall
2023-10-01,TR10,Jaipur,North,Rajasthan,T2,Retail Chemist,DePURA Kids 10 ml,58,5223.24,0.047,0.94,7,pre_recall
2023-10-01,TR10,Jaipur,North,Rajasthan,T2,Retail Chemist,DePURA Kids 15 ml,223,28881.27,0.0262,0.995,7,pre_recall
2023-10-01,TR11,Dehradun,North,Uttarakhand,T3,E-Pharmacy,DePURA Kids 10 ml,11,899.95,0.1343,0.938,6,pre_recall
2023-10-01,TR11,Dehradun,North,Uttarakhand,T3,E-Pharmacy,DePURA Kids 15 ml,21,2452.53,0.1219,0.936,6,pre_recall
2023-10-01,TR11,Dehradun,North,Uttarakhand,T3,Hospital Pharmacy,DePURA Kids 10 ml,16,1461.82,0.0332,0.881,6,pre_recall
2023-10-01,TR11,Dehradun,North,Uttarakhand,T3,Hospital Pharmacy,DePURA Kids 15 ml,58,7555.89,0.0205,0.95,6,pre_recall
2023-10-01,TR11,Dehradun,North,Uttarakhand,T3,Pharmacy Chain,DePURA Kids 10 ml,13,1124.6,0.0846,0.867,6,pre_recall
2023-10-01,TR11,Dehradun,North,Uttarakhand,T3,Pharmacy Chain,DePURA Kids 15 ml,23,2775.28,0.0928,0.879,6,pre_recall
2023-10-01,TR11,Dehradun,North,Uttarakhand,T3,Retail Chemist,DePURA Kids 10 ml,117,10738.58,0.0288,0.91,6,pre_recall
2023-10-01,TR11,Dehradun,North,Uttarakhand,T3,Retail Chemist,DePURA Kids 15 ml,203,25882.07,0.0414,0.864,6,pre_recall
2023-10-01,TR12,Mumbai West,West,Maharashtra,T1,E-Pharmacy,DePURA Kids 10 ml,47,3786.77,0.1474,1.0,10,pre_recall
2023-10-01,TR12,Mumbai West,West,Maharashtra,T1,E-Pharmacy,DePURA Kids 15 ml,145,16562.46,0.1412,1.0,10,pre_recall
2023-10-01,TR12,Mumbai West,West,Maharashtra,T1,Hospital Pharmacy,DePURA Kids 10 ml,28,2605.37,0.0154,0.93,10,pre_recall
2023-10-01,TR12,Mumbai West,West,Maharashtra,T1,Hospital Pharmacy,DePURA Kids 15 ml,136,17591.33,0.0275,0.898,10,pre_recall
2023-10-01,TR12,Mumbai West,West,Maharashtra,T1,Pharmacy Chain,DePURA Kids 10 ml,35,3067.36,0.0726,0.895,10,pre_recall
2023-10-01,TR12,Mumbai West,West,Maharashtra,T1,Pharmacy Chain,DePURA Kids 15 ml,180,21587.86,0.0983,0.949,10,pre_recall
2023-10-01,TR12,Mumbai West,West,Maharashtra,T1,Retail Chemist,DePURA Kids 10 ml,126,11513.58,0.033,0.973,10,pre_recall
2023-10-01,TR12,Mumbai West,West,Maharashtra,T1,Retail Chemist,DePURA Kids 15 ml,458,58098.5,0.0462,0.932,10,pre_recall
2023-10-01,TR13,Mumbai Thane,West,Maharashtra,T1,E-Pharmacy,DePURA Kids 10 ml,103,8249.31,0.1525,1.0,14,pre_recall
2023-10-01,TR13,Mumbai Thane,West,Maharashtra,T1,E-Pharmacy,DePURA Kids 15 ml,456,49963.25,0.1762,0.964,14,pre_recall
2023-10-01,TR13,Mumbai Thane,West,Maharashtra,T1,Hospital Pharmacy,DePURA Kids 10 ml,80,7273.88,0.0378,0.984,14,pre_recall
2023-10-01,TR13,Mumbai Thane,West,Maharashtra,T1,Hospital Pharmacy,DePURA Kids 15 ml,377,49661.16,0.0096,0.981,14,pre_recall
2023-10-01,TR13,Mumbai Thane,West,Maharashtra,T1,Pharmacy Chain,DePURA Kids 10 ml,131,11209.29,0.0945,1.0,14,pre_recall
2023-10-01,TR13,Mumbai Thane,West,Maharashtra,T1,Pharmacy Chain,DePURA Kids 15 ml,566,69776.08,0.0731,0.955,14,pre_recall
2023-10-01,TR13,Mumbai Thane,West,Maharashtra,T1,Retail Chemist,DePURA Kids 10 ml,315,28473.39,0.0435,0.977,14,pre_recall
2023-10-01,TR13,Mumbai Thane,West,Maharashtra,T1,Retail Chemist,DePURA Kids 15 ml,1473,186765.17,0.0467,0.944,14,pre_recall
2023-10-01,TR14,Pune,West,Maharashtra,T1,E-Pharmacy,DePURA Kids 10 ml,79,6373.39,0.1463,0.889,11,pre_recall
2023-10-01,TR14,Pune,West,Maharashtra,T1,E-Pharmacy,DePURA Kids 15 ml,330,37863.83,0.1373,0.998,11,pre_recall
2023-10-01,TR14,Pune,West,Maharashtra,T1,Hospital Pharmacy,DePURA Kids 10 ml,66,6216.45,0.0033,0.882,11,pre_recall
2023-10-01,TR14,Pune,West,Maharashtra,T1,Hospital Pharmacy,DePURA Kids 15 ml,195,25413.2,0.0201,0.847,11,pre_recall
2023-10-01,TR14,Pune,West,Maharashtra,T1,Pharmacy Chain,DePURA Kids 10 ml,65,5691.21,0.0735,0.923,11,pre_recall
2023-10-01,TR14,Pune,West,Maharashtra,T1,Pharmacy Chain,DePURA Kids 15 ml,358,44160.86,0.0725,0.912,11,pre_recall
2023-10-01,TR14,Pune,West,Maharashtra,T1,Retail Chemist,DePURA Kids 10 ml,188,17220.22,0.0307,0.947,11,pre_recall
2023-10-01,TR14,Pune,West,Maharashtra,T1,Retail Chemist,DePURA Kids 15 ml,971,124680.31,0.0346,0.834,11,pre_recall
2023-10-01,TR15,Nagpur,West,Maharashtra,T2,E-Pharmacy,DePURA Kids 10 ml,24,1914.26,0.156,0.939,10,pre_recall
2023-10-01,TR15,Nagpur,West,Maharashtra,T2,E-Pharmacy,DePURA Kids 15 ml,73,8289.41,0.1462,0.932,10,pre_recall
2023-10-01,TR15,Nagpur,West,Maharashtra,T2,Hospital Pharmacy,DePURA Kids 10 ml,29,2719.34,0.0077,0.883,10,pre_recall
2023-10-01,TR15,Nagpur,West,Maharashtra,T2,Hospital Pharmacy,DePURA Kids 15 ml,111,14335.38,0.029,0.865,10,pre_recall
2023-10-01,TR15,Nagpur,West,Maharashtra,T2,Pharmacy Chain,DePURA Kids 10 ml,33,2933.42,0.0594,0.881,10,pre_recall
2023-10-01,TR15,Nagpur,West,Maharashtra,T2,Pharmacy Chain,DePURA Kids 15 ml,101,12268.26,0.0867,0.892,10,pre_recall
2023-10-01,TR15,Nagpur,West,Maharashtra,T2,Retail Chemist,DePURA Kids 10 ml,117,10700.76,0.0322,0.841,10,pre_recall
2023-10-01,TR15,Nagpur,West,Maharashtra,T2,Retail Chemist,DePURA Kids 15 ml,386,49402.34,0.0377,0.874,10,pre_recall
2023-10-01,TR16,Ahmedabad,West,Gujarat,T1,E-Pharmacy,DePURA Kids 10 ml,90,7210.27,0.1522,0.958,16,pre_recall
2023-10-01,TR16,Ahmedabad,West,Gujarat,T1,E-Pharmacy,DePURA Kids 15 ml,374,42446.57,0.1467,0.91,16,pre_recall
2023-10-01,TR16,Ahmedabad,West,Gujarat,T1,Hospital Pharmacy,DePURA Kids 10 ml,60,5522.47,0.026,0.839,16,pre_recall
2023-10-01,TR16,Ahmedabad,West,Gujarat,T1,Hospital Pharmacy,DePURA Kids 15 ml,382,49895.58,0.0179,0.892,16,pre_recall
2023-10-01,TR16,Ahmedabad,West,Gujarat,T1,Pharmacy Chain,DePURA Kids 10 ml,88,7592.09,0.0871,0.896,16,pre_recall
2023-10-01,TR16,Ahmedabad,West,Gujarat,T1,Pharmacy Chain,DePURA Kids 15 ml,379,46347.21,0.0805,0.918,16,pre_recall
2023-10-01,TR16,Ahmedabad,West,Gujarat,T1,Retail Chemist,DePURA Kids 10 ml,236,21039.29,0.0566,0.942,16,pre_recall
2023-10-01,TR16,Ahmedabad,West,Gujarat,T1,Retail Chemist,DePURA Kids 15 ml,1070,133665.87,0.0607,0.869,16,pre_recall
2023-10-01,TR17,Surat-Vadodara,West,Gujarat,T2,E-Pharmacy,DePURA Kids 10 ml,23,1878.86,0.1356,0.916,5,pre_recall
2023-10-01,TR17,Surat-Vadodara,West,Gujarat,T2,E-Pharmacy,DePURA Kids 15 ml,63,7082.24,0.1548,0.894,5,pre_recall
2023-10-01,TR17,Surat-Vadodara,West,Gujarat,T2,Hospital Pharmacy,DePURA Kids 10 ml,33,3090.13,0.0091,0.865,5,pre_recall
2023-10-01,TR17,Surat-Vadodara,West,Gujarat,T2,Hospital Pharmacy,DePURA Kids 15 ml,77,10023.51,0.0212,0.833,5,pre_recall
2023-10-01,TR17,Surat-Vadodara,West,Gujarat,T2,Pharmacy Chain,DePURA Kids 10 ml,31,2713.8,0.0736,0.941,5,pre_recall
2023-10-01,TR17,Surat-Vadodara,West,Gujarat,T2,Pharmacy Chain,DePURA Kids 15 ml,107,13119.31,0.0781,0.869,5,pre_recall
2023-10-01,TR17,Surat-Vadodara,West,Gujarat,T2,Retail Chemist,DePURA Kids 10 ml,138,12185.67,0.0656,0.872,5,pre_recall
2023-10-01,TR17,Surat-Vadodara,West,Gujarat,T2,Retail Chemist,DePURA Kids 15 ml,351,43882.99,0.06,0.869,5,pre_recall
2023-10-01,TR18,Rajkot,West,Gujarat,T3,E-Pharmacy,DePURA Kids 10 ml,18,1432.27,0.158,0.876,7,pre_recall
2023-10-01,TR18,Rajkot,West,Gujarat,T3,E-Pharmacy,DePURA Kids 15 ml,45,5086.58,0.1501,0.939,7,pre_recall
2023-10-01,TR18,Rajkot,West,Gujarat,T3,Hospital Pharmacy,DePURA Kids 10 ml,31,2893.85,0.0122,0.862,7,pre_recall
2023-10-01,TR18,Rajkot,West,Gujarat,T3,Hospital Pharmacy,DePURA Kids 15 ml,79,10242.02,0.0252,0.889,7,pre_recall
2023-10-01,TR18,Rajkot,West,Gujarat,T3,Pharmacy Chain,DePURA Kids 10 ml,21,1795.33,0.0953,0.927,7,pre_recall
2023-10-01,TR18,Rajkot,West,Gujarat,T3,Pharmacy Chain,DePURA Kids 15 ml,41,5048.35,0.0742,0.889,7,pre_recall
2023-10-01,TR18,Rajkot,West,Gujarat,T3,Retail Chemist,DePURA Kids 10 ml,149,13616.19,0.033,0.87,7,pre_recall
2023-10-01,TR18,Rajkot,West,Gujarat,T3,Retail Chemist,DePURA Kids 15 ml,448,56154.84,0.0576,0.839,7,pre_recall
2023-10-01,TR19,Indore,Central,Madhya Pradesh,T2,E-Pharmacy,DePURA Kids 10 ml,36,2906.51,0.1456,0.891,6,pre_recall
2023-10-01,TR19,Indore,Central,Madhya Pradesh,T2,E-Pharmacy,DePURA Kids 15 ml,127,14228.53,0.1576,0.883,6,pre_recall
2023-10-01,TR19,Indore,Central,Madhya Pradesh,T2,Hospital Pharmacy,DePURA Kids 10 ml,48,4496.08,0.0088,0.962,6,pre_recall
2023-10-01,TR19,Indore,Central,Madhya Pradesh,T2,Hospital Pharmacy,DePURA Kids 15 ml,153,20140.17,0.0103,0.862,6,pre_recall
2023-10-01,TR19,Indore,Central,Madhya Pradesh,T2,Pharmacy Chain,DePURA Kids 10 ml,47,4074.14,0.0827,0.898,6,pre_recall
2023-10-01,TR19,Indore,Central,Madhya Pradesh,T2,Pharmacy Chain,DePURA Kids 15 ml,150,18660.81,0.0646,0.846,6,pre_recall
2023-10-01,TR19,Indore,Central,Madhya Pradesh,T2,Retail Chemist,DePURA Kids 10 ml,248,22011.66,0.0608,0.909,6,pre_recall
2023-10-01,TR19,Indore,Central,Madhya Pradesh,T2,Retail Chemist,DePURA Kids 15 ml,588,73646.49,0.0583,0.872,6,pre_recall
2023-10-01,TR20,Bhopal,Central,Madhya Pradesh,T2,E-Pharmacy,DePURA Kids 10 ml,15,1181.1,0.1668,0.955,3,pre_recall
2023-10-01,TR20,Bhopal,Central,Madhya Pradesh,T2,E-Pharmacy,DePURA Kids 15 ml,47,5261.82,0.1582,0.861,3,pre_recall
2023-10-01,TR20,Bhopal,Central,Madhya Pradesh,T2,Hospital Pharmacy,DePURA Kids 10 ml,20,1847.99,0.0222,0.951,3,pre_recall
2023-10-01,TR20,Bhopal,Central,Madhya Pradesh,T2,Hospital Pharmacy,DePURA Kids 15 ml,73,9511.49,0.0203,0.887,3,pre_recall
2023-10-01,TR20,Bhopal,Central,Madhya Pradesh,T2,Pharmacy Chain,DePURA Kids 10 ml,18,1561.35,0.0821,0.893,3,pre_recall
2023-10-01,TR20,Bhopal,Central,Madhya Pradesh,T2,Pharmacy Chain,DePURA Kids 15 ml,67,8320.51,0.0663,0.878,3,pre_recall
2023-10-01,TR20,Bhopal,Central,Madhya Pradesh,T2,Retail Chemist,DePURA Kids 10 ml,102,9096.23,0.0563,0.907,3,pre_recall
2023-10-01,TR20,Bhopal,Central,Madhya Pradesh,T2,Retail Chemist,DePURA Kids 15 ml,347,43189.37,0.0642,0.913,3,pre_recall
2023-10-01,TR21,Jabalpur,Central,Madhya Pradesh,T3,E-Pharmacy,DePURA Kids 10 ml,16,1271.07,0.1593,1.0,5,pre_recall
2023-10-01,TR21,Jabalpur,Central,Madhya Pradesh,T3,E-Pharmacy,DePURA Kids 15 ml,34,3806.92,0.1581,0.991,5,pre_recall
2023-10-01,TR21,Jabalpur,Central,Madhya Pradesh,T3,Hospital Pharmacy,DePURA Kids 10 ml,29,2686.84,0.0196,0.96,5,pre_recall
2023-10-01,TR21,Jabalpur,Central,Madhya Pradesh,T3,Hospital Pharmacy,DePURA Kids 15 ml,68,9044.0,0.0,0.994,5,pre_recall
2023-10-01,TR21,Jabalpur,Central,Madhya Pradesh,T3,Pharmacy Chain,DePURA Kids 10 ml,19,1622.14,0.0966,0.949,5,pre_recall
2023-10-01,TR21,Jabalpur,Central,Madhya Pradesh,T3,Pharmacy Chain,DePURA Kids 15 ml,41,4926.98,0.0965,0.952,5,pre_recall
2023-10-01,TR21,Jabalpur,Central,Madhya Pradesh,T3,Retail Chemist,DePURA Kids 10 ml,158,14111.46,0.0549,0.936,5,pre_recall
2023-10-01,TR21,Jabalpur,Central,Madhya Pradesh,T3,Retail Chemist,DePURA Kids 15 ml,444,56775.33,0.0386,0.959,5,pre_recall
2023-10-01,TR22,Raipur,Central,Chhattisgarh,T3,E-Pharmacy,DePURA Kids 10 ml,18,1442.9,0.1517,0.961,6,pre_recall
2023-10-01,TR22,Raipur,Central,Chhattisgarh,T3,E-Pharmacy,DePURA Kids 15 ml,39,4400.78,0.1516,0.95,6,pre_recall
2023-10-01,TR22,Raipur,Central,Chhattisgarh,T3,Hospital Pharmacy,DePURA Kids 10 ml,39,3520.53,0.0448,0.889,6,pre_recall
2023-10-01,TR22,Raipur,Central,Chhattisgarh,T3,Hospital Pharmacy,DePURA Kids 15 ml,80,10338.97,0.0283,0.908,6,pre_recall
2023-10-01,TR22,Raipur,Central,Chhattisgarh,T3,Pharmacy Chain,DePURA Kids 10 ml,20,1742.83,0.0779,0.905,6,pre_recall
2023-10-01,TR22,Raipur,Central,Chhattisgarh,T3,Pharmacy Chain,DePURA Kids 15 ml,43,5265.59,0.0793,0.943,6,pre_recall
2023-10-01,TR22,Raipur,Central,Chhattisgarh,T3,Retail Chemist,DePURA Kids 10 ml,189,17352.9,0.0284,0.896,6,pre_recall
2023-10-01,TR22,Raipur,Central,Chhattisgarh,T3,Retail Chemist,DePURA Kids 15 ml,393,50846.64,0.0272,0.912,6,pre_recall
2023-10-01,TR23,Bengaluru North,South,Karnataka,T1,E-Pharmacy,DePURA Kids 10 ml,82,6611.81,0.1468,0.99,11,pre_recall
2023-10-01,TR23,Bengaluru North,South,Karnataka,T1,E-Pharmacy,DePURA Kids 15 ml,460,51427.91,0.1594,0.998,11,pre_recall
2023-10-01,TR23,Bengaluru North,South,Karnataka,T1,Hospital Pharmacy,DePURA Kids 10 ml,61,5642.53,0.0212,0.891,11,pre_recall
2023-10-01,TR23,Bengaluru North,South,Karnataka,T1,Hospital Pharmacy,DePURA Kids 15 ml,332,43825.24,0.0075,0.947,11,pre_recall
2023-10-01,TR23,Bengaluru North,South,Karnataka,T1,Pharmacy Chain,DePURA Kids 10 ml,114,9825.09,0.088,0.907,11,pre_recall
2023-10-01,TR23,Bengaluru North,South,Karnataka,T1,Pharmacy Chain,DePURA Kids 15 ml,462,56324.08,0.0834,0.893,11,pre_recall
2023-10-01,TR23,Bengaluru North,South,Karnataka,T1,Retail Chemist,DePURA Kids 10 ml,253,22989.86,0.0384,0.928,11,pre_recall
2023-10-01,TR23,Bengaluru North,South,Karnataka,T1,Retail Chemist,DePURA Kids 15 ml,1224,157391.4,0.0332,0.961,11,pre_recall
2023-10-01,TR24,Bengaluru South,South,Karnataka,T1,E-Pharmacy,DePURA Kids 10 ml,106,8403.12,0.1611,0.928,16,pre_recall
2023-10-01,TR24,Bengaluru South,South,Karnataka,T1,E-Pharmacy,DePURA Kids 15 ml,535,59783.78,0.1598,0.933,16,pre_recall
2023-10-01,TR24,Bengaluru South,South,Karnataka,T1,Hospital Pharmacy,DePURA Kids 10 ml,91,8191.61,0.0474,0.951,16,pre_recall
2023-10-01,TR24,Bengaluru South,South,Karnataka,T1,Hospital Pharmacy,DePURA Kids 15 ml,411,54012.72,0.0119,0.826,16,pre_recall
2023-10-01,TR24,Bengaluru South,South,Karnataka,T1,Pharmacy Chain,DePURA Kids 10 ml,137,11944.61,0.0774,0.888,16,pre_recall
2023-10-01,TR24,Bengaluru South,South,Karnataka,T1,Pharmacy Chain,DePURA Kids 15 ml,598,73810.62,0.072,0.908,16,pre_recall
2023-10-01,TR24,Bengaluru South,South,Karnataka,T1,Retail Chemist,DePURA Kids 10 ml,282,26023.44,0.0235,0.887,16,pre_recall
2023-10-01,TR24,Bengaluru South,South,Karnataka,T1,Retail Chemist,DePURA Kids 15 ml,1440,183450.86,0.0421,0.89,16,pre_recall
2023-10-01,TR25,Mysuru-Mangaluru,South,Karnataka,T3,E-Pharmacy,DePURA Kids 10 ml,8,635.49,0.1594,0.935,4,pre_recall
2023-10-01,TR25,Mysuru-Mangaluru,South,Karnataka,T3,E-Pharmacy,DePURA Kids 15 ml,24,2699.95,0.1542,0.975,4,pre_recall
2023-10-01,TR25,Mysuru-Mangaluru,South,Karnataka,T3,Hospital Pharmacy,DePURA Kids 10 ml,17,1574.84,0.0197,1.0,4,pre_recall
2023-10-01,TR25,Mysuru-Mangaluru,South,Karnataka,T3,Hospital Pharmacy,DePURA Kids 15 ml,35,4523.01,0.0284,0.956,4,pre_recall
2023-10-01,TR25,Mysuru-Mangaluru,South,Karnataka,T3,Pharmacy Chain,DePURA Kids 10 ml,10,866.93,0.0826,1.0,4,pre_recall
2023-10-01,TR25,Mysuru-Mangaluru,South,Karnataka,T3,Pharmacy Chain,DePURA Kids 15 ml,22,2704.82,0.0756,0.884,4,pre_recall
2023-10-01,TR25,Mysuru-Mangaluru,South,Karnataka,T3,Retail Chemist,DePURA Kids 10 ml,82,7516.76,0.03,0.965,4,pre_recall
2023-10-01,TR25,Mysuru-Mangaluru,South,Karnataka,T3,Retail Chemist,DePURA Kids 15 ml,189,24481.06,0.0261,0.902,4,pre_recall
2023-10-01,TR26,Chennai,South,Tamil Nadu,T1,E-Pharmacy,DePURA Kids 10 ml,92,7289.51,0.1615,1.0,16,pre_recall
2023-10-01,TR26,Chennai,South,Tamil Nadu,T1,E-Pharmacy,DePURA Kids 15 ml,570,63806.87,0.1583,0.963,16,pre_recall
2023-10-01,TR26,Chennai,South,Tamil Nadu,T1,Hospital Pharmacy,DePURA Kids 10 ml,82,7475.44,0.0353,0.846,16,pre_recall
2023-10-01,TR26,Chennai,South,Tamil Nadu,T1,Hospital Pharmacy,DePURA Kids 15 ml,330,42633.62,0.0286,0.961,16,pre_recall
2023-10-01,TR26,Chennai,South,Tamil Nadu,T1,Pharmacy Chain,DePURA Kids 10 ml,134,11569.73,0.0863,0.923,16,pre_recall
2023-10-01,TR26,Chennai,South,Tamil Nadu,T1,Pharmacy Chain,DePURA Kids 15 ml,586,70194.14,0.0994,0.944,16,pre_recall
2023-10-01,TR26,Chennai,South,Tamil Nadu,T1,Retail Chemist,DePURA Kids 10 ml,312,28259.51,0.0415,0.927,16,pre_recall
2023-10-01,TR26,Chennai,South,Tamil Nadu,T1,Retail Chemist,DePURA Kids 15 ml,1582,201710.89,0.0413,0.96,16,pre_recall
2023-10-01,TR27,Coimbatore-Madurai,South,Tamil Nadu,T2,E-Pharmacy,DePURA Kids 10 ml,45,3607.25,0.1517,0.922,8,pre_recall
2023-10-01,TR27,Coimbatore-Madurai,South,Tamil Nadu,T2,E-Pharmacy,DePURA Kids 15 ml,106,12218.0,0.1334,1.0,8,pre_recall
2023-10-01,TR27,Coimbatore-Madurai,South,Tamil Nadu,T2,Hospital Pharmacy,DePURA Kids 10 ml,45,4133.9,0.0279,0.928,8,pre_recall
2023-10-01,TR27,Coimbatore-Madurai,South,Tamil Nadu,T2,Hospital Pharmacy,DePURA Kids 15 ml,176,22597.62,0.0346,0.978,8,pre_recall
2023-10-01,TR27,Coimbatore-Madurai,South,Tamil Nadu,T2,Pharmacy Chain,DePURA Kids 10 ml,44,3747.38,0.0988,1.0,8,pre_recall
2023-10-01,TR27,Coimbatore-Madurai,South,Tamil Nadu,T2,Pharmacy Chain,DePURA Kids 15 ml,194,23386.98,0.0936,1.0,8,pre_recall
2023-10-01,TR27,Coimbatore-Madurai,South,Tamil Nadu,T2,Retail Chemist,DePURA Kids 10 ml,204,18284.11,0.0516,0.957,8,pre_recall
2023-10-01,TR27,Coimbatore-Madurai,South,Tamil Nadu,T2,Retail Chemist,DePURA Kids 15 ml,584,74948.77,0.0351,0.958,8,pre_recall
2023-10-01,TR28,Hyderabad,South,Telangana,T1,E-Pharmacy,DePURA Kids 10 ml,98,7989.49,0.1373,0.966,9,pre_recall
2023-10-01,TR28,Hyderabad,South,Telangana,T1,E-Pharmacy,DePURA Kids 15 ml,416,47675.4,0.1383,0.88,9,pre_recall
2023-10-01,TR28,Hyderabad,South,Telangana,T1,Hospital Pharmacy,DePURA Kids 10 ml,84,7798.13,0.0176,0.904,9,pre_recall
2023-10-01,TR28,Hyderabad,South,Telangana,T1,Hospital Pharmacy,DePURA Kids 15 ml,337,44239.96,0.013,0.896,9,pre_recall
2023-10-01,TR28,Hyderabad,South,Telangana,T1,Pharmacy Chain,DePURA Kids 10 ml,102,8716.94,0.0957,0.943,9,pre_recall
2023-10-01,TR28,Hyderabad,South,Telangana,T1,Pharmacy Chain,DePURA Kids 15 ml,467,55626.0,0.1044,0.956,9,pre_recall
2023-10-01,TR28,Hyderabad,South,Telangana,T1,Retail Chemist,DePURA Kids 10 ml,269,24182.27,0.0487,0.898,9,pre_recall
2023-10-01,TR28,Hyderabad,South,Telangana,T1,Retail Chemist,DePURA Kids 15 ml,1359,172096.68,0.0479,0.882,9,pre_recall
2023-10-01,TR29,Vijayawada-Vizag,South,Andhra Pradesh,T2,E-Pharmacy,DePURA Kids 10 ml,18,1442.8,0.1518,0.965,5,pre_recall
2023-10-01,TR29,Vijayawada-Vizag,South,Andhra Pradesh,T2,E-Pharmacy,DePURA Kids 15 ml,58,6534.66,0.1529,0.962,5,pre_recall
2023-10-01,TR29,Vijayawada-Vizag,South,Andhra Pradesh,T2,Hospital Pharmacy,DePURA Kids 10 ml,22,2043.45,0.0171,0.936,5,pre_recall
2023-10-01,TR29,Vijayawada-Vizag,South,Andhra Pradesh,T2,Hospital Pharmacy,DePURA Kids 15 ml,86,11438.0,0.0,0.948,5,pre_recall
2023-10-01,TR29,Vijayawada-Vizag,South,Andhra Pradesh,T2,Pharmacy Chain,DePURA Kids 10 ml,26,2250.68,0.084,0.971,5,pre_recall
2023-10-01,TR29,Vijayawada-Vizag,South,Andhra Pradesh,T2,Pharmacy Chain,DePURA Kids 15 ml,90,11074.38,0.0748,1.0,5,pre_recall
2023-10-01,TR29,Vijayawada-Vizag,South,Andhra Pradesh,T2,Retail Chemist,DePURA Kids 10 ml,117,10625.68,0.039,0.962,5,pre_recall
2023-10-01,TR29,Vijayawada-Vizag,South,Andhra Pradesh,T2,Retail Chemist,DePURA Kids 15 ml,353,45249.04,0.0362,1.0,5,pre_recall
2023-10-01,TR30,Kochi-Trivandrum,South,Kerala,T2,E-Pharmacy,DePURA Kids 10 ml,29,2380.93,0.1312,0.902,5,pre_recall
2023-10-01,TR30,Kochi-Trivandrum,South,Kerala,T2,E-Pharmacy,DePURA Kids 15 ml,111,12584.02,0.1476,0.891,5,pre_recall
2023-10-01,TR30,Kochi-Trivandrum,South,Kerala,T2,Hospital Pharmacy,DePURA Kids 10 ml,49,4503.75,0.0274,0.909,5,pre_recall
2023-10-01,TR30,Kochi-Trivandrum,South,Kerala,T2,Hospital Pharmacy,DePURA Kids 15 ml,160,20646.89,0.0298,0.916,5,pre_recall
2023-10-01,TR30,Kochi-Trivandrum,South,Kerala,T2,Pharmacy Chain,DePURA Kids 10 ml,51,4399.56,0.0871,0.819,5,pre_recall
2023-10-01,TR30,Kochi-Trivandrum,South,Kerala,T2,Pharmacy Chain,DePURA Kids 15 ml,146,18100.95,0.0678,0.912,5,pre_recall
2023-10-01,TR30,Kochi-Trivandrum,South,Kerala,T2,Retail Chemist,DePURA Kids 10 ml,173,15708.94,0.0391,0.859,5,pre_recall
2023-10-01,TR30,Kochi-Trivandrum,South,Kerala,T2,Retail Chemist,DePURA Kids 15 ml,738,94139.18,0.0409,0.929,5,pre_recall
2023-10-01,TR31,Kolkata,East,West Bengal,T1,E-Pharmacy,DePURA Kids 10 ml,57,4522.38,0.1604,0.914,16,pre_recall
2023-10-01,TR31,Kolkata,East,West Bengal,T1,E-Pharmacy,DePURA Kids 15 ml,289,33179.21,0.1368,0.961,16,pre_recall
2023-10-01,TR31,Kolkata,East,West Bengal,T1,Hospital Pharmacy,DePURA Kids 10 ml,58,5410.77,0.0128,0.954,16,pre_recall
2023-10-01,TR31,Kolkata,East,West Bengal,T1,Hospital Pharmacy,DePURA Kids 15 ml,258,34015.6,0.0087,0.942,16,pre_recall
2023-10-01,TR31,Kolkata,East,West Bengal,T1,Pharmacy Chain,DePURA Kids 10 ml,103,9062.9,0.0689,0.957,16,pre_recall
2023-10-01,TR31,Kolkata,East,West Bengal,T1,Pharmacy Chain,DePURA Kids 15 ml,454,53978.09,0.1061,0.905,16,pre_recall
2023-10-01,TR31,Kolkata,East,West Bengal,T1,Retail Chemist,DePURA Kids 10 ml,181,16487.14,0.0361,0.835,16,pre_recall
2023-10-01,TR31,Kolkata,East,West Bengal,T1,Retail Chemist,DePURA Kids 15 ml,931,121476.41,0.019,0.908,16,pre_recall
2023-10-01,TR32,Siliguri-Durgapur,East,West Bengal,T3,E-Pharmacy,DePURA Kids 10 ml,9,726.12,0.1462,1.0,3,pre_recall
2023-10-01,TR32,Siliguri-Durgapur,East,West Bengal,T3,E-Pharmacy,DePURA Kids 15 ml,28,3180.12,0.146,0.968,3,pre_recall
2023-10-01,TR32,Siliguri-Durgapur,East,West Bengal,T3,Hospital Pharmacy,DePURA Kids 10 ml,17,1588.13,0.0114,0.885,3,pre_recall
2023-10-01,TR32,Siliguri-Durgapur,East,West Bengal,T3,Hospital Pharmacy,DePURA Kids 15 ml,42,5477.09,0.0195,0.892,3,pre_recall
2023-10-01,TR32,Siliguri-Durgapur,East,West Bengal,T3,Pharmacy Chain,DePURA Kids 10 ml,9,779.68,0.0833,0.89,3,pre_recall
2023-10-01,TR32,Siliguri-Durgapur,East,West Bengal,T3,Pharmacy Chain,DePURA Kids 15 ml,22,2754.41,0.0586,0.898,3,pre_recall
2023-10-01,TR32,Siliguri-Durgapur,East,West Bengal,T3,Retail Chemist,DePURA Kids 10 ml,117,10812.69,0.0221,0.93,3,pre_recall
2023-10-01,TR32,Siliguri-Durgapur,East,West Bengal,T3,Retail Chemist,DePURA Kids 15 ml,230,28770.2,0.0595,0.994,3,pre_recall
2023-10-01,TR33,Patna,East,Bihar,T2,E-Pharmacy,DePURA Kids 10 ml,24,1920.2,0.1534,0.999,6,pre_recall
2023-10-01,TR33,Patna,East,Bihar,T2,E-Pharmacy,DePURA Kids 15 ml,66,7255.04,0.1735,0.941,6,pre_recall
2023-10-01,TR33,Patna,East,Bihar,T2,Hospital Pharmacy,DePURA Kids 10 ml,23,2110.86,0.0288,0.85,6,pre_recall
2023-10-01,TR33,Patna,East,Bihar,T2,Hospital Pharmacy,DePURA Kids 15 ml,96,12603.1,0.0129,0.922,6,pre_recall
2023-10-01,TR33,Patna,East,Bihar,T2,Pharmacy Chain,DePURA Kids 10 ml,34,2982.55,0.0717,0.954,6,pre_recall
2023-10-01,TR33,Patna,East,Bihar,T2,Pharmacy Chain,DePURA Kids 15 ml,113,13969.71,0.0705,0.944,6,pre_recall
2023-10-01,TR33,Patna,East,Bihar,T2,Retail Chemist,DePURA Kids 10 ml,101,9274.85,0.0283,0.874,6,pre_recall
2023-10-01,TR33,Patna,East,Bihar,T2,Retail Chemist,DePURA Kids 15 ml,427,55296.68,0.0263,0.955,6,pre_recall
2023-10-01,TR34,Ranchi,East,Jharkhand,T3,E-Pharmacy,DePURA Kids 10 ml,15,1168.4,0.1757,0.957,6,pre_recall
2023-10-01,TR34,Ranchi,East,Jharkhand,T3,E-Pharmacy,DePURA Kids 15 ml,39,4415.53,0.1487,0.935,6,pre_recall
2023-10-01,TR34,Ranchi,East,Jharkhand,T3,Hospital Pharmacy,DePURA Kids 10 ml,26,2356.42,0.0409,0.936,6,pre_recall
2023-10-01,TR34,Ranchi,East,Jharkhand,T3,Hospital Pharmacy,DePURA Kids 15 ml,53,6806.58,0.0344,0.893,6,pre_recall
2023-10-01,TR34,Ranchi,East,Jharkhand,T3,Pharmacy Chain,DePURA Kids 10 ml,16,1385.3,0.0838,0.839,6,pre_recall
2023-10-01,TR34,Ranchi,East,Jharkhand,T3,Pharmacy Chain,DePURA Kids 15 ml,34,4111.25,0.0908,0.896,6,pre_recall
2023-10-01,TR34,Ranchi,East,Jharkhand,T3,Retail Chemist,DePURA Kids 10 ml,154,13971.57,0.04,0.936,6,pre_recall
2023-10-01,TR34,Ranchi,East,Jharkhand,T3,Retail Chemist,DePURA Kids 15 ml,298,38742.2,0.0225,0.891,6,pre_recall
2023-10-01,TR35,Bhubaneswar,East,Odisha,T2,E-Pharmacy,DePURA Kids 10 ml,22,1749.34,0.1586,0.895,6,pre_recall
2023-10-01,TR35,Bhubaneswar,East,Odisha,T2,E-Pharmacy,DePURA Kids 15 ml,69,7891.35,0.1401,0.895,6,pre_recall
2023-10-01,TR35,Bhubaneswar,East,Odisha,T2,Hospital Pharmacy,DePURA Kids 10 ml,29,2693.91,0.017,0.898,6,pre_recall
2023-10-01,TR35,Bhubaneswar,East,Odisha,T2,Hospital Pharmacy,DePURA Kids 15 ml,100,13173.25,0.0095,0.919,6,pre_recall
2023-10-01,TR35,Bhubaneswar,East,Odisha,T2,Pharmacy Chain,DePURA Kids 10 ml,24,2107.79,0.0706,0.924,6,pre_recall
2023-10-01,TR35,Bhubaneswar,East,Odisha,T2,Pharmacy Chain,DePURA Kids 15 ml,87,10819.42,0.065,0.905,6,pre_recall
2023-10-01,TR35,Bhubaneswar,East,Odisha,T2,Retail Chemist,DePURA Kids 10 ml,127,11497.03,0.042,0.863,6,pre_recall
2023-10-01,TR35,Bhubaneswar,East,Odisha,T2,Retail Chemist,DePURA Kids 15 ml,480,62010.1,0.0287,0.898,6,pre_recall
2023-10-01,TR36,Guwahati,East,Assam,T2,E-Pharmacy,DePURA Kids 10 ml,30,2403.86,0.1521,0.959,8,pre_recall
2023-10-01,TR36,Guwahati,East,Assam,T2,E-Pharmacy,DePURA Kids 15 ml,95,10800.1,0.1452,0.959,8,pre_recall
2023-10-01,TR36,Guwahati,East,Assam,T2,Hospital Pharmacy,DePURA Kids 10 ml,43,3980.78,0.0204,0.937,8,pre_recall
2023-10-01,TR36,Guwahati,East,Assam,T2,Hospital Pharmacy,DePURA Kids 15 ml,132,17336.51,0.0125,0.965,8,pre_recall
2023-10-01,TR36,Guwahati,East,Assam,T2,Pharmacy Chain,DePURA Kids 10 ml,44,3743.77,0.0996,0.947,8,pre_recall
2023-10-01,TR36,Guwahati,East,Assam,T2,Pharmacy Chain,DePURA Kids 15 ml,126,15438.37,0.0787,0.911,8,pre_recall
2023-10-01,TR36,Guwahati,East,Assam,T2,Retail Chemist,DePURA Kids 10 ml,175,16040.44,0.0301,0.945,8,pre_recall
2023-10-01,TR36,Guwahati,East,Assam,T2,Retail Chemist,DePURA Kids 15 ml,488,62870.24,0.0397,0.971,8,pre_recall
2023-11-01,TR01,Delhi North,North,Delhi,T1,E-Pharmacy,DePURA Kids 10 ml,109,8754.01,0.1501,0.93,16,pre_recall
2023-11-01,TR01,Delhi North,North,Delhi,T1,E-Pharmacy,DePURA Kids 15 ml,532,59704.23,0.1562,1.0,16,pre_recall
2023-11-01,TR01,Delhi North,North,Delhi,T1,Hospital Pharmacy,DePURA Kids 10 ml,104,9619.76,0.0212,0.866,16,pre_recall
2023-11-01,TR01,Delhi North,North,Delhi,T1,Hospital Pharmacy,DePURA Kids 15 ml,420,53946.64,0.0343,0.967,16,pre_recall
2023-11-01,TR01,Delhi North,North,Delhi,T1,Pharmacy Chain,DePURA Kids 10 ml,110,9765.46,0.0606,0.96,16,pre_recall
2023-11-01,TR01,Delhi North,North,Delhi,T1,Pharmacy Chain,DePURA Kids 15 ml,720,87917.5,0.0819,0.941,16,pre_recall
2023-11-01,TR01,Delhi North,North,Delhi,T1,Retail Chemist,DePURA Kids 10 ml,351,31624.3,0.0466,0.934,16,pre_recall
2023-11-01,TR01,Delhi North,North,Delhi,T1,Retail Chemist,DePURA Kids 15 ml,1629,210901.38,0.0266,0.892,16,pre_recall
2023-11-01,TR02,Delhi South,North,Delhi,T1,E-Pharmacy,DePURA Kids 10 ml,99,7975.09,0.1476,0.936,12,pre_recall
2023-11-01,TR02,Delhi South,North,Delhi,T1,E-Pharmacy,DePURA Kids 15 ml,566,65259.84,0.1331,0.967,12,pre_recall
2023-11-01,TR02,Delhi South,North,Delhi,T1,Hospital Pharmacy,DePURA Kids 10 ml,95,8733.03,0.0272,0.983,12,pre_recall
2023-11-01,TR02,Delhi South,North,Delhi,T1,Hospital Pharmacy,DePURA Kids 15 ml,327,42379.95,0.0255,0.898,12,pre_recall
2023-11-01,TR02,Delhi South,North,Delhi,T1,Pharmacy Chain,DePURA Kids 10 ml,149,13067.59,0.0719,0.885,12,pre_recall
2023-11-01,TR02,Delhi South,North,Delhi,T1,Pharmacy Chain,DePURA Kids 15 ml,637,79047.98,0.067,0.961,12,pre_recall
2023-11-01,TR02,Delhi South,North,Delhi,T1,Retail Chemist,DePURA Kids 10 ml,321,29758.91,0.019,0.912,12,pre_recall
2023-11-01,TR02,Delhi South,North,Delhi,T1,Retail Chemist,DePURA Kids 15 ml,1446,191241.92,0.0056,0.96,12,pre_recall
2023-11-01,TR03,Noida-Ghaziabad,North,Uttar Pradesh,T2,E-Pharmacy,DePURA Kids 10 ml,33,2637.01,0.1544,1.0,5,pre_recall
2023-11-01,TR03,Noida-Ghaziabad,North,Uttar Pradesh,T2,E-Pharmacy,DePURA Kids 15 ml,108,12420.5,0.1353,0.972,5,pre_recall
2023-11-01,TR03,Noida-Ghaziabad,North,Uttar Pradesh,T2,Hospital Pharmacy,DePURA Kids 10 ml,32,2959.81,0.0212,0.932,5,pre_recall
2023-11-01,TR03,Noida-Ghaziabad,North,Uttar Pradesh,T2,Hospital Pharmacy,DePURA Kids 15 ml,117,15435.45,0.0081,0.867,5,pre_recall
2023-11-01,TR03,Noida-Ghaziabad,North,Uttar Pradesh,T2,Pharmacy Chain,DePURA Kids 10 ml,37,3136.37,0.103,0.938,5,pre_recall
2023-11-01,TR03,Noida-Ghaziabad,North,Uttar Pradesh,T2,Pharmacy Chain,DePURA Kids 15 ml,133,16211.35,0.0835,0.88,5,pre_recall
2023-11-01,TR03,Noida-Ghaziabad,North,Uttar Pradesh,T2,Retail Chemist,DePURA Kids 10 ml,179,16332.77,0.0344,0.941,5,pre_recall
2023-11-01,TR03,Noida-Ghaziabad,North,Uttar Pradesh,T2,Retail Chemist,DePURA Kids 15 ml,510,65439.87,0.0352,0.938,5,pre_recall
2023-11-01,TR04,Gurugram-Faridabad,North,Haryana,T2,E-Pharmacy,DePURA Kids 10 ml,19,1517.55,0.1548,0.96,8,pre_recall
2023-11-01,TR04,Gurugram-Faridabad,North,Haryana,T2,E-Pharmacy,DePURA Kids 15 ml,93,10337.59,0.1642,0.996,8,pre_recall
2023-11-01,TR04,Gurugram-Faridabad,North,Haryana,T2,Hospital Pharmacy,DePURA Kids 10 ml,29,2657.5,0.0303,0.906,8,pre_recall
2023-11-01,TR04,Gurugram-Faridabad,North,Haryana,T2,Hospital Pharmacy,DePURA Kids 15 ml,115,14962.37,0.0217,0.954,8,pre_recall
2023-11-01,TR04,Gurugram-Faridabad,North,Haryana,T2,Pharmacy Chain,DePURA Kids 10 ml,41,3499.49,0.0968,0.924,8,pre_recall
2023-11-01,TR04,Gurugram-Faridabad,North,Haryana,T2,Pharmacy Chain,DePURA Kids 15 ml,108,13392.77,0.0676,0.892,8,pre_recall
2023-11-01,TR04,Gurugram-Faridabad,North,Haryana,T2,Retail Chemist,DePURA Kids 10 ml,116,10354.24,0.0554,0.928,8,pre_recall
2023-11-01,TR04,Gurugram-Faridabad,North,Haryana,T2,Retail Chemist,DePURA Kids 15 ml,356,45373.87,0.0417,0.884,8,pre_recall
2023-11-01,TR05,Lucknow,North,Uttar Pradesh,T2,E-Pharmacy,DePURA Kids 10 ml,29,2362.96,0.1378,0.894,6,pre_recall
2023-11-01,TR05,Lucknow,North,Uttar Pradesh,T2,E-Pharmacy,DePURA Kids 15 ml,84,9858.68,0.1176,0.9,6,pre_recall
2023-11-01,TR05,Lucknow,North,Uttar Pradesh,T2,Hospital Pharmacy,DePURA Kids 10 ml,34,3116.91,0.0299,0.897,6,pre_recall
2023-11-01,TR05,Lucknow,North,Uttar Pradesh,T2,Hospital Pharmacy,DePURA Kids 15 ml,118,15552.83,0.009,0.901,6,pre_recall
2023-11-01,TR05,Lucknow,North,Uttar Pradesh,T2,Pharmacy Chain,DePURA Kids 10 ml,40,3465.96,0.0831,0.874,6,pre_recall
2023-11-01,TR05,Lucknow,North,Uttar Pradesh,T2,Pharmacy Chain,DePURA Kids 15 ml,111,13443.4,0.0894,0.942,6,pre_recall
2023-11-01,TR05,Lucknow,North,Uttar Pradesh,T2,Retail Chemist,DePURA Kids 10 ml,162,14760.6,0.0358,0.825,6,pre_recall
2023-11-01,TR05,Lucknow,North,Uttar Pradesh,T2,Retail Chemist,DePURA Kids 15 ml,437,55455.81,0.0459,0.874,6,pre_recall
2023-11-01,TR06,Kanpur-Agra,North,Uttar Pradesh,T2,E-Pharmacy,DePURA Kids 10 ml,39,3116.68,0.1543,1.0,5,pre_recall
2023-11-01,TR06,Kanpur-Agra,North,Uttar Pradesh,T2,E-Pharmacy,DePURA Kids 15 ml,106,11903.84,0.1556,0.964,5,pre_recall
2023-11-01,TR06,Kanpur-Agra,North,Uttar Pradesh,T2,Hospital Pharmacy,DePURA Kids 10 ml,47,4276.47,0.0372,1.0,5,pre_recall
2023-11-01,TR06,Kanpur-Agra,North,Uttar Pradesh,T2,Hospital Pharmacy,DePURA Kids 15 ml,154,19852.33,0.0307,0.954,5,pre_recall
2023-11-01,TR06,Kanpur-Agra,North,Uttar Pradesh,T2,Pharmacy Chain,DePURA Kids 10 ml,42,3682.42,0.0722,0.937,5,pre_recall
2023-11-01,TR06,Kanpur-Agra,North,Uttar Pradesh,T2,Pharmacy Chain,DePURA Kids 15 ml,180,22219.8,0.0719,0.966,5,pre_recall
2023-11-01,TR06,Kanpur-Agra,North,Uttar Pradesh,T2,Retail Chemist,DePURA Kids 10 ml,176,16027.58,0.0363,0.909,5,pre_recall
2023-11-01,TR06,Kanpur-Agra,North,Uttar Pradesh,T2,Retail Chemist,DePURA Kids 15 ml,671,86645.74,0.0291,0.987,5,pre_recall
2023-11-01,TR07,Varanasi-Gorakhpur,North,Uttar Pradesh,T3,E-Pharmacy,DePURA Kids 10 ml,7,557.77,0.1568,0.926,3,pre_recall
2023-11-01,TR07,Varanasi-Gorakhpur,North,Uttar Pradesh,T3,E-Pharmacy,DePURA Kids 15 ml,14,1603.81,0.1387,0.917,3,pre_recall
2023-11-01,TR07,Varanasi-Gorakhpur,North,Uttar Pradesh,T3,Hospital Pharmacy,DePURA Kids 10 ml,13,1216.72,0.0096,0.906,3,pre_recall
2023-11-01,TR07,Varanasi-Gorakhpur,North,Uttar Pradesh,T3,Hospital Pharmacy,DePURA Kids 15 ml,33,4324.82,0.0146,0.924,3,pre_recall
2023-11-01,TR07,Varanasi-Gorakhpur,North,Uttar Pradesh,T3,Pharmacy Chain,DePURA Kids 10 ml,9,792.1,0.0687,0.901,3,pre_recall
2023-11-01,TR07,Varanasi-Gorakhpur,North,Uttar Pradesh,T3,Pharmacy Chain,DePURA Kids 15 ml,20,2471.62,0.0708,0.907,3,pre_recall
2023-11-01,TR07,Varanasi-Gorakhpur,North,Uttar Pradesh,T3,Retail Chemist,DePURA Kids 10 ml,69,6262.99,0.0395,0.908,3,pre_recall
2023-11-01,TR07,Varanasi-Gorakhpur,North,Uttar Pradesh,T3,Retail Chemist,DePURA Kids 15 ml,209,26889.78,0.0326,0.962,3,pre_recall
2023-11-01,TR08,Chandigarh-Mohali,North,Chandigarh,T2,E-Pharmacy,DePURA Kids 10 ml,30,2410.65,0.1497,0.94,7,pre_recall
2023-11-01,TR08,Chandigarh-Mohali,North,Chandigarh,T2,E-Pharmacy,DePURA Kids 15 ml,86,9864.17,0.1376,0.912,7,pre_recall
2023-11-01,TR08,Chandigarh-Mohali,North,Chandigarh,T2,Hospital Pharmacy,DePURA Kids 10 ml,36,3278.81,0.0362,0.906,7,pre_recall
2023-11-01,TR08,Chandigarh-Mohali,North,Chandigarh,T2,Hospital Pharmacy,DePURA Kids 15 ml,114,14530.55,0.0416,0.969,7,pre_recall
2023-11-01,TR08,Chandigarh-Mohali,North,Chandigarh,T2,Pharmacy Chain,DePURA Kids 10 ml,40,3432.77,0.0919,0.888,7,pre_recall
2023-11-01,TR08,Chandigarh-Mohali,North,Chandigarh,T2,Pharmacy Chain,DePURA Kids 15 ml,105,12781.22,0.0848,0.938,7,pre_recall
2023-11-01,TR08,Chandigarh-Mohali,North,Chandigarh,T2,Retail Chemist,DePURA Kids 10 ml,148,13550.81,0.0311,0.968,7,pre_recall
2023-11-01,TR08,Chandigarh-Mohali,North,Chandigarh,T2,Retail Chemist,DePURA Kids 15 ml,474,58683.93,0.0397,0.928,7,pre_recall
2023-11-01,TR09,Ludhiana-Amritsar,North,Punjab,T2,E-Pharmacy,DePURA Kids 10 ml,29,2355.67,0.1404,0.956,6,pre_recall
2023-11-01,TR09,Ludhiana-Amritsar,North,Punjab,T2,E-Pharmacy,DePURA Kids 15 ml,120,13578.9,0.1492,0.969,6,pre_recall
2023-11-01,TR09,Ludhiana-Amritsar,North,Punjab,T2,Hospital Pharmacy,DePURA Kids 10 ml,31,2885.3,0.0151,0.927,6,pre_recall
2023-11-01,TR09,Ludhiana-Amritsar,North,Punjab,T2,Hospital Pharmacy,DePURA Kids 15 ml,91,11747.58,0.0294,0.851,6,pre_recall
2023-11-01,TR09,Ludhiana-Amritsar,North,Punjab,T2,Pharmacy Chain,DePURA Kids 10 ml,39,3399.8,0.0775,0.898,6,pre_recall
2023-11-01,TR09,Ludhiana-Amritsar,North,Punjab,T2,Pharmacy Chain,DePURA Kids 15 ml,89,10791.27,0.0883,0.804,6,pre_recall
2023-11-01,TR09,Ludhiana-Amritsar,North,Punjab,T2,Retail Chemist,DePURA Kids 10 ml,218,19517.66,0.0526,0.852,6,pre_recall
2023-11-01,TR09,Ludhiana-Amritsar,North,Punjab,T2,Retail Chemist,DePURA Kids 15 ml,545,71171.56,0.0181,0.926,6,pre_recall
2023-11-01,TR10,Jaipur,North,Rajasthan,T2,E-Pharmacy,DePURA Kids 10 ml,13,1027.95,0.1633,0.971,7,pre_recall
2023-11-01,TR10,Jaipur,North,Rajasthan,T2,E-Pharmacy,DePURA Kids 15 ml,47,5269.64,0.157,1.0,7,pre_recall
2023-11-01,TR10,Jaipur,North,Rajasthan,T2,Hospital Pharmacy,DePURA Kids 10 ml,17,1575.55,0.0193,0.905,7,pre_recall
2023-11-01,TR10,Jaipur,North,Rajasthan,T2,Hospital Pharmacy,DePURA Kids 15 ml,42,5516.41,0.0125,0.964,7,pre_recall
2023-11-01,TR10,Jaipur,North,Rajasthan,T2,Pharmacy Chain,DePURA Kids 10 ml,18,1567.89,0.0783,0.896,7,pre_recall
2023-11-01,TR10,Jaipur,North,Rajasthan,T2,Pharmacy Chain,DePURA Kids 15 ml,67,8174.28,0.0827,0.965,7,pre_recall
2023-11-01,TR10,Jaipur,North,Rajasthan,T2,Retail Chemist,DePURA Kids 10 ml,77,6908.31,0.0506,0.987,7,pre_recall
2023-11-01,TR10,Jaipur,North,Rajasthan,T2,Retail Chemist,DePURA Kids 15 ml,212,27116.74,0.0397,0.934,7,pre_recall
2023-11-01,TR11,Dehradun,North,Uttarakhand,T3,E-Pharmacy,DePURA Kids 10 ml,12,956.19,0.1568,0.938,6,pre_recall
2023-11-01,TR11,Dehradun,North,Uttarakhand,T3,E-Pharmacy,DePURA Kids 15 ml,32,3586.14,0.1574,0.902,6,pre_recall
2023-11-01,TR11,Dehradun,North,Uttarakhand,T3,Hospital Pharmacy,DePURA Kids 10 ml,20,1839.61,0.0267,0.877,6,pre_recall
2023-11-01,TR11,Dehradun,North,Uttarakhand,T3,Hospital Pharmacy,DePURA Kids 15 ml,54,6936.4,0.0342,0.894,6,pre_recall
2023-11-01,TR11,Dehradun,North,Uttarakhand,T3,Pharmacy Chain,DePURA Kids 10 ml,10,853.62,0.0967,0.866,6,pre_recall
2023-11-01,TR11,Dehradun,North,Uttarakhand,T3,Pharmacy Chain,DePURA Kids 15 ml,35,4299.69,0.0763,0.895,6,pre_recall
2023-11-01,TR11,Dehradun,North,Uttarakhand,T3,Retail Chemist,DePURA Kids 10 ml,107,9824.23,0.0284,0.875,6,pre_recall
2023-11-01,TR11,Dehradun,North,Uttarakhand,T3,Retail Chemist,DePURA Kids 15 ml,237,30449.79,0.034,0.923,6,pre_recall
2023-11-01,TR12,Mumbai West,West,Maharashtra,T1,E-Pharmacy,DePURA Kids 10 ml,32,2600.52,0.14,1.0,10,pre_recall
2023-11-01,TR12,Mumbai West,West,Maharashtra,T1,E-Pharmacy,DePURA Kids 15 ml,185,20244.12,0.1772,0.997,10,pre_recall
2023-11-01,TR12,Mumbai West,West,Maharashtra,T1,Hospital Pharmacy,DePURA Kids 10 ml,33,3081.29,0.0119,0.93,10,pre_recall
2023-11-01,TR12,Mumbai West,West,Maharashtra,T1,Hospital Pharmacy,DePURA Kids 15 ml,130,17290.0,0.0,0.941,10,pre_recall
2023-11-01,TR12,Mumbai West,West,Maharashtra,T1,Pharmacy Chain,DePURA Kids 10 ml,42,3623.12,0.0871,0.858,10,pre_recall
2023-11-01,TR12,Mumbai West,West,Maharashtra,T1,Pharmacy Chain,DePURA Kids 15 ml,190,23676.15,0.0631,0.967,10,pre_recall
2023-11-01,TR12,Mumbai West,West,Maharashtra,T1,Retail Chemist,DePURA Kids 10 ml,127,11628.43,0.0311,0.928,10,pre_recall
2023-11-01,TR12,Mumbai West,West,Maharashtra,T1,Retail Chemist,DePURA Kids 15 ml,612,77313.84,0.0502,0.928,10,pre_recall
2023-11-01,TR13,Mumbai Thane,West,Maharashtra,T1,E-Pharmacy,DePURA Kids 10 ml,105,8655.95,0.1276,0.946,14,pre_recall
2023-11-01,TR13,Mumbai Thane,West,Maharashtra,T1,E-Pharmacy,DePURA Kids 15 ml,366,41110.48,0.1555,0.944,14,pre_recall
2023-11-01,TR13,Mumbai Thane,West,Maharashtra,T1,Hospital Pharmacy,DePURA Kids 10 ml,81,7590.22,0.0084,0.952,14,pre_recall
2023-11-01,TR13,Mumbai Thane,West,Maharashtra,T1,Hospital Pharmacy,DePURA Kids 15 ml,393,51785.29,0.0093,0.909,14,pre_recall
2023-11-01,TR13,Mumbai Thane,West,Maharashtra,T1,Pharmacy Chain,DePURA Kids 10 ml,135,11805.74,0.0746,0.99,14,pre_recall
2023-11-01,TR13,Mumbai Thane,West,Maharashtra,T1,Pharmacy Chain,DePURA Kids 15 ml,651,80168.99,0.0741,0.947,14,pre_recall
2023-11-01,TR13,Mumbai Thane,West,Maharashtra,T1,Retail Chemist,DePURA Kids 10 ml,343,31254.05,0.0358,0.915,14,pre_recall
2023-11-01,TR13,Mumbai Thane,West,Maharashtra,T1,Retail Chemist,DePURA Kids 15 ml,1710,215760.42,0.0513,0.941,14,pre_recall
2023-11-01,TR14,Pune,West,Maharashtra,T1,E-Pharmacy,DePURA Kids 10 ml,61,4983.87,0.1354,0.895,11,pre_recall
2023-11-01,TR14,Pune,West,Maharashtra,T1,E-Pharmacy,DePURA Kids 15 ml,311,35615.27,0.139,0.93,11,pre_recall
2023-11-01,TR14,Pune,West,Maharashtra,T1,Hospital Pharmacy,DePURA Kids 10 ml,58,5398.3,0.0151,0.875,11,pre_recall
2023-11-01,TR14,Pune,West,Maharashtra,T1,Hospital Pharmacy,DePURA Kids 15 ml,266,34123.37,0.0355,0.842,11,pre_recall
2023-11-01,TR14,Pune,West,Maharashtra,T1,Pharmacy Chain,DePURA Kids 10 ml,113,10005.16,0.0631,0.934,11,pre_recall
2023-11-01,TR14,Pune,West,Maharashtra,T1,Pharmacy Chain,DePURA Kids 15 ml,428,52821.65,0.0721,0.891,11,pre_recall
2023-11-01,TR14,Pune,West,Maharashtra,T1,Retail Chemist,DePURA Kids 10 ml,204,19261.79,0.0008,0.932,11,pre_recall
2023-11-01,TR14,Pune,West,Maharashtra,T1,Retail Chemist,DePURA Kids 15 ml,853,109300.45,0.0366,0.876,11,pre_recall
2023-11-01,TR15,Nagpur,West,Maharashtra,T2,E-Pharmacy,DePURA Kids 10 ml,29,2358.94,0.1392,0.847,10,pre_recall
2023-11-01,TR15,Nagpur,West,Maharashtra,T2,E-Pharmacy,DePURA Kids 15 ml,74,8577.43,0.1285,0.949,10,pre_recall
2023-11-01,TR15,Nagpur,West,Maharashtra,T2,Hospital Pharmacy,DePURA Kids 10 ml,31,2847.01,0.0282,0.898,10,pre_recall
2023-11-01,TR15,Nagpur,West,Maharashtra,T2,Hospital Pharmacy,DePURA Kids 15 ml,93,12300.23,0.0056,0.904,10,pre_recall
2023-11-01,TR15,Nagpur,West,Maharashtra,T2,Pharmacy Chain,DePURA Kids 10 ml,39,3478.1,0.0563,0.894,10,pre_recall
2023-11-01,TR15,Nagpur,West,Maharashtra,T2,Pharmacy Chain,DePURA Kids 15 ml,119,14463.12,0.0862,0.893,10,pre_recall
2023-11-01,TR15,Nagpur,West,Maharashtra,T2,Retail Chemist,DePURA Kids 10 ml,112,10141.44,0.0397,0.897,10,pre_recall
2023-11-01,TR15,Nagpur,West,Maharashtra,T2,Retail Chemist,DePURA Kids 15 ml,380,48241.62,0.0455,0.832,10,pre_recall
2023-11-01,TR16,Ahmedabad,West,Gujarat,T1,E-Pharmacy,DePURA Kids 10 ml,77,6087.15,0.1635,0.898,16,pre_recall
2023-11-01,TR16,Ahmedabad,West,Gujarat,T1,E-Pharmacy,DePURA Kids 15 ml,369,42564.73,0.1327,0.914,16,pre_recall
2023-11-01,TR16,Ahmedabad,West,Gujarat,T1,Hospital Pharmacy,DePURA Kids 10 ml,73,6722.59,0.0255,0.866,16,pre_recall
2023-11-01,TR16,Ahmedabad,West,Gujarat,T1,Hospital Pharmacy,DePURA Kids 15 ml,341,43711.52,0.0362,0.908,16,pre_recall
2023-11-01,TR16,Ahmedabad,West,Gujarat,T1,Pharmacy Chain,DePURA Kids 10 ml,113,9975.66,0.0658,0.913,16,pre_recall
2023-11-01,TR16,Ahmedabad,West,Gujarat,T1,Pharmacy Chain,DePURA Kids 15 ml,428,53751.81,0.0557,0.848,16,pre_recall
2023-11-01,TR16,Ahmedabad,West,Gujarat,T1,Retail Chemist,DePURA Kids 10 ml,233,21005.86,0.046,0.92,16,pre_recall
2023-11-01,TR16,Ahmedabad,West,Gujarat,T1,Retail Chemist,DePURA Kids 15 ml,1128,142553.33,0.0498,0.947,16,pre_recall
2023-11-01,TR17,Surat-Vadodara,West,Gujarat,T2,E-Pharmacy,DePURA Kids 10 ml,23,1855.73,0.1462,0.904,5,pre_recall
2023-11-01,TR17,Surat-Vadodara,West,Gujarat,T2,E-Pharmacy,DePURA Kids 15 ml,99,11092.38,0.1576,0.913,5,pre_recall
2023-11-01,TR17,Surat-Vadodara,West,Gujarat,T2,Hospital Pharmacy,DePURA Kids 10 ml,30,2828.76,0.0022,0.91,5,pre_recall
2023-11-01,TR17,Surat-Vadodara,West,Gujarat,T2,Hospital Pharmacy,DePURA Kids 15 ml,110,14436.96,0.0132,0.92,5,pre_recall
2023-11-01,TR17,Surat-Vadodara,West,Gujarat,T2,Pharmacy Chain,DePURA Kids 10 ml,33,2866.93,0.0807,0.89,5,pre_recall
2023-11-01,TR17,Surat-Vadodara,West,Gujarat,T2,Pharmacy Chain,DePURA Kids 15 ml,88,10801.94,0.0771,0.828,5,pre_recall
2023-11-01,TR17,Surat-Vadodara,West,Gujarat,T2,Retail Chemist,DePURA Kids 10 ml,176,16149.37,0.029,0.993,5,pre_recall
2023-11-01,TR17,Surat-Vadodara,West,Gujarat,T2,Retail Chemist,DePURA Kids 15 ml,472,59562.74,0.0512,0.959,5,pre_recall
2023-11-01,TR18,Rajkot,West,Gujarat,T3,E-Pharmacy,DePURA Kids 10 ml,18,1431.66,0.1583,0.853,7,pre_recall
2023-11-01,TR18,Rajkot,West,Gujarat,T3,E-Pharmacy,DePURA Kids 15 ml,50,5585.35,0.1601,0.942,7,pre_recall
2023-11-01,TR18,Rajkot,West,Gujarat,T3,Hospital Pharmacy,DePURA Kids 10 ml,33,3009.25,0.035,0.857,7,pre_recall
2023-11-01,TR18,Rajkot,West,Gujarat,T3,Hospital Pharmacy,DePURA Kids 15 ml,79,10127.51,0.0361,0.85,7,pre_recall
2023-11-01,TR18,Rajkot,West,Gujarat,T3,Pharmacy Chain,DePURA Kids 10 ml,22,1924.49,0.0797,0.915,7,pre_recall
2023-11-01,TR18,Rajkot,West,Gujarat,T3,Pharmacy Chain,DePURA Kids 15 ml,44,5276.52,0.0983,0.865,7,pre_recall
2023-11-01,TR18,Rajkot,West,Gujarat,T3,Retail Chemist,DePURA Kids 10 ml,220,19909.98,0.0423,0.999,7,pre_recall
2023-11-01,TR18,Rajkot,West,Gujarat,T3,Retail Chemist,DePURA Kids 15 ml,531,68126.59,0.0353,0.989,7,pre_recall
2023-11-01,TR19,Indore,Central,Madhya Pradesh,T2,E-Pharmacy,DePURA Kids 10 ml,43,3512.59,0.1356,0.933,6,pre_recall
2023-11-01,TR19,Indore,Central,Madhya Pradesh,T2,E-Pharmacy,DePURA Kids 15 ml,155,17790.6,0.137,0.938,6,pre_recall
2023-11-01,TR19,Indore,Central,Madhya Pradesh,T2,Hospital Pharmacy,DePURA Kids 10 ml,51,4674.41,0.0301,0.887,6,pre_recall
2023-11-01,TR19,Indore,Central,Madhya Pradesh,T2,Hospital Pharmacy,DePURA Kids 15 ml,156,20377.14,0.0179,0.903,6,pre_recall
2023-11-01,TR19,Indore,Central,Madhya Pradesh,T2,Pharmacy Chain,DePURA Kids 10 ml,67,5823.38,0.0803,0.935,6,pre_recall
2023-11-01,TR19,Indore,Central,Madhya Pradesh,T2,Pharmacy Chain,DePURA Kids 15 ml,182,22072.19,0.0882,0.918,6,pre_recall
2023-11-01,TR19,Indore,Central,Madhya Pradesh,T2,Retail Chemist,DePURA Kids 10 ml,198,18111.87,0.032,0.889,6,pre_recall
2023-11-01,TR19,Indore,Central,Madhya Pradesh,T2,Retail Chemist,DePURA Kids 15 ml,826,101924.88,0.0722,0.903,6,pre_recall
2023-11-01,TR20,Bhopal,Central,Madhya Pradesh,T2,E-Pharmacy,DePURA Kids 10 ml,19,1557.29,0.1327,0.911,3,pre_recall
2023-11-01,TR20,Bhopal,Central,Madhya Pradesh,T2,E-Pharmacy,DePURA Kids 15 ml,69,7790.99,0.151,0.949,3,pre_recall
2023-11-01,TR20,Bhopal,Central,Madhya Pradesh,T2,Hospital Pharmacy,DePURA Kids 10 ml,24,2221.22,0.0206,0.894,3,pre_recall
2023-11-01,TR20,Bhopal,Central,Madhya Pradesh,T2,Hospital Pharmacy,DePURA Kids 15 ml,64,8379.04,0.0156,0.9,3,pre_recall
2023-11-01,TR20,Bhopal,Central,Madhya Pradesh,T2,Pharmacy Chain,DePURA Kids 10 ml,25,2150.8,0.0896,0.884,3,pre_recall
2023-11-01,TR20,Bhopal,Central,Madhya Pradesh,T2,Pharmacy Chain,DePURA Kids 15 ml,58,7058.62,0.085,0.913,3,pre_recall
2023-11-01,TR20,Bhopal,Central,Madhya Pradesh,T2,Retail Chemist,DePURA Kids 10 ml,78,7151.67,0.0298,0.821,3,pre_recall
2023-11-01,TR20,Bhopal,Central,Madhya Pradesh,T2,Retail Chemist,DePURA Kids 15 ml,367,46101.43,0.0555,0.914,3,pre_recall
2023-11-01,TR21,Jabalpur,Central,Madhya Pradesh,T3,E-Pharmacy,DePURA Kids 10 ml,14,1118.34,0.1547,0.992,5,pre_recall
2023-11-01,TR21,Jabalpur,Central,Madhya Pradesh,T3,E-Pharmacy,DePURA Kids 15 ml,34,3861.53,0.1461,0.972,5,pre_recall
2023-11-01,TR21,Jabalpur,Central,Madhya Pradesh,T3,Hospital Pharmacy,DePURA Kids 10 ml,26,2415.72,0.0168,0.924,5,pre_recall
2023-11-01,TR21,Jabalpur,Central,Madhya Pradesh,T3,Hospital Pharmacy,DePURA Kids 15 ml,69,8786.19,0.0426,0.928,5,pre_recall
2023-11-01,TR21,Jabalpur,Central,Madhya Pradesh,T3,Pharmacy Chain,DePURA Kids 10 ml,19,1697.15,0.0548,1.0,5,pre_recall
2023-11-01,TR21,Jabalpur,Central,Madhya Pradesh,T3,Pharmacy Chain,DePURA Kids 15 ml,41,4944.93,0.0932,1.0,5,pre_recall
2023-11-01,TR21,Jabalpur,Central,Madhya Pradesh,T3,Retail Chemist,DePURA Kids 10 ml,165,14783.5,0.0519,0.948,5,pre_recall
2023-11-01,TR21,Jabalpur,Central,Madhya Pradesh,T3,Retail Chemist,DePURA Kids 15 ml,438,55114.84,0.0539,0.969,5,pre_recall
2023-11-01,TR22,Raipur,Central,Chhattisgarh,T3,E-Pharmacy,DePURA Kids 10 ml,21,1708.26,0.1392,0.863,6,pre_recall
2023-11-01,TR22,Raipur,Central,Chhattisgarh,T3,E-Pharmacy,DePURA Kids 15 ml,48,5418.29,0.1513,0.959,6,pre_recall
2023-11-01,TR22,Raipur,Central,Chhattisgarh,T3,Hospital Pharmacy,DePURA Kids 10 ml,34,3153.97,0.0184,0.864,6,pre_recall
2023-11-01,TR22,Raipur,Central,Chhattisgarh,T3,Hospital Pharmacy,DePURA Kids 15 ml,101,13185.04,0.0185,0.92,6,pre_recall
2023-11-01,TR22,Raipur,Central,Chhattisgarh,T3,Pharmacy Chain,DePURA Kids 10 ml,22,1934.96,0.0693,0.865,6,pre_recall
2023-11-01,TR22,Raipur,Central,Chhattisgarh,T3,Pharmacy Chain,DePURA Kids 15 ml,41,5156.14,0.0544,0.867,6,pre_recall
2023-11-01,TR22,Raipur,Central,Chhattisgarh,T3,Retail Chemist,DePURA Kids 10 ml,202,18283.83,0.0422,0.915,6,pre_recall
2023-11-01,TR22,Raipur,Central,Chhattisgarh,T3,Retail Chemist,DePURA Kids 15 ml,516,66678.57,0.0284,0.883,6,pre_recall
2023-11-01,TR23,Bengaluru North,South,Karnataka,T1,E-Pharmacy,DePURA Kids 10 ml,84,6752.1,0.1494,0.985,11,pre_recall
2023-11-01,TR23,Bengaluru North,South,Karnataka,T1,E-Pharmacy,DePURA Kids 15 ml,402,45936.44,0.1408,0.937,11,pre_recall
2023-11-01,TR23,Bengaluru North,South,Karnataka,T1,Hospital Pharmacy,DePURA Kids 10 ml,84,7742.18,0.0247,0.955,11,pre_recall
2023-11-01,TR23,Bengaluru North,South,Karnataka,T1,Hospital Pharmacy,DePURA Kids 15 ml,301,38812.87,0.0305,0.846,11,pre_recall
2023-11-01,TR23,Bengaluru North,South,Karnataka,T1,Pharmacy Chain,DePURA Kids 10 ml,91,7971.95,0.073,0.869,11,pre_recall
2023-11-01,TR23,Bengaluru North,South,Karnataka,T1,Pharmacy Chain,DePURA Kids 15 ml,598,73190.37,0.0798,0.931,11,pre_recall
2023-11-01,TR23,Bengaluru North,South,Karnataka,T1,Retail Chemist,DePURA Kids 10 ml,336,30427.14,0.0417,0.958,11,pre_recall
2023-11-01,TR23,Bengaluru North,South,Karnataka,T1,Retail Chemist,DePURA Kids 15 ml,1110,142017.32,0.038,0.984,11,pre_recall
2023-11-01,TR24,Bengaluru South,South,Karnataka,T1,E-Pharmacy,DePURA Kids 10 ml,129,10302.37,0.1549,0.94,16,pre_recall
2023-11-01,TR24,Bengaluru South,South,Karnataka,T1,E-Pharmacy,DePURA Kids 15 ml,450,51276.46,0.1433,0.898,16,pre_recall
2023-11-01,TR24,Bengaluru South,South,Karnataka,T1,Hospital Pharmacy,DePURA Kids 10 ml,80,7425.72,0.0178,0.872,16,pre_recall
2023-11-01,TR24,Bengaluru South,South,Karnataka,T1,Hospital Pharmacy,DePURA Kids 15 ml,391,50415.62,0.0305,0.855,16,pre_recall
2023-11-01,TR24,Bengaluru South,South,Karnataka,T1,Pharmacy Chain,DePURA Kids 10 ml,126,10927.56,0.0823,0.906,16,pre_recall
2023-11-01,TR24,Bengaluru South,South,Karnataka,T1,Pharmacy Chain,DePURA Kids 15 ml,576,70721.95,0.0768,0.872,16,pre_recall
2023-11-01,TR24,Bengaluru South,South,Karnataka,T1,Retail Chemist,DePURA Kids 10 ml,253,23293.26,0.0257,0.868,16,pre_recall
2023-11-01,TR24,Bengaluru South,South,Karnataka,T1,Retail Chemist,DePURA Kids 15 ml,1406,181578.88,0.029,0.905,16,pre_recall
2023-11-01,TR25,Mysuru-Mangaluru,South,Karnataka,T3,E-Pharmacy,DePURA Kids 10 ml,10,823.66,0.1284,0.919,4,pre_recall
2023-11-01,TR25,Mysuru-Mangaluru,South,Karnataka,T3,E-Pharmacy,DePURA Kids 15 ml,21,2347.16,0.1596,0.976,4,pre_recall
2023-11-01,TR25,Mysuru-Mangaluru,South,Karnataka,T3,Hospital Pharmacy,DePURA Kids 10 ml,16,1478.2,0.0224,0.843,4,pre_recall
2023-11-01,TR25,Mysuru-Mangaluru,South,Karnataka,T3,Hospital Pharmacy,DePURA Kids 15 ml,39,5059.88,0.0245,0.87,4,pre_recall
2023-11-01,TR25,Mysuru-Mangaluru,South,Karnataka,T3,Pharmacy Chain,DePURA Kids 10 ml,10,865.27,0.0844,0.909,4,pre_recall
2023-11-01,TR25,Mysuru-Mangaluru,South,Karnataka,T3,Pharmacy Chain,DePURA Kids 15 ml,25,3029.77,0.0888,0.973,4,pre_recall
2023-11-01,TR25,Mysuru-Mangaluru,South,Karnataka,T3,Retail Chemist,DePURA Kids 10 ml,86,7767.01,0.0443,0.951,4,pre_recall
2023-11-01,TR25,Mysuru-Mangaluru,South,Karnataka,T3,Retail Chemist,DePURA Kids 15 ml,213,27268.92,0.0374,0.96,4,pre_recall
2023-11-01,TR26,Chennai,South,Tamil Nadu,T1,E-Pharmacy,DePURA Kids 10 ml,109,8513.47,0.1735,0.959,16,pre_recall
2023-11-01,TR26,Chennai,South,Tamil Nadu,T1,E-Pharmacy,DePURA Kids 15 ml,435,49175.04,0.15,0.931,16,pre_recall
2023-11-01,TR26,Chennai,South,Tamil Nadu,T1,Hospital Pharmacy,DePURA Kids 10 ml,86,7964.69,0.02,0.944,16,pre_recall
2023-11-01,TR26,Chennai,South,Tamil Nadu,T1,Hospital Pharmacy,DePURA Kids 15 ml,308,40241.59,0.0176,0.888,16,pre_recall
2023-11-01,TR26,Chennai,South,Tamil Nadu,T1,Pharmacy Chain,DePURA Kids 10 ml,155,13647.57,0.0683,0.928,16,pre_recall
2023-11-01,TR26,Chennai,South,Tamil Nadu,T1,Pharmacy Chain,DePURA Kids 15 ml,522,64342.03,0.0732,0.928,16,pre_recall
2023-11-01,TR26,Chennai,South,Tamil Nadu,T1,Retail Chemist,DePURA Kids 10 ml,363,32441.43,0.0543,0.973,16,pre_recall
2023-11-01,TR26,Chennai,South,Tamil Nadu,T1,Retail Chemist,DePURA Kids 15 ml,1496,196707.1,0.0114,0.907,16,pre_recall
2023-11-01,TR27,Coimbatore-Madurai,South,Tamil Nadu,T2,E-Pharmacy,DePURA Kids 10 ml,34,2755.31,0.1425,1.0,8,pre_recall
2023-11-01,TR27,Coimbatore-Madurai,South,Tamil Nadu,T2,E-Pharmacy,DePURA Kids 15 ml,116,12919.58,0.1626,0.999,8,pre_recall
2023-11-01,TR27,Coimbatore-Madurai,South,Tamil Nadu,T2,Hospital Pharmacy,DePURA Kids 10 ml,40,3710.06,0.0185,0.933,8,pre_recall
2023-11-01,TR27,Coimbatore-Madurai,South,Tamil Nadu,T2,Hospital Pharmacy,DePURA Kids 15 ml,145,18725.69,0.029,0.967,8,pre_recall
2023-11-01,TR27,Coimbatore-Madurai,South,Tamil Nadu,T2,Pharmacy Chain,DePURA Kids 10 ml,56,4786.18,0.0956,0.987,8,pre_recall
2023-11-01,TR27,Coimbatore-Madurai,South,Tamil Nadu,T2,Pharmacy Chain,DePURA Kids 15 ml,174,21316.76,0.0789,0.925,8,pre_recall
2023-11-01,TR27,Coimbatore-Madurai,South,Tamil Nadu,T2,Retail Chemist,DePURA Kids 10 ml,217,19596.17,0.0444,0.951,8,pre_recall
2023-11-01,TR27,Coimbatore-Madurai,South,Tamil Nadu,T2,Retail Chemist,DePURA Kids 15 ml,703,89645.68,0.0412,0.953,8,pre_recall
2023-11-01,TR28,Hyderabad,South,Telangana,T1,E-Pharmacy,DePURA Kids 10 ml,87,7063.27,0.1409,0.951,9,pre_recall
2023-11-01,TR28,Hyderabad,South,Telangana,T1,E-Pharmacy,DePURA Kids 15 ml,466,52460.73,0.1536,0.952,9,pre_recall
2023-11-01,TR28,Hyderabad,South,Telangana,T1,Hospital Pharmacy,DePURA Kids 10 ml,86,7931.95,0.024,0.887,9,pre_recall
2023-11-01,TR28,Hyderabad,South,Telangana,T1,Hospital Pharmacy,DePURA Kids 15 ml,407,54131.0,0.0,0.872,9,pre_recall
2023-11-01,TR28,Hyderabad,South,Telangana,T1,Pharmacy Chain,DePURA Kids 10 ml,98,8470.84,0.0853,0.855,9,pre_recall
2023-11-01,TR28,Hyderabad,South,Telangana,T1,Pharmacy Chain,DePURA Kids 15 ml,550,66341.06,0.0931,0.918,9,pre_recall
2023-11-01,TR28,Hyderabad,South,Telangana,T1,Retail Chemist,DePURA Kids 10 ml,277,24588.2,0.0607,0.947,9,pre_recall
2023-11-01,TR28,Hyderabad,South,Telangana,T1,Retail Chemist,DePURA Kids 15 ml,1241,158547.98,0.0394,0.963,9,pre_recall
2023-11-01,TR29,Vijayawada-Vizag,South,Andhra Pradesh,T2,E-Pharmacy,DePURA Kids 10 ml,21,1691.06,0.1479,1.0,5,pre_recall
2023-11-01,TR29,Vijayawada-Vizag,South,Andhra Pradesh,T2,E-Pharmacy,DePURA Kids 15 ml,58,6405.28,0.1697,1.0,5,pre_recall
2023-11-01,TR29,Vijayawada-Vizag,South,Andhra Pradesh,T2,Hospital Pharmacy,DePURA Kids 10 ml,20,1816.6,0.0388,0.995,5,pre_recall
2023-11-01,TR29,Vijayawada-Vizag,South,Andhra Pradesh,T2,Hospital Pharmacy,DePURA Kids 15 ml,66,8778.0,0.0,1.0,5,pre_recall
2023-11-01,TR29,Vijayawada-Vizag,South,Andhra Pradesh,T2,Pharmacy Chain,DePURA Kids 10 ml,28,2466.98,0.0677,0.953,5,pre_recall
2023-11-01,TR29,Vijayawada-Vizag,South,Andhra Pradesh,T2,Pharmacy Chain,DePURA Kids 15 ml,81,9924.21,0.0788,0.939,5,pre_recall
2023-11-01,TR29,Vijayawada-Vizag,South,Andhra Pradesh,T2,Retail Chemist,DePURA Kids 10 ml,97,8870.21,0.0323,0.985,5,pre_recall
2023-11-01,TR29,Vijayawada-Vizag,South,Andhra Pradesh,T2,Retail Chemist,DePURA Kids 15 ml,312,40503.61,0.0239,0.992,5,pre_recall
2023-11-01,TR30,Kochi-Trivandrum,South,Kerala,T2,E-Pharmacy,DePURA Kids 10 ml,36,2886.35,0.1516,1.0,5,pre_recall
2023-11-01,TR30,Kochi-Trivandrum,South,Kerala,T2,E-Pharmacy,DePURA Kids 15 ml,100,11322.45,0.1487,0.961,5,pre_recall
2023-11-01,TR30,Kochi-Trivandrum,South,Kerala,T2,Hospital Pharmacy,DePURA Kids 10 ml,46,4180.68,0.0383,0.83,5,pre_recall
2023-11-01,TR30,Kochi-Trivandrum,South,Kerala,T2,Hospital Pharmacy,DePURA Kids 15 ml,160,21072.02,0.0098,0.929,5,pre_recall
2023-11-01,TR30,Kochi-Trivandrum,South,Kerala,T2,Pharmacy Chain,DePURA Kids 10 ml,63,5473.26,0.0807,0.922,5,pre_recall
2023-11-01,TR30,Kochi-Trivandrum,South,Kerala,T2,Pharmacy Chain,DePURA Kids 15 ml,182,21959.97,0.0928,0.929,5,pre_recall
2023-11-01,TR30,Kochi-Trivandrum,South,Kerala,T2,Retail Chemist,DePURA Kids 10 ml,231,21197.26,0.029,0.981,5,pre_recall
2023-11-01,TR30,Kochi-Trivandrum,South,Kerala,T2,Retail Chemist,DePURA Kids 15 ml,649,81926.11,0.0509,0.892,5,pre_recall
2023-11-01,TR31,Kolkata,East,West Bengal,T1,E-Pharmacy,DePURA Kids 10 ml,82,6675.86,0.1385,0.926,16,pre_recall
2023-11-01,TR31,Kolkata,East,West Bengal,T1,E-Pharmacy,DePURA Kids 15 ml,252,28795.85,0.1408,0.942,16,pre_recall
2023-11-01,TR31,Kolkata,East,West Bengal,T1,Hospital Pharmacy,DePURA Kids 10 ml,57,5304.61,0.0152,0.875,16,pre_recall
2023-11-01,TR31,Kolkata,East,West Bengal,T1,Hospital Pharmacy,DePURA Kids 15 ml,329,43273.02,0.0111,0.918,16,pre_recall
2023-11-01,TR31,Kolkata,East,West Bengal,T1,Pharmacy Chain,DePURA Kids 10 ml,80,6906.74,0.0864,0.894,16,pre_recall
2023-11-01,TR31,Kolkata,East,West Bengal,T1,Pharmacy Chain,DePURA Kids 15 ml,377,47196.06,0.0587,0.933,16,pre_recall
2023-11-01,TR31,Kolkata,East,West Bengal,T1,Retail Chemist,DePURA Kids 10 ml,207,18847.01,0.0365,0.879,16,pre_recall
2023-11-01,TR31,Kolkata,East,West Bengal,T1,Retail Chemist,DePURA Kids 15 ml,841,109244.8,0.0233,0.931,16,pre_recall
2023-11-01,TR32,Siliguri-Durgapur,East,West Bengal,T3,E-Pharmacy,DePURA Kids 10 ml,11,883.13,0.1504,1.0,3,pre_recall
2023-11-01,TR32,Siliguri-Durgapur,East,West Bengal,T3,E-Pharmacy,DePURA Kids 15 ml,22,2575.39,0.1198,0.998,3,pre_recall
2023-11-01,TR32,Siliguri-Durgapur,East,West Bengal,T3,Hospital Pharmacy,DePURA Kids 10 ml,17,1532.23,0.0462,0.926,3,pre_recall
2023-11-01,TR32,Siliguri-Durgapur,East,West Bengal,T3,Hospital Pharmacy,DePURA Kids 15 ml,40,5192.34,0.024,1.0,3,pre_recall
2023-11-01,TR32,Siliguri-Durgapur,East,West Bengal,T3,Pharmacy Chain,DePURA Kids 10 ml,15,1293.37,0.0876,0.978,3,pre_recall
2023-11-01,TR32,Siliguri-Durgapur,East,West Bengal,T3,Pharmacy Chain,DePURA Kids 15 ml,27,3237.31,0.0985,0.933,3,pre_recall
2023-11-01,TR32,Siliguri-Durgapur,East,West Bengal,T3,Retail Chemist,DePURA Kids 10 ml,96,8468.32,0.0665,0.972,3,pre_recall
2023-11-01,TR32,Siliguri-Durgapur,East,West Bengal,T3,Retail Chemist,DePURA Kids 15 ml,262,33370.92,0.0423,0.943,3,pre_recall
2023-11-01,TR33,Patna,East,Bihar,T2,E-Pharmacy,DePURA Kids 10 ml,22,1777.23,0.1452,0.983,6,pre_recall
2023-11-01,TR33,Patna,East,Bihar,T2,E-Pharmacy,DePURA Kids 15 ml,97,10870.97,0.1574,1.0,6,pre_recall
2023-11-01,TR33,Patna,East,Bihar,T2,Hospital Pharmacy,DePURA Kids 10 ml,25,2295.84,0.0282,0.89,6,pre_recall
2023-11-01,TR33,Patna,East,Bihar,T2,Hospital Pharmacy,DePURA Kids 15 ml,124,16127.81,0.0221,0.982,6,pre_recall
2023-11-01,TR33,Patna,East,Bihar,T2,Pharmacy Chain,DePURA Kids 10 ml,34,3018.3,0.0606,0.955,6,pre_recall
2023-11-01,TR33,Patna,East,Bihar,T2,Pharmacy Chain,DePURA Kids 15 ml,114,13770.46,0.0918,0.916,6,pre_recall
2023-11-01,TR33,Patna,East,Bihar,T2,Retail Chemist,DePURA Kids 10 ml,115,10497.96,0.034,0.969,6,pre_recall
2023-11-01,TR33,Patna,East,Bihar,T2,Retail Chemist,DePURA Kids 15 ml,478,61261.98,0.0397,0.927,6,pre_recall
2023-11-01,TR34,Ranchi,East,Jharkhand,T3,E-Pharmacy,DePURA Kids 10 ml,17,1354.09,0.1571,0.892,6,pre_recall
2023-11-01,TR34,Ranchi,East,Jharkhand,T3,E-Pharmacy,DePURA Kids 15 ml,33,3679.65,0.1616,0.912,6,pre_recall
2023-11-01,TR34,Ranchi,East,Jharkhand,T3,Hospital Pharmacy,DePURA Kids 10 ml,32,2971.4,0.0174,0.945,6,pre_recall
2023-11-01,TR34,Ranchi,East,Jharkhand,T3,Hospital Pharmacy,DePURA Kids 15 ml,72,9197.81,0.0395,0.916,6,pre_recall
2023-11-01,TR34,Ranchi,East,Jharkhand,T3,Pharmacy Chain,DePURA Kids 10 ml,16,1407.62,0.069,0.846,6,pre_recall
2023-11-01,TR34,Ranchi,East,Jharkhand,T3,Pharmacy Chain,DePURA Kids 15 ml,40,4770.43,0.1033,0.921,6,pre_recall
2023-11-01,TR34,Ranchi,East,Jharkhand,T3,Retail Chemist,DePURA Kids 10 ml,132,12046.14,0.0343,0.841,6,pre_recall
2023-11-01,TR34,Ranchi,East,Jharkhand,T3,Retail Chemist,DePURA Kids 15 ml,345,44370.89,0.033,0.89,6,pre_recall
2023-11-01,TR35,Bhubaneswar,East,Odisha,T2,E-Pharmacy,DePURA Kids 10 ml,19,1525.62,0.1503,0.885,6,pre_recall
2023-11-01,TR35,Bhubaneswar,East,Odisha,T2,E-Pharmacy,DePURA Kids 15 ml,81,9030.1,0.1618,0.894,6,pre_recall
2023-11-01,TR35,Bhubaneswar,East,Odisha,T2,Hospital Pharmacy,DePURA Kids 10 ml,29,2704.27,0.0132,0.884,6,pre_recall
2023-11-01,TR35,Bhubaneswar,East,Odisha,T2,Hospital Pharmacy,DePURA Kids 15 ml,81,10626.22,0.0136,0.873,6,pre_recall
2023-11-01,TR35,Bhubaneswar,East,Odisha,T2,Pharmacy Chain,DePURA Kids 10 ml,35,3053.48,0.0768,0.893,6,pre_recall
2023-11-01,TR35,Bhubaneswar,East,Odisha,T2,Pharmacy Chain,DePURA Kids 15 ml,95,11449.74,0.0938,0.989,6,pre_recall
2023-11-01,TR35,Bhubaneswar,East,Odisha,T2,Retail Chemist,DePURA Kids 10 ml,141,12727.59,0.0448,0.89,6,pre_recall
2023-11-01,TR35,Bhubaneswar,East,Odisha,T2,Retail Chemist,DePURA Kids 15 ml,404,51943.17,0.0333,0.855,6,pre_recall
2023-11-01,TR36,Guwahati,East,Assam,T2,E-Pharmacy,DePURA Kids 10 ml,39,3047.19,0.1732,0.985,8,pre_recall
2023-11-01,TR36,Guwahati,East,Assam,T2,E-Pharmacy,DePURA Kids 15 ml,126,14275.92,0.1481,1.0,8,pre_recall
2023-11-01,TR36,Guwahati,East,Assam,T2,Hospital Pharmacy,DePURA Kids 10 ml,44,4040.81,0.0282,0.989,8,pre_recall
2023-11-01,TR36,Guwahati,East,Assam,T2,Hospital Pharmacy,DePURA Kids 15 ml,126,16619.24,0.01985,0.945,8,pre_recall
2023-11-01,TR36,Guwahati,East,Assam,T2,Pharmacy Chain,DePURA Kids 10 ml,51,4350.05,0.0974,0.958,8,pre_recall
2023-11-01,TR36,Guwahati,East,Assam,T2,Pharmacy Chain,DePURA Kids 15 ml,155,18535.81,0.1009,0.912,8,pre_recall
2023-11-01,TR36,Guwahati,East,Assam,T2,Retail Chemist,DePURA Kids 10 ml,182,16296.81,0.0525,0.957,8,pre_recall
2023-11-01,TR36,Guwahati,East,Assam,T2,Retail Chemist,DePURA Kids 15 ml,586,72314.78,0.0721,0.999,8,pre_recall
2023-12-01,TR01,Delhi North,North,Delhi,T1,E-Pharmacy,DePURA Kids 10 ml,130,10440.47,0.1501,1.0,16,pre_recall
2023-12-01,TR01,Delhi North,North,Delhi,T1,E-Pharmacy,DePURA Kids 15 ml,603,66861.05,0.1663,1.0,16,pre_recall
2023-12-01,TR01,Delhi North,North,Delhi,T1,Hospital Pharmacy,DePURA Kids 10 ml,123,11569.54,0.0046,0.912,16,pre_recall
2023-12-01,TR01,Delhi North,North,Delhi,T1,Hospital Pharmacy,DePURA Kids 15 ml,477,63441.0,0.0,0.943,16,pre_recall
2023-12-01,TR01,Delhi North,North,Delhi,T1,Pharmacy Chain,DePURA Kids 10 ml,165,14206.64,0.0889,0.954,16,pre_recall
2023-12-01,TR01,Delhi North,North,Delhi,T1,Pharmacy Chain,DePURA Kids 15 ml,808,98296.19,0.0853,0.954,16,pre_recall
2023-12-01,TR01,Delhi North,North,Delhi,T1,Retail Chemist,DePURA Kids 10 ml,424,38908.04,0.0289,0.971,16,pre_recall
2023-12-01,TR01,Delhi North,North,Delhi,T1,Retail Chemist,DePURA Kids 15 ml,2067,257155.85,0.0646,0.896,16,pre_recall
2023-12-01,TR02,Delhi South,North,Delhi,T1,E-Pharmacy,DePURA Kids 10 ml,122,9685.59,0.1599,0.915,12,pre_recall
2023-12-01,TR02,Delhi South,North,Delhi,T1,E-Pharmacy,DePURA Kids 15 ml,535,59285.33,0.1668,0.961,12,pre_recall
2023-12-01,TR02,Delhi South,North,Delhi,T1,Hospital Pharmacy,DePURA Kids 10 ml,92,8542.78,0.0174,0.918,12,pre_recall
2023-12-01,TR02,Delhi South,North,Delhi,T1,Hospital Pharmacy,DePURA Kids 15 ml,529,68109.38,0.0319,0.995,12,pre_recall
2023-12-01,TR02,Delhi South,North,Delhi,T1,Pharmacy Chain,DePURA Kids 10 ml,129,11015.15,0.0964,0.961,12,pre_recall
2023-12-01,TR02,Delhi South,North,Delhi,T1,Pharmacy Chain,DePURA Kids 15 ml,516,61301.5,0.1068,0.903,12,pre_recall
2023-12-01,TR02,Delhi South,North,Delhi,T1,Retail Chemist,DePURA Kids 10 ml,369,33479.36,0.0399,0.94,12,pre_recall
2023-12-01,TR02,Delhi South,North,Delhi,T1,Retail Chemist,DePURA Kids 15 ml,1574,199223.24,0.0483,0.897,12,pre_recall
2023-12-01,TR03,Noida-Ghaziabad,North,Uttar Pradesh,T2,E-Pharmacy,DePURA Kids 10 ml,27,2234.79,0.1241,0.947,5,pre_recall
2023-12-01,TR03,Noida-Ghaziabad,North,Uttar Pradesh,T2,E-Pharmacy,DePURA Kids 15 ml,95,10934.75,0.1346,0.947,5,pre_recall
2023-12-01,TR03,Noida-Ghaziabad,North,Uttar Pradesh,T2,Hospital Pharmacy,DePURA Kids 10 ml,34,3213.0,0.0,0.866,5,pre_recall
2023-12-01,TR03,Noida-Ghaziabad,North,Uttar Pradesh,T2,Hospital Pharmacy,DePURA Kids 15 ml,117,15286.38,0.0176,0.934,5,pre_recall
2023-12-01,TR03,Noida-Ghaziabad,North,Uttar Pradesh,T2,Pharmacy Chain,DePURA Kids 10 ml,40,3433.85,0.0916,0.909,5,pre_recall
2023-12-01,TR03,Noida-Ghaziabad,North,Uttar Pradesh,T2,Pharmacy Chain,DePURA Kids 15 ml,125,15219.25,0.0846,0.925,5,pre_recall
2023-12-01,TR03,Noida-Ghaziabad,North,Uttar Pradesh,T2,Retail Chemist,DePURA Kids 10 ml,190,17548.57,0.0226,0.877,5,pre_recall
2023-12-01,TR03,Noida-Ghaziabad,North,Uttar Pradesh,T2,Retail Chemist,DePURA Kids 15 ml,463,60453.49,0.0183,0.898,5,pre_recall
2023-12-01,TR04,Gurugram-Faridabad,North,Haryana,T2,E-Pharmacy,DePURA Kids 10 ml,23,1877.98,0.136,0.922,8,pre_recall
2023-12-01,TR04,Gurugram-Faridabad,North,Haryana,T2,E-Pharmacy,DePURA Kids 15 ml,110,12465.27,0.148,0.935,8,pre_recall
2023-12-01,TR04,Gurugram-Faridabad,North,Haryana,T2,Hospital Pharmacy,DePURA Kids 10 ml,34,3171.31,0.013,0.943,8,pre_recall
2023-12-01,TR04,Gurugram-Faridabad,North,Haryana,T2,Hospital Pharmacy,DePURA Kids 15 ml,93,11930.16,0.0355,0.943,8,pre_recall
2023-12-01,TR04,Gurugram-Faridabad,North,Haryana,T2,Pharmacy Chain,DePURA Kids 10 ml,34,2915.89,0.0925,0.942,8,pre_recall
2023-12-01,TR04,Gurugram-Faridabad,North,Haryana,T2,Pharmacy Chain,DePURA Kids 15 ml,121,14792.51,0.0808,0.931,8,pre_recall
2023-12-01,TR04,Gurugram-Faridabad,North,Haryana,T2,Retail Chemist,DePURA Kids 10 ml,136,12349.45,0.0391,0.961,8,pre_recall
2023-12-01,TR04,Gurugram-Faridabad,North,Haryana,T2,Retail Chemist,DePURA Kids 15 ml,484,61884.68,0.0386,0.947,8,pre_recall
2023-12-01,TR05,Lucknow,North,Uttar Pradesh,T2,E-Pharmacy,DePURA Kids 10 ml,29,2267.65,0.1725,0.924,6,pre_recall
2023-12-01,TR05,Lucknow,North,Uttar Pradesh,T2,E-Pharmacy,DePURA Kids 15 ml,97,11008.9,0.1467,0.879,6,pre_recall
2023-12-01,TR05,Lucknow,North,Uttar Pradesh,T2,Hospital Pharmacy,DePURA Kids 10 ml,36,3308.44,0.0275,0.861,6,pre_recall
2023-12-01,TR05,Lucknow,North,Uttar Pradesh,T2,Hospital Pharmacy,DePURA Kids 15 ml,114,14964.99,0.013,0.831,6,pre_recall
2023-12-01,TR05,Lucknow,North,Uttar Pradesh,T2,Pharmacy Chain,DePURA Kids 10 ml,34,2965.8,0.0769,0.887,6,pre_recall
2023-12-01,TR05,Lucknow,North,Uttar Pradesh,T2,Pharmacy Chain,DePURA Kids 15 ml,134,16456.8,0.0766,0.884,6,pre_recall
2023-12-01,TR05,Lucknow,North,Uttar Pradesh,T2,Retail Chemist,DePURA Kids 10 ml,137,12353.18,0.0458,0.85,6,pre_recall
2023-12-01,TR05,Lucknow,North,Uttar Pradesh,T2,Retail Chemist,DePURA Kids 15 ml,522,68531.14,0.0129,0.881,6,pre_recall
2023-12-01,TR06,Kanpur-Agra,North,Uttar Pradesh,T2,E-Pharmacy,DePURA Kids 10 ml,40,3245.87,0.1413,0.996,5,pre_recall
2023-12-01,TR06,Kanpur-Agra,North,Uttar Pradesh,T2,E-Pharmacy,DePURA Kids 15 ml,127,14450.92,0.1445,0.932,5,pre_recall
2023-12-01,TR06,Kanpur-Agra,North,Uttar Pradesh,T2,Hospital Pharmacy,DePURA Kids 10 ml,50,4640.08,0.018,0.967,5,pre_recall
2023-12-01,TR06,Kanpur-Agra,North,Uttar Pradesh,T2,Hospital Pharmacy,DePURA Kids 15 ml,136,17935.64,0.01985,0.914,5,pre_recall
2023-12-01,TR06,Kanpur-Agra,North,Uttar Pradesh,T2,Pharmacy Chain,DePURA Kids 10 ml,43,3804.57,0.0637,0.958,5,pre_recall
2023-12-01,TR06,Kanpur-Agra,North,Uttar Pradesh,T2,Pharmacy Chain,DePURA Kids 15 ml,166,20310.39,0.0801,0.934,5,pre_recall
2023-12-01,TR06,Kanpur-Agra,North,Uttar Pradesh,T2,Retail Chemist,DePURA Kids 10 ml,235,20917.14,0.0581,0.941,5,pre_recall
2023-12-01,TR06,Kanpur-Agra,North,Uttar Pradesh,T2,Retail Chemist,DePURA Kids 15 ml,697,87076.46,0.0607,0.969,5,pre_recall
2023-12-01,TR07,Varanasi-Gorakhpur,North,Uttar Pradesh,T3,E-Pharmacy,DePURA Kids 10 ml,6,490.68,0.1346,0.914,3,pre_recall
2023-12-01,TR07,Varanasi-Gorakhpur,North,Uttar Pradesh,T3,E-Pharmacy,DePURA Kids 15 ml,16,1824.67,0.1425,0.917,3,pre_recall
2023-12-01,TR07,Varanasi-Gorakhpur,North,Uttar Pradesh,T3,Hospital Pharmacy,DePURA Kids 10 ml,14,1270.91,0.0394,0.871,3,pre_recall
2023-12-01,TR07,Varanasi-Gorakhpur,North,Uttar Pradesh,T3,Hospital Pharmacy,DePURA Kids 15 ml,30,3871.95,0.0296,0.922,3,pre_recall
2023-12-01,TR07,Varanasi-Gorakhpur,North,Uttar Pradesh,T3,Pharmacy Chain,DePURA Kids 10 ml,10,866.28,0.0833,0.914,3,pre_recall
2023-12-01,TR07,Varanasi-Gorakhpur,North,Uttar Pradesh,T3,Pharmacy Chain,DePURA Kids 15 ml,20,2461.44,0.0746,0.819,3,pre_recall
2023-12-01,TR07,Varanasi-Gorakhpur,North,Uttar Pradesh,T3,Retail Chemist,DePURA Kids 10 ml,76,6735.03,0.0622,0.937,3,pre_recall
2023-12-01,TR07,Varanasi-Gorakhpur,North,Uttar Pradesh,T3,Retail Chemist,DePURA Kids 15 ml,240,30303.95,0.0506,0.997,3,pre_recall
2023-12-01,TR08,Chandigarh-Mohali,North,Chandigarh,T2,E-Pharmacy,DePURA Kids 10 ml,33,2638.94,0.1538,0.978,7,pre_recall
2023-12-01,TR08,Chandigarh-Mohali,North,Chandigarh,T2,E-Pharmacy,DePURA Kids 15 ml,100,11474.2,0.1373,0.985,7,pre_recall
2023-12-01,TR08,Chandigarh-Mohali,North,Chandigarh,T2,Hospital Pharmacy,DePURA Kids 10 ml,43,3967.42,0.0236,0.93,7,pre_recall
2023-12-01,TR08,Chandigarh-Mohali,North,Chandigarh,T2,Hospital Pharmacy,DePURA Kids 15 ml,118,15274.88,0.0267,0.935,7,pre_recall
2023-12-01,TR08,Chandigarh-Mohali,North,Chandigarh,T2,Pharmacy Chain,DePURA Kids 10 ml,36,3047.27,0.1043,0.973,7,pre_recall
2023-12-01,TR08,Chandigarh-Mohali,North,Chandigarh,T2,Pharmacy Chain,DePURA Kids 15 ml,114,14101.96,0.0699,0.894,7,pre_recall
2023-12-01,TR08,Chandigarh-Mohali,North,Chandigarh,T2,Retail Chemist,DePURA Kids 10 ml,126,11331.46,0.0483,0.925,7,pre_recall
2023-12-01,TR08,Chandigarh-Mohali,North,Chandigarh,T2,Retail Chemist,DePURA Kids 15 ml,389,48841.88,0.056,0.943,7,pre_recall
2023-12-01,TR09,Ludhiana-Amritsar,North,Punjab,T2,E-Pharmacy,DePURA Kids 10 ml,32,2647.47,0.1245,0.896,6,pre_recall
2023-12-01,TR09,Ludhiana-Amritsar,North,Punjab,T2,E-Pharmacy,DePURA Kids 15 ml,95,10812.75,0.1442,0.908,6,pre_recall
2023-12-01,TR09,Ludhiana-Amritsar,North,Punjab,T2,Hospital Pharmacy,DePURA Kids 10 ml,39,3685.5,0.0,0.908,6,pre_recall
2023-12-01,TR09,Ludhiana-Amritsar,North,Punjab,T2,Hospital Pharmacy,DePURA Kids 15 ml,112,14330.23,0.038,0.857,6,pre_recall
2023-12-01,TR09,Ludhiana-Amritsar,North,Punjab,T2,Pharmacy Chain,DePURA Kids 10 ml,32,2802.18,0.0734,0.864,6,pre_recall
2023-12-01,TR09,Ludhiana-Amritsar,North,Punjab,T2,Pharmacy Chain,DePURA Kids 15 ml,125,15294.26,0.08,0.929,6,pre_recall
2023-12-01,TR09,Ludhiana-Amritsar,North,Punjab,T2,Retail Chemist,DePURA Kids 10 ml,158,14369.57,0.0376,0.889,6,pre_recall
2023-12-01,TR09,Ludhiana-Amritsar,North,Punjab,T2,Retail Chemist,DePURA Kids 15 ml,539,67506.53,0.0583,0.888,6,pre_recall
2023-12-01,TR10,Jaipur,North,Rajasthan,T2,E-Pharmacy,DePURA Kids 10 ml,13,1052.58,0.1432,0.964,7,pre_recall
2023-12-01,TR10,Jaipur,North,Rajasthan,T2,E-Pharmacy,DePURA Kids 15 ml,52,5820.38,0.1584,0.999,7,pre_recall
2023-12-01,TR10,Jaipur,North,Rajasthan,T2,Hospital Pharmacy,DePURA Kids 10 ml,18,1673.55,0.0161,0.936,7,pre_recall
2023-12-01,TR10,Jaipur,North,Rajasthan,T2,Hospital Pharmacy,DePURA Kids 15 ml,57,7550.92,0.004,0.927,7,pre_recall
2023-12-01,TR10,Jaipur,North,Rajasthan,T2,Pharmacy Chain,DePURA Kids 10 ml,18,1558.0,0.0841,0.92,7,pre_recall
2023-12-01,TR10,Jaipur,North,Rajasthan,T2,Pharmacy Chain,DePURA Kids 15 ml,60,7365.61,0.077,0.96,7,pre_recall
2023-12-01,TR10,Jaipur,North,Rajasthan,T2,Retail Chemist,DePURA Kids 10 ml,79,7230.26,0.0315,0.956,7,pre_recall
2023-12-01,TR10,Jaipur,North,Rajasthan,T2,Retail Chemist,DePURA Kids 15 ml,295,38178.44,0.0269,0.938,7,pre_recall
2023-12-01,TR11,Dehradun,North,Uttarakhand,T3,E-Pharmacy,DePURA Kids 10 ml,12,975.57,0.1397,0.935,6,pre_recall
2023-12-01,TR11,Dehradun,North,Uttarakhand,T3,E-Pharmacy,DePURA Kids 15 ml,27,3089.02,0.1398,0.983,6,pre_recall
2023-12-01,TR11,Dehradun,North,Uttarakhand,T3,Hospital Pharmacy,DePURA Kids 10 ml,24,2239.14,0.0127,0.945,6,pre_recall
2023-12-01,TR11,Dehradun,North,Uttarakhand,T3,Hospital Pharmacy,DePURA Kids 15 ml,44,5696.76,0.0265,0.837,6,pre_recall
2023-12-01,TR11,Dehradun,North,Uttarakhand,T3,Pharmacy Chain,DePURA Kids 10 ml,12,1026.28,0.095,0.876,6,pre_recall
2023-12-01,TR11,Dehradun,North,Uttarakhand,T3,Pharmacy Chain,DePURA Kids 15 ml,26,3133.53,0.0938,0.865,6,pre_recall
2023-12-01,TR11,Dehradun,North,Uttarakhand,T3,Retail Chemist,DePURA Kids 10 ml,112,9886.06,0.0659,0.871,6,pre_recall
2023-12-01,TR11,Dehradun,North,Uttarakhand,T3,Retail Chemist,DePURA Kids 15 ml,228,28943.57,0.0455,0.84,6,pre_recall
2023-12-01,TR12,Mumbai West,West,Maharashtra,T1,E-Pharmacy,DePURA Kids 10 ml,39,3106.18,0.1572,0.926,10,pre_recall
2023-12-01,TR12,Mumbai West,West,Maharashtra,T1,E-Pharmacy,DePURA Kids 15 ml,187,21080.49,0.1524,1.0,10,pre_recall
2023-12-01,TR12,Mumbai West,West,Maharashtra,T1,Hospital Pharmacy,DePURA Kids 10 ml,38,3523.05,0.0189,0.973,10,pre_recall
2023-12-01,TR12,Mumbai West,West,Maharashtra,T1,Hospital Pharmacy,DePURA Kids 15 ml,167,21674.87,0.0241,0.927,10,pre_recall
2023-12-01,TR12,Mumbai West,West,Maharashtra,T1,Pharmacy Chain,DePURA Kids 10 ml,44,3770.97,0.0931,0.921,10,pre_recall
2023-12-01,TR12,Mumbai West,West,Maharashtra,T1,Pharmacy Chain,DePURA Kids 15 ml,244,30493.57,0.0603,0.928,10,pre_recall
2023-12-01,TR12,Mumbai West,West,Maharashtra,T1,Retail Chemist,DePURA Kids 10 ml,146,13568.68,0.0165,0.919,10,pre_recall
2023-12-01,TR12,Mumbai West,West,Maharashtra,T1,Retail Chemist,DePURA Kids 15 ml,552,71886.94,0.0208,0.934,10,pre_recall
2023-12-01,TR13,Mumbai Thane,West,Maharashtra,T1,E-Pharmacy,DePURA Kids 10 ml,107,8576.66,0.1518,1.0,14,pre_recall
2023-12-01,TR13,Mumbai Thane,West,Maharashtra,T1,E-Pharmacy,DePURA Kids 15 ml,497,56324.44,0.1479,0.976,14,pre_recall
2023-12-01,TR13,Mumbai Thane,West,Maharashtra,T1,Hospital Pharmacy,DePURA Kids 10 ml,88,8141.86,0.0209,0.922,14,pre_recall
2023-12-01,TR13,Mumbai Thane,West,Maharashtra,T1,Hospital Pharmacy,DePURA Kids 15 ml,391,52003.0,0.0,0.976,14,pre_recall
2023-12-01,TR13,Mumbai Thane,West,Maharashtra,T1,Pharmacy Chain,DePURA Kids 10 ml,128,11041.28,0.0872,0.994,14,pre_recall
2023-12-01,TR13,Mumbai Thane,West,Maharashtra,T1,Pharmacy Chain,DePURA Kids 15 ml,572,71079.15,0.0657,0.917,14,pre_recall
2023-12-01,TR13,Mumbai Thane,West,Maharashtra,T1,Retail Chemist,DePURA Kids 10 ml,355,32932.6,0.0183,1.0,14,pre_recall
2023-12-01,TR13,Mumbai Thane,West,Maharashtra,T1,Retail Chemist,DePURA Kids 15 ml,1738,221819.83,0.0404,0.888,14,pre_recall
2023-12-01,TR14,Pune,West,Maharashtra,T1,E-Pharmacy,DePURA Kids 10 ml,74,5841.68,0.1646,1.0,11,pre_recall
2023-12-01,TR14,Pune,West,Maharashtra,T1,E-Pharmacy,DePURA Kids 15 ml,387,43848.68,0.1481,0.914,11,pre_recall
2023-12-01,TR14,Pune,West,Maharashtra,T1,Hospital Pharmacy,DePURA Kids 10 ml,60,5558.18,0.0197,0.919,11,pre_recall
2023-12-01,TR14,Pune,West,Maharashtra,T1,Hospital Pharmacy,DePURA Kids 15 ml,222,28718.05,0.0274,0.866,11,pre_recall
2023-12-01,TR14,Pune,West,Maharashtra,T1,Pharmacy Chain,DePURA Kids 10 ml,93,8102.82,0.078,0.917,11,pre_recall
2023-12-01,TR14,Pune,West,Maharashtra,T1,Pharmacy Chain,DePURA Kids 15 ml,455,55669.14,0.0801,0.909,11,pre_recall
2023-12-01,TR14,Pune,West,Maharashtra,T1,Retail Chemist,DePURA Kids 10 ml,175,15484.19,0.0637,0.896,11,pre_recall
2023-12-01,TR14,Pune,West,Maharashtra,T1,Retail Chemist,DePURA Kids 15 ml,1023,131302.63,0.035,0.852,11,pre_recall
2023-12-01,TR15,Nagpur,West,Maharashtra,T2,E-Pharmacy,DePURA Kids 10 ml,29,2294.03,0.1629,0.929,10,pre_recall
2023-12-01,TR15,Nagpur,West,Maharashtra,T2,E-Pharmacy,DePURA Kids 15 ml,77,8772.34,0.1434,0.973,10,pre_recall
2023-12-01,TR15,Nagpur,West,Maharashtra,T2,Hospital Pharmacy,DePURA Kids 10 ml,36,3339.11,0.0185,0.958,10,pre_recall
2023-12-01,TR15,Nagpur,West,Maharashtra,T2,Hospital Pharmacy,DePURA Kids 15 ml,113,14714.54,0.0209,0.868,10,pre_recall
2023-12-01,TR15,Nagpur,West,Maharashtra,T2,Pharmacy Chain,DePURA Kids 10 ml,36,3129.3,0.0802,0.864,10,pre_recall
2023-12-01,TR15,Nagpur,West,Maharashtra,T2,Pharmacy Chain,DePURA Kids 15 ml,100,12006.99,0.0972,0.87,10,pre_recall
2023-12-01,TR15,Nagpur,West,Maharashtra,T2,Retail Chemist,DePURA Kids 10 ml,120,10821.99,0.0457,0.882,10,pre_recall
2023-12-01,TR15,Nagpur,West,Maharashtra,T2,Retail Chemist,DePURA Kids 15 ml,458,58305.96,0.0428,0.962,10,pre_recall
2023-12-01,TR16,Ahmedabad,West,Gujarat,T1,E-Pharmacy,DePURA Kids 10 ml,79,6374.89,0.1461,0.961,16,pre_recall
2023-12-01,TR16,Ahmedabad,West,Gujarat,T1,E-Pharmacy,DePURA Kids 15 ml,396,44423.18,0.1565,0.9,16,pre_recall
2023-12-01,TR16,Ahmedabad,West,Gujarat,T1,Hospital Pharmacy,DePURA Kids 10 ml,63,5908.81,0.0075,0.928,16,pre_recall
2023-12-01,TR16,Ahmedabad,West,Gujarat,T1,Hospital Pharmacy,DePURA Kids 15 ml,372,49080.31,0.008,0.895,16,pre_recall
2023-12-01,TR16,Ahmedabad,West,Gujarat,T1,Pharmacy Chain,DePURA Kids 10 ml,106,9228.98,0.0787,0.858,16,pre_recall
2023-12-01,TR16,Ahmedabad,West,Gujarat,T1,Pharmacy Chain,DePURA Kids 15 ml,482,59503.52,0.0718,0.889,16,pre_recall
2023-12-01,TR16,Ahmedabad,West,Gujarat,T1,Retail Chemist,DePURA Kids 10 ml,267,24491.8,0.0293,0.953,16,pre_recall
2023-12-01,TR16,Ahmedabad,West,Gujarat,T1,Retail Chemist,DePURA Kids 15 ml,1261,165279.47,0.0145,0.963,16,pre_recall
2023-12-01,TR17,Surat-Vadodara,West,Gujarat,T2,E-Pharmacy,DePURA Kids 10 ml,27,2166.92,0.1507,0.871,5,pre_recall
2023-12-01,TR17,Surat-Vadodara,West,Gujarat,T2,E-Pharmacy,DePURA Kids 15 ml,75,8530.13,0.1448,0.897,5,pre_recall
2023-12-01,TR17,Surat-Vadodara,West,Gujarat,T2,Hospital Pharmacy,DePURA Kids 10 ml,33,3071.2,0.0152,0.861,5,pre_recall
2023-12-01,TR17,Surat-Vadodara,West,Gujarat,T2,Hospital Pharmacy,DePURA Kids 15 ml,104,13648.43,0.0133,0.866,5,pre_recall
2023-12-01,TR17,Surat-Vadodara,West,Gujarat,T2,Pharmacy Chain,DePURA Kids 10 ml,40,3529.82,0.0662,0.86,5,pre_recall
2023-12-01,TR17,Surat-Vadodara,West,Gujarat,T2,Pharmacy Chain,DePURA Kids 15 ml,78,9490.34,0.0852,0.854,5,pre_recall
2023-12-01,TR17,Surat-Vadodara,West,Gujarat,T2,Retail Chemist,DePURA Kids 10 ml,136,12252.85,0.0466,0.878,5,pre_recall
2023-12-01,TR17,Surat-Vadodara,West,Gujarat,T2,Retail Chemist,DePURA Kids 15 ml,449,57541.24,0.0364,0.893,5,pre_recall
2023-12-01,TR18,Rajkot,West,Gujarat,T3,E-Pharmacy,DePURA Kids 10 ml,21,1663.34,0.1618,0.93,7,pre_recall
2023-12-01,TR18,Rajkot,West,Gujarat,T3,E-Pharmacy,DePURA Kids 15 ml,44,4957.79,0.1528,0.898,7,pre_recall
2023-12-01,TR18,Rajkot,West,Gujarat,T3,Hospital Pharmacy,DePURA Kids 10 ml,34,3102.5,0.0344,0.874,7,pre_recall
2023-12-01,TR18,Rajkot,West,Gujarat,T3,Hospital Pharmacy,DePURA Kids 15 ml,86,11407.41,0.0027,0.861,7,pre_recall
2023-12-01,TR18,Rajkot,West,Gujarat,T3,Pharmacy Chain,DePURA Kids 10 ml,23,1974.92,0.0914,0.951,7,pre_recall
2023-12-01,TR18,Rajkot,West,Gujarat,T3,Pharmacy Chain,DePURA Kids 15 ml,50,6032.29,0.0929,0.905,7,pre_recall
2023-12-01,TR18,Rajkot,West,Gujarat,T3,Retail Chemist,DePURA Kids 10 ml,202,18637.98,0.0236,0.907,7,pre_recall
2023-12-01,TR18,Rajkot,West,Gujarat,T3,Retail Chemist,DePURA Kids 15 ml,400,51141.63,0.0387,0.888,7,pre_recall
2023-12-01,TR19,Indore,Central,Madhya Pradesh,T2,E-Pharmacy,DePURA Kids 10 ml,44,3547.63,0.1468,0.871,6,pre_recall
2023-12-01,TR19,Indore,Central,Madhya Pradesh,T2,E-Pharmacy,DePURA Kids 15 ml,137,15625.15,0.1425,0.92,6,pre_recall
2023-12-01,TR19,Indore,Central,Madhya Pradesh,T2,Hospital Pharmacy,DePURA Kids 10 ml,62,5665.15,0.0331,0.894,6,pre_recall
2023-12-01,TR19,Indore,Central,Madhya Pradesh,T2,Hospital Pharmacy,DePURA Kids 15 ml,190,24772.01,0.0197,0.834,6,pre_recall
2023-12-01,TR19,Indore,Central,Madhya Pradesh,T2,Pharmacy Chain,DePURA Kids 10 ml,59,5159.42,0.0746,0.898,6,pre_recall
2023-12-01,TR19,Indore,Central,Madhya Pradesh,T2,Pharmacy Chain,DePURA Kids 15 ml,185,22559.79,0.0831,0.91,6,pre_recall
2023-12-01,TR19,Indore,Central,Madhya Pradesh,T2,Retail Chemist,DePURA Kids 10 ml,231,20397.49,0.0656,0.89,6,pre_recall
2023-12-01,TR19,Indore,Central,Madhya Pradesh,T2,Retail Chemist,DePURA Kids 15 ml,699,90652.9,0.0249,0.925,6,pre_recall
2023-12-01,TR20,Bhopal,Central,Madhya Pradesh,T2,E-Pharmacy,DePURA Kids 10 ml,21,1703.62,0.1415,0.968,3,pre_recall
2023-12-01,TR20,Bhopal,Central,Madhya Pradesh,T2,E-Pharmacy,DePURA Kids 15 ml,64,7284.99,0.1442,0.963,3,pre_recall
2023-12-01,TR20,Bhopal,Central,Madhya Pradesh,T2,Hospital Pharmacy,DePURA Kids 10 ml,26,2384.13,0.0297,0.895,3,pre_recall
2023-12-01,TR20,Bhopal,Central,Madhya Pradesh,T2,Hospital Pharmacy,DePURA Kids 15 ml,70,8947.2,0.039,0.888,3,pre_recall
2023-12-01,TR20,Bhopal,Central,Madhya Pradesh,T2,Pharmacy Chain,DePURA Kids 10 ml,34,2979.6,0.0726,0.974,3,pre_recall
2023-12-01,TR20,Bhopal,Central,Madhya Pradesh,T2,Pharmacy Chain,DePURA Kids 15 ml,70,8444.86,0.0929,0.862,3,pre_recall
2023-12-01,TR20,Bhopal,Central,Madhya Pradesh,T2,Retail Chemist,DePURA Kids 10 ml,107,9620.83,0.0485,0.957,3,pre_recall
2023-12-01,TR20,Bhopal,Central,Madhya Pradesh,T2,Retail Chemist,DePURA Kids 15 ml,285,36162.77,0.046,0.899,3,pre_recall
2023-12-01,TR21,Jabalpur,Central,Madhya Pradesh,T3,E-Pharmacy,DePURA Kids 10 ml,16,1274.85,0.1568,0.972,5,pre_recall
2023-12-01,TR21,Jabalpur,Central,Madhya Pradesh,T3,E-Pharmacy,DePURA Kids 15 ml,37,4133.04,0.1601,0.975,5,pre_recall
2023-12-01,TR21,Jabalpur,Central,Madhya Pradesh,T3,Hospital Pharmacy,DePURA Kids 10 ml,28,2615.11,0.0117,0.943,5,pre_recall
2023-12-01,TR21,Jabalpur,Central,Madhya Pradesh,T3,Hospital Pharmacy,DePURA Kids 15 ml,78,10175.97,0.0191,0.97,5,pre_recall
2023-12-01,TR21,Jabalpur,Central,Madhya Pradesh,T3,Pharmacy Chain,DePURA Kids 10 ml,17,1520.34,0.0536,0.891,5,pre_recall
2023-12-01,TR21,Jabalpur,Central,Madhya Pradesh,T3,Pharmacy Chain,DePURA Kids 15 ml,67,7911.56,0.1122,0.987,5,pre_recall
2023-12-01,TR21,Jabalpur,Central,Madhya Pradesh,T3,Retail Chemist,DePURA Kids 10 ml,209,18829.85,0.0397,0.978,5,pre_recall
2023-12-01,TR21,Jabalpur,Central,Madhya Pradesh,T3,Retail Chemist,DePURA Kids 15 ml,397,50491.93,0.0437,0.894,5,pre_recall
2023-12-01,TR22,Raipur,Central,Chhattisgarh,T3,E-Pharmacy,DePURA Kids 10 ml,21,1712.07,0.1499,0.945,6,pre_recall
2023-12-01,TR22,Raipur,Central,Chhattisgarh,T3,E-Pharmacy,DePURA Kids 15 ml,38,4280.94,0.153,0.895,6,pre_recall
2023-12-01,TR22,Raipur,Central,Chhattisgarh,T3,Hospital Pharmacy,DePURA Kids 10 ml,36,3389.74,0.0036,0.855,6,pre_recall
2023-12-01,TR22,Raipur,Central,Chhattisgarh,T3,Hospital Pharmacy,DePURA Kids 15 ml,87,11088.21,0.0417,0.888,6,pre_recall
2023-12-01,TR22,Raipur,Central,Chhattisgarh,T3,Pharmacy Chain,DePURA Kids 10 ml,20,1735.74,0.0816,0.869,6,pre_recall
2023-12-01,TR22,Raipur,Central,Chhattisgarh,T3,Pharmacy Chain,DePURA Kids 15 ml,57,6985.39,0.0786,0.941,6,pre_recall
2023-12-01,TR22,Raipur,Central,Chhattisgarh,T3,Retail Chemist,DePURA Kids 10 ml,251,23007.55,0.03,0.865,6,pre_recall
2023-12-01,TR22,Raipur,Central,Chhattisgarh,T3,Retail Chemist,DePURA Kids 15 ml,481,60383.1,0.0561,0.819,6,pre_recall
2023-12-01,TR23,Bengaluru North,South,Karnataka,T1,E-Pharmacy,DePURA Kids 10 ml,100,8013.28,0.152,0.978,11,pre_recall
2023-12-01,TR23,Bengaluru North,South,Karnataka,T1,E-Pharmacy,DePURA Kids 15 ml,368,41405.37,0.154,0.997,11,pre_recall
2023-12-01,TR23,Bengaluru North,South,Karnataka,T1,Hospital Pharmacy,DePURA Kids 10 ml,60,5474.18,0.0345,0.947,11,pre_recall
2023-12-01,TR23,Bengaluru North,South,Karnataka,T1,Hospital Pharmacy,DePURA Kids 15 ml,378,49277.23,0.01985,0.867,11,pre_recall
2023-12-01,TR23,Bengaluru North,South,Karnataka,T1,Pharmacy Chain,DePURA Kids 10 ml,106,9024.07,0.0991,0.949,11,pre_recall
2023-12-01,TR23,Bengaluru North,South,Karnataka,T1,Pharmacy Chain,DePURA Kids 15 ml,663,80537.93,0.0867,0.933,11,pre_recall
2023-12-01,TR23,Bengaluru North,South,Karnataka,T1,Retail Chemist,DePURA Kids 10 ml,267,24294.54,0.0371,0.92,11,pre_recall
2023-12-01,TR23,Bengaluru North,South,Karnataka,T1,Retail Chemist,DePURA Kids 15 ml,1159,147603.47,0.0424,0.881,11,pre_recall
2023-12-01,TR24,Bengaluru South,South,Karnataka,T1,E-Pharmacy,DePURA Kids 10 ml,89,7174.2,0.147,0.911,16,pre_recall
2023-12-01,TR24,Bengaluru South,South,Karnataka,T1,E-Pharmacy,DePURA Kids 15 ml,511,58503.0,0.1392,0.943,16,pre_recall
2023-12-01,TR24,Bengaluru South,South,Karnataka,T1,Hospital Pharmacy,DePURA Kids 10 ml,126,11667.81,0.0201,0.93,16,pre_recall
2023-12-01,TR24,Bengaluru South,South,Karnataka,T1,Hospital Pharmacy,DePURA Kids 15 ml,475,60954.06,0.0352,0.926,16,pre_recall
2023-12-01,TR24,Bengaluru South,South,Karnataka,T1,Pharmacy Chain,DePURA Kids 10 ml,114,9854.43,0.0853,0.843,16,pre_recall
2023-12-01,TR24,Bengaluru South,South,Karnataka,T1,Pharmacy Chain,DePURA Kids 15 ml,699,87170.09,0.0624,0.864,16,pre_recall
2023-12-01,TR24,Bengaluru South,South,Karnataka,T1,Retail Chemist,DePURA Kids 10 ml,372,33953.46,0.0342,0.906,16,pre_recall
2023-12-01,TR24,Bengaluru South,South,Karnataka,T1,Retail Chemist,DePURA Kids 15 ml,1719,214114.43,0.0635,0.929,16,pre_recall
2023-12-01,TR25,Mysuru-Mangaluru,South,Karnataka,T3,E-Pharmacy,DePURA Kids 10 ml,9,727.49,0.1446,0.932,4,pre_recall
2023-12-01,TR25,Mysuru-Mangaluru,South,Karnataka,T3,E-Pharmacy,DePURA Kids 15 ml,22,2504.86,0.1439,0.98,4,pre_recall
2023-12-01,TR25,Mysuru-Mangaluru,South,Karnataka,T3,Hospital Pharmacy,DePURA Kids 10 ml,18,1671.86,0.0171,0.965,4,pre_recall
2023-12-01,TR25,Mysuru-Mangaluru,South,Karnataka,T3,Hospital Pharmacy,DePURA Kids 15 ml,44,5578.99,0.0467,0.902,4,pre_recall
2023-12-01,TR25,Mysuru-Mangaluru,South,Karnataka,T3,Pharmacy Chain,DePURA Kids 10 ml,9,791.3,0.0696,0.917,4,pre_recall
2023-12-01,TR25,Mysuru-Mangaluru,South,Karnataka,T3,Pharmacy Chain,DePURA Kids 15 ml,30,3639.05,0.088,0.93,4,pre_recall
2023-12-01,TR25,Mysuru-Mangaluru,South,Karnataka,T3,Retail Chemist,DePURA Kids 10 ml,87,8040.89,0.022,0.954,4,pre_recall
2023-12-01,TR25,Mysuru-Mangaluru,South,Karnataka,T3,Retail Chemist,DePURA Kids 15 ml,213,26798.61,0.054,0.95,4,pre_recall
2023-12-01,TR26,Chennai,South,Tamil Nadu,T1,E-Pharmacy,DePURA Kids 10 ml,110,8797.35,0.1537,0.946,16,pre_recall
2023-12-01,TR26,Chennai,South,Tamil Nadu,T1,E-Pharmacy,DePURA Kids 15 ml,557,63440.23,0.1436,0.963,16,pre_recall
2023-12-01,TR26,Chennai,South,Tamil Nadu,T1,Hospital Pharmacy,DePURA Kids 10 ml,92,8478.7,0.0248,0.895,16,pre_recall
2023-12-01,TR26,Chennai,South,Tamil Nadu,T1,Hospital Pharmacy,DePURA Kids 15 ml,337,44111.6,0.0158,0.991,16,pre_recall
2023-12-01,TR26,Chennai,South,Tamil Nadu,T1,Pharmacy Chain,DePURA Kids 10 ml,142,11962.12,0.1086,0.906,16,pre_recall
2023-12-01,TR26,Chennai,South,Tamil Nadu,T1,Pharmacy Chain,DePURA Kids 15 ml,438,54172.77,0.0701,0.946,16,pre_recall
2023-12-01,TR26,Chennai,South,Tamil Nadu,T1,Retail Chemist,DePURA Kids 10 ml,329,28912.7,0.07,0.933,16,pre_recall
2023-12-01,TR26,Chennai,South,Tamil Nadu,T1,Retail Chemist,DePURA Kids 15 ml,1402,180046.64,0.0344,0.952,16,pre_recall
2023-12-01,TR27,Coimbatore-Madurai,South,Tamil Nadu,T2,E-Pharmacy,DePURA Kids 10 ml,39,3150.84,0.1451,0.963,8,pre_recall
2023-12-01,TR27,Coimbatore-Madurai,South,Tamil Nadu,T2,E-Pharmacy,DePURA Kids 15 ml,118,13545.92,0.1369,1.0,8,pre_recall
2023-12-01,TR27,Coimbatore-Madurai,South,Tamil Nadu,T2,Hospital Pharmacy,DePURA Kids 10 ml,51,4756.94,0.013,0.962,8,pre_recall
2023-12-01,TR27,Coimbatore-Madurai,South,Tamil Nadu,T2,Hospital Pharmacy,DePURA Kids 15 ml,175,22495.04,0.0335,0.934,8,pre_recall
2023-12-01,TR27,Coimbatore-Madurai,South,Tamil Nadu,T2,Pharmacy Chain,DePURA Kids 10 ml,62,5324.25,0.0913,1.0,8,pre_recall
2023-12-01,TR27,Coimbatore-Madurai,South,Tamil Nadu,T2,Pharmacy Chain,DePURA Kids 15 ml,165,20394.05,0.0707,1.0,8,pre_recall
2023-12-01,TR27,Coimbatore-Madurai,South,Tamil Nadu,T2,Retail Chemist,DePURA Kids 10 ml,237,21428.47,0.0432,0.962,8,pre_recall
2023-12-01,TR27,Coimbatore-Madurai,South,Tamil Nadu,T2,Retail Chemist,DePURA Kids 15 ml,608,78601.97,0.028,1.0,8,pre_recall
2023-12-01,TR28,Hyderabad,South,Telangana,T1,E-Pharmacy,DePURA Kids 10 ml,103,8390.41,0.138,0.924,9,pre_recall
2023-12-01,TR28,Hyderabad,South,Telangana,T1,E-Pharmacy,DePURA Kids 15 ml,441,50171.04,0.1446,0.909,9,pre_recall
2023-12-01,TR28,Hyderabad,South,Telangana,T1,Hospital Pharmacy,DePURA Kids 10 ml,85,7767.2,0.033,0.941,9,pre_recall
2023-12-01,TR28,Hyderabad,South,Telangana,T1,Hospital Pharmacy,DePURA Kids 15 ml,526,68153.29,0.0258,0.981,9,pre_recall
2023-12-01,TR28,Hyderabad,South,Telangana,T1,Pharmacy Chain,DePURA Kids 10 ml,121,10486.5,0.0829,0.891,9,pre_recall
2023-12-01,TR28,Hyderabad,South,Telangana,T1,Pharmacy Chain,DePURA Kids 15 ml,437,54007.62,0.0708,0.84,9,pre_recall
2023-12-01,TR28,Hyderabad,South,Telangana,T1,Retail Chemist,DePURA Kids 10 ml,290,26195.7,0.0441,0.955,9,pre_recall
2023-12-01,TR28,Hyderabad,South,Telangana,T1,Retail Chemist,DePURA Kids 15 ml,1466,187474.07,0.0385,0.913,9,pre_recall
2023-12-01,TR29,Vijayawada-Vizag,South,Andhra Pradesh,T2,E-Pharmacy,DePURA Kids 10 ml,25,2032.19,0.1398,1.0,5,pre_recall
2023-12-01,TR29,Vijayawada-Vizag,South,Andhra Pradesh,T2,E-Pharmacy,DePURA Kids 15 ml,69,7897.23,0.1395,1.0,5,pre_recall
2023-12-01,TR29,Vijayawada-Vizag,South,Andhra Pradesh,T2,Hospital Pharmacy,DePURA Kids 10 ml,24,2226.34,0.0184,0.938,5,pre_recall
2023-12-01,TR29,Vijayawada-Vizag,South,Andhra Pradesh,T2,Hospital Pharmacy,DePURA Kids 15 ml,85,10892.06,0.0365,0.927,5,pre_recall
2023-12-01,TR29,Vijayawada-Vizag,South,Andhra Pradesh,T2,Pharmacy Chain,DePURA Kids 10 ml,22,1950.85,0.0616,0.925,5,pre_recall
2023-12-01,TR29,Vijayawada-Vizag,South,Andhra Pradesh,T2,Pharmacy Chain,DePURA Kids 15 ml,99,11900.21,0.0962,1.0,5,pre_recall
2023-12-01,TR29,Vijayawada-Vizag,South,Andhra Pradesh,T2,Retail Chemist,DePURA Kids 10 ml,117,10423.1,0.0573,1.0,5,pre_recall
2023-12-01,TR29,Vijayawada-Vizag,South,Andhra Pradesh,T2,Retail Chemist,DePURA Kids 15 ml,384,48415.63,0.052,0.935,5,pre_recall
2023-12-01,TR30,Kochi-Trivandrum,South,Kerala,T2,E-Pharmacy,DePURA Kids 10 ml,44,3597.36,0.1348,0.977,5,pre_recall
2023-12-01,TR30,Kochi-Trivandrum,South,Kerala,T2,E-Pharmacy,DePURA Kids 15 ml,146,16534.63,0.1485,0.96,5,pre_recall
2023-12-01,TR30,Kochi-Trivandrum,South,Kerala,T2,Hospital Pharmacy,DePURA Kids 10 ml,61,5609.56,0.0269,0.955,5,pre_recall
2023-12-01,TR30,Kochi-Trivandrum,South,Kerala,T2,Hospital Pharmacy,DePURA Kids 15 ml,194,25207.11,0.0231,0.815,5,pre_recall
2023-12-01,TR30,Kochi-Trivandrum,South,Kerala,T2,Pharmacy Chain,DePURA Kids 10 ml,57,4984.8,0.0746,0.855,5,pre_recall
2023-12-01,TR30,Kochi-Trivandrum,South,Kerala,T2,Pharmacy Chain,DePURA Kids 15 ml,162,19361.6,0.1014,0.86,5,pre_recall
2023-12-01,TR30,Kochi-Trivandrum,South,Kerala,T2,Retail Chemist,DePURA Kids 10 ml,183,16552.36,0.0429,0.881,5,pre_recall
2023-12-01,TR30,Kochi-Trivandrum,South,Kerala,T2,Retail Chemist,DePURA Kids 15 ml,689,85732.8,0.0644,0.924,5,pre_recall
2023-12-01,TR31,Kolkata,East,West Bengal,T1,E-Pharmacy,DePURA Kids 10 ml,85,6750.2,0.1596,1.0,16,pre_recall
2023-12-01,TR31,Kolkata,East,West Bengal,T1,E-Pharmacy,DePURA Kids 15 ml,271,30879.65,0.1433,0.956,16,pre_recall
2023-12-01,TR31,Kolkata,East,West Bengal,T1,Hospital Pharmacy,DePURA Kids 10 ml,72,6723.89,0.0118,0.954,16,pre_recall
2023-12-01,TR31,Kolkata,East,West Bengal,T1,Hospital Pharmacy,DePURA Kids 15 ml,216,28110.24,0.0215,0.919,16,pre_recall
2023-12-01,TR31,Kolkata,East,West Bengal,T1,Pharmacy Chain,DePURA Kids 10 ml,95,8334.93,0.0716,0.874,16,pre_recall
2023-12-01,TR31,Kolkata,East,West Bengal,T1,Pharmacy Chain,DePURA Kids 15 ml,376,46307.71,0.074,0.898,16,pre_recall
2023-12-01,TR31,Kolkata,East,West Bengal,T1,Retail Chemist,DePURA Kids 10 ml,210,19284.83,0.0282,0.946,16,pre_recall
2023-12-01,TR31,Kolkata,East,West Bengal,T1,Retail Chemist,DePURA Kids 15 ml,918,117284.66,0.0394,1.0,16,pre_recall
2023-12-01,TR32,Siliguri-Durgapur,East,West Bengal,T3,E-Pharmacy,DePURA Kids 10 ml,14,1153.31,0.1283,1.0,3,pre_recall
2023-12-01,TR32,Siliguri-Durgapur,East,West Bengal,T3,E-Pharmacy,DePURA Kids 15 ml,29,3299.94,0.1444,0.956,3,pre_recall
2023-12-01,TR32,Siliguri-Durgapur,East,West Bengal,T3,Hospital Pharmacy,DePURA Kids 10 ml,22,2021.55,0.0276,0.927,3,pre_recall
2023-12-01,TR32,Siliguri-Durgapur,East,West Bengal,T3,Hospital Pharmacy,DePURA Kids 15 ml,56,7206.57,0.0324,0.976,3,pre_recall
2023-12-01,TR32,Siliguri-Durgapur,East,West Bengal,T3,Pharmacy Chain,DePURA Kids 10 ml,13,1140.64,0.0715,0.952,3,pre_recall
2023-12-01,TR32,Siliguri-Durgapur,East,West Bengal,T3,Pharmacy Chain,DePURA Kids 15 ml,31,3803.09,0.0776,0.971,3,pre_recall
2023-12-01,TR32,Siliguri-Durgapur,East,West Bengal,T3,Retail Chemist,DePURA Kids 10 ml,116,10723.71,0.0397,0.941,3,pre_recall
2023-12-01,TR32,Siliguri-Durgapur,East,West Bengal,T3,Retail Chemist,DePURA Kids 15 ml,287,37558.68,0.016,0.922,3,pre_recall
2023-12-01,TR33,Patna,East,Bihar,T2,E-Pharmacy,DePURA Kids 10 ml,28,2232.59,0.1562,0.919,6,pre_recall
2023-12-01,TR33,Patna,East,Bihar,T2,E-Pharmacy,DePURA Kids 15 ml,74,8284.33,0.1583,1.0,6,pre_recall
2023-12-01,TR33,Patna,East,Bihar,T2,Hospital Pharmacy,DePURA Kids 10 ml,35,3228.27,0.024,0.944,6,pre_recall
2023-12-01,TR33,Patna,East,Bihar,T2,Hospital Pharmacy,DePURA Kids 15 ml,87,11334.51,0.0204,0.911,6,pre_recall
2023-12-01,TR33,Patna,East,Bihar,T2,Pharmacy Chain,DePURA Kids 10 ml,41,3523.08,0.0907,0.987,6,pre_recall
2023-12-01,TR33,Patna,East,Bihar,T2,Pharmacy Chain,DePURA Kids 15 ml,110,13596.76,0.0706,0.938,6,pre_recall
2023-12-01,TR33,Patna,East,Bihar,T2,Retail Chemist,DePURA Kids 10 ml,137,12661.14,0.022,0.981,6,pre_recall
2023-12-01,TR33,Patna,East,Bihar,T2,Retail Chemist,DePURA Kids 15 ml,488,62705.62,0.0339,0.927,6,pre_recall
2023-12-01,TR34,Ranchi,East,Jharkhand,T3,E-Pharmacy,DePURA Kids 10 ml,15,1243.68,0.1226,0.98,6,pre_recall
2023-12-01,TR34,Ranchi,East,Jharkhand,T3,E-Pharmacy,DePURA Kids 15 ml,35,3992.59,0.1423,0.955,6,pre_recall
2023-12-01,TR34,Ranchi,East,Jharkhand,T3,Hospital Pharmacy,DePURA Kids 10 ml,33,2992.22,0.0405,0.94,6,pre_recall
2023-12-01,TR34,Ranchi,East,Jharkhand,T3,Hospital Pharmacy,DePURA Kids 15 ml,56,7356.74,0.0123,0.909,6,pre_recall
2023-12-01,TR34,Ranchi,East,Jharkhand,T3,Pharmacy Chain,DePURA Kids 10 ml,16,1385.99,0.0833,0.9,6,pre_recall
2023-12-01,TR34,Ranchi,East,Jharkhand,T3,Pharmacy Chain,DePURA Kids 15 ml,37,4519.43,0.0816,0.89,6,pre_recall
2023-12-01,TR34,Ranchi,East,Jharkhand,T3,Retail Chemist,DePURA Kids 10 ml,144,13087.64,0.0382,0.871,6,pre_recall
2023-12-01,TR34,Ranchi,East,Jharkhand,T3,Retail Chemist,DePURA Kids 15 ml,302,37806.12,0.0588,0.899,6,pre_recall
2023-12-01,TR35,Bhubaneswar,East,Odisha,T2,E-Pharmacy,DePURA Kids 10 ml,26,2092.95,0.1482,0.88,6,pre_recall
2023-12-01,TR35,Bhubaneswar,East,Odisha,T2,E-Pharmacy,DePURA Kids 15 ml,97,11254.77,0.1276,0.953,6,pre_recall
2023-12-01,TR35,Bhubaneswar,East,Odisha,T2,Hospital Pharmacy,DePURA Kids 10 ml,35,3209.39,0.0297,0.916,6,pre_recall
2023-12-01,TR35,Bhubaneswar,East,Odisha,T2,Hospital Pharmacy,DePURA Kids 15 ml,86,11200.91,0.0207,0.878,6,pre_recall
2023-12-01,TR35,Bhubaneswar,East,Odisha,T2,Pharmacy Chain,DePURA Kids 10 ml,31,2689.14,0.082,0.939,6,pre_recall
2023-12-01,TR35,Bhubaneswar,East,Odisha,T2,Pharmacy Chain,DePURA Kids 15 ml,125,15021.59,0.0964,0.902,6,pre_recall
2023-12-01,TR35,Bhubaneswar,East,Odisha,T2,Retail Chemist,DePURA Kids 10 ml,127,11617.11,0.032,0.875,6,pre_recall
2023-12-01,TR35,Bhubaneswar,East,Odisha,T2,Retail Chemist,DePURA Kids 15 ml,466,58298.41,0.0594,0.952,6,pre_recall
2023-12-01,TR36,Guwahati,East,Assam,T2,E-Pharmacy,DePURA Kids 10 ml,31,2560.68,0.1259,0.952,8,pre_recall
2023-12-01,TR36,Guwahati,East,Assam,T2,E-Pharmacy,DePURA Kids 15 ml,89,10170.56,0.1408,1.0,8,pre_recall
2023-12-01,TR36,Guwahati,East,Assam,T2,Hospital Pharmacy,DePURA Kids 10 ml,42,3907.88,0.0154,0.974,8,pre_recall
2023-12-01,TR36,Guwahati,East,Assam,T2,Hospital Pharmacy,DePURA Kids 15 ml,140,17776.63,0.0453,0.97,8,pre_recall
2023-12-01,TR36,Guwahati,East,Assam,T2,Pharmacy Chain,DePURA Kids 10 ml,59,5128.97,0.0801,0.949,8,pre_recall
2023-12-01,TR36,Guwahati,East,Assam,T2,Pharmacy Chain,DePURA Kids 15 ml,147,18112.71,0.0736,0.928,8,pre_recall
2023-12-01,TR36,Guwahati,East,Assam,T2,Retail Chemist,DePURA Kids 10 ml,192,17715.81,0.0236,0.922,8,pre_recall
2023-12-01,TR36,Guwahati,East,Assam,T2,Retail Chemist,DePURA Kids 15 ml,607,77674.98,0.0379,0.949,8,pre_recall
2024-01-01,TR01,Delhi North,North,Delhi,T1,E-Pharmacy,DePURA Kids 10 ml,129,10211.86,0.1623,0.999,16,pre_recall
2024-01-01,TR01,Delhi North,North,Delhi,T1,E-Pharmacy,DePURA Kids 15 ml,595,67381.25,0.1485,0.899,16,pre_recall
2024-01-01,TR01,Delhi North,North,Delhi,T1,Hospital Pharmacy,DePURA Kids 10 ml,105,9663.18,0.0261,0.888,16,pre_recall
2024-01-01,TR01,Delhi North,North,Delhi,T1,Hospital Pharmacy,DePURA Kids 15 ml,420,54844.05,0.0182,0.894,16,pre_recall
2024-01-01,TR01,Delhi North,North,Delhi,T1,Pharmacy Chain,DePURA Kids 10 ml,147,12772.81,0.0805,0.94,16,pre_recall
2024-01-01,TR01,Delhi North,North,Delhi,T1,Pharmacy Chain,DePURA Kids 15 ml,730,88280.97,0.0907,0.994,16,pre_recall
2024-01-01,TR01,Delhi North,North,Delhi,T1,Retail Chemist,DePURA Kids 10 ml,354,32135.43,0.0394,0.886,16,pre_recall
2024-01-01,TR01,Delhi North,North,Delhi,T1,Retail Chemist,DePURA Kids 15 ml,1660,210897.03,0.0448,0.893,16,pre_recall
2024-01-01,TR02,Delhi South,North,Delhi,T1,E-Pharmacy,DePURA Kids 10 ml,117,9441.22,0.1461,0.927,12,pre_recall
2024-01-01,TR02,Delhi South,North,Delhi,T1,E-Pharmacy,DePURA Kids 15 ml,526,58191.25,0.1682,1.0,12,pre_recall
2024-01-01,TR02,Delhi South,North,Delhi,T1,Hospital Pharmacy,DePURA Kids 10 ml,103,9555.65,0.0183,0.968,12,pre_recall
2024-01-01,TR02,Delhi South,North,Delhi,T1,Hospital Pharmacy,DePURA Kids 15 ml,362,46974.75,0.0243,0.894,12,pre_recall
2024-01-01,TR02,Delhi South,North,Delhi,T1,Pharmacy Chain,DePURA Kids 10 ml,138,12192.92,0.065,0.814,12,pre_recall
2024-01-01,TR02,Delhi South,North,Delhi,T1,Pharmacy Chain,DePURA Kids 15 ml,595,72883.44,0.079,0.926,12,pre_recall
2024-01-01,TR02,Delhi South,North,Delhi,T1,Retail Chemist,DePURA Kids 10 ml,269,24668.52,0.0296,0.885,12,pre_recall
2024-01-01,TR02,Delhi South,North,Delhi,T1,Retail Chemist,DePURA Kids 15 ml,1553,196439.26,0.0489,0.94,12,pre_recall
2024-01-01,TR03,Noida-Ghaziabad,North,Uttar Pradesh,T2,E-Pharmacy,DePURA Kids 10 ml,31,2515.17,0.1414,0.885,5,pre_recall
2024-01-01,TR03,Noida-Ghaziabad,North,Uttar Pradesh,T2,E-Pharmacy,DePURA Kids 15 ml,96,10616.31,0.1685,0.882,5,pre_recall
2024-01-01,TR03,Noida-Ghaziabad,North,Uttar Pradesh,T2,Hospital Pharmacy,DePURA Kids 10 ml,35,3206.79,0.0304,0.942,5,pre_recall
2024-01-01,TR03,Noida-Ghaziabad,North,Uttar Pradesh,T2,Hospital Pharmacy,DePURA Kids 15 ml,124,16000.12,0.0298,0.92,5,pre_recall
2024-01-01,TR03,Noida-Ghaziabad,North,Uttar Pradesh,T2,Pharmacy Chain,DePURA Kids 10 ml,44,3815.63,0.0823,0.931,5,pre_recall
2024-01-01,TR03,Noida-Ghaziabad,North,Uttar Pradesh,T2,Pharmacy Chain,DePURA Kids 15 ml,119,14649.72,0.0744,0.912,5,pre_recall
2024-01-01,TR03,Noida-Ghaziabad,North,Uttar Pradesh,T2,Retail Chemist,DePURA Kids 10 ml,182,16300.03,0.0523,0.921,5,pre_recall
2024-01-01,TR03,Noida-Ghaziabad,North,Uttar Pradesh,T2,Retail Chemist,DePURA Kids 15 ml,460,58448.64,0.0446,0.929,5,pre_recall
2024-01-01,TR04,Gurugram-Faridabad,North,Haryana,T2,E-Pharmacy,DePURA Kids 10 ml,25,1977.54,0.1629,0.97,8,pre_recall
2024-01-01,TR04,Gurugram-Faridabad,North,Haryana,T2,E-Pharmacy,DePURA Kids 15 ml,76,8639.55,0.1453,0.98,8,pre_recall
2024-01-01,TR04,Gurugram-Faridabad,North,Haryana,T2,Hospital Pharmacy,DePURA Kids 10 ml,38,3526.37,0.018,0.92,8,pre_recall
2024-01-01,TR04,Gurugram-Faridabad,North,Haryana,T2,Hospital Pharmacy,DePURA Kids 15 ml,134,17217.46,0.0339,0.972,8,pre_recall
2024-01-01,TR04,Gurugram-Faridabad,North,Haryana,T2,Pharmacy Chain,DePURA Kids 10 ml,31,2724.37,0.07,0.959,8,pre_recall
2024-01-01,TR04,Gurugram-Faridabad,North,Haryana,T2,Pharmacy Chain,DePURA Kids 15 ml,118,14176.31,0.0967,1.0,8,pre_recall
2024-01-01,TR04,Gurugram-Faridabad,North,Haryana,T2,Retail Chemist,DePURA Kids 10 ml,145,13309.69,0.0287,0.922,8,pre_recall
2024-01-01,TR04,Gurugram-Faridabad,North,Haryana,T2,Retail Chemist,DePURA Kids 15 ml,510,65493.13,0.0345,0.997,8,pre_recall
2024-01-01,TR05,Lucknow,North,Uttar Pradesh,T2,E-Pharmacy,DePURA Kids 10 ml,36,2862.73,0.1585,0.869,6,pre_recall
2024-01-01,TR05,Lucknow,North,Uttar Pradesh,T2,E-Pharmacy,DePURA Kids 15 ml,81,9021.07,0.1626,0.888,6,pre_recall
2024-01-01,TR05,Lucknow,North,Uttar Pradesh,T2,Hospital Pharmacy,DePURA Kids 10 ml,42,3870.62,0.0248,0.865,6,pre_recall
2024-01-01,TR05,Lucknow,North,Uttar Pradesh,T2,Hospital Pharmacy,DePURA Kids 15 ml,94,12291.0,0.0169,0.851,6,pre_recall
2024-01-01,TR05,Lucknow,North,Uttar Pradesh,T2,Pharmacy Chain,DePURA Kids 10 ml,43,3709.95,0.087,0.846,6,pre_recall
2024-01-01,TR05,Lucknow,North,Uttar Pradesh,T2,Pharmacy Chain,DePURA Kids 15 ml,112,14012.95,0.0593,0.845,6,pre_recall
2024-01-01,TR05,Lucknow,North,Uttar Pradesh,T2,Retail Chemist,DePURA Kids 10 ml,150,13871.53,0.0214,0.865,6,pre_recall
2024-01-01,TR05,Lucknow,North,Uttar Pradesh,T2,Retail Chemist,DePURA Kids 15 ml,524,66547.95,0.0451,0.88,6,pre_recall
2024-01-01,TR06,Kanpur-Agra,North,Uttar Pradesh,T2,E-Pharmacy,DePURA Kids 10 ml,40,3186.29,0.1571,1.0,5,pre_recall
2024-01-01,TR06,Kanpur-Agra,North,Uttar Pradesh,T2,E-Pharmacy,DePURA Kids 15 ml,141,15855.5,0.1545,0.995,5,pre_recall
2024-01-01,TR06,Kanpur-Agra,North,Uttar Pradesh,T2,Hospital Pharmacy,DePURA Kids 10 ml,45,4147.08,0.0248,0.942,5,pre_recall
2024-01-01,TR06,Kanpur-Agra,North,Uttar Pradesh,T2,Hospital Pharmacy,DePURA Kids 15 ml,170,22141.25,0.0207,0.939,5,pre_recall
2024-01-01,TR06,Kanpur-Agra,North,Uttar Pradesh,T2,Pharmacy Chain,DePURA Kids 10 ml,48,4182.12,0.078,0.94,5,pre_recall
2024-01-01,TR06,Kanpur-Agra,North,Uttar Pradesh,T2,Pharmacy Chain,DePURA Kids 15 ml,145,18076.24,0.0627,0.944,5,pre_recall
2024-01-01,TR06,Kanpur-Agra,North,Uttar Pradesh,T2,Retail Chemist,DePURA Kids 10 ml,204,18485.56,0.0411,0.939,5,pre_recall
2024-01-01,TR06,Kanpur-Agra,North,Uttar Pradesh,T2,Retail Chemist,DePURA Kids 15 ml,640,81733.18,0.0398,1.0,5,pre_recall
2024-01-01,TR07,Varanasi-Gorakhpur,North,Uttar Pradesh,T3,E-Pharmacy,DePURA Kids 10 ml,7,558.89,0.1551,0.958,3,pre_recall
2024-01-01,TR07,Varanasi-Gorakhpur,North,Uttar Pradesh,T3,E-Pharmacy,DePURA Kids 15 ml,17,1931.31,0.1458,0.954,3,pre_recall
2024-01-01,TR07,Varanasi-Gorakhpur,North,Uttar Pradesh,T3,Hospital Pharmacy,DePURA Kids 10 ml,15,1376.81,0.0287,0.918,3,pre_recall
2024-01-01,TR07,Varanasi-Gorakhpur,North,Uttar Pradesh,T3,Hospital Pharmacy,DePURA Kids 15 ml,28,3671.41,0.0141,0.937,3,pre_recall
2024-01-01,TR07,Varanasi-Gorakhpur,North,Uttar Pradesh,T3,Pharmacy Chain,DePURA Kids 10 ml,9,771.45,0.0929,0.906,3,pre_recall
2024-01-01,TR07,Varanasi-Gorakhpur,North,Uttar Pradesh,T3,Pharmacy Chain,DePURA Kids 15 ml,22,2679.24,0.0843,0.905,3,pre_recall
2024-01-01,TR07,Varanasi-Gorakhpur,North,Uttar Pradesh,T3,Retail Chemist,DePURA Kids 10 ml,74,6691.02,0.0432,0.919,3,pre_recall
2024-01-01,TR07,Varanasi-Gorakhpur,North,Uttar Pradesh,T3,Retail Chemist,DePURA Kids 15 ml,212,27268.78,0.0329,0.902,3,pre_recall
2024-01-01,TR08,Chandigarh-Mohali,North,Chandigarh,T2,E-Pharmacy,DePURA Kids 10 ml,27,2109.88,0.1731,0.951,7,pre_recall
2024-01-01,TR08,Chandigarh-Mohali,North,Chandigarh,T2,E-Pharmacy,DePURA Kids 15 ml,83,9400.88,0.1484,0.931,7,pre_recall
2024-01-01,TR08,Chandigarh-Mohali,North,Chandigarh,T2,Hospital Pharmacy,DePURA Kids 10 ml,35,3307.5,0.0,0.947,7,pre_recall
2024-01-01,TR08,Chandigarh-Mohali,North,Chandigarh,T2,Hospital Pharmacy,DePURA Kids 15 ml,113,14877.56,0.0101,0.951,7,pre_recall
2024-01-01,TR08,Chandigarh-Mohali,North,Chandigarh,T2,Pharmacy Chain,DePURA Kids 10 ml,38,3328.06,0.0732,0.915,7,pre_recall
2024-01-01,TR08,Chandigarh-Mohali,North,Chandigarh,T2,Pharmacy Chain,DePURA Kids 15 ml,122,14648.7,0.0972,0.875,7,pre_recall
2024-01-01,TR08,Chandigarh-Mohali,North,Chandigarh,T2,Retail Chemist,DePURA Kids 10 ml,128,11623.83,0.039,0.846,7,pre_recall
2024-01-01,TR08,Chandigarh-Mohali,North,Chandigarh,T2,Retail Chemist,DePURA Kids 15 ml,487,62024.35,0.0424,0.923,7,pre_recall
2024-01-01,TR09,Ludhiana-Amritsar,North,Punjab,T2,E-Pharmacy,DePURA Kids 10 ml,26,2114.03,0.1396,0.915,6,pre_recall
2024-01-01,TR09,Ludhiana-Amritsar,North,Punjab,T2,E-Pharmacy,DePURA Kids 15 ml,99,11080.62,0.1585,0.856,6,pre_recall
2024-01-01,TR09,Ludhiana-Amritsar,North,Punjab,T2,Hospital Pharmacy,DePURA Kids 10 ml,37,3434.48,0.0177,0.834,6,pre_recall
2024-01-01,TR09,Ludhiana-Amritsar,North,Punjab,T2,Hospital Pharmacy,DePURA Kids 15 ml,93,12040.69,0.0265,0.779,6,pre_recall
2024-01-01,TR09,Ludhiana-Amritsar,North,Punjab,T2,Pharmacy Chain,DePURA Kids 10 ml,43,3696.29,0.0904,0.881,6,pre_recall
2024-01-01,TR09,Ludhiana-Amritsar,North,Punjab,T2,Pharmacy Chain,DePURA Kids 15 ml,129,16069.13,0.0634,0.89,6,pre_recall
2024-01-01,TR09,Ludhiana-Amritsar,North,Punjab,T2,Retail Chemist,DePURA Kids 10 ml,183,16555.3,0.0427,0.832,6,pre_recall
2024-01-01,TR09,Ludhiana-Amritsar,North,Punjab,T2,Retail Chemist,DePURA Kids 15 ml,452,57937.84,0.0362,0.892,6,pre_recall
2024-01-01,TR10,Jaipur,North,Rajasthan,T2,E-Pharmacy,DePURA Kids 10 ml,16,1292.79,0.145,0.963,7,pre_recall
2024-01-01,TR10,Jaipur,North,Rajasthan,T2,E-Pharmacy,DePURA Kids 15 ml,40,4528.22,0.1488,0.878,7,pre_recall
2024-01-01,TR10,Jaipur,North,Rajasthan,T2,Hospital Pharmacy,DePURA Kids 10 ml,24,2169.11,0.0436,0.879,7,pre_recall
2024-01-01,TR10,Jaipur,North,Rajasthan,T2,Hospital Pharmacy,DePURA Kids 15 ml,66,8625.15,0.0174,0.929,7,pre_recall
2024-01-01,TR10,Jaipur,North,Rajasthan,T2,Pharmacy Chain,DePURA Kids 10 ml,22,1902.13,0.0851,0.904,7,pre_recall
2024-01-01,TR10,Jaipur,North,Rajasthan,T2,Pharmacy Chain,DePURA Kids 15 ml,58,7140.8,0.0743,0.971,7,pre_recall
2024-01-01,TR10,Jaipur,North,Rajasthan,T2,Retail Chemist,DePURA Kids 10 ml,65,5967.96,0.0284,0.946,7,pre_recall
2024-01-01,TR10,Jaipur,North,Rajasthan,T2,Retail Chemist,DePURA Kids 15 ml,226,28848.59,0.0397,0.922,7,pre_recall
2024-01-01,TR11,Dehradun,North,Uttarakhand,T3,E-Pharmacy,DePURA Kids 10 ml,11,895.26,0.1388,0.915,6,pre_recall
2024-01-01,TR11,Dehradun,North,Uttarakhand,T3,E-Pharmacy,DePURA Kids 15 ml,23,2600.73,0.1498,0.904,6,pre_recall
2024-01-01,TR11,Dehradun,North,Uttarakhand,T3,Hospital Pharmacy,DePURA Kids 10 ml,22,2036.95,0.0202,0.948,6,pre_recall
2024-01-01,TR11,Dehradun,North,Uttarakhand,T3,Hospital Pharmacy,DePURA Kids 15 ml,43,5623.83,0.0166,0.866,6,pre_recall
2024-01-01,TR11,Dehradun,North,Uttarakhand,T3,Pharmacy Chain,DePURA Kids 10 ml,10,865.73,0.0839,0.876,6,pre_recall
2024-01-01,TR11,Dehradun,North,Uttarakhand,T3,Pharmacy Chain,DePURA Kids 15 ml,29,3553.93,0.0786,0.872,6,pre_recall
2024-01-01,TR11,Dehradun,North,Uttarakhand,T3,Retail Chemist,DePURA Kids 10 ml,109,9868.22,0.042,0.894,6,pre_recall
2024-01-01,TR11,Dehradun,North,Uttarakhand,T3,Retail Chemist,DePURA Kids 15 ml,271,34707.28,0.0371,0.883,6,pre_recall
2024-01-01,TR12,Mumbai West,West,Maharashtra,T1,E-Pharmacy,DePURA Kids 10 ml,44,3530.52,0.1509,1.0,10,pre_recall
2024-01-01,TR12,Mumbai West,West,Maharashtra,T1,E-Pharmacy,DePURA Kids 15 ml,170,19048.87,0.1575,0.97,10,pre_recall
2024-01-01,TR12,Mumbai West,West,Maharashtra,T1,Hospital Pharmacy,DePURA Kids 10 ml,30,2729.75,0.0371,0.908,10,pre_recall
2024-01-01,TR12,Mumbai West,West,Maharashtra,T1,Hospital Pharmacy,DePURA Kids 15 ml,186,24700.89,0.0015,0.87,10,pre_recall
2024-01-01,TR12,Mumbai West,West,Maharashtra,T1,Pharmacy Chain,DePURA Kids 10 ml,49,4222.48,0.0881,0.958,10,pre_recall
2024-01-01,TR12,Mumbai West,West,Maharashtra,T1,Pharmacy Chain,DePURA Kids 15 ml,217,27129.48,0.06,0.933,10,pre_recall
2024-01-01,TR12,Mumbai West,West,Maharashtra,T1,Retail Chemist,DePURA Kids 10 ml,136,12341.36,0.0397,1.0,10,pre_recall
2024-01-01,TR12,Mumbai West,West,Maharashtra,T1,Retail Chemist,DePURA Kids 15 ml,479,60181.89,0.0553,0.932,10,pre_recall
2024-01-01,TR13,Mumbai Thane,West,Maharashtra,T1,E-Pharmacy,DePURA Kids 10 ml,123,9906.16,0.1477,1.0,14,pre_recall
2024-01-01,TR13,Mumbai Thane,West,Maharashtra,T1,E-Pharmacy,DePURA Kids 15 ml,570,64422.3,0.1502,0.983,14,pre_recall
2024-01-01,TR13,Mumbai Thane,West,Maharashtra,T1,Hospital Pharmacy,DePURA Kids 10 ml,60,5565.64,0.0184,0.94,14,pre_recall
2024-01-01,TR13,Mumbai Thane,West,Maharashtra,T1,Hospital Pharmacy,DePURA Kids 15 ml,424,55515.05,0.0156,0.934,14,pre_recall
2024-01-01,TR13,Mumbai Thane,West,Maharashtra,T1,Pharmacy Chain,DePURA Kids 10 ml,124,10472.9,0.1063,0.918,14,pre_recall
2024-01-01,TR13,Mumbai Thane,West,Maharashtra,T1,Pharmacy Chain,DePURA Kids 15 ml,605,75320.86,0.0639,1.0,14,pre_recall
2024-01-01,TR13,Mumbai Thane,West,Maharashtra,T1,Retail Chemist,DePURA Kids 10 ml,296,26463.11,0.0539,0.949,14,pre_recall
2024-01-01,TR13,Mumbai Thane,West,Maharashtra,T1,Retail Chemist,DePURA Kids 15 ml,1460,184487.8,0.0499,0.965,14,pre_recall
2024-01-01,TR14,Pune,West,Maharashtra,T1,E-Pharmacy,DePURA Kids 10 ml,85,6858.21,0.1462,0.937,11,pre_recall
2024-01-01,TR14,Pune,West,Maharashtra,T1,E-Pharmacy,DePURA Kids 15 ml,303,34348.82,0.1477,0.92,11,pre_recall
2024-01-01,TR14,Pune,West,Maharashtra,T1,Hospital Pharmacy,DePURA Kids 10 ml,61,5727.69,0.0064,0.89,11,pre_recall
2024-01-01,TR14,Pune,West,Maharashtra,T1,Hospital Pharmacy,DePURA Kids 15 ml,239,31737.92,0.0015,0.975,11,pre_recall
2024-01-01,TR14,Pune,West,Maharashtra,T1,Pharmacy Chain,DePURA Kids 10 ml,76,6485.38,0.097,0.894,11,pre_recall
2024-01-01,TR14,Pune,West,Maharashtra,T1,Pharmacy Chain,DePURA Kids 15 ml,410,50639.33,0.0713,0.836,11,pre_recall
2024-01-01,TR14,Pune,West,Maharashtra,T1,Retail Chemist,DePURA Kids 10 ml,236,21426.86,0.0392,0.848,11,pre_recall
2024-01-01,TR14,Pune,West,Maharashtra,T1,Retail Chemist,DePURA Kids 15 ml,942,119262.26,0.0481,0.914,11,pre_recall
2024-01-01,TR15,Nagpur,West,Maharashtra,T2,E-Pharmacy,DePURA Kids 10 ml,32,2583.26,0.1457,0.946,10,pre_recall
2024-01-01,TR15,Nagpur,West,Maharashtra,T2,E-Pharmacy,DePURA Kids 15 ml,94,10541.28,0.1568,0.887,10,pre_recall
2024-01-01,TR15,Nagpur,West,Maharashtra,T2,Hospital Pharmacy,DePURA Kids 10 ml,46,4161.76,0.0426,0.954,10,pre_recall
2024-01-01,TR15,Nagpur,West,Maharashtra,T2,Hospital Pharmacy,DePURA Kids 15 ml,96,12472.44,0.0231,0.832,10,pre_recall
2024-01-01,TR15,Nagpur,West,Maharashtra,T2,Pharmacy Chain,DePURA Kids 10 ml,33,2852.82,0.0852,0.905,10,pre_recall
2024-01-01,TR15,Nagpur,West,Maharashtra,T2,Pharmacy Chain,DePURA Kids 15 ml,116,14322.93,0.0716,0.876,10,pre_recall
2024-01-01,TR15,Nagpur,West,Maharashtra,T2,Retail Chemist,DePURA Kids 10 ml,146,13449.45,0.0252,0.933,10,pre_recall
2024-01-01,TR15,Nagpur,West,Maharashtra,T2,Retail Chemist,DePURA Kids 15 ml,452,58756.22,0.0226,0.886,10,pre_recall
2024-01-01,TR16,Ahmedabad,West,Gujarat,T1,E-Pharmacy,DePURA Kids 10 ml,89,7164.75,0.1481,0.951,16,pre_recall
2024-01-01,TR16,Ahmedabad,West,Gujarat,T1,E-Pharmacy,DePURA Kids 15 ml,436,49606.49,0.1445,0.881,16,pre_recall
2024-01-01,TR16,Ahmedabad,West,Gujarat,T1,Hospital Pharmacy,DePURA Kids 10 ml,73,6791.45,0.0155,0.878,16,pre_recall
2024-01-01,TR16,Ahmedabad,West,Gujarat,T1,Hospital Pharmacy,DePURA Kids 15 ml,369,47700.3,0.0281,0.862,16,pre_recall
2024-01-01,TR16,Ahmedabad,West,Gujarat,T1,Pharmacy Chain,DePURA Kids 10 ml,127,11066.06,0.0779,0.883,16,pre_recall
2024-01-01,TR16,Ahmedabad,West,Gujarat,T1,Pharmacy Chain,DePURA Kids 15 ml,357,43218.44,0.0898,0.878,16,pre_recall
2024-01-01,TR16,Ahmedabad,West,Gujarat,T1,Retail Chemist,DePURA Kids 10 ml,280,25582.53,0.0332,0.849,16,pre_recall
2024-01-01,TR16,Ahmedabad,West,Gujarat,T1,Retail Chemist,DePURA Kids 15 ml,1262,162246.89,0.0334,0.935,16,pre_recall
2024-01-01,TR17,Surat-Vadodara,West,Gujarat,T2,E-Pharmacy,DePURA Kids 10 ml,22,1755.53,0.1556,0.904,5,pre_recall
2024-01-01,TR17,Surat-Vadodara,West,Gujarat,T2,E-Pharmacy,DePURA Kids 15 ml,99,11142.59,0.1537,0.987,5,pre_recall
2024-01-01,TR17,Surat-Vadodara,West,Gujarat,T2,Hospital Pharmacy,DePURA Kids 10 ml,27,2539.88,0.0046,0.924,5,pre_recall
2024-01-01,TR17,Surat-Vadodara,West,Gujarat,T2,Hospital Pharmacy,DePURA Kids 15 ml,99,13018.58,0.0113,0.849,5,pre_recall
2024-01-01,TR17,Surat-Vadodara,West,Gujarat,T2,Pharmacy Chain,DePURA Kids 10 ml,43,3652.81,0.1011,0.828,5,pre_recall
2024-01-01,TR17,Surat-Vadodara,West,Gujarat,T2,Pharmacy Chain,DePURA Kids 15 ml,109,13389.69,0.0764,0.958,5,pre_recall
2024-01-01,TR17,Surat-Vadodara,West,Gujarat,T2,Retail Chemist,DePURA Kids 10 ml,163,14731.93,0.0436,0.916,5,pre_recall
2024-01-01,TR17,Surat-Vadodara,West,Gujarat,T2,Retail Chemist,DePURA Kids 15 ml,485,61336.56,0.0491,0.831,5,pre_recall
2024-01-01,TR18,Rajkot,West,Gujarat,T3,E-Pharmacy,DePURA Kids 10 ml,17,1369.35,0.1476,0.931,7,pre_recall
2024-01-01,TR18,Rajkot,West,Gujarat,T3,E-Pharmacy,DePURA Kids 15 ml,44,5074.01,0.1329,0.876,7,pre_recall
2024-01-01,TR18,Rajkot,West,Gujarat,T3,Hospital Pharmacy,DePURA Kids 10 ml,49,4489.33,0.0305,0.97,7,pre_recall
2024-01-01,TR18,Rajkot,West,Gujarat,T3,Hospital Pharmacy,DePURA Kids 15 ml,110,14403.5,0.0155,0.916,7,pre_recall
2024-01-01,TR18,Rajkot,West,Gujarat,T3,Pharmacy Chain,DePURA Kids 10 ml,22,1906.51,0.083,0.89,7,pre_recall
2024-01-01,TR18,Rajkot,West,Gujarat,T3,Pharmacy Chain,DePURA Kids 15 ml,63,7728.99,0.0776,0.921,7,pre_recall
2024-01-01,TR18,Rajkot,West,Gujarat,T3,Retail Chemist,DePURA Kids 10 ml,239,21638.73,0.0419,0.914,7,pre_recall
2024-01-01,TR18,Rajkot,West,Gujarat,T3,Retail Chemist,DePURA Kids 15 ml,406,51705.15,0.0425,0.904,7,pre_recall
2024-01-01,TR19,Indore,Central,Madhya Pradesh,T2,E-Pharmacy,DePURA Kids 10 ml,48,3762.32,0.1706,0.934,6,pre_recall
2024-01-01,TR19,Indore,Central,Madhya Pradesh,T2,E-Pharmacy,DePURA Kids 15 ml,179,19933.59,0.1627,0.938,6,pre_recall
2024-01-01,TR19,Indore,Central,Madhya Pradesh,T2,Hospital Pharmacy,DePURA Kids 10 ml,59,5480.12,0.0171,0.888,6,pre_recall
2024-01-01,TR19,Indore,Central,Madhya Pradesh,T2,Hospital Pharmacy,DePURA Kids 15 ml,171,22071.52,0.0295,0.853,6,pre_recall
2024-01-01,TR19,Indore,Central,Madhya Pradesh,T2,Pharmacy Chain,DePURA Kids 10 ml,75,6656.35,0.0608,0.917,6,pre_recall
2024-01-01,TR19,Indore,Central,Madhya Pradesh,T2,Pharmacy Chain,DePURA Kids 15 ml,191,23205.54,0.0865,0.885,6,pre_recall
2024-01-01,TR19,Indore,Central,Madhya Pradesh,T2,Retail Chemist,DePURA Kids 10 ml,258,23466.19,0.0375,0.842,6,pre_recall
2024-01-01,TR19,Indore,Central,Madhya Pradesh,T2,Retail Chemist,DePURA Kids 15 ml,753,95508.11,0.0463,0.952,6,pre_recall
2024-01-01,TR20,Bhopal,Central,Madhya Pradesh,T2,E-Pharmacy,DePURA Kids 10 ml,19,1526.37,0.1499,0.971,3,pre_recall
2024-01-01,TR20,Bhopal,Central,Madhya Pradesh,T2,E-Pharmacy,DePURA Kids 15 ml,55,6265.72,0.1434,0.897,3,pre_recall
2024-01-01,TR20,Bhopal,Central,Madhya Pradesh,T2,Hospital Pharmacy,DePURA Kids 10 ml,21,1952.22,0.0163,0.907,3,pre_recall
2024-01-01,TR20,Bhopal,Central,Madhya Pradesh,T2,Hospital Pharmacy,DePURA Kids 15 ml,82,10820.05,0.0079,0.964,3,pre_recall
2024-01-01,TR20,Bhopal,Central,Madhya Pradesh,T2,Pharmacy Chain,DePURA Kids 10 ml,23,2019.52,0.0708,0.905,3,pre_recall
2024-01-01,TR20,Bhopal,Central,Madhya Pradesh,T2,Pharmacy Chain,DePURA Kids 15 ml,94,11265.89,0.0989,0.891,3,pre_recall
2024-01-01,TR20,Bhopal,Central,Madhya Pradesh,T2,Retail Chemist,DePURA Kids 10 ml,103,9374.61,0.0369,0.867,3,pre_recall
2024-01-01,TR20,Bhopal,Central,Madhya Pradesh,T2,Retail Chemist,DePURA Kids 15 ml,332,42280.67,0.0425,0.887,3,pre_recall
2024-01-01,TR21,Jabalpur,Central,Madhya Pradesh,T3,E-Pharmacy,DePURA Kids 10 ml,13,1022.23,0.1679,0.969,5,pre_recall
2024-01-01,TR21,Jabalpur,Central,Madhya Pradesh,T3,E-Pharmacy,DePURA Kids 15 ml,51,5774.34,0.1487,1.0,5,pre_recall
2024-01-01,TR21,Jabalpur,Central,Madhya Pradesh,T3,Hospital Pharmacy,DePURA Kids 10 ml,29,2712.33,0.0103,0.95,5,pre_recall
2024-01-01,TR21,Jabalpur,Central,Madhya Pradesh,T3,Hospital Pharmacy,DePURA Kids 15 ml,62,7984.5,0.0317,0.922,5,pre_recall
2024-01-01,TR21,Jabalpur,Central,Madhya Pradesh,T3,Pharmacy Chain,DePURA Kids 10 ml,21,1882.47,0.0514,1.0,5,pre_recall
2024-01-01,TR21,Jabalpur,Central,Madhya Pradesh,T3,Pharmacy Chain,DePURA Kids 15 ml,43,5129.38,0.1031,0.999,5,pre_recall
2024-01-01,TR21,Jabalpur,Central,Madhya Pradesh,T3,Retail Chemist,DePURA Kids 10 ml,155,13990.54,0.0449,0.963,5,pre_recall
2024-01-01,TR21,Jabalpur,Central,Madhya Pradesh,T3,Retail Chemist,DePURA Kids 15 ml,355,45847.37,0.029,0.991,5,pre_recall
2024-01-01,TR22,Raipur,Central,Chhattisgarh,T3,E-Pharmacy,DePURA Kids 10 ml,25,2023.58,0.1435,0.94,6,pre_recall
2024-01-01,TR22,Raipur,Central,Chhattisgarh,T3,E-Pharmacy,DePURA Kids 15 ml,54,6184.81,0.1388,0.95,6,pre_recall
2024-01-01,TR22,Raipur,Central,Chhattisgarh,T3,Hospital Pharmacy,DePURA Kids 10 ml,32,2990.51,0.0111,0.87,6,pre_recall
2024-01-01,TR22,Raipur,Central,Chhattisgarh,T3,Hospital Pharmacy,DePURA Kids 15 ml,103,13238.0,0.0337,0.886,6,pre_recall
2024-01-01,TR22,Raipur,Central,Chhattisgarh,T3,Pharmacy Chain,DePURA Kids 10 ml,23,1985.77,0.0864,0.923,6,pre_recall
2024-01-01,TR22,Raipur,Central,Chhattisgarh,T3,Pharmacy Chain,DePURA Kids 15 ml,62,7552.13,0.0841,0.884,6,pre_recall
2024-01-01,TR22,Raipur,Central,Chhattisgarh,T3,Retail Chemist,DePURA Kids 10 ml,265,23872.29,0.0467,0.959,6,pre_recall
2024-01-01,TR22,Raipur,Central,Chhattisgarh,T3,Retail Chemist,DePURA Kids 15 ml,498,62218.85,0.0397,0.879,6,pre_recall
2024-01-01,TR23,Bengaluru North,South,Karnataka,T1,E-Pharmacy,DePURA Kids 10 ml,79,6433.85,0.1382,0.927,11,pre_recall
2024-01-01,TR23,Bengaluru North,South,Karnataka,T1,E-Pharmacy,DePURA Kids 15 ml,444,49093.93,0.1686,1.0,11,pre_recall
2024-01-01,TR23,Bengaluru North,South,Karnataka,T1,Hospital Pharmacy,DePURA Kids 10 ml,96,9012.29,0.0066,0.961,11,pre_recall
2024-01-01,TR23,Bengaluru North,South,Karnataka,T1,Hospital Pharmacy,DePURA Kids 15 ml,409,52883.11,0.0278,0.907,11,pre_recall
2024-01-01,TR23,Bengaluru North,South,Karnataka,T1,Pharmacy Chain,DePURA Kids 10 ml,115,10057.29,0.0746,0.892,11,pre_recall
2024-01-01,TR23,Bengaluru North,South,Karnataka,T1,Pharmacy Chain,DePURA Kids 15 ml,495,61548.97,0.0651,0.972,11,pre_recall
2024-01-01,TR23,Bengaluru North,South,Karnataka,T1,Retail Chemist,DePURA Kids 10 ml,301,27858.88,0.0206,0.918,11,pre_recall
2024-01-01,TR23,Bengaluru North,South,Karnataka,T1,Retail Chemist,DePURA Kids 15 ml,1129,143375.41,0.0452,0.958,11,pre_recall
2024-01-01,TR24,Bengaluru South,South,Karnataka,T1,E-Pharmacy,DePURA Kids 10 ml,95,7748.09,0.1369,0.865,16,pre_recall
2024-01-01,TR24,Bengaluru South,South,Karnataka,T1,E-Pharmacy,DePURA Kids 15 ml,523,59785.09,0.1405,0.902,16,pre_recall
2024-01-01,TR24,Bengaluru South,South,Karnataka,T1,Hospital Pharmacy,DePURA Kids 10 ml,102,9395.43,0.0253,0.851,16,pre_recall
2024-01-01,TR24,Bengaluru South,South,Karnataka,T1,Hospital Pharmacy,DePURA Kids 15 ml,500,64350.94,0.0323,0.905,16,pre_recall
2024-01-01,TR24,Bengaluru South,South,Karnataka,T1,Pharmacy Chain,DePURA Kids 10 ml,155,13407.62,0.0846,0.865,16,pre_recall
2024-01-01,TR24,Bengaluru South,South,Karnataka,T1,Pharmacy Chain,DePURA Kids 15 ml,525,64951.92,0.0698,0.778,16,pre_recall
2024-01-01,TR24,Bengaluru South,South,Karnataka,T1,Retail Chemist,DePURA Kids 10 ml,295,27015.27,0.0309,0.875,16,pre_recall
2024-01-01,TR24,Bengaluru South,South,Karnataka,T1,Retail Chemist,DePURA Kids 15 ml,1124,145998.23,0.0234,0.9,16,pre_recall
2024-01-01,TR25,Mysuru-Mangaluru,South,Karnataka,T3,E-Pharmacy,DePURA Kids 10 ml,8,649.05,0.1415,0.954,4,pre_recall
2024-01-01,TR25,Mysuru-Mangaluru,South,Karnataka,T3,E-Pharmacy,DePURA Kids 15 ml,23,2584.79,0.155,0.946,4,pre_recall
2024-01-01,TR25,Mysuru-Mangaluru,South,Karnataka,T3,Hospital Pharmacy,DePURA Kids 10 ml,16,1488.91,0.0153,0.921,4,pre_recall
2024-01-01,TR25,Mysuru-Mangaluru,South,Karnataka,T3,Hospital Pharmacy,DePURA Kids 15 ml,47,6182.45,0.011,0.94,4,pre_recall
2024-01-01,TR25,Mysuru-Mangaluru,South,Karnataka,T3,Pharmacy Chain,DePURA Kids 10 ml,10,844.75,0.1061,0.882,4,pre_recall
2024-01-01,TR25,Mysuru-Mangaluru,South,Karnataka,T3,Pharmacy Chain,DePURA Kids 15 ml,28,3424.0,0.0806,0.908,4,pre_recall
2024-01-01,TR25,Mysuru-Mangaluru,South,Karnataka,T3,Retail Chemist,DePURA Kids 10 ml,96,8799.2,0.0301,0.92,4,pre_recall
2024-01-01,TR25,Mysuru-Mangaluru,South,Karnataka,T3,Retail Chemist,DePURA Kids 15 ml,228,29006.98,0.0434,0.897,4,pre_recall
2024-01-01,TR26,Chennai,South,Tamil Nadu,T1,E-Pharmacy,DePURA Kids 10 ml,104,8348.48,0.1505,0.95,16,pre_recall
2024-01-01,TR26,Chennai,South,Tamil Nadu,T1,E-Pharmacy,DePURA Kids 15 ml,495,54554.26,0.1713,0.941,16,pre_recall
2024-01-01,TR26,Chennai,South,Tamil Nadu,T1,Hospital Pharmacy,DePURA Kids 10 ml,105,9814.85,0.0108,0.91,16,pre_recall
2024-01-01,TR26,Chennai,South,Tamil Nadu,T1,Hospital Pharmacy,DePURA Kids 15 ml,473,60996.01,0.0304,0.882,16,pre_recall
2024-01-01,TR26,Chennai,South,Tamil Nadu,T1,Pharmacy Chain,DePURA Kids 10 ml,132,11455.54,0.0816,0.965,16,pre_recall
2024-01-01,TR26,Chennai,South,Tamil Nadu,T1,Pharmacy Chain,DePURA Kids 15 ml,670,83518.55,0.0627,0.906,16,pre_recall
2024-01-01,TR26,Chennai,South,Tamil Nadu,T1,Retail Chemist,DePURA Kids 10 ml,407,36409.6,0.0533,0.999,16,pre_recall
2024-01-01,TR26,Chennai,South,Tamil Nadu,T1,Retail Chemist,DePURA Kids 15 ml,1423,183690.16,0.0294,0.921,16,pre_recall
2024-01-01,TR27,Coimbatore-Madurai,South,Tamil Nadu,T2,E-Pharmacy,DePURA Kids 10 ml,39,3145.34,0.1466,0.989,8,pre_recall
2024-01-01,TR27,Coimbatore-Madurai,South,Tamil Nadu,T2,E-Pharmacy,DePURA Kids 15 ml,114,12492.01,0.1761,0.96,8,pre_recall
2024-01-01,TR27,Coimbatore-Madurai,South,Tamil Nadu,T2,Hospital Pharmacy,DePURA Kids 10 ml,56,5166.97,0.0236,0.98,8,pre_recall
2024-01-01,TR27,Coimbatore-Madurai,South,Tamil Nadu,T2,Hospital Pharmacy,DePURA Kids 15 ml,194,25375.54,0.0165,0.96,8,pre_recall
2024-01-01,TR27,Coimbatore-Madurai,South,Tamil Nadu,T2,Pharmacy Chain,DePURA Kids 10 ml,58,5047.48,0.0791,0.967,8,pre_recall
2024-01-01,TR27,Coimbatore-Madurai,South,Tamil Nadu,T2,Pharmacy Chain,DePURA Kids 15 ml,168,20778.06,0.0701,0.992,8,pre_recall
2024-01-01,TR27,Coimbatore-Madurai,South,Tamil Nadu,T2,Retail Chemist,DePURA Kids 10 ml,181,16292.24,0.0475,0.965,8,pre_recall
2024-01-01,TR27,Coimbatore-Madurai,South,Tamil Nadu,T2,Retail Chemist,DePURA Kids 15 ml,722,91653.27,0.0455,0.988,8,pre_recall
2024-01-01,TR28,Hyderabad,South,Telangana,T1,E-Pharmacy,DePURA Kids 10 ml,81,6595.08,0.1384,0.877,9,pre_recall
2024-01-01,TR28,Hyderabad,South,Telangana,T1,E-Pharmacy,DePURA Kids 15 ml,505,56268.27,0.1622,0.937,9,pre_recall
2024-01-01,TR28,Hyderabad,South,Telangana,T1,Hospital Pharmacy,DePURA Kids 10 ml,109,10154.22,0.0142,0.977,9,pre_recall
2024-01-01,TR28,Hyderabad,South,Telangana,T1,Hospital Pharmacy,DePURA Kids 15 ml,470,60995.09,0.0242,0.947,9,pre_recall
2024-01-01,TR28,Hyderabad,South,Telangana,T1,Pharmacy Chain,DePURA Kids 10 ml,127,11124.28,0.0731,0.871,9,pre_recall
2024-01-01,TR28,Hyderabad,South,Telangana,T1,Pharmacy Chain,DePURA Kids 15 ml,533,64729.22,0.0869,0.937,9,pre_recall
2024-01-01,TR28,Hyderabad,South,Telangana,T1,Retail Chemist,DePURA Kids 10 ml,295,27093.89,0.0281,0.908,9,pre_recall
2024-01-01,TR28,Hyderabad,South,Telangana,T1,Retail Chemist,DePURA Kids 15 ml,1170,152249.12,0.0216,0.881,9,pre_recall
2024-01-01,TR29,Vijayawada-Vizag,South,Andhra Pradesh,T2,E-Pharmacy,DePURA Kids 10 ml,23,1858.94,0.1447,1.0,5,pre_recall
2024-01-01,TR29,Vijayawada-Vizag,South,Andhra Pradesh,T2,E-Pharmacy,DePURA Kids 15 ml,65,7347.33,0.1501,0.943,5,pre_recall
2024-01-01,TR29,Vijayawada-Vizag,South,Andhra Pradesh,T2,Hospital Pharmacy,DePURA Kids 10 ml,21,1927.04,0.029,0.925,5,pre_recall
2024-01-01,TR29,Vijayawada-Vizag,South,Andhra Pradesh,T2,Hospital Pharmacy,DePURA Kids 15 ml,74,9611.84,0.0234,1.0,5,pre_recall
2024-01-01,TR29,Vijayawada-Vizag,South,Andhra Pradesh,T2,Pharmacy Chain,DePURA Kids 10 ml,38,3337.56,0.0706,0.972,5,pre_recall
2024-01-01,TR29,Vijayawada-Vizag,South,Andhra Pradesh,T2,Pharmacy Chain,DePURA Kids 15 ml,80,9511.42,0.1061,0.988,5,pre_recall
2024-01-01,TR29,Vijayawada-Vizag,South,Andhra Pradesh,T2,Retail Chemist,DePURA Kids 10 ml,97,8754.91,0.0449,0.962,5,pre_recall
2024-01-01,TR29,Vijayawada-Vizag,South,Andhra Pradesh,T2,Retail Chemist,DePURA Kids 15 ml,386,49896.07,0.0281,0.95,5,pre_recall
2024-01-01,TR30,Kochi-Trivandrum,South,Kerala,T2,E-Pharmacy,DePURA Kids 10 ml,47,3842.2,0.1349,0.937,5,pre_recall
2024-01-01,TR30,Kochi-Trivandrum,South,Kerala,T2,E-Pharmacy,DePURA Kids 15 ml,138,15645.5,0.1476,0.919,5,pre_recall
2024-01-01,TR30,Kochi-Trivandrum,South,Kerala,T2,Hospital Pharmacy,DePURA Kids 10 ml,54,5051.83,0.01,0.862,5,pre_recall
2024-01-01,TR30,Kochi-Trivandrum,South,Kerala,T2,Hospital Pharmacy,DePURA Kids 15 ml,186,24115.58,0.0252,0.917,5,pre_recall
2024-01-01,TR30,Kochi-Trivandrum,South,Kerala,T2,Pharmacy Chain,DePURA Kids 10 ml,47,4072.26,0.0831,0.868,5,pre_recall
2024-01-01,TR30,Kochi-Trivandrum,South,Kerala,T2,Pharmacy Chain,DePURA Kids 15 ml,153,18764.52,0.0779,0.901,5,pre_recall
2024-01-01,TR30,Kochi-Trivandrum,South,Kerala,T2,Retail Chemist,DePURA Kids 10 ml,244,22048.36,0.0438,0.892,5,pre_recall
2024-01-01,TR30,Kochi-Trivandrum,South,Kerala,T2,Retail Chemist,DePURA Kids 15 ml,680,86710.44,0.0412,0.897,5,pre_recall
2024-01-01,TR31,Kolkata,East,West Bengal,T1,E-Pharmacy,DePURA Kids 10 ml,69,5537.74,0.1507,0.967,16,pre_recall
2024-01-01,TR31,Kolkata,East,West Bengal,T1,E-Pharmacy,DePURA Kids 15 ml,315,35640.09,0.1493,0.931,16,pre_recall
2024-01-01,TR31,Kolkata,East,West Bengal,T1,Hospital Pharmacy,DePURA Kids 10 ml,68,6185.86,0.0374,0.93,16,pre_recall
2024-01-01,TR31,Kolkata,East,West Bengal,T1,Hospital Pharmacy,DePURA Kids 15 ml,309,40445.23,0.0159,0.904,16,pre_recall
2024-01-01,TR31,Kolkata,East,West Bengal,T1,Pharmacy Chain,DePURA Kids 10 ml,70,6110.56,0.0763,0.932,16,pre_recall
2024-01-01,TR31,Kolkata,East,West Bengal,T1,Pharmacy Chain,DePURA Kids 15 ml,343,41916.38,0.0797,0.903,16,pre_recall
2024-01-01,TR31,Kolkata,East,West Bengal,T1,Retail Chemist,DePURA Kids 10 ml,204,18336.25,0.0489,0.904,16,pre_recall
2024-01-01,TR31,Kolkata,East,West Bengal,T1,Retail Chemist,DePURA Kids 15 ml,1272,161954.04,0.0427,0.984,16,pre_recall
2024-01-01,TR32,Siliguri-Durgapur,East,West Bengal,T3,E-Pharmacy,DePURA Kids 10 ml,14,1127.23,0.148,0.975,3,pre_recall
2024-01-01,TR32,Siliguri-Durgapur,East,West Bengal,T3,E-Pharmacy,DePURA Kids 15 ml,30,3372.69,0.1547,0.987,3,pre_recall
2024-01-01,TR32,Siliguri-Durgapur,East,West Bengal,T3,Hospital Pharmacy,DePURA Kids 10 ml,22,2056.19,0.011,0.944,3,pre_recall
2024-01-01,TR32,Siliguri-Durgapur,East,West Bengal,T3,Hospital Pharmacy,DePURA Kids 15 ml,49,6410.67,0.0163,0.922,3,pre_recall
2024-01-01,TR32,Siliguri-Durgapur,East,West Bengal,T3,Pharmacy Chain,DePURA Kids 10 ml,13,1127.22,0.0824,0.953,3,pre_recall
2024-01-01,TR32,Siliguri-Durgapur,East,West Bengal,T3,Pharmacy Chain,DePURA Kids 15 ml,38,4755.3,0.0591,0.899,3,pre_recall
2024-01-01,TR32,Siliguri-Durgapur,East,West Bengal,T3,Retail Chemist,DePURA Kids 10 ml,117,10699.23,0.0323,0.964,3,pre_recall
2024-01-01,TR32,Siliguri-Durgapur,East,West Bengal,T3,Retail Chemist,DePURA Kids 15 ml,281,35788.78,0.0424,0.991,3,pre_recall
2024-01-01,TR33,Patna,East,Bihar,T2,E-Pharmacy,DePURA Kids 10 ml,34,2741.34,0.1468,0.972,6,pre_recall
2024-01-01,TR33,Patna,East,Bihar,T2,E-Pharmacy,DePURA Kids 15 ml,69,7925.46,0.1364,0.951,6,pre_recall
2024-01-01,TR33,Patna,East,Bihar,T2,Hospital Pharmacy,DePURA Kids 10 ml,28,2584.26,0.01985,0.895,6,pre_recall
2024-01-01,TR33,Patna,East,Bihar,T2,Hospital Pharmacy,DePURA Kids 15 ml,98,12633.35,0.0307,0.994,6,pre_recall
2024-01-01,TR33,Patna,East,Bihar,T2,Pharmacy Chain,DePURA Kids 10 ml,30,2610.14,0.0793,0.912,6,pre_recall
2024-01-01,TR33,Patna,East,Bihar,T2,Pharmacy Chain,DePURA Kids 15 ml,113,13702.8,0.0882,0.937,6,pre_recall
2024-01-01,TR33,Patna,East,Bihar,T2,Retail Chemist,DePURA Kids 10 ml,118,10682.06,0.0421,0.953,6,pre_recall
2024-01-01,TR33,Patna,East,Bihar,T2,Retail Chemist,DePURA Kids 15 ml,535,69612.98,0.0217,0.935,6,pre_recall
2024-01-01,TR34,Ranchi,East,Jharkhand,T3,E-Pharmacy,DePURA Kids 10 ml,12,985.7,0.1308,0.931,6,pre_recall
2024-01-01,TR34,Ranchi,East,Jharkhand,T3,E-Pharmacy,DePURA Kids 15 ml,36,4088.76,0.146,1.0,6,pre_recall
2024-01-01,TR34,Ranchi,East,Jharkhand,T3,Hospital Pharmacy,DePURA Kids 10 ml,32,2938.73,0.0282,0.949,6,pre_recall
2024-01-01,TR34,Ranchi,East,Jharkhand,T3,Hospital Pharmacy,DePURA Kids 15 ml,58,7562.57,0.0196,0.872,6,pre_recall
2024-01-01,TR34,Ranchi,East,Jharkhand,T3,Pharmacy Chain,DePURA Kids 10 ml,18,1563.44,0.0809,0.927,6,pre_recall
2024-01-01,TR34,Ranchi,East,Jharkhand,T3,Pharmacy Chain,DePURA Kids 15 ml,43,5232.92,0.085,0.891,6,pre_recall
2024-01-01,TR34,Ranchi,East,Jharkhand,T3,Retail Chemist,DePURA Kids 10 ml,160,14779.07,0.0225,0.926,6,pre_recall
2024-01-01,TR34,Ranchi,East,Jharkhand,T3,Retail Chemist,DePURA Kids 15 ml,395,51151.19,0.0263,0.939,6,pre_recall
2024-01-01,TR35,Bhubaneswar,East,Odisha,T2,E-Pharmacy,DePURA Kids 10 ml,26,2114.57,0.1394,0.959,6,pre_recall
2024-01-01,TR35,Bhubaneswar,East,Odisha,T2,E-Pharmacy,DePURA Kids 15 ml,77,8807.29,0.14,0.933,6,pre_recall
2024-01-01,TR35,Bhubaneswar,East,Odisha,T2,Hospital Pharmacy,DePURA Kids 10 ml,37,3336.68,0.0457,0.918,6,pre_recall
2024-01-01,TR35,Bhubaneswar,East,Odisha,T2,Hospital Pharmacy,DePURA Kids 15 ml,100,12995.36,0.0229,0.946,6,pre_recall
2024-01-01,TR35,Bhubaneswar,East,Odisha,T2,Pharmacy Chain,DePURA Kids 10 ml,33,2866.01,0.081,0.874,6,pre_recall
2024-01-01,TR35,Bhubaneswar,East,Odisha,T2,Pharmacy Chain,DePURA Kids 15 ml,119,14848.63,0.0618,0.919,6,pre_recall
2024-01-01,TR35,Bhubaneswar,East,Odisha,T2,Retail Chemist,DePURA Kids 10 ml,124,11177.45,0.0461,0.915,6,pre_recall
2024-01-01,TR35,Bhubaneswar,East,Odisha,T2,Retail Chemist,DePURA Kids 15 ml,389,50460.86,0.0247,0.918,6,pre_recall
2024-01-01,TR36,Guwahati,East,Assam,T2,E-Pharmacy,DePURA Kids 10 ml,37,2990.53,0.1447,0.964,8,pre_recall
2024-01-01,TR36,Guwahati,East,Assam,T2,E-Pharmacy,DePURA Kids 15 ml,115,12627.26,0.1744,0.991,8,pre_recall
2024-01-01,TR36,Guwahati,East,Assam,T2,Hospital Pharmacy,DePURA Kids 10 ml,45,4155.58,0.0228,0.958,8,pre_recall
2024-01-01,TR36,Guwahati,East,Assam,T2,Hospital Pharmacy,DePURA Kids 15 ml,161,20720.28,0.0324,0.961,8,pre_recall
2024-01-01,TR36,Guwahati,East,Assam,T2,Pharmacy Chain,DePURA Kids 10 ml,47,4105.44,0.0757,0.989,8,pre_recall
2024-01-01,TR36,Guwahati,East,Assam,T2,Pharmacy Chain,DePURA Kids 15 ml,159,19245.8,0.0899,0.936,8,pre_recall
2024-01-01,TR36,Guwahati,East,Assam,T2,Retail Chemist,DePURA Kids 10 ml,194,18012.34,0.0175,0.989,8,pre_recall
2024-01-01,TR36,Guwahati,East,Assam,T2,Retail Chemist,DePURA Kids 15 ml,465,59345.02,0.0404,0.917,8,pre_recall
2024-02-01,TR01,Delhi North,North,Delhi,T1,E-Pharmacy,DePURA Kids 10 ml,96,7837.71,0.1361,1.0,16,pre_recall
2024-02-01,TR01,Delhi North,North,Delhi,T1,E-Pharmacy,DePURA Kids 15 ml,522,59961.37,0.1363,0.971,16,pre_recall
2024-02-01,TR01,Delhi North,North,Delhi,T1,Hospital Pharmacy,DePURA Kids 10 ml,107,9958.05,0.0152,0.942,16,pre_recall
2024-02-01,TR01,Delhi North,North,Delhi,T1,Hospital Pharmacy,DePURA Kids 15 ml,439,57572.35,0.014,0.94,16,pre_recall
2024-02-01,TR01,Delhi North,North,Delhi,T1,Pharmacy Chain,DePURA Kids 10 ml,138,12029.34,0.0776,0.939,16,pre_recall
2024-02-01,TR01,Delhi North,North,Delhi,T1,Pharmacy Chain,DePURA Kids 15 ml,638,79332.59,0.0651,0.927,16,pre_recall
2024-02-01,TR01,Delhi North,North,Delhi,T1,Retail Chemist,DePURA Kids 10 ml,433,38649.65,0.0554,0.945,16,pre_recall
2024-02-01,TR01,Delhi North,North,Delhi,T1,Retail Chemist,DePURA Kids 15 ml,1689,218572.79,0.027,0.902,16,pre_recall
2024-02-01,TR02,Delhi South,North,Delhi,T1,E-Pharmacy,DePURA Kids 10 ml,100,8054.13,0.1477,0.868,12,pre_recall
2024-02-01,TR02,Delhi South,North,Delhi,T1,E-Pharmacy,DePURA Kids 15 ml,513,57073.52,0.1635,0.951,12,pre_recall
2024-02-01,TR02,Delhi South,North,Delhi,T1,Hospital Pharmacy,DePURA Kids 10 ml,71,6690.21,0.0029,0.87,12,pre_recall
2024-02-01,TR02,Delhi South,North,Delhi,T1,Hospital Pharmacy,DePURA Kids 15 ml,382,49765.34,0.0205,0.952,12,pre_recall
2024-02-01,TR02,Delhi South,North,Delhi,T1,Pharmacy Chain,DePURA Kids 10 ml,138,12131.33,0.0698,0.892,12,pre_recall
2024-02-01,TR02,Delhi South,North,Delhi,T1,Pharmacy Chain,DePURA Kids 15 ml,736,89637.23,0.0843,0.98,12,pre_recall
2024-02-01,TR02,Delhi South,North,Delhi,T1,Retail Chemist,DePURA Kids 10 ml,347,30574.96,0.0676,0.913,12,pre_recall
2024-02-01,TR02,Delhi South,North,Delhi,T1,Retail Chemist,DePURA Kids 15 ml,1823,233910.61,0.0353,0.914,12,pre_recall
2024-02-01,TR03,Noida-Ghaziabad,North,Uttar Pradesh,T2,E-Pharmacy,DePURA Kids 10 ml,29,2256.86,0.1765,0.952,5,pre_recall
2024-02-01,TR03,Noida-Ghaziabad,North,Uttar Pradesh,T2,E-Pharmacy,DePURA Kids 15 ml,93,10503.61,0.1508,0.917,5,pre_recall
2024-02-01,TR03,Noida-Ghaziabad,North,Uttar Pradesh,T2,Hospital Pharmacy,DePURA Kids 10 ml,39,3587.24,0.0267,0.942,5,pre_recall
2024-02-01,TR03,Noida-Ghaziabad,North,Uttar Pradesh,T2,Hospital Pharmacy,DePURA Kids 15 ml,123,16010.71,0.0213,0.917,5,pre_recall
2024-02-01,TR03,Noida-Ghaziabad,North,Uttar Pradesh,T2,Pharmacy Chain,DePURA Kids 10 ml,39,3369.02,0.0859,0.922,5,pre_recall
2024-02-01,TR03,Noida-Ghaziabad,North,Uttar Pradesh,T2,Pharmacy Chain,DePURA Kids 15 ml,145,17627.34,0.086,0.929,5,pre_recall
2024-02-01,TR03,Noida-Ghaziabad,North,Uttar Pradesh,T2,Retail Chemist,DePURA Kids 10 ml,158,14476.77,0.0304,0.878,5,pre_recall
2024-02-01,TR03,Noida-Ghaziabad,North,Uttar Pradesh,T2,Retail Chemist,DePURA Kids 15 ml,598,76841.36,0.0339,0.905,5,pre_recall
2024-02-01,TR04,Gurugram-Faridabad,North,Haryana,T2,E-Pharmacy,DePURA Kids 10 ml,25,1994.93,0.1556,0.95,8,pre_recall
2024-02-01,TR04,Gurugram-Faridabad,North,Haryana,T2,E-Pharmacy,DePURA Kids 15 ml,98,10666.81,0.1816,0.951,8,pre_recall
2024-02-01,TR04,Gurugram-Faridabad,North,Haryana,T2,Hospital Pharmacy,DePURA Kids 10 ml,35,3251.05,0.0171,0.957,8,pre_recall
2024-02-01,TR04,Gurugram-Faridabad,North,Haryana,T2,Hospital Pharmacy,DePURA Kids 15 ml,130,16784.46,0.0292,0.965,8,pre_recall
2024-02-01,TR04,Gurugram-Faridabad,North,Haryana,T2,Pharmacy Chain,DePURA Kids 10 ml,44,3916.24,0.0581,0.912,8,pre_recall
2024-02-01,TR04,Gurugram-Faridabad,North,Haryana,T2,Pharmacy Chain,DePURA Kids 15 ml,111,13424.45,0.0907,0.918,8,pre_recall
2024-02-01,TR04,Gurugram-Faridabad,North,Haryana,T2,Retail Chemist,DePURA Kids 10 ml,127,11621.46,0.0317,0.967,8,pre_recall
2024-02-01,TR04,Gurugram-Faridabad,North,Haryana,T2,Retail Chemist,DePURA Kids 15 ml,539,68534.31,0.044,0.959,8,pre_recall
2024-02-01,TR05,Lucknow,North,Uttar Pradesh,T2,E-Pharmacy,DePURA Kids 10 ml,37,3039.37,0.1307,0.94,6,pre_recall
2024-02-01,TR05,Lucknow,North,Uttar Pradesh,T2,E-Pharmacy,DePURA Kids 15 ml,125,14026.49,0.1563,0.926,6,pre_recall
2024-02-01,TR05,Lucknow,North,Uttar Pradesh,T2,Hospital Pharmacy,DePURA Kids 10 ml,39,3487.32,0.0538,0.848,6,pre_recall
2024-02-01,TR05,Lucknow,North,Uttar Pradesh,T2,Hospital Pharmacy,DePURA Kids 15 ml,137,17881.8,0.0186,0.883,6,pre_recall
2024-02-01,TR05,Lucknow,North,Uttar Pradesh,T2,Pharmacy Chain,DePURA Kids 10 ml,49,4252.47,0.0816,0.916,6,pre_recall
2024-02-01,TR05,Lucknow,North,Uttar Pradesh,T2,Pharmacy Chain,DePURA Kids 15 ml,126,15404.18,0.0808,0.844,6,pre_recall
2024-02-01,TR05,Lucknow,North,Uttar Pradesh,T2,Retail Chemist,DePURA Kids 10 ml,145,13133.12,0.0416,0.812,6,pre_recall
2024-02-01,TR05,Lucknow,North,Uttar Pradesh,T2,Retail Chemist,DePURA Kids 15 ml,405,51736.48,0.0395,0.9,6,pre_recall
2024-02-01,TR06,Kanpur-Agra,North,Uttar Pradesh,T2,E-Pharmacy,DePURA Kids 10 ml,38,3048.99,0.1509,1.0,5,pre_recall
2024-02-01,TR06,Kanpur-Agra,North,Uttar Pradesh,T2,E-Pharmacy,DePURA Kids 15 ml,138,15713.22,0.1439,0.961,5,pre_recall
2024-02-01,TR06,Kanpur-Agra,North,Uttar Pradesh,T2,Hospital Pharmacy,DePURA Kids 10 ml,43,4063.5,0.0,0.916,5,pre_recall
2024-02-01,TR06,Kanpur-Agra,North,Uttar Pradesh,T2,Hospital Pharmacy,DePURA Kids 15 ml,132,16906.59,0.037,0.94,5,pre_recall
2024-02-01,TR06,Kanpur-Agra,North,Uttar Pradesh,T2,Pharmacy Chain,DePURA Kids 10 ml,46,4010.69,0.0774,0.868,5,pre_recall
2024-02-01,TR06,Kanpur-Agra,North,Uttar Pradesh,T2,Pharmacy Chain,DePURA Kids 15 ml,157,19229.25,0.0791,0.916,5,pre_recall
2024-02-01,TR06,Kanpur-Agra,North,Uttar Pradesh,T2,Retail Chemist,DePURA Kids 10 ml,212,19189.02,0.0422,0.923,5,pre_recall
2024-02-01,TR06,Kanpur-Agra,North,Uttar Pradesh,T2,Retail Chemist,DePURA Kids 15 ml,615,77479.32,0.0528,0.954,5,pre_recall
2024-02-01,TR07,Varanasi-Gorakhpur,North,Uttar Pradesh,T3,E-Pharmacy,DePURA Kids 10 ml,7,565.36,0.1453,0.861,3,pre_recall
2024-02-01,TR07,Varanasi-Gorakhpur,North,Uttar Pradesh,T3,E-Pharmacy,DePURA Kids 15 ml,24,2724.38,0.1465,0.933,3,pre_recall
2024-02-01,TR07,Varanasi-Gorakhpur,North,Uttar Pradesh,T3,Hospital Pharmacy,DePURA Kids 10 ml,13,1199.14,0.0239,0.872,3,pre_recall
2024-02-01,TR07,Varanasi-Gorakhpur,North,Uttar Pradesh,T3,Hospital Pharmacy,DePURA Kids 15 ml,33,4241.73,0.0336,0.918,3,pre_recall
2024-02-01,TR07,Varanasi-Gorakhpur,North,Uttar Pradesh,T3,Pharmacy Chain,DePURA Kids 10 ml,8,695.98,0.0794,0.877,3,pre_recall
2024-02-01,TR07,Varanasi-Gorakhpur,North,Uttar Pradesh,T3,Pharmacy Chain,DePURA Kids 15 ml,15,1831.69,0.0819,0.919,3,pre_recall
2024-02-01,TR07,Varanasi-Gorakhpur,North,Uttar Pradesh,T3,Retail Chemist,DePURA Kids 10 ml,81,7268.54,0.0504,0.966,3,pre_recall
2024-02-01,TR07,Varanasi-Gorakhpur,North,Uttar Pradesh,T3,Retail Chemist,DePURA Kids 15 ml,179,23106.94,0.0294,0.948,3,pre_recall
2024-02-01,TR08,Chandigarh-Mohali,North,Chandigarh,T2,E-Pharmacy,DePURA Kids 10 ml,27,2207.1,0.135,0.987,7,pre_recall
2024-02-01,TR08,Chandigarh-Mohali,North,Chandigarh,T2,E-Pharmacy,DePURA Kids 15 ml,104,11694.23,0.1546,0.923,7,pre_recall
2024-02-01,TR08,Chandigarh-Mohali,North,Chandigarh,T2,Hospital Pharmacy,DePURA Kids 10 ml,33,3010.28,0.0347,0.951,7,pre_recall
2024-02-01,TR08,Chandigarh-Mohali,North,Chandigarh,T2,Hospital Pharmacy,DePURA Kids 15 ml,106,13869.6,0.0162,0.916,7,pre_recall
2024-02-01,TR08,Chandigarh-Mohali,North,Chandigarh,T2,Pharmacy Chain,DePURA Kids 10 ml,40,3474.16,0.0809,0.895,7,pre_recall
2024-02-01,TR08,Chandigarh-Mohali,North,Chandigarh,T2,Pharmacy Chain,DePURA Kids 15 ml,120,14624.38,0.0837,0.943,7,pre_recall
2024-02-01,TR08,Chandigarh-Mohali,North,Chandigarh,T2,Retail Chemist,DePURA Kids 10 ml,195,17689.22,0.0401,0.98,7,pre_recall
2024-02-01,TR08,Chandigarh-Mohali,North,Chandigarh,T2,Retail Chemist,DePURA Kids 15 ml,453,56396.86,0.0639,0.927,7,pre_recall
2024-02-01,TR09,Ludhiana-Amritsar,North,Punjab,T2,E-Pharmacy,DePURA Kids 10 ml,32,2599.69,0.1403,0.932,6,pre_recall
2024-02-01,TR09,Ludhiana-Amritsar,North,Punjab,T2,E-Pharmacy,DePURA Kids 15 ml,89,10151.76,0.1424,0.903,6,pre_recall
2024-02-01,TR09,Ludhiana-Amritsar,North,Punjab,T2,Hospital Pharmacy,DePURA Kids 10 ml,41,3730.06,0.0373,0.94,6,pre_recall
2024-02-01,TR09,Ludhiana-Amritsar,North,Punjab,T2,Hospital Pharmacy,DePURA Kids 15 ml,123,16359.0,0.0,0.913,6,pre_recall
2024-02-01,TR09,Ludhiana-Amritsar,North,Punjab,T2,Pharmacy Chain,DePURA Kids 10 ml,37,3213.05,0.0811,0.901,6,pre_recall
2024-02-01,TR09,Ludhiana-Amritsar,North,Punjab,T2,Pharmacy Chain,DePURA Kids 15 ml,106,12866.36,0.0874,0.878,6,pre_recall
2024-02-01,TR09,Ludhiana-Amritsar,North,Punjab,T2,Retail Chemist,DePURA Kids 10 ml,127,11535.24,0.0388,0.878,6,pre_recall
2024-02-01,TR09,Ludhiana-Amritsar,North,Punjab,T2,Retail Chemist,DePURA Kids 15 ml,579,75323.22,0.0219,0.919,6,pre_recall
2024-02-01,TR10,Jaipur,North,Rajasthan,T2,E-Pharmacy,DePURA Kids 10 ml,16,1289.7,0.147,1.0,7,pre_recall
2024-02-01,TR10,Jaipur,North,Rajasthan,T2,E-Pharmacy,DePURA Kids 15 ml,57,6542.67,0.137,1.0,7,pre_recall
2024-02-01,TR10,Jaipur,North,Rajasthan,T2,Hospital Pharmacy,DePURA Kids 10 ml,14,1300.8,0.0168,0.929,7,pre_recall
2024-02-01,TR10,Jaipur,North,Rajasthan,T2,Hospital Pharmacy,DePURA Kids 15 ml,49,6505.4,0.0018,0.963,7,pre_recall
2024-02-01,TR10,Jaipur,North,Rajasthan,T2,Pharmacy Chain,DePURA Kids 10 ml,24,2071.64,0.0866,0.929,7,pre_recall
2024-02-01,TR10,Jaipur,North,Rajasthan,T2,Pharmacy Chain,DePURA Kids 15 ml,64,7896.66,0.0723,1.0,7,pre_recall
2024-02-01,TR10,Jaipur,North,Rajasthan,T2,Retail Chemist,DePURA Kids 10 ml,65,5984.05,0.0258,0.961,7,pre_recall
2024-02-01,TR10,Jaipur,North,Rajasthan,T2,Retail Chemist,DePURA Kids 15 ml,243,31379.52,0.0291,0.939,7,pre_recall
2024-02-01,TR11,Dehradun,North,Uttarakhand,T3,E-Pharmacy,DePURA Kids 10 ml,11,886.03,0.1476,0.945,6,pre_recall
2024-02-01,TR11,Dehradun,North,Uttarakhand,T3,E-Pharmacy,DePURA Kids 15 ml,22,2523.37,0.1376,0.904,6,pre_recall
2024-02-01,TR11,Dehradun,North,Uttarakhand,T3,Hospital Pharmacy,DePURA Kids 10 ml,19,1723.03,0.0404,0.938,6,pre_recall
2024-02-01,TR11,Dehradun,North,Uttarakhand,T3,Hospital Pharmacy,DePURA Kids 15 ml,48,6105.18,0.0437,0.878,6,pre_recall
2024-02-01,TR11,Dehradun,North,Uttarakhand,T3,Pharmacy Chain,DePURA Kids 10 ml,18,1563.6,0.0808,0.931,6,pre_recall
2024-02-01,TR11,Dehradun,North,Uttarakhand,T3,Pharmacy Chain,DePURA Kids 15 ml,26,3200.15,0.0746,0.915,6,pre_recall
2024-02-01,TR11,Dehradun,North,Uttarakhand,T3,Retail Chemist,DePURA Kids 10 ml,142,12669.84,0.0558,0.92,6,pre_recall
2024-02-01,TR11,Dehradun,North,Uttarakhand,T3,Retail Chemist,DePURA Kids 15 ml,289,37419.8,0.0265,0.802,6,pre_recall
2024-02-01,TR12,Mumbai West,West,Maharashtra,T1,E-Pharmacy,DePURA Kids 10 ml,36,2915.57,0.143,0.927,10,pre_recall
2024-02-01,TR12,Mumbai West,West,Maharashtra,T1,E-Pharmacy,DePURA Kids 15 ml,254,28975.73,0.1423,0.981,10,pre_recall
2024-02-01,TR12,Mumbai West,West,Maharashtra,T1,Hospital Pharmacy,DePURA Kids 10 ml,33,3059.5,0.0189,0.944,10,pre_recall
2024-02-01,TR12,Mumbai West,West,Maharashtra,T1,Hospital Pharmacy,DePURA Kids 15 ml,158,20556.83,0.0218,0.959,10,pre_recall
2024-02-01,TR12,Mumbai West,West,Maharashtra,T1,Pharmacy Chain,DePURA Kids 10 ml,45,3911.92,0.0801,0.954,10,pre_recall
2024-02-01,TR12,Mumbai West,West,Maharashtra,T1,Pharmacy Chain,DePURA Kids 15 ml,204,24802.19,0.0859,0.973,10,pre_recall
2024-02-01,TR12,Mumbai West,West,Maharashtra,T1,Retail Chemist,DePURA Kids 10 ml,116,10295.99,0.0608,0.942,10,pre_recall
2024-02-01,TR12,Mumbai West,West,Maharashtra,T1,Retail Chemist,DePURA Kids 15 ml,679,85980.88,0.0479,0.937,10,pre_recall
2024-02-01,TR13,Mumbai Thane,West,Maharashtra,T1,E-Pharmacy,DePURA Kids 10 ml,115,9254.47,0.1484,0.97,14,pre_recall
2024-02-01,TR13,Mumbai Thane,West,Maharashtra,T1,E-Pharmacy,DePURA Kids 15 ml,508,58917.35,0.128,0.961,14,pre_recall
2024-02-01,TR13,Mumbai Thane,West,Maharashtra,T1,Hospital Pharmacy,DePURA Kids 10 ml,112,10260.51,0.0306,0.925,14,pre_recall
2024-02-01,TR13,Mumbai Thane,West,Maharashtra,T1,Hospital Pharmacy,DePURA Kids 15 ml,441,57014.36,0.0279,0.959,14,pre_recall
2024-02-01,TR13,Mumbai Thane,West,Maharashtra,T1,Pharmacy Chain,DePURA Kids 10 ml,140,12275.14,0.0722,0.988,14,pre_recall
2024-02-01,TR13,Mumbai Thane,West,Maharashtra,T1,Pharmacy Chain,DePURA Kids 15 ml,563,67544.01,0.098,0.958,14,pre_recall
2024-02-01,TR13,Mumbai Thane,West,Maharashtra,T1,Retail Chemist,DePURA Kids 10 ml,376,34189.85,0.0378,0.91,14,pre_recall
2024-02-01,TR13,Mumbai Thane,West,Maharashtra,T1,Retail Chemist,DePURA Kids 15 ml,1368,172990.88,0.0492,0.913,14,pre_recall
2024-02-01,TR14,Pune,West,Maharashtra,T1,E-Pharmacy,DePURA Kids 10 ml,80,6509.46,0.139,0.959,11,pre_recall
2024-02-01,TR14,Pune,West,Maharashtra,T1,E-Pharmacy,DePURA Kids 15 ml,321,36109.98,0.1542,0.883,11,pre_recall
2024-02-01,TR14,Pune,West,Maharashtra,T1,Hospital Pharmacy,DePURA Kids 10 ml,50,4725.0,0.0,0.899,11,pre_recall
2024-02-01,TR14,Pune,West,Maharashtra,T1,Hospital Pharmacy,DePURA Kids 15 ml,267,34802.02,0.02,0.919,11,pre_recall
2024-02-01,TR14,Pune,West,Maharashtra,T1,Pharmacy Chain,DePURA Kids 10 ml,78,6785.2,0.0795,0.898,11,pre_recall
2024-02-01,TR14,Pune,West,Maharashtra,T1,Pharmacy Chain,DePURA Kids 15 ml,479,59969.44,0.0797,0.911,11,pre_recall
2024-02-01,TR14,Pune,West,Maharashtra,T1,Retail Chemist,DePURA Kids 10 ml,185,17049.47,0.0248,0.886,11,pre_recall
2024-02-01,TR14,Pune,West,Maharashtra,T1,Retail Chemist,DePURA Kids 15 ml,813,105055.52,0.0284,0.886,11,pre_recall
2024-02-01,TR15,Nagpur,West,Maharashtra,T2,E-Pharmacy,DePURA Kids 10 ml,30,2415.38,0.148,0.904,10,pre_recall
2024-02-01,TR15,Nagpur,West,Maharashtra,T2,E-Pharmacy,DePURA Kids 15 ml,91,10343.27,0.1454,0.845,10,pre_recall
2024-02-01,TR15,Nagpur,West,Maharashtra,T2,Hospital Pharmacy,DePURA Kids 10 ml,32,2953.24,0.0234,0.854,10,pre_recall
2024-02-01,TR15,Nagpur,West,Maharashtra,T2,Hospital Pharmacy,DePURA Kids 15 ml,92,12110.07,0.0103,0.91,10,pre_recall
2024-02-01,TR15,Nagpur,West,Maharashtra,T2,Pharmacy Chain,DePURA Kids 10 ml,31,2702.13,0.0776,0.917,10,pre_recall
2024-02-01,TR15,Nagpur,West,Maharashtra,T2,Pharmacy Chain,DePURA Kids 15 ml,114,13916.12,0.0822,0.898,10,pre_recall
2024-02-01,TR15,Nagpur,West,Maharashtra,T2,Retail Chemist,DePURA Kids 10 ml,155,14107.37,0.0369,0.912,10,pre_recall
2024-02-01,TR15,Nagpur,West,Maharashtra,T2,Retail Chemist,DePURA Kids 15 ml,381,48568.18,0.0415,0.89,10,pre_recall
2024-02-01,TR16,Ahmedabad,West,Gujarat,T1,E-Pharmacy,DePURA Kids 10 ml,79,6325.82,0.1527,0.893,16,pre_recall
2024-02-01,TR16,Ahmedabad,West,Gujarat,T1,E-Pharmacy,DePURA Kids 15 ml,456,51112.88,0.1572,0.948,16,pre_recall
2024-02-01,TR16,Ahmedabad,West,Gujarat,T1,Hospital Pharmacy,DePURA Kids 10 ml,69,6366.63,0.0236,0.875,16,pre_recall
2024-02-01,TR16,Ahmedabad,West,Gujarat,T1,Hospital Pharmacy,DePURA Kids 15 ml,322,41673.22,0.0269,0.948,16,pre_recall
2024-02-01,TR16,Ahmedabad,West,Gujarat,T1,Pharmacy Chain,DePURA Kids 10 ml,109,9695.06,0.0588,0.905,16,pre_recall
2024-02-01,TR16,Ahmedabad,West,Gujarat,T1,Pharmacy Chain,DePURA Kids 15 ml,439,54430.85,0.0678,0.873,16,pre_recall
2024-02-01,TR16,Ahmedabad,West,Gujarat,T1,Retail Chemist,DePURA Kids 10 ml,302,26946.63,0.0558,0.957,16,pre_recall
2024-02-01,TR16,Ahmedabad,West,Gujarat,T1,Retail Chemist,DePURA Kids 15 ml,1143,144529.19,0.0493,0.923,16,pre_recall
2024-02-01,TR17,Surat-Vadodara,West,Gujarat,T2,E-Pharmacy,DePURA Kids 10 ml,32,2551.11,0.1564,0.952,5,pre_recall
2024-02-01,TR17,Surat-Vadodara,West,Gujarat,T2,E-Pharmacy,DePURA Kids 15 ml,82,9375.88,0.1403,0.914,5,pre_recall
2024-02-01,TR17,Surat-Vadodara,West,Gujarat,T2,Hospital Pharmacy,DePURA Kids 10 ml,27,2479.57,0.0282,0.806,5,pre_recall
2024-02-01,TR17,Surat-Vadodara,West,Gujarat,T2,Hospital Pharmacy,DePURA Kids 15 ml,101,13211.88,0.0165,0.884,5,pre_recall
2024-02-01,TR17,Surat-Vadodara,West,Gujarat,T2,Pharmacy Chain,DePURA Kids 10 ml,30,2618.41,0.0764,0.886,5,pre_recall
2024-02-01,TR17,Surat-Vadodara,West,Gujarat,T2,Pharmacy Chain,DePURA Kids 15 ml,89,11031.5,0.068,0.862,5,pre_recall
2024-02-01,TR17,Surat-Vadodara,West,Gujarat,T2,Retail Chemist,DePURA Kids 10 ml,137,12485.22,0.0397,0.871,5,pre_recall
2024-02-01,TR17,Surat-Vadodara,West,Gujarat,T2,Retail Chemist,DePURA Kids 15 ml,338,43099.11,0.0413,0.852,5,pre_recall
2024-02-01,TR18,Rajkot,West,Gujarat,T3,E-Pharmacy,DePURA Kids 10 ml,22,1769.57,0.1488,0.941,7,pre_recall
2024-02-01,TR18,Rajkot,West,Gujarat,T3,E-Pharmacy,DePURA Kids 15 ml,67,7563.48,0.1512,0.968,7,pre_recall
2024-02-01,TR18,Rajkot,West,Gujarat,T3,Hospital Pharmacy,DePURA Kids 10 ml,34,3106.19,0.0332,0.902,7,pre_recall
2024-02-01,TR18,Rajkot,West,Gujarat,T3,Hospital Pharmacy,DePURA Kids 15 ml,80,10460.59,0.01985,0.87,7,pre_recall
2024-02-01,TR18,Rajkot,West,Gujarat,T3,Pharmacy Chain,DePURA Kids 10 ml,26,2227.79,0.0933,0.884,7,pre_recall
2024-02-01,TR18,Rajkot,West,Gujarat,T3,Pharmacy Chain,DePURA Kids 15 ml,53,6306.97,0.1053,0.902,7,pre_recall
2024-02-01,TR18,Rajkot,West,Gujarat,T3,Retail Chemist,DePURA Kids 10 ml,197,17821.33,0.0427,0.938,7,pre_recall
2024-02-01,TR18,Rajkot,West,Gujarat,T3,Retail Chemist,DePURA Kids 15 ml,606,75290.59,0.0659,0.94,7,pre_recall
2024-02-01,TR19,Indore,Central,Madhya Pradesh,T2,E-Pharmacy,DePURA Kids 10 ml,48,3876.14,0.1455,0.962,6,pre_recall
2024-02-01,TR19,Indore,Central,Madhya Pradesh,T2,E-Pharmacy,DePURA Kids 15 ml,167,18338.19,0.1744,0.941,6,pre_recall
2024-02-01,TR19,Indore,Central,Madhya Pradesh,T2,Hospital Pharmacy,DePURA Kids 10 ml,51,4765.73,0.0112,0.873,6,pre_recall
2024-02-01,TR19,Indore,Central,Madhya Pradesh,T2,Hospital Pharmacy,DePURA Kids 15 ml,166,21934.26,0.0065,0.863,6,pre_recall
2024-02-01,TR19,Indore,Central,Madhya Pradesh,T2,Pharmacy Chain,DePURA Kids 10 ml,53,4506.95,0.1001,0.789,6,pre_recall
2024-02-01,TR19,Indore,Central,Madhya Pradesh,T2,Pharmacy Chain,DePURA Kids 15 ml,197,23832.84,0.0904,0.907,6,pre_recall
2024-02-01,TR19,Indore,Central,Madhya Pradesh,T2,Retail Chemist,DePURA Kids 10 ml,246,22176.75,0.046,0.899,6,pre_recall
2024-02-01,TR19,Indore,Central,Madhya Pradesh,T2,Retail Chemist,DePURA Kids 15 ml,756,96008.8,0.0451,0.93,6,pre_recall
2024-02-01,TR20,Bhopal,Central,Madhya Pradesh,T2,E-Pharmacy,DePURA Kids 10 ml,18,1479.02,0.1305,0.995,3,pre_recall
2024-02-01,TR20,Bhopal,Central,Madhya Pradesh,T2,E-Pharmacy,DePURA Kids 15 ml,72,8020.94,0.1624,0.92,3,pre_recall
2024-02-01,TR20,Bhopal,Central,Madhya Pradesh,T2,Hospital Pharmacy,DePURA Kids 10 ml,22,2047.02,0.0154,0.863,3,pre_recall
2024-02-01,TR20,Bhopal,Central,Madhya Pradesh,T2,Hospital Pharmacy,DePURA Kids 15 ml,64,8439.95,0.0085,0.915,3,pre_recall
2024-02-01,TR20,Bhopal,Central,Madhya Pradesh,T2,Pharmacy Chain,DePURA Kids 10 ml,22,1954.26,0.06,0.852,3,pre_recall
2024-02-01,TR20,Bhopal,Central,Madhya Pradesh,T2,Pharmacy Chain,DePURA Kids 15 ml,75,9182.75,0.0794,0.894,3,pre_recall
2024-02-01,TR20,Bhopal,Central,Madhya Pradesh,T2,Retail Chemist,DePURA Kids 10 ml,121,11151.54,0.0397,0.926,3,pre_recall
2024-02-01,TR20,Bhopal,Central,Madhya Pradesh,T2,Retail Chemist,DePURA Kids 15 ml,316,40010.01,0.048,0.898,3,pre_recall
2024-02-01,TR21,Jabalpur,Central,Madhya Pradesh,T3,E-Pharmacy,DePURA Kids 10 ml,18,1439.3,0.1539,1.0,5,pre_recall
2024-02-01,TR21,Jabalpur,Central,Madhya Pradesh,T3,E-Pharmacy,DePURA Kids 15 ml,42,4837.53,0.134,1.0,5,pre_recall
2024-02-01,TR21,Jabalpur,Central,Madhya Pradesh,T3,Hospital Pharmacy,DePURA Kids 10 ml,30,2764.77,0.0248,0.943,5,pre_recall
2024-02-01,TR21,Jabalpur,Central,Madhya Pradesh,T3,Hospital Pharmacy,DePURA Kids 15 ml,71,9202.28,0.0255,0.913,5,pre_recall
2024-02-01,TR21,Jabalpur,Central,Madhya Pradesh,T3,Pharmacy Chain,DePURA Kids 10 ml,20,1751.24,0.0734,0.942,5,pre_recall
2024-02-01,TR21,Jabalpur,Central,Madhya Pradesh,T3,Pharmacy Chain,DePURA Kids 15 ml,46,5559.99,0.0912,0.917,5,pre_recall
2024-02-01,TR21,Jabalpur,Central,Madhya Pradesh,T3,Retail Chemist,DePURA Kids 10 ml,141,13125.39,0.0149,0.959,5,pre_recall
2024-02-01,TR21,Jabalpur,Central,Madhya Pradesh,T3,Retail Chemist,DePURA Kids 15 ml,464,59640.53,0.0336,0.942,5,pre_recall
2024-02-01,TR22,Raipur,Central,Chhattisgarh,T3,E-Pharmacy,DePURA Kids 10 ml,18,1457.69,0.143,0.895,6,pre_recall
2024-02-01,TR22,Raipur,Central,Chhattisgarh,T3,E-Pharmacy,DePURA Kids 15 ml,47,5346.54,0.1447,0.922,6,pre_recall
2024-02-01,TR22,Raipur,Central,Chhattisgarh,T3,Hospital Pharmacy,DePURA Kids 10 ml,36,3315.01,0.0256,0.926,6,pre_recall
2024-02-01,TR22,Raipur,Central,Chhattisgarh,T3,Hospital Pharmacy,DePURA Kids 15 ml,76,10104.51,0.0003,0.901,6,pre_recall
2024-02-01,TR22,Raipur,Central,Chhattisgarh,T3,Pharmacy Chain,DePURA Kids 10 ml,21,1847.73,0.0797,0.976,6,pre_recall
2024-02-01,TR22,Raipur,Central,Chhattisgarh,T3,Pharmacy Chain,DePURA Kids 15 ml,43,5327.69,0.0684,0.876,6,pre_recall
2024-02-01,TR22,Raipur,Central,Chhattisgarh,T3,Retail Chemist,DePURA Kids 10 ml,217,19294.51,0.0591,0.819,6,pre_recall
2024-02-01,TR22,Raipur,Central,Chhattisgarh,T3,Retail Chemist,DePURA Kids 15 ml,481,60140.1,0.0599,0.84,6,pre_recall
2024-02-01,TR23,Bengaluru North,South,Karnataka,T1,E-Pharmacy,DePURA Kids 10 ml,91,7307.18,0.1503,0.999,11,pre_recall
2024-02-01,TR23,Bengaluru North,South,Karnataka,T1,E-Pharmacy,DePURA Kids 15 ml,380,42302.92,0.163,0.965,11,pre_recall
2024-02-01,TR23,Bengaluru North,South,Karnataka,T1,Hospital Pharmacy,DePURA Kids 10 ml,81,7541.33,0.0148,0.932,11,pre_recall
2024-02-01,TR23,Bengaluru North,South,Karnataka,T1,Hospital Pharmacy,DePURA Kids 15 ml,404,53198.0,0.0099,0.944,11,pre_recall
2024-02-01,TR23,Bengaluru North,South,Karnataka,T1,Pharmacy Chain,DePURA Kids 10 ml,122,10557.11,0.0843,0.928,11,pre_recall
2024-02-01,TR23,Bengaluru North,South,Karnataka,T1,Pharmacy Chain,DePURA Kids 15 ml,528,63986.07,0.0888,0.901,11,pre_recall
2024-02-01,TR23,Bengaluru North,South,Karnataka,T1,Retail Chemist,DePURA Kids 10 ml,273,24778.54,0.0395,0.906,11,pre_recall
2024-02-01,TR23,Bengaluru North,South,Karnataka,T1,Retail Chemist,DePURA Kids 15 ml,1513,191132.49,0.0502,0.923,11,pre_recall
2024-02-01,TR24,Bengaluru South,South,Karnataka,T1,E-Pharmacy,DePURA Kids 10 ml,91,7402.03,0.1392,0.9,16,pre_recall
2024-02-01,TR24,Bengaluru South,South,Karnataka,T1,E-Pharmacy,DePURA Kids 15 ml,431,47452.72,0.1499,0.931,16,pre_recall
2024-02-01,TR24,Bengaluru South,South,Karnataka,T1,Hospital Pharmacy,DePURA Kids 10 ml,85,7964.04,0.0085,0.855,16,pre_recall
2024-02-01,TR24,Bengaluru South,South,Karnataka,T1,Hospital Pharmacy,DePURA Kids 15 ml,353,46043.48,0.0193,0.923,16,pre_recall
2024-02-01,TR24,Bengaluru South,South,Karnataka,T1,Pharmacy Chain,DePURA Kids 10 ml,119,10137.87,0.0985,0.897,16,pre_recall
2024-02-01,TR24,Bengaluru South,South,Karnataka,T1,Pharmacy Chain,DePURA Kids 15 ml,465,57345.28,0.0728,0.859,16,pre_recall
2024-02-01,TR24,Bengaluru South,South,Karnataka,T1,Retail Chemist,DePURA Kids 10 ml,337,30945.42,0.0283,0.854,16,pre_recall
2024-02-01,TR24,Bengaluru South,South,Karnataka,T1,Retail Chemist,DePURA Kids 15 ml,1734,220791.29,0.0426,0.903,16,pre_recall
2024-02-01,TR25,Mysuru-Mangaluru,South,Karnataka,T3,E-Pharmacy,DePURA Kids 10 ml,10,796.74,0.1569,0.921,4,pre_recall
2024-02-01,TR25,Mysuru-Mangaluru,South,Karnataka,T3,E-Pharmacy,DePURA Kids 15 ml,20,2284.99,0.141,0.915,4,pre_recall
2024-02-01,TR25,Mysuru-Mangaluru,South,Karnataka,T3,Hospital Pharmacy,DePURA Kids 10 ml,17,1605.27,0.0008,0.98,4,pre_recall
2024-02-01,TR25,Mysuru-Mangaluru,South,Karnataka,T3,Hospital Pharmacy,DePURA Kids 15 ml,36,4757.35,0.0064,0.931,4,pre_recall
2024-02-01,TR25,Mysuru-Mangaluru,South,Karnataka,T3,Pharmacy Chain,DePURA Kids 10 ml,9,793.06,0.0675,0.913,4,pre_recall
2024-02-01,TR25,Mysuru-Mangaluru,South,Karnataka,T3,Pharmacy Chain,DePURA Kids 15 ml,23,2878.24,0.0591,0.92,4,pre_recall
2024-02-01,TR25,Mysuru-Mangaluru,South,Karnataka,T3,Retail Chemist,DePURA Kids 10 ml,103,9344.33,0.04,0.954,4,pre_recall
2024-02-01,TR25,Mysuru-Mangaluru,South,Karnataka,T3,Retail Chemist,DePURA Kids 15 ml,239,30339.95,0.0455,0.91,4,pre_recall
2024-02-01,TR26,Chennai,South,Tamil Nadu,T1,E-Pharmacy,DePURA Kids 10 ml,99,8031.26,0.1415,0.944,16,pre_recall
2024-02-01,TR26,Chennai,South,Tamil Nadu,T1,E-Pharmacy,DePURA Kids 15 ml,436,49070.09,0.1538,0.918,16,pre_recall
2024-02-01,TR26,Chennai,South,Tamil Nadu,T1,Hospital Pharmacy,DePURA Kids 10 ml,88,8181.51,0.0162,0.916,16,pre_recall
2024-02-01,TR26,Chennai,South,Tamil Nadu,T1,Hospital Pharmacy,DePURA Kids 15 ml,511,66709.9,0.0184,0.938,16,pre_recall
2024-02-01,TR26,Chennai,South,Tamil Nadu,T1,Pharmacy Chain,DePURA Kids 10 ml,157,13814.53,0.0689,0.93,16,pre_recall
2024-02-01,TR26,Chennai,South,Tamil Nadu,T1,Pharmacy Chain,DePURA Kids 15 ml,682,81853.17,0.0976,0.919,16,pre_recall
2024-02-01,TR26,Chennai,South,Tamil Nadu,T1,Retail Chemist,DePURA Kids 10 ml,332,30290.85,0.0345,0.94,16,pre_recall
2024-02-01,TR26,Chennai,South,Tamil Nadu,T1,Retail Chemist,DePURA Kids 15 ml,1804,227784.31,0.0506,0.973,16,pre_recall
2024-02-01,TR27,Coimbatore-Madurai,South,Tamil Nadu,T2,E-Pharmacy,DePURA Kids 10 ml,37,3014.17,0.1379,1.0,8,pre_recall
2024-02-01,TR27,Coimbatore-Madurai,South,Tamil Nadu,T2,E-Pharmacy,DePURA Kids 15 ml,130,14588.1,0.1563,0.987,8,pre_recall
2024-02-01,TR27,Coimbatore-Madurai,South,Tamil Nadu,T2,Hospital Pharmacy,DePURA Kids 10 ml,40,3719.17,0.0161,0.948,8,pre_recall
2024-02-01,TR27,Coimbatore-Madurai,South,Tamil Nadu,T2,Hospital Pharmacy,DePURA Kids 15 ml,155,20142.83,0.0229,0.976,8,pre_recall
2024-02-01,TR27,Coimbatore-Madurai,South,Tamil Nadu,T2,Pharmacy Chain,DePURA Kids 10 ml,55,4849.71,0.0669,0.916,8,pre_recall
2024-02-01,TR27,Coimbatore-Madurai,South,Tamil Nadu,T2,Pharmacy Chain,DePURA Kids 15 ml,166,20170.65,0.0864,0.942,8,pre_recall
2024-02-01,TR27,Coimbatore-Madurai,South,Tamil Nadu,T2,Retail Chemist,DePURA Kids 10 ml,226,20250.65,0.0518,0.913,8,pre_recall
2024-02-01,TR27,Coimbatore-Madurai,South,Tamil Nadu,T2,Retail Chemist,DePURA Kids 15 ml,771,99390.88,0.0307,0.939,8,pre_recall
2024-02-01,TR28,Hyderabad,South,Telangana,T1,E-Pharmacy,DePURA Kids 10 ml,91,7317.78,0.149,1.0,9,pre_recall
2024-02-01,TR28,Hyderabad,South,Telangana,T1,E-Pharmacy,DePURA Kids 15 ml,432,49623.9,0.1363,0.973,9,pre_recall
2024-02-01,TR28,Hyderabad,South,Telangana,T1,Hospital Pharmacy,DePURA Kids 10 ml,93,8748.21,0.0046,0.948,9,pre_recall
2024-02-01,TR28,Hyderabad,South,Telangana,T1,Hospital Pharmacy,DePURA Kids 15 ml,326,42517.48,0.0194,0.931,9,pre_recall
2024-02-01,TR28,Hyderabad,South,Telangana,T1,Pharmacy Chain,DePURA Kids 10 ml,132,11345.15,0.0905,0.935,9,pre_recall
2024-02-01,TR28,Hyderabad,South,Telangana,T1,Pharmacy Chain,DePURA Kids 15 ml,544,66585.82,0.0797,0.924,9,pre_recall
2024-02-01,TR28,Hyderabad,South,Telangana,T1,Retail Chemist,DePURA Kids 10 ml,364,32669.5,0.0502,0.907,9,pre_recall
2024-02-01,TR28,Hyderabad,South,Telangana,T1,Retail Chemist,DePURA Kids 15 ml,1688,213154.92,0.0506,0.854,9,pre_recall
2024-02-01,TR29,Vijayawada-Vizag,South,Andhra Pradesh,T2,E-Pharmacy,DePURA Kids 10 ml,19,1500.72,0.1642,1.0,5,pre_recall
2024-02-01,TR29,Vijayawada-Vizag,South,Andhra Pradesh,T2,E-Pharmacy,DePURA Kids 15 ml,61,6974.78,0.1403,0.968,5,pre_recall
2024-02-01,TR29,Vijayawada-Vizag,South,Andhra Pradesh,T2,Hospital Pharmacy,DePURA Kids 10 ml,25,2327.79,0.0147,0.916,5,pre_recall
2024-02-01,TR29,Vijayawada-Vizag,South,Andhra Pradesh,T2,Hospital Pharmacy,DePURA Kids 15 ml,89,11383.86,0.0383,0.929,5,pre_recall
2024-02-01,TR29,Vijayawada-Vizag,South,Andhra Pradesh,T2,Pharmacy Chain,DePURA Kids 10 ml,24,2089.49,0.0787,0.954,5,pre_recall
2024-02-01,TR29,Vijayawada-Vizag,South,Andhra Pradesh,T2,Pharmacy Chain,DePURA Kids 15 ml,66,8253.61,0.0597,0.937,5,pre_recall
2024-02-01,TR29,Vijayawada-Vizag,South,Andhra Pradesh,T2,Retail Chemist,DePURA Kids 10 ml,108,9653.0,0.0542,0.981,5,pre_recall
2024-02-01,TR29,Vijayawada-Vizag,South,Andhra Pradesh,T2,Retail Chemist,DePURA Kids 15 ml,352,44591.32,0.0475,0.93,5,pre_recall
2024-02-01,TR30,Kochi-Trivandrum,South,Kerala,T2,E-Pharmacy,DePURA Kids 10 ml,43,3411.33,0.1605,0.907,5,pre_recall
2024-02-01,TR30,Kochi-Trivandrum,South,Kerala,T2,E-Pharmacy,DePURA Kids 15 ml,157,18057.54,0.1352,0.944,5,pre_recall
2024-02-01,TR30,Kochi-Trivandrum,South,Kerala,T2,Hospital Pharmacy,DePURA Kids 10 ml,47,4414.88,0.006,0.929,5,pre_recall
2024-02-01,TR30,Kochi-Trivandrum,South,Kerala,T2,Hospital Pharmacy,DePURA Kids 15 ml,151,19741.47,0.017,0.912,5,pre_recall
2024-02-01,TR30,Kochi-Trivandrum,South,Kerala,T2,Pharmacy Chain,DePURA Kids 10 ml,48,4201.97,0.0736,0.923,5,pre_recall
2024-02-01,TR30,Kochi-Trivandrum,South,Kerala,T2,Pharmacy Chain,DePURA Kids 15 ml,160,20068.9,0.0569,0.907,5,pre_recall
2024-02-01,TR30,Kochi-Trivandrum,South,Kerala,T2,Retail Chemist,DePURA Kids 10 ml,166,15094.46,0.0378,0.895,5,pre_recall
2024-02-01,TR30,Kochi-Trivandrum,South,Kerala,T2,Retail Chemist,DePURA Kids 15 ml,565,70606.23,0.0604,0.87,5,pre_recall
2024-02-01,TR31,Kolkata,East,West Bengal,T1,E-Pharmacy,DePURA Kids 10 ml,82,6545.24,0.1553,0.963,16,pre_recall
2024-02-01,TR31,Kolkata,East,West Bengal,T1,E-Pharmacy,DePURA Kids 15 ml,331,37340.89,0.1518,0.898,16,pre_recall
2024-02-01,TR31,Kolkata,East,West Bengal,T1,Hospital Pharmacy,DePURA Kids 10 ml,71,6676.42,0.0049,0.894,16,pre_recall
2024-02-01,TR31,Kolkata,East,West Bengal,T1,Hospital Pharmacy,DePURA Kids 15 ml,233,30772.75,0.007,0.907,16,pre_recall
2024-02-01,TR31,Kolkata,East,West Bengal,T1,Pharmacy Chain,DePURA Kids 10 ml,90,7729.09,0.0912,0.96,16,pre_recall
2024-02-01,TR31,Kolkata,East,West Bengal,T1,Pharmacy Chain,DePURA Kids 15 ml,363,43472.76,0.0996,0.939,16,pre_recall
2024-02-01,TR31,Kolkata,East,West Bengal,T1,Retail Chemist,DePURA Kids 10 ml,250,23127.56,0.0211,0.931,16,pre_recall
2024-02-01,TR31,Kolkata,East,West Bengal,T1,Retail Chemist,DePURA Kids 15 ml,894,113487.9,0.0455,0.921,16,pre_recall
2024-02-01,TR32,Siliguri-Durgapur,East,West Bengal,T3,E-Pharmacy,DePURA Kids 10 ml,10,815.22,0.1373,0.917,3,pre_recall
2024-02-01,TR32,Siliguri-Durgapur,East,West Bengal,T3,E-Pharmacy,DePURA Kids 15 ml,25,2816.77,0.1529,0.925,3,pre_recall
2024-02-01,TR32,Siliguri-Durgapur,East,West Bengal,T3,Hospital Pharmacy,DePURA Kids 10 ml,20,1821.57,0.0362,0.95,3,pre_recall
2024-02-01,TR32,Siliguri-Durgapur,East,West Bengal,T3,Hospital Pharmacy,DePURA Kids 15 ml,55,7224.98,0.0123,0.96,3,pre_recall
2024-02-01,TR32,Siliguri-Durgapur,East,West Bengal,T3,Pharmacy Chain,DePURA Kids 10 ml,9,783.34,0.079,0.894,3,pre_recall
2024-02-01,TR32,Siliguri-Durgapur,East,West Bengal,T3,Pharmacy Chain,DePURA Kids 15 ml,37,4601.94,0.0648,0.946,3,pre_recall
2024-02-01,TR32,Siliguri-Durgapur,East,West Bengal,T3,Retail Chemist,DePURA Kids 10 ml,127,11676.6,0.0271,0.929,3,pre_recall
2024-02-01,TR32,Siliguri-Durgapur,East,West Bengal,T3,Retail Chemist,DePURA Kids 15 ml,280,36587.69,0.0175,0.918,3,pre_recall
2024-02-01,TR33,Patna,East,Bihar,T2,E-Pharmacy,DePURA Kids 10 ml,25,2025.5,0.1426,0.993,6,pre_recall
2024-02-01,TR33,Patna,East,Bihar,T2,E-Pharmacy,DePURA Kids 15 ml,76,8410.7,0.1679,0.937,6,pre_recall
2024-02-01,TR33,Patna,East,Bihar,T2,Hospital Pharmacy,DePURA Kids 10 ml,32,2910.48,0.0375,0.949,6,pre_recall
2024-02-01,TR33,Patna,East,Bihar,T2,Hospital Pharmacy,DePURA Kids 15 ml,97,12849.83,0.004,0.941,6,pre_recall
2024-02-01,TR33,Patna,East,Bihar,T2,Pharmacy Chain,DePURA Kids 10 ml,28,2420.28,0.0853,0.912,6,pre_recall
2024-02-01,TR33,Patna,East,Bihar,T2,Pharmacy Chain,DePURA Kids 15 ml,91,11422.69,0.0562,0.946,6,pre_recall
2024-02-01,TR33,Patna,East,Bihar,T2,Retail Chemist,DePURA Kids 10 ml,156,14222.53,0.0352,0.95,6,pre_recall
2024-02-01,TR33,Patna,East,Bihar,T2,Retail Chemist,DePURA Kids 15 ml,351,45460.86,0.0262,0.957,6,pre_recall
2024-02-01,TR34,Ranchi,East,Jharkhand,T3,E-Pharmacy,DePURA Kids 10 ml,17,1394.76,0.1318,0.966,6,pre_recall
2024-02-01,TR34,Ranchi,East,Jharkhand,T3,E-Pharmacy,DePURA Kids 15 ml,35,3995.94,0.1416,0.974,6,pre_recall
2024-02-01,TR34,Ranchi,East,Jharkhand,T3,Hospital Pharmacy,DePURA Kids 10 ml,28,2599.99,0.0174,0.917,6,pre_recall
2024-02-01,TR34,Ranchi,East,Jharkhand,T3,Hospital Pharmacy,DePURA Kids 15 ml,80,10521.87,0.0111,0.888,6,pre_recall
2024-02-01,TR34,Ranchi,East,Jharkhand,T3,Pharmacy Chain,DePURA Kids 10 ml,18,1593.72,0.0631,0.938,6,pre_recall
2024-02-01,TR34,Ranchi,East,Jharkhand,T3,Pharmacy Chain,DePURA Kids 15 ml,45,5563.55,0.0704,0.915,6,pre_recall
2024-02-01,TR34,Ranchi,East,Jharkhand,T3,Retail Chemist,DePURA Kids 10 ml,173,15775.43,0.0351,0.909,6,pre_recall
2024-02-01,TR34,Ranchi,East,Jharkhand,T3,Retail Chemist,DePURA Kids 15 ml,324,42089.75,0.0233,0.935,6,pre_recall
2024-02-01,TR35,Bhubaneswar,East,Odisha,T2,E-Pharmacy,DePURA Kids 10 ml,32,2618.34,0.1341,0.933,6,pre_recall
2024-02-01,TR35,Bhubaneswar,East,Odisha,T2,E-Pharmacy,DePURA Kids 15 ml,83,9319.58,0.1558,0.94,6,pre_recall
2024-02-01,TR35,Bhubaneswar,East,Odisha,T2,Hospital Pharmacy,DePURA Kids 10 ml,32,2966.77,0.0189,0.923,6,pre_recall
2024-02-01,TR35,Bhubaneswar,East,Odisha,T2,Hospital Pharmacy,DePURA Kids 15 ml,101,13116.37,0.0236,0.856,6,pre_recall
2024-02-01,TR35,Bhubaneswar,East,Odisha,T2,Pharmacy Chain,DePURA Kids 10 ml,46,4069.94,0.0637,0.89,6,pre_recall
2024-02-01,TR35,Bhubaneswar,East,Odisha,T2,Pharmacy Chain,DePURA Kids 15 ml,124,15225.48,0.0768,0.95,6,pre_recall
2024-02-01,TR35,Bhubaneswar,East,Odisha,T2,Retail Chemist,DePURA Kids 10 ml,161,14284.14,0.0611,0.982,6,pre_recall
2024-02-01,TR35,Bhubaneswar,East,Odisha,T2,Retail Chemist,DePURA Kids 15 ml,406,51740.63,0.0418,0.956,6,pre_recall
2024-02-01,TR36,Guwahati,East,Assam,T2,E-Pharmacy,DePURA Kids 10 ml,39,3094.46,0.1604,0.972,8,pre_recall
2024-02-01,TR36,Guwahati,East,Assam,T2,E-Pharmacy,DePURA Kids 15 ml,113,13209.52,0.1211,0.982,8,pre_recall
2024-02-01,TR36,Guwahati,East,Assam,T2,Hospital Pharmacy,DePURA Kids 10 ml,46,4248.73,0.0226,0.94,8,pre_recall
2024-02-01,TR36,Guwahati,East,Assam,T2,Hospital Pharmacy,DePURA Kids 15 ml,124,15931.39,0.034,0.937,8,pre_recall
2024-02-01,TR36,Guwahati,East,Assam,T2,Pharmacy Chain,DePURA Kids 10 ml,47,4129.02,0.0704,0.938,8,pre_recall
2024-02-01,TR36,Guwahati,East,Assam,T2,Pharmacy Chain,DePURA Kids 15 ml,126,15867.66,0.0531,0.959,8,pre_recall
2024-02-01,TR36,Guwahati,East,Assam,T2,Retail Chemist,DePURA Kids 10 ml,242,21903.0,0.0422,0.929,8,pre_recall
2024-02-01,TR36,Guwahati,East,Assam,T2,Retail Chemist,DePURA Kids 15 ml,624,79806.83,0.0384,0.873,8,pre_recall
2024-03-01,TR01,Delhi North,North,Delhi,T1,E-Pharmacy,DePURA Kids 10 ml,39,2992.09,0.1881,0.509,16,recall_partial
2024-03-01,TR01,Delhi North,North,Delhi,T1,E-Pharmacy,DePURA Kids 15 ml,173,19583.41,0.1489,0.557,16,recall_partial
2024-03-01,TR01,Delhi North,North,Delhi,T1,Hospital Pharmacy,DePURA Kids 10 ml,27,2442.14,0.0429,0.454,16,recall_partial
2024-03-01,TR01,Delhi North,North,Delhi,T1,Hospital Pharmacy,DePURA Kids 15 ml,157,20105.69,0.0371,0.454,16,recall_partial
2024-03-01,TR01,Delhi North,North,Delhi,T1,Pharmacy Chain,DePURA Kids 10 ml,34,2984.99,0.071,0.452,16,recall_partial
2024-03-01,TR01,Delhi North,North,Delhi,T1,Pharmacy Chain,DePURA Kids 15 ml,165,19778.21,0.0987,0.48,16,recall_partial
2024-03-01,TR01,Delhi North,North,Delhi,T1,Retail Chemist,DePURA Kids 10 ml,72,6432.7,0.0546,0.462,16,recall_partial
2024-03-01,TR01,Delhi North,North,Delhi,T1,Retail Chemist,DePURA Kids 15 ml,398,50798.15,0.0403,0.401,16,recall_partial
2024-03-01,TR02,Delhi South,North,Delhi,T1,E-Pharmacy,DePURA Kids 10 ml,24,1908.42,0.1585,0.448,12,recall_partial
2024-03-01,TR02,Delhi South,North,Delhi,T1,E-Pharmacy,DePURA Kids 15 ml,141,16188.49,0.1368,0.476,12,recall_partial
2024-03-01,TR02,Delhi South,North,Delhi,T1,Hospital Pharmacy,DePURA Kids 10 ml,22,2052.95,0.0125,0.458,12,recall_partial
2024-03-01,TR02,Delhi South,North,Delhi,T1,Hospital Pharmacy,DePURA Kids 15 ml,110,14306.02,0.0221,0.47,12,recall_partial
2024-03-01,TR02,Delhi South,North,Delhi,T1,Pharmacy Chain,DePURA Kids 10 ml,29,2492.38,0.0905,0.43,12,recall_partial
2024-03-01,TR02,Delhi South,North,Delhi,T1,Pharmacy Chain,DePURA Kids 15 ml,184,22417.35,0.084,0.463,12,recall_partial
2024-03-01,TR02,Delhi South,North,Delhi,T1,Retail Chemist,DePURA Kids 10 ml,109,9832.86,0.0454,0.518,12,recall_partial
2024-03-01,TR02,Delhi South,North,Delhi,T1,Retail Chemist,DePURA Kids 15 ml,446,57982.49,0.0225,0.532,12,recall_partial
2024-03-01,TR03,Noida-Ghaziabad,North,Uttar Pradesh,T2,E-Pharmacy,DePURA Kids 10 ml,9,723.57,0.1492,0.492,5,recall_partial
2024-03-01,TR03,Noida-Ghaziabad,North,Uttar Pradesh,T2,E-Pharmacy,DePURA Kids 15 ml,24,2677.33,0.1612,0.454,5,recall_partial
2024-03-01,TR03,Noida-Ghaziabad,North,Uttar Pradesh,T2,Hospital Pharmacy,DePURA Kids 10 ml,9,840.83,0.0114,0.471,5,recall_partial
2024-03-01,TR03,Noida-Ghaziabad,North,Uttar Pradesh,T2,Hospital Pharmacy,DePURA Kids 15 ml,44,5758.29,0.016,0.454,5,recall_partial
2024-03-01,TR03,Noida-Ghaziabad,North,Uttar Pradesh,T2,Pharmacy Chain,DePURA Kids 10 ml,13,1125.52,0.0838,0.487,5,recall_partial
2024-03-01,TR03,Noida-Ghaziabad,North,Uttar Pradesh,T2,Pharmacy Chain,DePURA Kids 15 ml,33,4056.39,0.0758,0.43,5,recall_partial
2024-03-01,TR03,Noida-Ghaziabad,North,Uttar Pradesh,T2,Retail Chemist,DePURA Kids 10 ml,52,4739.73,0.0355,0.539,5,recall_partial
2024-03-01,TR03,Noida-Ghaziabad,North,Uttar Pradesh,T2,Retail Chemist,DePURA Kids 15 ml,145,18266.34,0.0528,0.472,5,recall_partial
2024-03-01,TR04,Gurugram-Faridabad,North,Haryana,T2,E-Pharmacy,DePURA Kids 10 ml,7,555.33,0.1605,0.532,8,recall_partial
2024-03-01,TR04,Gurugram-Faridabad,North,Haryana,T2,E-Pharmacy,DePURA Kids 15 ml,25,2851.93,0.1423,0.518,8,recall_partial
2024-03-01,TR04,Gurugram-Faridabad,North,Haryana,T2,Hospital Pharmacy,DePURA Kids 10 ml,9,827.77,0.0267,0.492,8,recall_partial
2024-03-01,TR04,Gurugram-Faridabad,North,Haryana,T2,Hospital Pharmacy,DePURA Kids 15 ml,32,4197.25,0.0138,0.441,8,recall_partial
2024-03-01,TR04,Gurugram-Faridabad,North,Haryana,T2,Pharmacy Chain,DePURA Kids 10 ml,9,767.36,0.0978,0.452,8,recall_partial
2024-03-01,TR04,Gurugram-Faridabad,North,Haryana,T2,Pharmacy Chain,DePURA Kids 15 ml,30,3673.5,0.0793,0.469,8,recall_partial
2024-03-01,TR04,Gurugram-Faridabad,North,Haryana,T2,Retail Chemist,DePURA Kids 10 ml,44,3972.48,0.0446,0.506,8,recall_partial
2024-03-01,TR04,Gurugram-Faridabad,North,Haryana,T2,Retail Chemist,DePURA Kids 15 ml,150,19310.26,0.0321,0.521,8,recall_partial
2024-03-01,TR05,Lucknow,North,Uttar Pradesh,T2,E-Pharmacy,DePURA Kids 10 ml,8,629.34,0.1675,0.496,6,recall_partial
2024-03-01,TR05,Lucknow,North,Uttar Pradesh,T2,E-Pharmacy,DePURA Kids 15 ml,30,3357.78,0.1585,0.416,6,recall_partial
2024-03-01,TR05,Lucknow,North,Uttar Pradesh,T2,Hospital Pharmacy,DePURA Kids 10 ml,10,932.2,0.0135,0.475,6,recall_partial
2024-03-01,TR05,Lucknow,North,Uttar Pradesh,T2,Hospital Pharmacy,DePURA Kids 15 ml,33,4318.54,0.0161,0.48,6,recall_partial
2024-03-01,TR05,Lucknow,North,Uttar Pradesh,T2,Pharmacy Chain,DePURA Kids 10 ml,10,868.67,0.0808,0.443,6,recall_partial
2024-03-01,TR05,Lucknow,North,Uttar Pradesh,T2,Pharmacy Chain,DePURA Kids 15 ml,44,5248.66,0.1031,0.431,6,recall_partial
2024-03-01,TR05,Lucknow,North,Uttar Pradesh,T2,Retail Chemist,DePURA Kids 10 ml,46,4207.1,0.0322,0.46,6,recall_partial
2024-03-01,TR05,Lucknow,North,Uttar Pradesh,T2,Retail Chemist,DePURA Kids 15 ml,117,14918.55,0.0413,0.429,6,recall_partial
2024-03-01,TR06,Kanpur-Agra,North,Uttar Pradesh,T2,E-Pharmacy,DePURA Kids 10 ml,12,996.81,0.121,0.53,5,recall_partial
2024-03-01,TR06,Kanpur-Agra,North,Uttar Pradesh,T2,E-Pharmacy,DePURA Kids 15 ml,31,3413.0,0.1722,0.475,5,recall_partial
2024-03-01,TR06,Kanpur-Agra,North,Uttar Pradesh,T2,Hospital Pharmacy,DePURA Kids 10 ml,13,1195.6,0.0268,0.465,5,recall_partial
2024-03-01,TR06,Kanpur-Agra,North,Uttar Pradesh,T2,Hospital Pharmacy,DePURA Kids 15 ml,45,5806.57,0.0298,0.492,5,recall_partial
2024-03-01,TR06,Kanpur-Agra,North,Uttar Pradesh,T2,Pharmacy Chain,DePURA Kids 10 ml,10,863.14,0.0866,0.431,5,recall_partial
2024-03-01,TR06,Kanpur-Agra,North,Uttar Pradesh,T2,Pharmacy Chain,DePURA Kids 15 ml,46,5624.04,0.0807,0.552,5,recall_partial
2024-03-01,TR06,Kanpur-Agra,North,Uttar Pradesh,T2,Retail Chemist,DePURA Kids 10 ml,53,4834.68,0.0347,0.412,5,recall_partial
2024-03-01,TR06,Kanpur-Agra,North,Uttar Pradesh,T2,Retail Chemist,DePURA Kids 15 ml,170,21710.96,0.0398,0.508,5,recall_partial
2024-03-01,TR07,Varanasi-Gorakhpur,North,Uttar Pradesh,T3,E-Pharmacy,DePURA Kids 10 ml,2,162.89,0.1382,0.514,3,recall_partial
2024-03-01,TR07,Varanasi-Gorakhpur,North,Uttar Pradesh,T3,E-Pharmacy,DePURA Kids 15 ml,5,570.11,0.1427,0.547,3,recall_partial
2024-03-01,TR07,Varanasi-Gorakhpur,North,Uttar Pradesh,T3,Hospital Pharmacy,DePURA Kids 10 ml,3,276.11,0.0261,0.463,3,recall_partial
2024-03-01,TR07,Varanasi-Gorakhpur,North,Uttar Pradesh,T3,Hospital Pharmacy,DePURA Kids 15 ml,9,1197.0,0.0,0.418,3,recall_partial
2024-03-01,TR07,Varanasi-Gorakhpur,North,Uttar Pradesh,T3,Pharmacy Chain,DePURA Kids 10 ml,2,172.17,0.089,0.463,3,recall_partial
2024-03-01,TR07,Varanasi-Gorakhpur,North,Uttar Pradesh,T3,Pharmacy Chain,DePURA Kids 15 ml,5,612.43,0.0791,0.451,3,recall_partial
2024-03-01,TR07,Varanasi-Gorakhpur,North,Uttar Pradesh,T3,Retail Chemist,DePURA Kids 10 ml,21,1911.57,0.0368,0.453,3,recall_partial
2024-03-01,TR07,Varanasi-Gorakhpur,North,Uttar Pradesh,T3,Retail Chemist,DePURA Kids 15 ml,52,6564.68,0.0508,0.427,3,recall_partial
2024-03-01,TR08,Chandigarh-Mohali,North,Chandigarh,T2,E-Pharmacy,DePURA Kids 10 ml,9,714.99,0.1593,0.506,7,recall_partial
2024-03-01,TR08,Chandigarh-Mohali,North,Chandigarh,T2,E-Pharmacy,DePURA Kids 15 ml,19,2147.02,0.1504,0.433,7,recall_partial
2024-03-01,TR08,Chandigarh-Mohali,North,Chandigarh,T2,Hospital Pharmacy,DePURA Kids 10 ml,10,923.42,0.0228,0.458,7,recall_partial
2024-03-01,TR08,Chandigarh-Mohali,North,Chandigarh,T2,Hospital Pharmacy,DePURA Kids 15 ml,24,3100.14,0.0288,0.447,7,recall_partial
2024-03-01,TR08,Chandigarh-Mohali,North,Chandigarh,T2,Pharmacy Chain,DePURA Kids 10 ml,12,1067.27,0.0588,0.499,7,recall_partial
2024-03-01,TR08,Chandigarh-Mohali,North,Chandigarh,T2,Pharmacy Chain,DePURA Kids 15 ml,34,4126.56,0.0874,0.468,7,recall_partial
2024-03-01,TR08,Chandigarh-Mohali,North,Chandigarh,T2,Retail Chemist,DePURA Kids 10 ml,32,2961.79,0.0206,0.408,7,recall_partial
2024-03-01,TR08,Chandigarh-Mohali,North,Chandigarh,T2,Retail Chemist,DePURA Kids 15 ml,143,18319.29,0.0368,0.426,7,recall_partial
2024-03-01,TR09,Ludhiana-Amritsar,North,Punjab,T2,E-Pharmacy,DePURA Kids 10 ml,8,641.19,0.1519,0.441,6,recall_partial
2024-03-01,TR09,Ludhiana-Amritsar,North,Punjab,T2,E-Pharmacy,DePURA Kids 15 ml,24,2671.02,0.1632,0.463,6,recall_partial
2024-03-01,TR09,Ludhiana-Amritsar,North,Punjab,T2,Hospital Pharmacy,DePURA Kids 10 ml,9,838.97,0.0136,0.464,6,recall_partial
2024-03-01,TR09,Ludhiana-Amritsar,North,Punjab,T2,Hospital Pharmacy,DePURA Kids 15 ml,28,3560.62,0.0439,0.4,6,recall_partial
2024-03-01,TR09,Ludhiana-Amritsar,North,Punjab,T2,Pharmacy Chain,DePURA Kids 10 ml,9,789.94,0.0712,0.436,6,recall_partial
2024-03-01,TR09,Ludhiana-Amritsar,North,Punjab,T2,Pharmacy Chain,DePURA Kids 15 ml,39,4805.26,0.0736,0.472,6,recall_partial
2024-03-01,TR09,Ludhiana-Amritsar,North,Punjab,T2,Retail Chemist,DePURA Kids 10 ml,38,3413.9,0.0493,0.395,6,recall_partial
2024-03-01,TR09,Ludhiana-Amritsar,North,Punjab,T2,Retail Chemist,DePURA Kids 15 ml,131,16739.02,0.0393,0.516,6,recall_partial
2024-03-01,TR10,Jaipur,North,Rajasthan,T2,E-Pharmacy,DePURA Kids 10 ml,3,244.35,0.15435,0.474,7,recall_partial
2024-03-01,TR10,Jaipur,North,Rajasthan,T2,E-Pharmacy,DePURA Kids 15 ml,14,1591.75,0.1451,0.543,7,recall_partial
2024-03-01,TR10,Jaipur,North,Rajasthan,T2,Hospital Pharmacy,DePURA Kids 10 ml,5,458.51,0.0296,0.459,7,recall_partial
2024-03-01,TR10,Jaipur,North,Rajasthan,T2,Hospital Pharmacy,DePURA Kids 15 ml,13,1694.44,0.02,0.436,7,recall_partial
2024-03-01,TR10,Jaipur,North,Rajasthan,T2,Pharmacy Chain,DePURA Kids 10 ml,7,619.1,0.0641,0.532,7,recall_partial
2024-03-01,TR10,Jaipur,North,Rajasthan,T2,Pharmacy Chain,DePURA Kids 15 ml,15,1812.66,0.0914,0.46,7,recall_partial
2024-03-01,TR10,Jaipur,North,Rajasthan,T2,Retail Chemist,DePURA Kids 10 ml,18,1638.87,0.0365,0.433,7,recall_partial
2024-03-01,TR10,Jaipur,North,Rajasthan,T2,Retail Chemist,DePURA Kids 15 ml,58,7347.71,0.0475,0.428,7,recall_partial
2024-03-01,TR11,Dehradun,North,Uttarakhand,T3,E-Pharmacy,DePURA Kids 10 ml,3,242.47,0.1447,0.478,6,recall_partial
2024-03-01,TR11,Dehradun,North,Uttarakhand,T3,E-Pharmacy,DePURA Kids 15 ml,7,777.55,0.1648,0.459,6,recall_partial
2024-03-01,TR11,Dehradun,North,Uttarakhand,T3,Hospital Pharmacy,DePURA Kids 10 ml,5,466.25,0.0132,0.469,6,recall_partial
2024-03-01,TR11,Dehradun,North,Uttarakhand,T3,Hospital Pharmacy,DePURA Kids 15 ml,11,1440.08,0.0157,0.451,6,recall_partial
2024-03-01,TR11,Dehradun,North,Uttarakhand,T3,Pharmacy Chain,DePURA Kids 10 ml,3,260.14,0.0824,0.448,6,recall_partial
2024-03-01,TR11,Dehradun,North,Uttarakhand,T3,Pharmacy Chain,DePURA Kids 15 ml,6,735.16,0.0787,0.494,6,recall_partial
2024-03-01,TR11,Dehradun,North,Uttarakhand,T3,Retail Chemist,DePURA Kids 10 ml,32,2883.72,0.0464,0.433,6,recall_partial
2024-03-01,TR11,Dehradun,North,Uttarakhand,T3,Retail Chemist,DePURA Kids 15 ml,86,11235.42,0.0177,0.465,6,recall_partial
2024-03-01,TR12,Mumbai West,West,Maharashtra,T1,E-Pharmacy,DePURA Kids 10 ml,11,864.12,0.1687,0.543,10,recall_partial
2024-03-01,TR12,Mumbai West,West,Maharashtra,T1,E-Pharmacy,DePURA Kids 15 ml,52,5782.77,0.1639,0.473,10,recall_partial
2024-03-01,TR12,Mumbai West,West,Maharashtra,T1,Hospital Pharmacy,DePURA Kids 10 ml,7,647.09,0.0218,0.414,10,recall_partial
2024-03-01,TR12,Mumbai West,West,Maharashtra,T1,Hospital Pharmacy,DePURA Kids 15 ml,43,5719.0,0.0,0.467,10,recall_partial
2024-03-01,TR12,Mumbai West,West,Maharashtra,T1,Pharmacy Chain,DePURA Kids 10 ml,10,868.28,0.0812,0.408,10,recall_partial
2024-03-01,TR12,Mumbai West,West,Maharashtra,T1,Pharmacy Chain,DePURA Kids 15 ml,67,8246.34,0.0746,0.516,10,recall_partial
2024-03-01,TR12,Mumbai West,West,Maharashtra,T1,Retail Chemist,DePURA Kids 10 ml,39,3523.33,0.044,0.482,10,recall_partial
2024-03-01,TR12,Mumbai West,West,Maharashtra,T1,Retail Chemist,DePURA Kids 15 ml,179,23231.86,0.0242,0.545,10,recall_partial
2024-03-01,TR13,Mumbai Thane,West,Maharashtra,T1,E-Pharmacy,DePURA Kids 10 ml,30,2384.21,0.159,0.507,14,recall_partial
2024-03-01,TR13,Mumbai Thane,West,Maharashtra,T1,E-Pharmacy,DePURA Kids 15 ml,129,14476.82,0.1562,0.497,14,recall_partial
2024-03-01,TR13,Mumbai Thane,West,Maharashtra,T1,Hospital Pharmacy,DePURA Kids 10 ml,19,1746.56,0.0273,0.497,14,recall_partial
2024-03-01,TR13,Mumbai Thane,West,Maharashtra,T1,Hospital Pharmacy,DePURA Kids 15 ml,114,14805.33,0.0235,0.463,14,recall_partial
2024-03-01,TR13,Mumbai Thane,West,Maharashtra,T1,Pharmacy Chain,DePURA Kids 10 ml,35,3017.68,0.0876,0.421,14,recall_partial
2024-03-01,TR13,Mumbai Thane,West,Maharashtra,T1,Pharmacy Chain,DePURA Kids 15 ml,131,16000.05,0.0817,0.434,14,recall_partial
2024-03-01,TR13,Mumbai Thane,West,Maharashtra,T1,Retail Chemist,DePURA Kids 10 ml,84,7617.62,0.0404,0.527,14,recall_partial
2024-03-01,TR13,Mumbai Thane,West,Maharashtra,T1,Retail Chemist,DePURA Kids 15 ml,389,49834.44,0.0368,0.46,14,recall_partial
2024-03-01,TR14,Pune,West,Maharashtra,T1,E-Pharmacy,DePURA Kids 10 ml,16,1310.88,0.133,0.411,11,recall_partial
2024-03-01,TR14,Pune,West,Maharashtra,T1,E-Pharmacy,DePURA Kids 15 ml,103,12038.14,0.1212,0.498,11,recall_partial
2024-03-01,TR14,Pune,West,Maharashtra,T1,Hospital Pharmacy,DePURA Kids 10 ml,15,1398.18,0.0136,0.453,11,recall_partial
2024-03-01,TR14,Pune,West,Maharashtra,T1,Hospital Pharmacy,DePURA Kids 15 ml,77,10065.76,0.0171,0.41,11,recall_partial
2024-03-01,TR14,Pune,West,Maharashtra,T1,Pharmacy Chain,DePURA Kids 10 ml,19,1650.25,0.0809,0.4,11,recall_partial
2024-03-01,TR14,Pune,West,Maharashtra,T1,Pharmacy Chain,DePURA Kids 15 ml,102,12505.74,0.0782,0.442,11,recall_partial
2024-03-01,TR14,Pune,West,Maharashtra,T1,Retail Chemist,DePURA Kids 10 ml,59,5394.57,0.0325,0.444,11,recall_partial
2024-03-01,TR14,Pune,West,Maharashtra,T1,Retail Chemist,DePURA Kids 15 ml,280,36171.83,0.0287,0.442,11,recall_partial
2024-03-01,TR15,Nagpur,West,Maharashtra,T2,E-Pharmacy,DePURA Kids 10 ml,5,402.47,0.1482,0.4,10,recall_partial
2024-03-01,TR15,Nagpur,West,Maharashtra,T2,E-Pharmacy,DePURA Kids 15 ml,25,2783.0,0.163,0.519,10,recall_partial
2024-03-01,TR15,Nagpur,West,Maharashtra,T2,Hospital Pharmacy,DePURA Kids 10 ml,10,929.96,0.0159,0.436,10,recall_partial
2024-03-01,TR15,Nagpur,West,Maharashtra,T2,Hospital Pharmacy,DePURA Kids 15 ml,30,3921.73,0.0171,0.442,10,recall_partial
2024-03-01,TR15,Nagpur,West,Maharashtra,T2,Pharmacy Chain,DePURA Kids 10 ml,10,861.99,0.0878,0.435,10,recall_partial
2024-03-01,TR15,Nagpur,West,Maharashtra,T2,Pharmacy Chain,DePURA Kids 15 ml,28,3504.89,0.0588,0.417,10,recall_partial
2024-03-01,TR15,Nagpur,West,Maharashtra,T2,Retail Chemist,DePURA Kids 10 ml,59,5309.9,0.0476,0.506,10,recall_partial
2024-03-01,TR15,Nagpur,West,Maharashtra,T2,Retail Chemist,DePURA Kids 15 ml,94,11848.63,0.0523,0.473,10,recall_partial
2024-03-01,TR16,Ahmedabad,West,Gujarat,T1,E-Pharmacy,DePURA Kids 10 ml,26,2059.96,0.1616,0.539,16,recall_partial
2024-03-01,TR16,Ahmedabad,West,Gujarat,T1,E-Pharmacy,DePURA Kids 15 ml,98,10932.77,0.1612,0.519,16,recall_partial
2024-03-01,TR16,Ahmedabad,West,Gujarat,T1,Hospital Pharmacy,DePURA Kids 10 ml,19,1772.1,0.013,0.462,16,recall_partial
2024-03-01,TR16,Ahmedabad,West,Gujarat,T1,Hospital Pharmacy,DePURA Kids 15 ml,97,12785.93,0.0089,0.408,16,recall_partial
2024-03-01,TR16,Ahmedabad,West,Gujarat,T1,Pharmacy Chain,DePURA Kids 10 ml,30,2590.99,0.0861,0.44,16,recall_partial
2024-03-01,TR16,Ahmedabad,West,Gujarat,T1,Pharmacy Chain,DePURA Kids 15 ml,145,18143.66,0.0592,0.443,16,recall_partial
2024-03-01,TR16,Ahmedabad,West,Gujarat,T1,Retail Chemist,DePURA Kids 10 ml,76,6858.04,0.0451,0.5,16,recall_partial
2024-03-01,TR16,Ahmedabad,West,Gujarat,T1,Retail Chemist,DePURA Kids 15 ml,360,45468.15,0.0504,0.448,16,recall_partial
2024-03-01,TR17,Surat-Vadodara,West,Gujarat,T2,E-Pharmacy,DePURA Kids 10 ml,9,705.64,0.1703,0.521,5,recall_partial
2024-03-01,TR17,Surat-Vadodara,West,Gujarat,T2,E-Pharmacy,DePURA Kids 15 ml,22,2506.89,0.1432,0.447,5,recall_partial
2024-03-01,TR17,Surat-Vadodara,West,Gujarat,T2,Hospital Pharmacy,DePURA Kids 10 ml,10,918.46,0.0281,0.468,5,recall_partial
2024-03-01,TR17,Surat-Vadodara,West,Gujarat,T2,Hospital Pharmacy,DePURA Kids 15 ml,18,2392.49,0.0006,0.381,5,recall_partial
2024-03-01,TR17,Surat-Vadodara,West,Gujarat,T2,Pharmacy Chain,DePURA Kids 10 ml,11,958.01,0.0784,0.481,5,recall_partial
2024-03-01,TR17,Surat-Vadodara,West,Gujarat,T2,Pharmacy Chain,DePURA Kids 15 ml,30,3658.12,0.0832,0.423,5,recall_partial
2024-03-01,TR17,Surat-Vadodara,West,Gujarat,T2,Retail Chemist,DePURA Kids 10 ml,44,4002.9,0.0373,0.43,5,recall_partial
2024-03-01,TR17,Surat-Vadodara,West,Gujarat,T2,Retail Chemist,DePURA Kids 15 ml,102,12958.87,0.0448,0.452,5,recall_partial
2024-03-01,TR18,Rajkot,West,Gujarat,T3,E-Pharmacy,DePURA Kids 10 ml,5,404.02,0.1449,0.47,7,recall_partial
2024-03-01,TR18,Rajkot,West,Gujarat,T3,E-Pharmacy,DePURA Kids 15 ml,13,1419.42,0.1791,0.474,7,recall_partial
2024-03-01,TR18,Rajkot,West,Gujarat,T3,Hospital Pharmacy,DePURA Kids 10 ml,9,830.76,0.0232,0.418,7,recall_partial
2024-03-01,TR18,Rajkot,West,Gujarat,T3,Hospital Pharmacy,DePURA Kids 15 ml,22,2867.1,0.0201,0.422,7,recall_partial
2024-03-01,TR18,Rajkot,West,Gujarat,T3,Pharmacy Chain,DePURA Kids 10 ml,6,524.44,0.0751,0.453,7,recall_partial
2024-03-01,TR18,Rajkot,West,Gujarat,T3,Pharmacy Chain,DePURA Kids 15 ml,12,1474.98,0.0758,0.378,7,recall_partial
2024-03-01,TR18,Rajkot,West,Gujarat,T3,Retail Chemist,DePURA Kids 10 ml,54,4996.39,0.0209,0.441,7,recall_partial
2024-03-01,TR18,Rajkot,West,Gujarat,T3,Retail Chemist,DePURA Kids 15 ml,123,16057.07,0.0185,0.438,7,recall_partial
2024-03-01,TR19,Indore,Central,Madhya Pradesh,T2,E-Pharmacy,DePURA Kids 10 ml,15,1208.22,0.1476,0.507,6,recall_partial
2024-03-01,TR19,Indore,Central,Madhya Pradesh,T2,E-Pharmacy,DePURA Kids 15 ml,47,5333.75,0.1467,0.531,6,recall_partial
2024-03-01,TR19,Indore,Central,Madhya Pradesh,T2,Hospital Pharmacy,DePURA Kids 10 ml,14,1300.56,0.017,0.404,6,recall_partial
2024-03-01,TR19,Indore,Central,Madhya Pradesh,T2,Hospital Pharmacy,DePURA Kids 15 ml,51,6613.41,0.025,0.455,6,recall_partial
2024-03-01,TR19,Indore,Central,Madhya Pradesh,T2,Pharmacy Chain,DePURA Kids 10 ml,16,1386.41,0.0831,0.449,6,recall_partial
2024-03-01,TR19,Indore,Central,Madhya Pradesh,T2,Pharmacy Chain,DePURA Kids 15 ml,40,4913.27,0.0765,0.404,6,recall_partial
2024-03-01,TR19,Indore,Central,Madhya Pradesh,T2,Retail Chemist,DePURA Kids 10 ml,71,6353.34,0.0531,0.476,6,recall_partial
2024-03-01,TR19,Indore,Central,Madhya Pradesh,T2,Retail Chemist,DePURA Kids 15 ml,203,26132.73,0.0321,0.461,6,recall_partial
2024-03-01,TR20,Bhopal,Central,Madhya Pradesh,T2,E-Pharmacy,DePURA Kids 10 ml,5,396.81,0.1602,0.491,3,recall_partial
2024-03-01,TR20,Bhopal,Central,Madhya Pradesh,T2,E-Pharmacy,DePURA Kids 15 ml,16,1813.8,0.1477,0.433,3,recall_partial
2024-03-01,TR20,Bhopal,Central,Madhya Pradesh,T2,Hospital Pharmacy,DePURA Kids 10 ml,6,567.0,0.0,0.425,3,recall_partial
2024-03-01,TR20,Bhopal,Central,Madhya Pradesh,T2,Hospital Pharmacy,DePURA Kids 15 ml,25,3272.27,0.0159,0.473,3,recall_partial
2024-03-01,TR20,Bhopal,Central,Madhya Pradesh,T2,Pharmacy Chain,DePURA Kids 10 ml,8,709.18,0.0619,0.437,3,recall_partial
2024-03-01,TR20,Bhopal,Central,Madhya Pradesh,T2,Pharmacy Chain,DePURA Kids 15 ml,23,2829.4,0.0751,0.484,3,recall_partial
2024-03-01,TR20,Bhopal,Central,Madhya Pradesh,T2,Retail Chemist,DePURA Kids 10 ml,32,2845.73,0.059,0.455,3,recall_partial
2024-03-01,TR20,Bhopal,Central,Madhya Pradesh,T2,Retail Chemist,DePURA Kids 15 ml,102,13097.27,0.0346,0.472,3,recall_partial
2024-03-01,TR21,Jabalpur,Central,Madhya Pradesh,T3,E-Pharmacy,DePURA Kids 10 ml,4,320.36,0.1525,0.456,5,recall_partial
2024-03-01,TR21,Jabalpur,Central,Madhya Pradesh,T3,E-Pharmacy,DePURA Kids 15 ml,11,1233.37,0.157,0.555,5,recall_partial
2024-03-01,TR21,Jabalpur,Central,Madhya Pradesh,T3,Hospital Pharmacy,DePURA Kids 10 ml,9,827.05,0.0276,0.483,5,recall_partial
2024-03-01,TR21,Jabalpur,Central,Madhya Pradesh,T3,Hospital Pharmacy,DePURA Kids 15 ml,22,2889.15,0.0126,0.478,5,recall_partial
2024-03-01,TR21,Jabalpur,Central,Madhya Pradesh,T3,Pharmacy Chain,DePURA Kids 10 ml,5,438.72,0.0715,0.482,5,recall_partial
2024-03-01,TR21,Jabalpur,Central,Madhya Pradesh,T3,Pharmacy Chain,DePURA Kids 15 ml,11,1352.71,0.0754,0.486,5,recall_partial
2024-03-01,TR21,Jabalpur,Central,Madhya Pradesh,T3,Retail Chemist,DePURA Kids 10 ml,34,3052.86,0.0498,0.436,5,recall_partial
2024-03-01,TR21,Jabalpur,Central,Madhya Pradesh,T3,Retail Chemist,DePURA Kids 15 ml,106,13383.29,0.0507,0.472,5,recall_partial
2024-03-01,TR22,Raipur,Central,Chhattisgarh,T3,E-Pharmacy,DePURA Kids 10 ml,6,476.18,0.1602,0.452,6,recall_partial
2024-03-01,TR22,Raipur,Central,Chhattisgarh,T3,E-Pharmacy,DePURA Kids 15 ml,17,1858.77,0.1779,0.522,6,recall_partial
2024-03-01,TR22,Raipur,Central,Chhattisgarh,T3,Hospital Pharmacy,DePURA Kids 10 ml,12,1099.16,0.0307,0.466,6,recall_partial
2024-03-01,TR22,Raipur,Central,Chhattisgarh,T3,Hospital Pharmacy,DePURA Kids 15 ml,28,3629.21,0.0255,0.486,6,recall_partial
2024-03-01,TR22,Raipur,Central,Chhattisgarh,T3,Pharmacy Chain,DePURA Kids 10 ml,5,435.32,0.0787,0.449,6,recall_partial
2024-03-01,TR22,Raipur,Central,Chhattisgarh,T3,Pharmacy Chain,DePURA Kids 15 ml,16,1984.0,0.0677,0.521,6,recall_partial
2024-03-01,TR22,Raipur,Central,Chhattisgarh,T3,Retail Chemist,DePURA Kids 10 ml,50,4603.72,0.0257,0.413,6,recall_partial
2024-03-01,TR22,Raipur,Central,Chhattisgarh,T3,Retail Chemist,DePURA Kids 15 ml,136,17137.89,0.0525,0.42,6,recall_partial
2024-03-01,TR23,Bengaluru North,South,Karnataka,T1,E-Pharmacy,DePURA Kids 10 ml,33,2589.99,0.1695,0.538,11,recall_partial
2024-03-01,TR23,Bengaluru North,South,Karnataka,T1,E-Pharmacy,DePURA Kids 15 ml,109,12714.92,0.1229,0.507,11,recall_partial
2024-03-01,TR23,Bengaluru North,South,Karnataka,T1,Hospital Pharmacy,DePURA Kids 10 ml,27,2463.98,0.0343,0.495,11,recall_partial
2024-03-01,TR23,Bengaluru North,South,Karnataka,T1,Hospital Pharmacy,DePURA Kids 15 ml,81,10773.0,0.0188,0.454,11,recall_partial
2024-03-01,TR23,Bengaluru North,South,Karnataka,T1,Pharmacy Chain,DePURA Kids 10 ml,29,2524.61,0.0788,0.491,11,recall_partial
2024-03-01,TR23,Bengaluru North,South,Karnataka,T1,Pharmacy Chain,DePURA Kids 15 ml,129,15629.7,0.0807,0.428,11,recall_partial
2024-03-01,TR23,Bengaluru North,South,Karnataka,T1,Retail Chemist,DePURA Kids 10 ml,66,5839.26,0.0638,0.485,11,recall_partial
2024-03-01,TR23,Bengaluru North,South,Karnataka,T1,Retail Chemist,DePURA Kids 15 ml,267,34517.27,0.028,0.443,11,recall_partial
2024-03-01,TR24,Bengaluru South,South,Karnataka,T1,E-Pharmacy,DePURA Kids 10 ml,26,2095.32,0.15435,0.491,16,recall_partial
2024-03-01,TR24,Bengaluru South,South,Karnataka,T1,E-Pharmacy,DePURA Kids 15 ml,173,19531.81,0.1511,0.503,16,recall_partial
2024-03-01,TR24,Bengaluru South,South,Karnataka,T1,Hospital Pharmacy,DePURA Kids 10 ml,24,2242.63,0.0112,0.397,16,recall_partial
2024-03-01,TR24,Bengaluru South,South,Karnataka,T1,Hospital Pharmacy,DePURA Kids 15 ml,120,15659.8,0.0188,0.46,16,recall_partial
2024-03-01,TR24,Bengaluru South,South,Karnataka,T1,Pharmacy Chain,DePURA Kids 10 ml,36,3127.11,0.0808,0.425,16,recall_partial
2024-03-01,TR24,Bengaluru South,South,Karnataka,T1,Pharmacy Chain,DePURA Kids 15 ml,181,22013.39,0.0856,0.488,16,recall_partial
2024-03-01,TR24,Bengaluru South,South,Karnataka,T1,Retail Chemist,DePURA Kids 10 ml,88,8103.65,0.0255,0.444,16,recall_partial
2024-03-01,TR24,Bengaluru South,South,Karnataka,T1,Retail Chemist,DePURA Kids 15 ml,328,41878.27,0.04,0.447,16,recall_partial
2024-03-01,TR25,Mysuru-Mangaluru,South,Karnataka,T3,E-Pharmacy,DePURA Kids 10 ml,3,240.47,0.1518,0.566,4,recall_partial
2024-03-01,TR25,Mysuru-Mangaluru,South,Karnataka,T3,E-Pharmacy,DePURA Kids 15 ml,5,556.38,0.1633,0.526,4,recall_partial
2024-03-01,TR25,Mysuru-Mangaluru,South,Karnataka,T3,Hospital Pharmacy,DePURA Kids 10 ml,4,372.84,0.0136,0.402,4,recall_partial
2024-03-01,TR25,Mysuru-Mangaluru,South,Karnataka,T3,Hospital Pharmacy,DePURA Kids 15 ml,11,1449.8,0.009,0.469,4,recall_partial
2024-03-01,TR25,Mysuru-Mangaluru,South,Karnataka,T3,Pharmacy Chain,DePURA Kids 10 ml,3,260.49,0.0812,0.555,4,recall_partial
2024-03-01,TR25,Mysuru-Mangaluru,South,Karnataka,T3,Pharmacy Chain,DePURA Kids 15 ml,8,965.23,0.0928,0.524,4,recall_partial
2024-03-01,TR25,Mysuru-Mangaluru,South,Karnataka,T3,Retail Chemist,DePURA Kids 10 ml,28,2525.32,0.0456,0.454,4,recall_partial
2024-03-01,TR25,Mysuru-Mangaluru,South,Karnataka,T3,Retail Chemist,DePURA Kids 15 ml,54,6806.41,0.0523,0.492,4,recall_partial
2024-03-01,TR26,Chennai,South,Tamil Nadu,T1,E-Pharmacy,DePURA Kids 10 ml,26,2061.08,0.1611,0.45,16,recall_partial
2024-03-01,TR26,Chennai,South,Tamil Nadu,T1,E-Pharmacy,DePURA Kids 15 ml,159,17806.08,0.158,0.503,16,recall_partial
2024-03-01,TR26,Chennai,South,Tamil Nadu,T1,Hospital Pharmacy,DePURA Kids 10 ml,28,2545.58,0.038,0.398,16,recall_partial
2024-03-01,TR26,Chennai,South,Tamil Nadu,T1,Hospital Pharmacy,DePURA Kids 15 ml,109,14293.03,0.0141,0.446,16,recall_partial
2024-03-01,TR26,Chennai,South,Tamil Nadu,T1,Pharmacy Chain,DePURA Kids 10 ml,37,3215.91,0.0807,0.476,16,recall_partial
2024-03-01,TR26,Chennai,South,Tamil Nadu,T1,Pharmacy Chain,DePURA Kids 15 ml,169,20484.98,0.0886,0.488,16,recall_partial
2024-03-01,TR26,Chennai,South,Tamil Nadu,T1,Retail Chemist,DePURA Kids 10 ml,90,7924.57,0.0682,0.469,16,recall_partial
2024-03-01,TR26,Chennai,South,Tamil Nadu,T1,Retail Chemist,DePURA Kids 15 ml,378,48113.9,0.043,0.437,16,recall_partial
2024-03-01,TR27,Coimbatore-Madurai,South,Tamil Nadu,T2,E-Pharmacy,DePURA Kids 10 ml,9,729.72,0.142,0.437,8,recall_partial
2024-03-01,TR27,Coimbatore-Madurai,South,Tamil Nadu,T2,E-Pharmacy,DePURA Kids 15 ml,30,3423.51,0.142,0.538,8,recall_partial
2024-03-01,TR27,Coimbatore-Madurai,South,Tamil Nadu,T2,Hospital Pharmacy,DePURA Kids 10 ml,13,1220.16,0.0188,0.471,8,recall_partial
2024-03-01,TR27,Coimbatore-Madurai,South,Tamil Nadu,T2,Hospital Pharmacy,DePURA Kids 15 ml,44,5852.0,0.0,0.487,8,recall_partial
2024-03-01,TR27,Coimbatore-Madurai,South,Tamil Nadu,T2,Pharmacy Chain,DePURA Kids 10 ml,16,1383.49,0.085,0.431,8,recall_partial
2024-03-01,TR27,Coimbatore-Madurai,South,Tamil Nadu,T2,Pharmacy Chain,DePURA Kids 15 ml,42,5193.32,0.0703,0.473,8,recall_partial
2024-03-01,TR27,Coimbatore-Madurai,South,Tamil Nadu,T2,Retail Chemist,DePURA Kids 10 ml,47,4250.61,0.043,0.499,8,recall_partial
2024-03-01,TR27,Coimbatore-Madurai,South,Tamil Nadu,T2,Retail Chemist,DePURA Kids 15 ml,148,18839.06,0.0429,0.482,8,recall_partial
2024-03-01,TR28,Hyderabad,South,Telangana,T1,E-Pharmacy,DePURA Kids 10 ml,28,2275.38,0.1401,0.445,9,recall_partial
2024-03-01,TR28,Hyderabad,South,Telangana,T1,E-Pharmacy,DePURA Kids 15 ml,123,13642.49,0.1661,0.476,9,recall_partial
2024-03-01,TR28,Hyderabad,South,Telangana,T1,Hospital Pharmacy,DePURA Kids 10 ml,21,1963.62,0.0105,0.433,9,recall_partial
2024-03-01,TR28,Hyderabad,South,Telangana,T1,Hospital Pharmacy,DePURA Kids 15 ml,126,16343.37,0.0247,0.508,9,recall_partial
2024-03-01,TR28,Hyderabad,South,Telangana,T1,Pharmacy Chain,DePURA Kids 10 ml,26,2249.18,0.0846,0.368,9,recall_partial
2024-03-01,TR28,Hyderabad,South,Telangana,T1,Pharmacy Chain,DePURA Kids 15 ml,145,17578.54,0.0885,0.43,9,recall_partial
2024-03-01,TR28,Hyderabad,South,Telangana,T1,Retail Chemist,DePURA Kids 10 ml,87,7983.07,0.029,0.476,9,recall_partial
2024-03-01,TR28,Hyderabad,South,Telangana,T1,Retail Chemist,DePURA Kids 15 ml,312,40220.92,0.0307,0.486,9,recall_partial
2024-03-01,TR29,Vijayawada-Vizag,South,Andhra Pradesh,T2,E-Pharmacy,DePURA Kids 10 ml,7,568.15,0.1411,0.542,5,recall_partial
2024-03-01,TR29,Vijayawada-Vizag,South,Andhra Pradesh,T2,E-Pharmacy,DePURA Kids 15 ml,14,1615.97,0.1321,0.506,5,recall_partial
2024-03-01,TR29,Vijayawada-Vizag,South,Andhra Pradesh,T2,Hospital Pharmacy,DePURA Kids 10 ml,6,560.42,0.0116,0.493,5,recall_partial
2024-03-01,TR29,Vijayawada-Vizag,South,Andhra Pradesh,T2,Hospital Pharmacy,DePURA Kids 15 ml,19,2478.25,0.0193,0.475,5,recall_partial
2024-03-01,TR29,Vijayawada-Vizag,South,Andhra Pradesh,T2,Pharmacy Chain,DePURA Kids 10 ml,7,598.93,0.0946,0.517,5,recall_partial
2024-03-01,TR29,Vijayawada-Vizag,South,Andhra Pradesh,T2,Pharmacy Chain,DePURA Kids 15 ml,24,2952.37,0.0751,0.534,5,recall_partial
2024-03-01,TR29,Vijayawada-Vizag,South,Andhra Pradesh,T2,Retail Chemist,DePURA Kids 10 ml,33,3041.07,0.0248,0.47,5,recall_partial
2024-03-01,TR29,Vijayawada-Vizag,South,Andhra Pradesh,T2,Retail Chemist,DePURA Kids 15 ml,86,10981.36,0.0399,0.496,5,recall_partial
2024-03-01,TR30,Kochi-Trivandrum,South,Kerala,T2,E-Pharmacy,DePURA Kids 10 ml,13,1067.62,0.131,0.506,5,recall_partial
2024-03-01,TR30,Kochi-Trivandrum,South,Kerala,T2,E-Pharmacy,DePURA Kids 15 ml,37,4140.84,0.1585,0.53,5,recall_partial
2024-03-01,TR30,Kochi-Trivandrum,South,Kerala,T2,Hospital Pharmacy,DePURA Kids 10 ml,11,1027.07,0.012,0.424,5,recall_partial
2024-03-01,TR30,Kochi-Trivandrum,South,Kerala,T2,Hospital Pharmacy,DePURA Kids 15 ml,39,5105.47,0.0157,0.439,5,recall_partial
2024-03-01,TR30,Kochi-Trivandrum,South,Kerala,T2,Pharmacy Chain,DePURA Kids 10 ml,16,1393.9,0.0781,0.435,5,recall_partial
2024-03-01,TR30,Kochi-Trivandrum,South,Kerala,T2,Pharmacy Chain,DePURA Kids 15 ml,51,6300.17,0.0712,0.494,5,recall_partial
2024-03-01,TR30,Kochi-Trivandrum,South,Kerala,T2,Retail Chemist,DePURA Kids 10 ml,50,4591.93,0.0282,0.467,5,recall_partial
2024-03-01,TR30,Kochi-Trivandrum,South,Kerala,T2,Retail Chemist,DePURA Kids 15 ml,175,22477.79,0.0343,0.437,5,recall_partial
2024-03-01,TR31,Kolkata,East,West Bengal,T1,E-Pharmacy,DePURA Kids 10 ml,20,1588.38,0.1596,0.464,16,recall_partial
2024-03-01,TR31,Kolkata,East,West Bengal,T1,E-Pharmacy,DePURA Kids 15 ml,110,12442.19,0.1495,0.487,16,recall_partial
2024-03-01,TR31,Kolkata,East,West Bengal,T1,Hospital Pharmacy,DePURA Kids 10 ml,15,1389.29,0.0199,0.415,16,recall_partial
2024-03-01,TR31,Kolkata,East,West Bengal,T1,Hospital Pharmacy,DePURA Kids 15 ml,95,12160.21,0.0376,0.518,16,recall_partial
2024-03-01,TR31,Kolkata,East,West Bengal,T1,Pharmacy Chain,DePURA Kids 10 ml,32,2755.3,0.0889,0.529,16,recall_partial
2024-03-01,TR31,Kolkata,East,West Bengal,T1,Pharmacy Chain,DePURA Kids 15 ml,106,12873.88,0.0868,0.389,16,recall_partial
2024-03-01,TR31,Kolkata,East,West Bengal,T1,Retail Chemist,DePURA Kids 10 ml,57,5035.31,0.0652,0.506,16,recall_partial
2024-03-01,TR31,Kolkata,East,West Bengal,T1,Retail Chemist,DePURA Kids 15 ml,253,32267.69,0.0411,0.445,16,recall_partial
2024-03-01,TR32,Siliguri-Durgapur,East,West Bengal,T3,E-Pharmacy,DePURA Kids 10 ml,2,157.34,0.1675,0.497,3,recall_partial
2024-03-01,TR32,Siliguri-Durgapur,East,West Bengal,T3,E-Pharmacy,DePURA Kids 15 ml,7,809.14,0.1309,0.482,3,recall_partial
2024-03-01,TR32,Siliguri-Durgapur,East,West Bengal,T3,Hospital Pharmacy,DePURA Kids 10 ml,7,641.7,0.0299,0.535,3,recall_partial
2024-03-01,TR32,Siliguri-Durgapur,East,West Bengal,T3,Hospital Pharmacy,DePURA Kids 15 ml,15,1947.47,0.0238,0.506,3,recall_partial
2024-03-01,TR32,Siliguri-Durgapur,East,West Bengal,T3,Pharmacy Chain,DePURA Kids 10 ml,3,259.67,0.0841,0.474,3,recall_partial
2024-03-01,TR32,Siliguri-Durgapur,East,West Bengal,T3,Pharmacy Chain,DePURA Kids 15 ml,7,854.67,0.082,0.489,3,recall_partial
2024-03-01,TR32,Siliguri-Durgapur,East,West Bengal,T3,Retail Chemist,DePURA Kids 10 ml,30,2790.98,0.0155,0.492,3,recall_partial
2024-03-01,TR32,Siliguri-Durgapur,East,West Bengal,T3,Retail Chemist,DePURA Kids 15 ml,79,9997.52,0.0485,0.53,3,recall_partial
2024-03-01,TR33,Patna,East,Bihar,T2,E-Pharmacy,DePURA Kids 10 ml,7,556.3,0.159,0.49,6,recall_partial
2024-03-01,TR33,Patna,East,Bihar,T2,E-Pharmacy,DePURA Kids 15 ml,22,2514.64,0.1406,0.479,6,recall_partial
2024-03-01,TR33,Patna,East,Bihar,T2,Hospital Pharmacy,DePURA Kids 10 ml,8,735.57,0.027,0.446,6,recall_partial
2024-03-01,TR33,Patna,East,Bihar,T2,Hospital Pharmacy,DePURA Kids 15 ml,24,3134.33,0.0181,0.491,6,recall_partial
2024-03-01,TR33,Patna,East,Bihar,T2,Pharmacy Chain,DePURA Kids 10 ml,9,783.78,0.0785,0.464,6,recall_partial
2024-03-01,TR33,Patna,East,Bihar,T2,Pharmacy Chain,DePURA Kids 15 ml,27,3369.13,0.0618,0.439,6,recall_partial
2024-03-01,TR33,Patna,East,Bihar,T2,Retail Chemist,DePURA Kids 10 ml,35,3197.07,0.0334,0.451,6,recall_partial
2024-03-01,TR33,Patna,East,Bihar,T2,Retail Chemist,DePURA Kids 15 ml,117,14878.38,0.0439,0.44,6,recall_partial
2024-03-01,TR34,Ranchi,East,Jharkhand,T3,E-Pharmacy,DePURA Kids 10 ml,3,237.01,0.164,0.442,6,recall_partial
2024-03-01,TR34,Ranchi,East,Jharkhand,T3,E-Pharmacy,DePURA Kids 15 ml,12,1374.84,0.1386,0.525,6,recall_partial
2024-03-01,TR34,Ranchi,East,Jharkhand,T3,Hospital Pharmacy,DePURA Kids 10 ml,7,648.02,0.0204,0.44,6,recall_partial
2024-03-01,TR34,Ranchi,East,Jharkhand,T3,Hospital Pharmacy,DePURA Kids 15 ml,20,2642.91,0.0188,0.436,6,recall_partial
2024-03-01,TR34,Ranchi,East,Jharkhand,T3,Pharmacy Chain,DePURA Kids 10 ml,4,344.52,0.0886,0.468,6,recall_partial
2024-03-01,TR34,Ranchi,East,Jharkhand,T3,Pharmacy Chain,DePURA Kids 15 ml,10,1246.73,0.0626,0.497,6,recall_partial
2024-03-01,TR34,Ranchi,East,Jharkhand,T3,Retail Chemist,DePURA Kids 10 ml,45,4016.18,0.0556,0.42,6,recall_partial
2024-03-01,TR34,Ranchi,East,Jharkhand,T3,Retail Chemist,DePURA Kids 15 ml,72,9221.2,0.0371,0.4,6,recall_partial
2024-03-01,TR35,Bhubaneswar,East,Odisha,T2,E-Pharmacy,DePURA Kids 10 ml,7,570.23,0.138,0.484,6,recall_partial
2024-03-01,TR35,Bhubaneswar,East,Odisha,T2,E-Pharmacy,DePURA Kids 15 ml,26,2930.54,0.1525,0.517,6,recall_partial
2024-03-01,TR35,Bhubaneswar,East,Odisha,T2,Hospital Pharmacy,DePURA Kids 10 ml,7,653.86,0.0116,0.47,6,recall_partial
2024-03-01,TR35,Bhubaneswar,East,Odisha,T2,Hospital Pharmacy,DePURA Kids 15 ml,35,4636.58,0.004,0.479,6,recall_partial
2024-03-01,TR35,Bhubaneswar,East,Odisha,T2,Pharmacy Chain,DePURA Kids 10 ml,10,870.32,0.079,0.484,6,recall_partial
2024-03-01,TR35,Bhubaneswar,East,Odisha,T2,Pharmacy Chain,DePURA Kids 15 ml,36,4482.65,0.0638,0.474,6,recall_partial
2024-03-01,TR35,Bhubaneswar,East,Odisha,T2,Retail Chemist,DePURA Kids 10 ml,34,3051.32,0.0503,0.418,6,recall_partial
2024-03-01,TR35,Bhubaneswar,East,Odisha,T2,Retail Chemist,DePURA Kids 15 ml,114,14517.51,0.0425,0.471,6,recall_partial
2024-03-01,TR36,Guwahati,East,Assam,T2,E-Pharmacy,DePURA Kids 10 ml,8,627.19,0.1704,0.486,8,recall_partial
2024-03-01,TR36,Guwahati,East,Assam,T2,E-Pharmacy,DePURA Kids 15 ml,26,2903.04,0.1605,0.481,8,recall_partial
2024-03-01,TR36,Guwahati,East,Assam,T2,Hospital Pharmacy,DePURA Kids 10 ml,13,1202.12,0.0215,0.475,8,recall_partial
2024-03-01,TR36,Guwahati,East,Assam,T2,Hospital Pharmacy,DePURA Kids 15 ml,35,4565.14,0.0193,0.486,8,recall_partial
2024-03-01,TR36,Guwahati,East,Assam,T2,Pharmacy Chain,DePURA Kids 10 ml,11,987.09,0.0504,0.46,8,recall_partial
2024-03-01,TR36,Guwahati,East,Assam,T2,Pharmacy Chain,DePURA Kids 15 ml,38,4721.57,0.0807,0.452,8,recall_partial
2024-03-01,TR36,Guwahati,East,Assam,T2,Retail Chemist,DePURA Kids 10 ml,72,6509.36,0.0433,0.514,8,recall_partial
2024-03-01,TR36,Guwahati,East,Assam,T2,Retail Chemist,DePURA Kids 15 ml,195,24800.14,0.0438,0.482,8,recall_partial
2025-09-01,TR01,Delhi North,North,Delhi,T1,E-Pharmacy,DePURA Kids 10 ml,46,3576.29,0.1773,0.873,12,post_relaunch
2025-09-01,TR01,Delhi North,North,Delhi,T1,E-Pharmacy,DePURA Kids 15 ml,299,32294.57,0.1879,0.88,12,post_relaunch
2025-09-01,TR01,Delhi North,North,Delhi,T1,Hospital Pharmacy,DePURA Kids 10 ml,39,3453.38,0.063,0.826,12,post_relaunch
2025-09-01,TR01,Delhi North,North,Delhi,T1,Hospital Pharmacy,DePURA Kids 15 ml,155,18966.37,0.08,0.816,12,post_relaunch
2025-09-01,TR01,Delhi North,North,Delhi,T1,Pharmacy Chain,DePURA Kids 10 ml,55,4525.47,0.0883,0.79,12,post_relaunch
2025-09-01,TR01,Delhi North,North,Delhi,T1,Pharmacy Chain,DePURA Kids 15 ml,220,25222.15,0.138,0.773,12,post_relaunch
2025-09-01,TR01,Delhi North,North,Delhi,T1,Retail Chemist,DePURA Kids 10 ml,153,13098.84,0.0486,0.841,12,post_relaunch
2025-09-01,TR01,Delhi North,North,Delhi,T1,Retail Chemist,DePURA Kids 15 ml,710,85896.08,0.0904,0.872,12,post_relaunch
2025-09-01,TR02,Delhi South,North,Delhi,T1,E-Pharmacy,DePURA Kids 10 ml,40,2969.64,0.2144,0.702,9,post_relaunch
2025-09-01,TR02,Delhi South,North,Delhi,T1,E-Pharmacy,DePURA Kids 15 ml,166,17712.31,0.1977,0.656,9,post_relaunch
2025-09-01,TR02,Delhi South,North,Delhi,T1,Hospital Pharmacy,DePURA Kids 10 ml,16,1429.17,0.02805,0.566,9,post_relaunch
2025-09-01,TR02,Delhi South,North,Delhi,T1,Hospital Pharmacy,DePURA Kids 15 ml,112,13618.75,0.0857,0.609,9,post_relaunch
2025-09-01,TR02,Delhi South,North,Delhi,T1,Pharmacy Chain,DePURA Kids 10 ml,34,2860.17,0.1098,0.564,9,post_relaunch
2025-09-01,TR02,Delhi South,North,Delhi,T1,Pharmacy Chain,DePURA Kids 15 ml,191,21933.52,0.1366,0.637,9,post_relaunch
2025-09-01,TR02,Delhi South,North,Delhi,T1,Retail Chemist,DePURA Kids 10 ml,96,8038.06,0.114,0.633,9,post_relaunch
2025-09-01,TR02,Delhi South,North,Delhi,T1,Retail Chemist,DePURA Kids 15 ml,329,39557.0,0.096,0.627,9,post_relaunch
2025-09-01,TR03,Noida-Ghaziabad,North,Uttar Pradesh,T2,E-Pharmacy,DePURA Kids 10 ml,12,898.99,0.2072,0.806,4,post_relaunch
2025-09-01,TR03,Noida-Ghaziabad,North,Uttar Pradesh,T2,E-Pharmacy,DePURA Kids 15 ml,42,4465.33,0.2006,0.8,4,post_relaunch
2025-09-01,TR03,Noida-Ghaziabad,North,Uttar Pradesh,T2,Hospital Pharmacy,DePURA Kids 10 ml,10,882.25,0.0664,0.72,4,post_relaunch
2025-09-01,TR03,Noida-Ghaziabad,North,Uttar Pradesh,T2,Hospital Pharmacy,DePURA Kids 15 ml,33,4114.22,0.0626,0.732,4,post_relaunch
2025-09-01,TR03,Noida-Ghaziabad,North,Uttar Pradesh,T2,Pharmacy Chain,DePURA Kids 10 ml,11,869.28,0.1638,0.802,4,post_relaunch
2025-09-01,TR03,Noida-Ghaziabad,North,Uttar Pradesh,T2,Pharmacy Chain,DePURA Kids 15 ml,47,5390.86,0.0883,0.804,4,post_relaunch
2025-09-01,TR03,Noida-Ghaziabad,North,Uttar Pradesh,T2,Retail Chemist,DePURA Kids 10 ml,44,3809.8,0.0837,0.732,4,post_relaunch
2025-09-01,TR03,Noida-Ghaziabad,North,Uttar Pradesh,T2,Retail Chemist,DePURA Kids 15 ml,180,22017.94,0.0803,0.77,4,post_relaunch
2025-09-01,TR04,Gurugram-Faridabad,North,Haryana,T2,E-Pharmacy,DePURA Kids 10 ml,15,1149.57,0.189,0.889,6,post_relaunch
2025-09-01,TR04,Gurugram-Faridabad,North,Haryana,T2,E-Pharmacy,DePURA Kids 15 ml,34,3513.17,0.2231,0.866,6,post_relaunch
2025-09-01,TR04,Gurugram-Faridabad,North,Haryana,T2,Hospital Pharmacy,DePURA Kids 10 ml,11,966.62,0.0701,0.736,6,post_relaunch
2025-09-01,TR04,Gurugram-Faridabad,North,Haryana,T2,Hospital Pharmacy,DePURA Kids 15 ml,39,4805.3,0.0736,0.718,6,post_relaunch
2025-09-01,TR04,Gurugram-Faridabad,North,Haryana,T2,Pharmacy Chain,DePURA Kids 10 ml,14,1139.06,0.139,0.799,6,post_relaunch
2025-09-01,TR04,Gurugram-Faridabad,North,Haryana,T2,Pharmacy Chain,DePURA Kids 15 ml,34,3963.19,0.1236,0.772,6,post_relaunch
2025-09-01,TR04,Gurugram-Faridabad,North,Haryana,T2,Retail Chemist,DePURA Kids 10 ml,47,4064.18,0.085,0.759,6,post_relaunch
2025-09-01,TR04,Gurugram-Faridabad,North,Haryana,T2,Retail Chemist,DePURA Kids 15 ml,152,18730.38,0.0735,0.782,6,post_relaunch
2025-09-01,TR05,Lucknow,North,Uttar Pradesh,T2,E-Pharmacy,DePURA Kids 10 ml,15,1117.42,0.2117,0.735,4,post_relaunch
2025-09-01,TR05,Lucknow,North,Uttar Pradesh,T2,E-Pharmacy,DePURA Kids 15 ml,38,4042.08,0.2002,0.744,4,post_relaunch
2025-09-01,TR05,Lucknow,North,Uttar Pradesh,T2,Hospital Pharmacy,DePURA Kids 10 ml,11,993.4,0.0443,0.695,4,post_relaunch
2025-09-01,TR05,Lucknow,North,Uttar Pradesh,T2,Hospital Pharmacy,DePURA Kids 15 ml,34,4175.59,0.0766,0.712,4,post_relaunch
2025-09-01,TR05,Lucknow,North,Uttar Pradesh,T2,Pharmacy Chain,DePURA Kids 10 ml,12,1007.61,0.1115,0.707,4,post_relaunch
2025-09-01,TR05,Lucknow,North,Uttar Pradesh,T2,Pharmacy Chain,DePURA Kids 15 ml,50,5936.8,0.1072,0.722,4,post_relaunch
2025-09-01,TR05,Lucknow,North,Uttar Pradesh,T2,Retail Chemist,DePURA Kids 10 ml,62,5297.14,0.0959,0.626,4,post_relaunch
2025-09-01,TR05,Lucknow,North,Uttar Pradesh,T2,Retail Chemist,DePURA Kids 15 ml,139,17136.56,0.073,0.678,4,post_relaunch
2025-09-01,TR06,Kanpur-Agra,North,Uttar Pradesh,T2,E-Pharmacy,DePURA Kids 10 ml,11,844.73,0.1874,0.63,4,post_relaunch
2025-09-01,TR06,Kanpur-Agra,North,Uttar Pradesh,T2,E-Pharmacy,DePURA Kids 15 ml,43,4627.8,0.1908,0.668,4,post_relaunch
2025-09-01,TR06,Kanpur-Agra,North,Uttar Pradesh,T2,Hospital Pharmacy,DePURA Kids 10 ml,10,881.28,0.0674,0.592,4,post_relaunch
2025-09-01,TR06,Kanpur-Agra,North,Uttar Pradesh,T2,Hospital Pharmacy,DePURA Kids 15 ml,45,5572.39,0.0689,0.628,4,post_relaunch
2025-09-01,TR06,Kanpur-Agra,North,Uttar Pradesh,T2,Pharmacy Chain,DePURA Kids 10 ml,14,1166.89,0.118,0.628,4,post_relaunch
2025-09-01,TR06,Kanpur-Agra,North,Uttar Pradesh,T2,Pharmacy Chain,DePURA Kids 15 ml,37,4324.59,0.1212,0.578,4,post_relaunch
2025-09-01,TR06,Kanpur-Agra,North,Uttar Pradesh,T2,Retail Chemist,DePURA Kids 10 ml,58,4913.59,0.1035,0.581,4,post_relaunch
2025-09-01,TR06,Kanpur-Agra,North,Uttar Pradesh,T2,Retail Chemist,DePURA Kids 15 ml,147,17663.05,0.0966,0.58,4,post_relaunch
2025-09-01,TR07,Varanasi-Gorakhpur,North,Uttar Pradesh,T3,E-Pharmacy,DePURA Kids 10 ml,2,154.19,0.1842,0.542,2,post_relaunch
2025-09-01,TR07,Varanasi-Gorakhpur,North,Uttar Pradesh,T3,E-Pharmacy,DePURA Kids 15 ml,5,529.5,0.2038,0.567,2,post_relaunch
2025-09-01,TR07,Varanasi-Gorakhpur,North,Uttar Pradesh,T3,Hospital Pharmacy,DePURA Kids 10 ml,3,264.84,0.0658,0.568,2,post_relaunch
2025-09-01,TR07,Varanasi-Gorakhpur,North,Uttar Pradesh,T3,Hospital Pharmacy,DePURA Kids 15 ml,6,754.65,0.0543,0.537,2,post_relaunch
2025-09-01,TR07,Varanasi-Gorakhpur,North,Uttar Pradesh,T3,Pharmacy Chain,DePURA Kids 10 ml,2,164.97,0.1272,0.589,2,post_relaunch
2025-09-01,TR07,Varanasi-Gorakhpur,North,Uttar Pradesh,T3,Pharmacy Chain,DePURA Kids 15 ml,4,479.76,0.0982,0.573,2,post_relaunch
2025-09-01,TR07,Varanasi-Gorakhpur,North,Uttar Pradesh,T3,Retail Chemist,DePURA Kids 10 ml,22,1929.26,0.072,0.604,2,post_relaunch
2025-09-01,TR07,Varanasi-Gorakhpur,North,Uttar Pradesh,T3,Retail Chemist,DePURA Kids 15 ml,38,4576.82,0.0944,0.609,2,post_relaunch
2025-09-01,TR08,Chandigarh-Mohali,North,Chandigarh,T2,E-Pharmacy,DePURA Kids 10 ml,11,827.57,0.2039,0.655,5,post_relaunch
2025-09-01,TR08,Chandigarh-Mohali,North,Chandigarh,T2,E-Pharmacy,DePURA Kids 15 ml,30,3224.3,0.1919,0.625,5,post_relaunch
2025-09-01,TR08,Chandigarh-Mohali,North,Chandigarh,T2,Hospital Pharmacy,DePURA Kids 10 ml,11,980.29,0.057,0.639,5,post_relaunch
2025-09-01,TR08,Chandigarh-Mohali,North,Chandigarh,T2,Hospital Pharmacy,DePURA Kids 15 ml,29,3481.14,0.0974,0.663,5,post_relaunch
2025-09-01,TR08,Chandigarh-Mohali,North,Chandigarh,T2,Pharmacy Chain,DePURA Kids 10 ml,10,829.91,0.1218,0.606,5,post_relaunch
2025-09-01,TR08,Chandigarh-Mohali,North,Chandigarh,T2,Pharmacy Chain,DePURA Kids 15 ml,38,4399.41,0.1295,0.622,5,post_relaunch
2025-09-01,TR08,Chandigarh-Mohali,North,Chandigarh,T2,Retail Chemist,DePURA Kids 10 ml,37,3142.25,0.1013,0.586,5,post_relaunch
2025-09-01,TR08,Chandigarh-Mohali,North,Chandigarh,T2,Retail Chemist,DePURA Kids 15 ml,144,17208.03,0.1015,0.649,5,post_relaunch
2025-09-01,TR09,Ludhiana-Amritsar,North,Punjab,T2,E-Pharmacy,DePURA Kids 10 ml,8,602.81,0.2026,0.694,4,post_relaunch
2025-09-01,TR09,Ludhiana-Amritsar,North,Punjab,T2,E-Pharmacy,DePURA Kids 15 ml,42,4421.11,0.2085,0.745,4,post_relaunch
2025-09-01,TR09,Ludhiana-Amritsar,North,Punjab,T2,Hospital Pharmacy,DePURA Kids 10 ml,8,712.81,0.02805,0.649,4,post_relaunch
2025-09-01,TR09,Ludhiana-Amritsar,North,Punjab,T2,Hospital Pharmacy,DePURA Kids 15 ml,31,3943.38,0.0436,0.659,4,post_relaunch
2025-09-01,TR09,Ludhiana-Amritsar,North,Punjab,T2,Pharmacy Chain,DePURA Kids 10 ml,8,639.11,0.1546,0.656,4,post_relaunch
2025-09-01,TR09,Ludhiana-Amritsar,North,Punjab,T2,Pharmacy Chain,DePURA Kids 15 ml,42,5033.61,0.0989,0.69,4,post_relaunch
2025-09-01,TR09,Ludhiana-Amritsar,North,Punjab,T2,Retail Chemist,DePURA Kids 10 ml,42,3573.9,0.0995,0.641,4,post_relaunch
2025-09-01,TR09,Ludhiana-Amritsar,North,Punjab,T2,Retail Chemist,DePURA Kids 15 ml,112,13727.56,0.0784,0.647,4,post_relaunch
2025-09-01,TR10,Jaipur,North,Rajasthan,T2,E-Pharmacy,DePURA Kids 10 ml,5,382.41,0.1907,0.682,5,post_relaunch
2025-09-01,TR10,Jaipur,North,Rajasthan,T2,E-Pharmacy,DePURA Kids 15 ml,11,1188.02,0.188,0.609,5,post_relaunch
2025-09-01,TR10,Jaipur,North,Rajasthan,T2,Hospital Pharmacy,DePURA Kids 10 ml,5,429.3,0.0914,0.624,5,post_relaunch
2025-09-01,TR10,Jaipur,North,Rajasthan,T2,Hospital Pharmacy,DePURA Kids 15 ml,14,1762.27,0.0536,0.588,5,post_relaunch
2025-09-01,TR10,Jaipur,North,Rajasthan,T2,Pharmacy Chain,DePURA Kids 10 ml,4,324.7,0.141,0.54,5,post_relaunch
2025-09-01,TR10,Jaipur,North,Rajasthan,T2,Pharmacy Chain,DePURA Kids 15 ml,19,2204.97,0.1274,0.639,5,post_relaunch
2025-09-01,TR10,Jaipur,North,Rajasthan,T2,Retail Chemist,DePURA Kids 10 ml,13,1111.16,0.0955,0.551,5,post_relaunch
2025-09-01,TR10,Jaipur,North,Rajasthan,T2,Retail Chemist,DePURA Kids 15 ml,60,7154.37,0.1035,0.653,5,post_relaunch
2025-09-01,TR11,Dehradun,North,Uttarakhand,T3,E-Pharmacy,DePURA Kids 10 ml,4,308.49,0.1839,0.745,4,post_relaunch
2025-09-01,TR11,Dehradun,North,Uttarakhand,T3,E-Pharmacy,DePURA Kids 15 ml,9,959.15,0.1987,0.688,4,post_relaunch
2025-09-01,TR11,Dehradun,North,Uttarakhand,T3,Hospital Pharmacy,DePURA Kids 10 ml,6,536.85,0.0532,0.709,4,post_relaunch
2025-09-01,TR11,Dehradun,North,Uttarakhand,T3,Hospital Pharmacy,DePURA Kids 15 ml,17,2107.12,0.0681,0.74,4,post_relaunch
2025-09-01,TR11,Dehradun,North,Uttarakhand,T3,Pharmacy Chain,DePURA Kids 10 ml,3,246.38,0.1309,0.674,4,post_relaunch
2025-09-01,TR11,Dehradun,North,Uttarakhand,T3,Pharmacy Chain,DePURA Kids 15 ml,8,928.96,0.1269,0.654,4,post_relaunch
2025-09-01,TR11,Dehradun,North,Uttarakhand,T3,Retail Chemist,DePURA Kids 10 ml,27,2354.46,0.0772,0.676,4,post_relaunch
2025-09-01,TR11,Dehradun,North,Uttarakhand,T3,Retail Chemist,DePURA Kids 15 ml,76,9304.55,0.0795,0.653,4,post_relaunch
2025-09-01,TR12,Mumbai West,West,Maharashtra,T1,E-Pharmacy,DePURA Kids 10 ml,13,1025.51,0.1652,0.838,7,post_relaunch
2025-09-01,TR12,Mumbai West,West,Maharashtra,T1,E-Pharmacy,DePURA Kids 15 ml,65,7130.51,0.1752,0.852,7,post_relaunch
2025-09-01,TR12,Mumbai West,West,Maharashtra,T1,Hospital Pharmacy,DePURA Kids 10 ml,11,972.65,0.0643,0.853,7,post_relaunch
2025-09-01,TR12,Mumbai West,West,Maharashtra,T1,Hospital Pharmacy,DePURA Kids 15 ml,47,5917.24,0.0534,0.791,7,post_relaunch
2025-09-01,TR12,Mumbai West,West,Maharashtra,T1,Pharmacy Chain,DePURA Kids 10 ml,12,975.11,0.1401,0.803,7,post_relaunch
2025-09-01,TR12,Mumbai West,West,Maharashtra,T1,Pharmacy Chain,DePURA Kids 15 ml,72,8296.21,0.1336,0.814,7,post_relaunch
2025-09-01,TR12,Mumbai West,West,Maharashtra,T1,Retail Chemist,DePURA Kids 10 ml,38,3258.55,0.0926,0.828,7,post_relaunch
2025-09-01,TR12,Mumbai West,West,Maharashtra,T1,Retail Chemist,DePURA Kids 15 ml,180,21608.88,0.0486,0.763,7,post_relaunch
2025-09-01,TR13,Mumbai Thane,West,Maharashtra,T1,E-Pharmacy,DePURA Kids 10 ml,37,2746.74,0.2144,0.859,10,post_relaunch
2025-09-01,TR13,Mumbai Thane,West,Maharashtra,T1,E-Pharmacy,DePURA Kids 15 ml,241,25395.72,0.2077,0.899,10,post_relaunch
2025-09-01,TR13,Mumbai Thane,West,Maharashtra,T1,Hospital Pharmacy,DePURA Kids 10 ml,28,2465.89,0.0681,0.83,10,post_relaunch
2025-09-01,TR13,Mumbai Thane,West,Maharashtra,T1,Hospital Pharmacy,DePURA Kids 15 ml,121,14852.14,0.0771,0.828,10,post_relaunch
2025-09-01,TR13,Mumbai Thane,West,Maharashtra,T1,Pharmacy Chain,DePURA Kids 10 ml,40,3348.03,0.1143,0.849,10,post_relaunch
2025-09-01,TR13,Mumbai Thane,West,Maharashtra,T1,Pharmacy Chain,DePURA Kids 15 ml,272,31484.52,0.1297,0.889,10,post_relaunch
2025-09-01,TR13,Mumbai Thane,West,Maharashtra,T1,Retail Chemist,DePURA Kids 10 ml,118,10126.95,0.0918,0.848,10,post_relaunch
2025-09-01,TR13,Mumbai Thane,West,Maharashtra,T1,Retail Chemist,DePURA Kids 15 ml,372,45217.01,0.0861,0.741,10,post_relaunch
2025-09-01,TR14,Pune,West,Maharashtra,T1,E-Pharmacy,DePURA Kids 10 ml,33,2435.3,0.2191,0.666,8,post_relaunch
2025-09-01,TR14,Pune,West,Maharashtra,T1,E-Pharmacy,DePURA Kids 15 ml,139,14788.03,0.2001,0.66,8,post_relaunch
2025-09-01,TR14,Pune,West,Maharashtra,T1,Hospital Pharmacy,DePURA Kids 10 ml,20,1768.37,0.02805,0.634,8,post_relaunch
2025-09-01,TR14,Pune,West,Maharashtra,T1,Hospital Pharmacy,DePURA Kids 15 ml,92,11355.37,0.072,0.618,8,post_relaunch
2025-09-01,TR14,Pune,West,Maharashtra,T1,Pharmacy Chain,DePURA Kids 10 ml,31,2563.07,0.1251,0.626,8,post_relaunch
2025-09-01,TR14,Pune,West,Maharashtra,T1,Pharmacy Chain,DePURA Kids 15 ml,147,17463.57,0.1068,0.688,8,post_relaunch
2025-09-01,TR14,Pune,West,Maharashtra,T1,Retail Chemist,DePURA Kids 10 ml,71,6093.18,0.0919,0.629,8,post_relaunch
2025-09-01,TR14,Pune,West,Maharashtra,T1,Retail Chemist,DePURA Kids 15 ml,305,36837.84,0.0919,0.592,8,post_relaunch
2025-09-01,TR15,Nagpur,West,Maharashtra,T2,E-Pharmacy,DePURA Kids 10 ml,10,772.7,0.1823,0.787,7,post_relaunch
2025-09-01,TR15,Nagpur,West,Maharashtra,T2,E-Pharmacy,DePURA Kids 15 ml,37,3947.6,0.1978,0.794,7,post_relaunch
2025-09-01,TR15,Nagpur,West,Maharashtra,T2,Hospital Pharmacy,DePURA Kids 10 ml,11,967.52,0.0692,0.782,7,post_relaunch
2025-09-01,TR15,Nagpur,West,Maharashtra,T2,Hospital Pharmacy,DePURA Kids 15 ml,31,3799.94,0.0784,0.707,7,post_relaunch
2025-09-01,TR15,Nagpur,West,Maharashtra,T2,Pharmacy Chain,DePURA Kids 10 ml,9,735.6,0.1351,0.773,7,post_relaunch
2025-09-01,TR15,Nagpur,West,Maharashtra,T2,Pharmacy Chain,DePURA Kids 15 ml,41,4724.29,0.1336,0.753,7,post_relaunch
2025-09-01,TR15,Nagpur,West,Maharashtra,T2,Retail Chemist,DePURA Kids 10 ml,52,4415.45,0.1015,0.725,7,post_relaunch
2025-09-01,TR15,Nagpur,West,Maharashtra,T2,Retail Chemist,DePURA Kids 15 ml,124,14765.74,0.1047,0.68,7,post_relaunch
2025-09-01,TR16,Ahmedabad,West,Gujarat,T1,E-Pharmacy,DePURA Kids 10 ml,35,2660.87,0.1955,0.9,12,post_relaunch
2025-09-01,TR16,Ahmedabad,West,Gujarat,T1,E-Pharmacy,DePURA Kids 15 ml,121,13198.14,0.1799,0.873,12,post_relaunch
2025-09-01,TR16,Ahmedabad,West,Gujarat,T1,Hospital Pharmacy,DePURA Kids 10 ml,23,2013.04,0.0738,0.889,12,post_relaunch
2025-09-01,TR16,Ahmedabad,West,Gujarat,T1,Hospital Pharmacy,DePURA Kids 15 ml,111,13700.79,0.072,0.811,12,post_relaunch
2025-09-01,TR16,Ahmedabad,West,Gujarat,T1,Pharmacy Chain,DePURA Kids 10 ml,42,3441.21,0.133,0.89,12,post_relaunch
2025-09-01,TR16,Ahmedabad,West,Gujarat,T1,Pharmacy Chain,DePURA Kids 15 ml,171,19302.78,0.1513,0.805,12,post_relaunch
2025-09-01,TR16,Ahmedabad,West,Gujarat,T1,Retail Chemist,DePURA Kids 10 ml,88,7565.91,0.0902,0.95,12,post_relaunch
2025-09-01,TR16,Ahmedabad,West,Gujarat,T1,Retail Chemist,DePURA Kids 15 ml,385,47492.31,0.0725,0.857,12,post_relaunch
2025-09-01,TR17,Surat-Vadodara,West,Gujarat,T2,E-Pharmacy,DePURA Kids 10 ml,9,693.1,0.1851,0.526,4,post_relaunch
2025-09-01,TR17,Surat-Vadodara,West,Gujarat,T2,E-Pharmacy,DePURA Kids 15 ml,37,3856.94,0.2162,0.647,4,post_relaunch
2025-09-01,TR17,Surat-Vadodara,West,Gujarat,T2,Hospital Pharmacy,DePURA Kids 10 ml,11,983.9,0.0535,0.561,4,post_relaunch
2025-09-01,TR17,Surat-Vadodara,West,Gujarat,T2,Hospital Pharmacy,DePURA Kids 15 ml,34,4193.22,0.0727,0.635,4,post_relaunch
2025-09-01,TR17,Surat-Vadodara,West,Gujarat,T2,Pharmacy Chain,DePURA Kids 10 ml,9,752.16,0.1156,0.534,4,post_relaunch
2025-09-01,TR17,Surat-Vadodara,West,Gujarat,T2,Pharmacy Chain,DePURA Kids 15 ml,47,5560.59,0.1104,0.639,4,post_relaunch
2025-09-01,TR17,Surat-Vadodara,West,Gujarat,T2,Retail Chemist,DePURA Kids 10 ml,45,3817.47,0.1023,0.55,4,post_relaunch
2025-09-01,TR17,Surat-Vadodara,West,Gujarat,T2,Retail Chemist,DePURA Kids 15 ml,138,16917.7,0.0783,0.584,4,post_relaunch
2025-09-01,TR18,Rajkot,West,Gujarat,T3,E-Pharmacy,DePURA Kids 10 ml,6,452.49,0.202,0.614,5,post_relaunch
2025-09-01,TR18,Rajkot,West,Gujarat,T3,E-Pharmacy,DePURA Kids 15 ml,18,1920.64,0.1977,0.68,5,post_relaunch
2025-09-01,TR18,Rajkot,West,Gujarat,T3,Hospital Pharmacy,DePURA Kids 10 ml,11,976.92,0.0602,0.657,5,post_relaunch
2025-09-01,TR18,Rajkot,West,Gujarat,T3,Hospital Pharmacy,DePURA Kids 15 ml,24,2968.46,0.07,0.69,5,post_relaunch
2025-09-01,TR18,Rajkot,West,Gujarat,T3,Pharmacy Chain,DePURA Kids 10 ml,6,492.86,0.1308,0.633,5,post_relaunch
2025-09-01,TR18,Rajkot,West,Gujarat,T3,Pharmacy Chain,DePURA Kids 15 ml,19,2182.6,0.1363,0.662,5,post_relaunch
2025-09-01,TR18,Rajkot,West,Gujarat,T3,Retail Chemist,DePURA Kids 10 ml,73,6261.33,0.0924,0.667,5,post_relaunch
2025-09-01,TR18,Rajkot,West,Gujarat,T3,Retail Chemist,DePURA Kids 15 ml,119,14735.14,0.069,0.601,5,post_relaunch
2025-09-01,TR19,Indore,Central,Madhya Pradesh,T2,E-Pharmacy,DePURA Kids 10 ml,16,1228.31,0.1876,0.582,4,post_relaunch
2025-09-01,TR19,Indore,Central,Madhya Pradesh,T2,E-Pharmacy,DePURA Kids 15 ml,57,6048.58,0.2021,0.617,4,post_relaunch
2025-09-01,TR19,Indore,Central,Madhya Pradesh,T2,Hospital Pharmacy,DePURA Kids 10 ml,17,1483.33,0.0767,0.549,4,post_relaunch
2025-09-01,TR19,Indore,Central,Madhya Pradesh,T2,Hospital Pharmacy,DePURA Kids 15 ml,68,8093.62,0.1051,0.591,4,post_relaunch
2025-09-01,TR19,Indore,Central,Madhya Pradesh,T2,Pharmacy Chain,DePURA Kids 10 ml,14,1153.84,0.1279,0.524,4,post_relaunch
2025-09-01,TR19,Indore,Central,Madhya Pradesh,T2,Pharmacy Chain,DePURA Kids 15 ml,61,7164.17,0.117,0.649,4,post_relaunch
2025-09-01,TR19,Indore,Central,Madhya Pradesh,T2,Retail Chemist,DePURA Kids 10 ml,87,7513.14,0.0862,0.646,4,post_relaunch
2025-09-01,TR19,Indore,Central,Madhya Pradesh,T2,Retail Chemist,DePURA Kids 15 ml,254,29880.55,0.1155,0.577,4,post_relaunch
2025-09-01,TR20,Bhopal,Central,Madhya Pradesh,T2,E-Pharmacy,DePURA Kids 10 ml,6,461.3,0.1864,0.65,2,post_relaunch
2025-09-01,TR20,Bhopal,Central,Madhya Pradesh,T2,E-Pharmacy,DePURA Kids 15 ml,24,2587.72,0.1893,0.658,2,post_relaunch
2025-09-01,TR20,Bhopal,Central,Madhya Pradesh,T2,Hospital Pharmacy,DePURA Kids 10 ml,5,437.42,0.0742,0.618,2,post_relaunch
2025-09-01,TR20,Bhopal,Central,Madhya Pradesh,T2,Hospital Pharmacy,DePURA Kids 15 ml,18,2259.13,0.0563,0.633,2,post_relaunch
2025-09-01,TR20,Bhopal,Central,Madhya Pradesh,T2,Pharmacy Chain,DePURA Kids 10 ml,7,576.57,0.1284,0.585,2,post_relaunch
2025-09-01,TR20,Bhopal,Central,Madhya Pradesh,T2,Pharmacy Chain,DePURA Kids 15 ml,21,2391.56,0.1437,0.583,2,post_relaunch
2025-09-01,TR20,Bhopal,Central,Madhya Pradesh,T2,Retail Chemist,DePURA Kids 10 ml,24,2083.75,0.0812,0.555,2,post_relaunch
2025-09-01,TR20,Bhopal,Central,Madhya Pradesh,T2,Retail Chemist,DePURA Kids 15 ml,85,10477.82,0.0732,0.656,2,post_relaunch
2025-09-01,TR21,Jabalpur,Central,Madhya Pradesh,T3,E-Pharmacy,DePURA Kids 10 ml,8,604.3,0.2007,0.857,4,post_relaunch
2025-09-01,TR21,Jabalpur,Central,Madhya Pradesh,T3,E-Pharmacy,DePURA Kids 15 ml,15,1593.47,0.2013,0.889,4,post_relaunch
2025-09-01,TR21,Jabalpur,Central,Madhya Pradesh,T3,Hospital Pharmacy,DePURA Kids 10 ml,7,615.47,0.0696,0.798,4,post_relaunch
2025-09-01,TR21,Jabalpur,Central,Madhya Pradesh,T3,Hospital Pharmacy,DePURA Kids 15 ml,16,2022.35,0.0496,0.818,4,post_relaunch
2025-09-01,TR21,Jabalpur,Central,Madhya Pradesh,T3,Pharmacy Chain,DePURA Kids 10 ml,6,484.37,0.1457,0.803,4,post_relaunch
2025-09-01,TR21,Jabalpur,Central,Madhya Pradesh,T3,Pharmacy Chain,DePURA Kids 15 ml,10,1159.61,0.1281,0.79,4,post_relaunch
2025-09-01,TR21,Jabalpur,Central,Madhya Pradesh,T3,Retail Chemist,DePURA Kids 10 ml,38,3213.03,0.1053,0.768,4,post_relaunch
2025-09-01,TR21,Jabalpur,Central,Madhya Pradesh,T3,Retail Chemist,DePURA Kids 15 ml,114,13617.59,0.1019,0.782,4,post_relaunch
2025-09-01,TR22,Raipur,Central,Chhattisgarh,T3,E-Pharmacy,DePURA Kids 10 ml,8,608.09,0.15685,0.651,4,post_relaunch
2025-09-01,TR22,Raipur,Central,Chhattisgarh,T3,E-Pharmacy,DePURA Kids 15 ml,16,1721.32,0.1911,0.658,4,post_relaunch
2025-09-01,TR22,Raipur,Central,Chhattisgarh,T3,Hospital Pharmacy,DePURA Kids 10 ml,12,1029.16,0.0925,0.664,4,post_relaunch
2025-09-01,TR22,Raipur,Central,Chhattisgarh,T3,Hospital Pharmacy,DePURA Kids 15 ml,30,3604.32,0.0967,0.691,4,post_relaunch
2025-09-01,TR22,Raipur,Central,Chhattisgarh,T3,Pharmacy Chain,DePURA Kids 10 ml,7,572.79,0.1341,0.67,4,post_relaunch
2025-09-01,TR22,Raipur,Central,Chhattisgarh,T3,Pharmacy Chain,DePURA Kids 15 ml,23,2655.74,0.1318,0.691,4,post_relaunch
2025-09-01,TR22,Raipur,Central,Chhattisgarh,T3,Retail Chemist,DePURA Kids 10 ml,78,6832.36,0.0731,0.701,4,post_relaunch
2025-09-01,TR22,Raipur,Central,Chhattisgarh,T3,Retail Chemist,DePURA Kids 15 ml,156,18753.07,0.0962,0.66,4,post_relaunch
2025-09-01,TR23,Bengaluru North,South,Karnataka,T1,E-Pharmacy,DePURA Kids 10 ml,42,3059.25,0.2292,0.823,8,post_relaunch
2025-09-01,TR23,Bengaluru North,South,Karnataka,T1,E-Pharmacy,DePURA Kids 15 ml,193,20727.39,0.1925,0.836,8,post_relaunch
2025-09-01,TR23,Bengaluru North,South,Karnataka,T1,Hospital Pharmacy,DePURA Kids 10 ml,28,2447.24,0.0751,0.768,8,post_relaunch
2025-09-01,TR23,Bengaluru North,South,Karnataka,T1,Hospital Pharmacy,DePURA Kids 15 ml,131,16000.2,0.0817,0.793,8,post_relaunch
2025-09-01,TR23,Bengaluru North,South,Karnataka,T1,Pharmacy Chain,DePURA Kids 10 ml,31,2491.09,0.1497,0.756,8,post_relaunch
2025-09-01,TR23,Bengaluru North,South,Karnataka,T1,Pharmacy Chain,DePURA Kids 15 ml,216,25357.96,0.1173,0.788,8,post_relaunch
2025-09-01,TR23,Bengaluru North,South,Karnataka,T1,Retail Chemist,DePURA Kids 10 ml,113,9666.2,0.0948,0.816,8,post_relaunch
2025-09-01,TR23,Bengaluru North,South,Karnataka,T1,Retail Chemist,DePURA Kids 15 ml,507,61177.89,0.0927,0.869,8,post_relaunch
2025-09-01,TR24,Bengaluru South,South,Karnataka,T1,E-Pharmacy,DePURA Kids 10 ml,43,3190.28,0.2149,0.813,12,post_relaunch
2025-09-01,TR24,Bengaluru South,South,Karnataka,T1,E-Pharmacy,DePURA Kids 15 ml,272,28818.94,0.2034,0.887,12,post_relaunch
2025-09-01,TR24,Bengaluru South,South,Karnataka,T1,Hospital Pharmacy,DePURA Kids 10 ml,36,3107.15,0.0867,0.799,12,post_relaunch
2025-09-01,TR24,Bengaluru South,South,Karnataka,T1,Hospital Pharmacy,DePURA Kids 15 ml,161,19610.5,0.0842,0.836,12,post_relaunch
2025-09-01,TR24,Bengaluru South,South,Karnataka,T1,Pharmacy Chain,DePURA Kids 10 ml,52,4259.08,0.1333,0.868,12,post_relaunch
2025-09-01,TR24,Bengaluru South,South,Karnataka,T1,Pharmacy Chain,DePURA Kids 15 ml,207,23981.38,0.1289,0.798,12,post_relaunch
2025-09-01,TR24,Bengaluru South,South,Karnataka,T1,Retail Chemist,DePURA Kids 10 ml,122,10400.57,0.0979,0.873,12,post_relaunch
2025-09-01,TR24,Bengaluru South,South,Karnataka,T1,Retail Chemist,DePURA Kids 15 ml,354,43570.25,0.0746,0.796,12,post_relaunch
2025-09-01,TR25,Mysuru-Mangaluru,South,Karnataka,T3,E-Pharmacy,DePURA Kids 10 ml,5,370.82,0.2152,0.659,3,post_relaunch
2025-09-01,TR25,Mysuru-Mangaluru,South,Karnataka,T3,E-Pharmacy,DePURA Kids 15 ml,8,847.82,0.2032,0.653,3,post_relaunch
2025-09-01,TR25,Mysuru-Mangaluru,South,Karnataka,T3,Hospital Pharmacy,DePURA Kids 10 ml,6,525.97,0.0724,0.673,3,post_relaunch
2025-09-01,TR25,Mysuru-Mangaluru,South,Karnataka,T3,Hospital Pharmacy,DePURA Kids 15 ml,12,1485.34,0.0693,0.654,3,post_relaunch
2025-09-01,TR25,Mysuru-Mangaluru,South,Karnataka,T3,Pharmacy Chain,DePURA Kids 10 ml,3,240.3,0.1524,0.63,3,post_relaunch
2025-09-01,TR25,Mysuru-Mangaluru,South,Karnataka,T3,Pharmacy Chain,DePURA Kids 15 ml,7,792.5,0.1488,0.659,3,post_relaunch
2025-09-01,TR25,Mysuru-Mangaluru,South,Karnataka,T3,Retail Chemist,DePURA Kids 10 ml,38,3207.12,0.1069,0.66,3,post_relaunch
2025-09-01,TR25,Mysuru-Mangaluru,South,Karnataka,T3,Retail Chemist,DePURA Kids 15 ml,65,7843.38,0.0927,0.667,3,post_relaunch
2025-09-01,TR26,Chennai,South,Tamil Nadu,T1,E-Pharmacy,DePURA Kids 10 ml,28,2130.55,0.1948,0.735,12,post_relaunch
2025-09-01,TR26,Chennai,South,Tamil Nadu,T1,E-Pharmacy,DePURA Kids 15 ml,166,17502.65,0.2072,0.787,12,post_relaunch
2025-09-01,TR26,Chennai,South,Tamil Nadu,T1,Hospital Pharmacy,DePURA Kids 10 ml,29,2559.97,0.0659,0.758,12,post_relaunch
2025-09-01,TR26,Chennai,South,Tamil Nadu,T1,Hospital Pharmacy,DePURA Kids 15 ml,88,10772.1,0.0796,0.779,12,post_relaunch
2025-09-01,TR26,Chennai,South,Tamil Nadu,T1,Pharmacy Chain,DePURA Kids 10 ml,36,2911.99,0.144,0.72,12,post_relaunch
2025-09-01,TR26,Chennai,South,Tamil Nadu,T1,Pharmacy Chain,DePURA Kids 15 ml,173,20731.86,0.099,0.713,12,post_relaunch
2025-09-01,TR26,Chennai,South,Tamil Nadu,T1,Retail Chemist,DePURA Kids 10 ml,93,7954.9,0.0949,0.759,12,post_relaunch
2025-09-01,TR26,Chennai,South,Tamil Nadu,T1,Retail Chemist,DePURA Kids 15 ml,504,61411.25,0.0839,0.814,12,post_relaunch
2025-09-01,TR27,Coimbatore-Madurai,South,Tamil Nadu,T2,E-Pharmacy,DePURA Kids 10 ml,16,1203.77,0.2039,0.772,6,post_relaunch
2025-09-01,TR27,Coimbatore-Madurai,South,Tamil Nadu,T2,E-Pharmacy,DePURA Kids 15 ml,47,5033.69,0.1947,0.821,6,post_relaunch
2025-09-01,TR27,Coimbatore-Madurai,South,Tamil Nadu,T2,Hospital Pharmacy,DePURA Kids 10 ml,15,1317.81,0.0703,0.811,6,post_relaunch
2025-09-01,TR27,Coimbatore-Madurai,South,Tamil Nadu,T2,Hospital Pharmacy,DePURA Kids 15 ml,47,5892.96,0.0573,0.823,6,post_relaunch
2025-09-01,TR27,Coimbatore-Madurai,South,Tamil Nadu,T2,Pharmacy Chain,DePURA Kids 10 ml,18,1469.15,0.1363,0.8,6,post_relaunch
2025-09-01,TR27,Coimbatore-Madurai,South,Tamil Nadu,T2,Pharmacy Chain,DePURA Kids 15 ml,57,6645.1,0.1235,0.7,6,post_relaunch
2025-09-01,TR27,Coimbatore-Madurai,South,Tamil Nadu,T2,Retail Chemist,DePURA Kids 10 ml,61,5281.83,0.0837,0.734,6,post_relaunch
2025-09-01,TR27,Coimbatore-Madurai,South,Tamil Nadu,T2,Retail Chemist,DePURA Kids 15 ml,205,24544.01,0.0998,0.779,6,post_relaunch
2025-09-01,TR28,Hyderabad,South,Telangana,T1,E-Pharmacy,DePURA Kids 10 ml,55,4142.5,0.203,0.819,7,post_relaunch
2025-09-01,TR28,Hyderabad,South,Telangana,T1,E-Pharmacy,DePURA Kids 15 ml,216,22592.72,0.2136,0.866,7,post_relaunch
2025-09-01,TR28,Hyderabad,South,Telangana,T1,Hospital Pharmacy,DePURA Kids 10 ml,28,2461.25,0.0698,0.73,7,post_relaunch
2025-09-01,TR28,Hyderabad,South,Telangana,T1,Hospital Pharmacy,DePURA Kids 15 ml,173,21199.22,0.0787,0.831,7,post_relaunch
2025-09-01,TR28,Hyderabad,South,Telangana,T1,Pharmacy Chain,DePURA Kids 10 ml,51,4175.45,0.1336,0.746,7,post_relaunch
2025-09-01,TR28,Hyderabad,South,Telangana,T1,Pharmacy Chain,DePURA Kids 15 ml,234,26930.86,0.1347,0.797,7,post_relaunch
2025-09-01,TR28,Hyderabad,South,Telangana,T1,Retail Chemist,DePURA Kids 10 ml,133,11672.68,0.0713,0.782,7,post_relaunch
2025-09-01,TR28,Hyderabad,South,Telangana,T1,Retail Chemist,DePURA Kids 15 ml,513,62786.67,0.0798,0.713,7,post_relaunch
2025-09-01,TR29,Vijayawada-Vizag,South,Andhra Pradesh,T2,E-Pharmacy,DePURA Kids 10 ml,7,519.27,0.215,0.687,4,post_relaunch
2025-09-01,TR29,Vijayawada-Vizag,South,Andhra Pradesh,T2,E-Pharmacy,DePURA Kids 15 ml,23,2463.37,0.1947,0.738,4,post_relaunch
2025-09-01,TR29,Vijayawada-Vizag,South,Andhra Pradesh,T2,Hospital Pharmacy,DePURA Kids 10 ml,8,705.76,0.0665,0.693,4,post_relaunch
2025-09-01,TR29,Vijayawada-Vizag,South,Andhra Pradesh,T2,Hospital Pharmacy,DePURA Kids 15 ml,23,2885.69,0.0567,0.722,4,post_relaunch
2025-09-01,TR29,Vijayawada-Vizag,South,Andhra Pradesh,T2,Pharmacy Chain,DePURA Kids 10 ml,5,413.12,0.1257,0.707,4,post_relaunch
2025-09-01,TR29,Vijayawada-Vizag,South,Andhra Pradesh,T2,Pharmacy Chain,DePURA Kids 15 ml,23,2677.01,0.1249,0.679,4,post_relaunch
2025-09-01,TR29,Vijayawada-Vizag,South,Andhra Pradesh,T2,Retail Chemist,DePURA Kids 10 ml,28,2394.16,0.0952,0.72,4,post_relaunch
2025-09-01,TR29,Vijayawada-Vizag,South,Andhra Pradesh,T2,Retail Chemist,DePURA Kids 15 ml,94,11764.16,0.059,0.696,4,post_relaunch
2025-09-01,TR30,Kochi-Trivandrum,South,Kerala,T2,E-Pharmacy,DePURA Kids 10 ml,17,1290.94,0.1964,0.692,4,post_relaunch
2025-09-01,TR30,Kochi-Trivandrum,South,Kerala,T2,E-Pharmacy,DePURA Kids 15 ml,53,5568.55,0.21,0.804,4,post_relaunch
2025-09-01,TR30,Kochi-Trivandrum,South,Kerala,T2,Hospital Pharmacy,DePURA Kids 10 ml,20,1757.35,0.0702,0.766,4,post_relaunch
2025-09-01,TR30,Kochi-Trivandrum,South,Kerala,T2,Hospital Pharmacy,DePURA Kids 15 ml,56,6895.06,0.0742,0.747,4,post_relaunch
2025-09-01,TR30,Kochi-Trivandrum,South,Kerala,T2,Pharmacy Chain,DePURA Kids 10 ml,21,1710.55,0.138,0.68,4,post_relaunch
2025-09-01,TR30,Kochi-Trivandrum,South,Kerala,T2,Pharmacy Chain,DePURA Kids 15 ml,60,6919.95,0.1328,0.671,4,post_relaunch
2025-09-01,TR30,Kochi-Trivandrum,South,Kerala,T2,Retail Chemist,DePURA Kids 10 ml,67,5657.66,0.1064,0.703,4,post_relaunch
2025-09-01,TR30,Kochi-Trivandrum,South,Kerala,T2,Retail Chemist,DePURA Kids 15 ml,233,28432.71,0.0825,0.75,4,post_relaunch
2025-09-01,TR31,Kolkata,East,West Bengal,T1,E-Pharmacy,DePURA Kids 10 ml,34,2559.0,0.2035,0.866,12,post_relaunch
2025-09-01,TR31,Kolkata,East,West Bengal,T1,E-Pharmacy,DePURA Kids 15 ml,149,15572.7,0.2142,0.805,12,post_relaunch
2025-09-01,TR31,Kolkata,East,West Bengal,T1,Hospital Pharmacy,DePURA Kids 10 ml,19,1688.98,0.0593,0.822,12,post_relaunch
2025-09-01,TR31,Kolkata,East,West Bengal,T1,Hospital Pharmacy,DePURA Kids 15 ml,105,12980.7,0.0705,0.87,12,post_relaunch
2025-09-01,TR31,Kolkata,East,West Bengal,T1,Pharmacy Chain,DePURA Kids 10 ml,30,2506.88,0.1157,0.821,12,post_relaunch
2025-09-01,TR31,Kolkata,East,West Bengal,T1,Pharmacy Chain,DePURA Kids 15 ml,146,16949.25,0.1271,0.799,12,post_relaunch
2025-09-01,TR31,Kolkata,East,West Bengal,T1,Retail Chemist,DePURA Kids 10 ml,73,6292.02,0.0879,0.848,12,post_relaunch
2025-09-01,TR31,Kolkata,East,West Bengal,T1,Retail Chemist,DePURA Kids 15 ml,285,34869.16,0.0801,0.831,12,post_relaunch
2025-09-01,TR32,Siliguri-Durgapur,East,West Bengal,T3,E-Pharmacy,DePURA Kids 10 ml,4,299.17,0.2085,0.733,2,post_relaunch
2025-09-01,TR32,Siliguri-Durgapur,East,West Bengal,T3,E-Pharmacy,DePURA Kids 15 ml,11,1154.85,0.2106,0.699,2,post_relaunch
2025-09-01,TR32,Siliguri-Durgapur,East,West Bengal,T3,Hospital Pharmacy,DePURA Kids 10 ml,6,523.14,0.0774,0.701,2,post_relaunch
2025-09-01,TR32,Siliguri-Durgapur,East,West Bengal,T3,Hospital Pharmacy,DePURA Kids 15 ml,14,1724.8,0.0737,0.676,2,post_relaunch
2025-09-01,TR32,Siliguri-Durgapur,East,West Bengal,T3,Pharmacy Chain,DePURA Kids 10 ml,3,244.31,0.1382,0.764,2,post_relaunch
2025-09-01,TR32,Siliguri-Durgapur,East,West Bengal,T3,Pharmacy Chain,DePURA Kids 15 ml,11,1241.37,0.1515,0.674,2,post_relaunch
2025-09-01,TR32,Siliguri-Durgapur,East,West Bengal,T3,Retail Chemist,DePURA Kids 10 ml,46,3998.33,0.0802,0.713,2,post_relaunch
2025-09-01,TR32,Siliguri-Durgapur,East,West Bengal,T3,Retail Chemist,DePURA Kids 15 ml,111,13243.16,0.1029,0.725,2,post_relaunch
2025-09-01,TR33,Patna,East,Bihar,T2,E-Pharmacy,DePURA Kids 10 ml,7,532.68,0.1947,0.719,4,post_relaunch
2025-09-01,TR33,Patna,East,Bihar,T2,E-Pharmacy,DePURA Kids 15 ml,34,3530.78,0.2192,0.799,4,post_relaunch
2025-09-01,TR33,Patna,East,Bihar,T2,Hospital Pharmacy,DePURA Kids 10 ml,10,895.37,0.0525,0.663,4,post_relaunch
2025-09-01,TR33,Patna,East,Bihar,T2,Hospital Pharmacy,DePURA Kids 15 ml,28,3459.5,0.071,0.7,4,post_relaunch
2025-09-01,TR33,Patna,East,Bihar,T2,Pharmacy Chain,DePURA Kids 10 ml,10,826.16,0.1258,0.787,4,post_relaunch
2025-09-01,TR33,Patna,East,Bihar,T2,Pharmacy Chain,DePURA Kids 15 ml,35,4088.11,0.1218,0.734,4,post_relaunch
2025-09-01,TR33,Patna,East,Bihar,T2,Retail Chemist,DePURA Kids 10 ml,41,3520.48,0.0914,0.713,4,post_relaunch
2025-09-01,TR33,Patna,East,Bihar,T2,Retail Chemist,DePURA Kids 15 ml,105,12870.86,0.0783,0.647,4,post_relaunch
2025-09-01,TR34,Ranchi,East,Jharkhand,T3,E-Pharmacy,DePURA Kids 10 ml,5,382.16,0.1912,0.767,4,post_relaunch
2025-09-01,TR34,Ranchi,East,Jharkhand,T3,E-Pharmacy,DePURA Kids 15 ml,11,1165.24,0.2035,0.721,4,post_relaunch
2025-09-01,TR34,Ranchi,East,Jharkhand,T3,Hospital Pharmacy,DePURA Kids 10 ml,8,700.69,0.0732,0.676,4,post_relaunch
2025-09-01,TR34,Ranchi,East,Jharkhand,T3,Hospital Pharmacy,DePURA Kids 15 ml,19,2368.49,0.0627,0.683,4,post_relaunch
2025-09-01,TR34,Ranchi,East,Jharkhand,T3,Pharmacy Chain,DePURA Kids 10 ml,4,335.27,0.113,0.662,4,post_relaunch
2025-09-01,TR34,Ranchi,East,Jharkhand,T3,Pharmacy Chain,DePURA Kids 15 ml,10,1144.86,0.1392,0.658,4,post_relaunch
2025-09-01,TR34,Ranchi,East,Jharkhand,T3,Retail Chemist,DePURA Kids 10 ml,41,3484.4,0.1007,0.684,4,post_relaunch
2025-09-01,TR34,Ranchi,East,Jharkhand,T3,Retail Chemist,DePURA Kids 15 ml,103,12586.88,0.0812,0.631,4,post_relaunch
2025-09-01,TR35,Bhubaneswar,East,Odisha,T2,E-Pharmacy,DePURA Kids 10 ml,10,760.59,0.1951,0.829,4,post_relaunch
2025-09-01,TR35,Bhubaneswar,East,Odisha,T2,E-Pharmacy,DePURA Kids 15 ml,30,3266.45,0.1813,0.752,4,post_relaunch
2025-09-01,TR35,Bhubaneswar,East,Odisha,T2,Hospital Pharmacy,DePURA Kids 10 ml,10,889.04,0.0592,0.755,4,post_relaunch
2025-09-01,TR35,Bhubaneswar,East,Odisha,T2,Hospital Pharmacy,DePURA Kids 15 ml,35,4251.72,0.0866,0.755,4,post_relaunch
2025-09-01,TR35,Bhubaneswar,East,Odisha,T2,Pharmacy Chain,DePURA Kids 10 ml,10,822.64,0.1295,0.788,4,post_relaunch
2025-09-01,TR35,Bhubaneswar,East,Odisha,T2,Pharmacy Chain,DePURA Kids 15 ml,25,2861.21,0.1395,0.685,4,post_relaunch
2025-09-01,TR35,Bhubaneswar,East,Odisha,T2,Retail Chemist,DePURA Kids 10 ml,38,3297.08,0.0818,0.76,4,post_relaunch
2025-09-01,TR35,Bhubaneswar,East,Odisha,T2,Retail Chemist,DePURA Kids 15 ml,143,16686.39,0.1226,0.789,4,post_relaunch
2025-09-01,TR36,Guwahati,East,Assam,T2,E-Pharmacy,DePURA Kids 10 ml,16,1219.58,0.1934,0.733,6,post_relaunch
2025-09-01,TR36,Guwahati,East,Assam,T2,E-Pharmacy,DePURA Kids 15 ml,62,6541.21,0.2067,0.786,6,post_relaunch
2025-09-01,TR36,Guwahati,East,Assam,T2,Hospital Pharmacy,DePURA Kids 10 ml,12,1045.81,0.0778,0.689,6,post_relaunch
2025-09-01,TR36,Guwahati,East,Assam,T2,Hospital Pharmacy,DePURA Kids 15 ml,46,5764.9,0.0577,0.754,6,post_relaunch
2025-09-01,TR36,Guwahati,East,Assam,T2,Pharmacy Chain,DePURA Kids 10 ml,16,1299.54,0.1405,0.72,6,post_relaunch
2025-09-01,TR36,Guwahati,East,Assam,T2,Pharmacy Chain,DePURA Kids 15 ml,51,5835.6,0.1397,0.731,6,post_relaunch
2025-09-01,TR36,Guwahati,East,Assam,T2,Retail Chemist,DePURA Kids 10 ml,49,4254.16,0.0813,0.661,6,post_relaunch
2025-09-01,TR36,Guwahati,East,Assam,T2,Retail Chemist,DePURA Kids 15 ml,197,23848.77,0.0898,0.73,6,post_relaunch
2025-10-01,TR01,Delhi North,North,Delhi,T1,E-Pharmacy,DePURA Kids 10 ml,67,5028.82,0.2057,0.891,13,post_relaunch
2025-10-01,TR01,Delhi North,North,Delhi,T1,E-Pharmacy,DePURA Kids 15 ml,351,36758.56,0.2126,0.911,13,post_relaunch
2025-10-01,TR01,Delhi North,North,Delhi,T1,Hospital Pharmacy,DePURA Kids 10 ml,55,4859.15,0.0651,0.872,13,post_relaunch
2025-10-01,TR01,Delhi North,North,Delhi,T1,Hospital Pharmacy,DePURA Kids 15 ml,210,26546.01,0.0496,0.804,13,post_relaunch
2025-10-01,TR01,Delhi North,North,Delhi,T1,Pharmacy Chain,DePURA Kids 10 ml,78,6302.65,0.1449,0.902,13,post_relaunch
2025-10-01,TR01,Delhi North,North,Delhi,T1,Pharmacy Chain,DePURA Kids 15 ml,308,36214.78,0.1159,0.853,13,post_relaunch
2025-10-01,TR01,Delhi North,North,Delhi,T1,Retail Chemist,DePURA Kids 10 ml,227,19462.8,0.0927,0.891,13,post_relaunch
2025-10-01,TR01,Delhi North,North,Delhi,T1,Retail Chemist,DePURA Kids 15 ml,911,110579.61,0.0873,0.891,13,post_relaunch
2025-10-01,TR02,Delhi South,North,Delhi,T1,E-Pharmacy,DePURA Kids 10 ml,48,3714.1,0.1812,0.716,10,post_relaunch
2025-10-01,TR02,Delhi South,North,Delhi,T1,E-Pharmacy,DePURA Kids 15 ml,232,24982.22,0.1904,0.64,10,post_relaunch
2025-10-01,TR02,Delhi South,North,Delhi,T1,Hospital Pharmacy,DePURA Kids 10 ml,34,2935.51,0.0864,0.669,10,post_relaunch
2025-10-01,TR02,Delhi South,North,Delhi,T1,Hospital Pharmacy,DePURA Kids 15 ml,163,19942.97,0.0801,0.663,10,post_relaunch
2025-10-01,TR02,Delhi South,North,Delhi,T1,Pharmacy Chain,DePURA Kids 10 ml,54,4496.58,0.1188,0.614,10,post_relaunch
2025-10-01,TR02,Delhi South,North,Delhi,T1,Pharmacy Chain,DePURA Kids 15 ml,271,31772.38,0.1185,0.743,10,post_relaunch
2025-10-01,TR02,Delhi South,North,Delhi,T1,Retail Chemist,DePURA Kids 10 ml,111,9421.9,0.1018,0.683,10,post_relaunch
2025-10-01,TR02,Delhi South,North,Delhi,T1,Retail Chemist,DePURA Kids 15 ml,552,66264.74,0.0974,0.598,10,post_relaunch
2025-10-01,TR03,Noida-Ghaziabad,North,Uttar Pradesh,T2,E-Pharmacy,DePURA Kids 10 ml,17,1283.45,0.2011,0.828,4,post_relaunch
2025-10-01,TR03,Noida-Ghaziabad,North,Uttar Pradesh,T2,E-Pharmacy,DePURA Kids 15 ml,48,5169.51,0.1902,0.826,4,post_relaunch
2025-10-01,TR03,Noida-Ghaziabad,North,Uttar Pradesh,T2,Hospital Pharmacy,DePURA Kids 10 ml,15,1321.34,0.0678,0.739,4,post_relaunch
2025-10-01,TR03,Noida-Ghaziabad,North,Uttar Pradesh,T2,Hospital Pharmacy,DePURA Kids 15 ml,50,6181.56,0.0704,0.769,4,post_relaunch
2025-10-01,TR03,Noida-Ghaziabad,North,Uttar Pradesh,T2,Pharmacy Chain,DePURA Kids 10 ml,16,1302.27,0.1387,0.823,4,post_relaunch
2025-10-01,TR03,Noida-Ghaziabad,North,Uttar Pradesh,T2,Pharmacy Chain,DePURA Kids 15 ml,70,8152.03,0.1244,0.8,4,post_relaunch
2025-10-01,TR03,Noida-Ghaziabad,North,Uttar Pradesh,T2,Retail Chemist,DePURA Kids 10 ml,66,5805.94,0.0691,0.769,4,post_relaunch
2025-10-01,TR03,Noida-Ghaziabad,North,Uttar Pradesh,T2,Retail Chemist,DePURA Kids 15 ml,192,23165.92,0.0928,0.878,4,post_relaunch
2025-10-01,TR04,Gurugram-Faridabad,North,Haryana,T2,E-Pharmacy,DePURA Kids 10 ml,20,1530.64,0.1901,0.857,7,post_relaunch
2025-10-01,TR04,Gurugram-Faridabad,North,Haryana,T2,E-Pharmacy,DePURA Kids 15 ml,63,6559.32,0.2172,0.843,7,post_relaunch
2025-10-01,TR04,Gurugram-Faridabad,North,Haryana,T2,Hospital Pharmacy,DePURA Kids 10 ml,18,1565.88,0.0794,0.797,7,post_relaunch
2025-10-01,TR04,Gurugram-Faridabad,North,Haryana,T2,Hospital Pharmacy,DePURA Kids 15 ml,47,5891.84,0.0575,0.795,7,post_relaunch
2025-10-01,TR04,Gurugram-Faridabad,North,Haryana,T2,Pharmacy Chain,DePURA Kids 10 ml,20,1631.14,0.137,0.857,7,post_relaunch
2025-10-01,TR04,Gurugram-Faridabad,North,Haryana,T2,Pharmacy Chain,DePURA Kids 15 ml,57,6588.61,0.0883,0.861,7,post_relaunch
2025-10-01,TR04,Gurugram-Faridabad,North,Haryana,T2,Retail Chemist,DePURA Kids 10 ml,73,6231.75,0.0967,0.815,7,post_relaunch
2025-10-01,TR04,Gurugram-Faridabad,North,Haryana,T2,Retail Chemist,DePURA Kids 15 ml,245,30041.68,0.0781,0.853,7,post_relaunch
2025-10-01,TR05,Lucknow,North,Uttar Pradesh,T2,E-Pharmacy,DePURA Kids 10 ml,19,1440.3,0.1978,0.803,5,post_relaunch
2025-10-01,TR05,Lucknow,North,Uttar Pradesh,T2,E-Pharmacy,DePURA Kids 15 ml,55,5956.5,0.1857,0.767,5,post_relaunch
2025-10-01,TR05,Lucknow,North,Uttar Pradesh,T2,Hospital Pharmacy,DePURA Kids 10 ml,19,1675.06,0.0671,0.736,5,post_relaunch
2025-10-01,TR05,Lucknow,North,Uttar Pradesh,T2,Hospital Pharmacy,DePURA Kids 15 ml,53,6464.27,0.083,0.75,5,post_relaunch
2025-10-01,TR05,Lucknow,North,Uttar Pradesh,T2,Pharmacy Chain,DePURA Kids 10 ml,18,1450.46,0.1473,0.723,5,post_relaunch
2025-10-01,TR05,Lucknow,North,Uttar Pradesh,T2,Pharmacy Chain,DePURA Kids 15 ml,51,5978.97,0.1185,0.673,5,post_relaunch
2025-10-01,TR05,Lucknow,North,Uttar Pradesh,T2,Retail Chemist,DePURA Kids 10 ml,70,6012.54,0.0911,0.724,5,post_relaunch
2025-10-01,TR05,Lucknow,North,Uttar Pradesh,T2,Retail Chemist,DePURA Kids 15 ml,258,30780.46,0.103,0.746,5,post_relaunch
2025-10-01,TR06,Kanpur-Agra,North,Uttar Pradesh,T2,E-Pharmacy,DePURA Kids 10 ml,19,1413.72,0.2126,0.716,4,post_relaunch
2025-10-01,TR06,Kanpur-Agra,North,Uttar Pradesh,T2,E-Pharmacy,DePURA Kids 15 ml,54,5793.84,0.1933,0.645,4,post_relaunch
2025-10-01,TR06,Kanpur-Agra,North,Uttar Pradesh,T2,Hospital Pharmacy,DePURA Kids 10 ml,16,1399.34,0.0745,0.69,4,post_relaunch
2025-10-01,TR06,Kanpur-Agra,North,Uttar Pradesh,T2,Hospital Pharmacy,DePURA Kids 15 ml,49,6196.36,0.0492,0.635,4,post_relaunch
2025-10-01,TR06,Kanpur-Agra,North,Uttar Pradesh,T2,Pharmacy Chain,DePURA Kids 10 ml,20,1642.16,0.1311,0.574,4,post_relaunch
2025-10-01,TR06,Kanpur-Agra,North,Uttar Pradesh,T2,Pharmacy Chain,DePURA Kids 15 ml,68,7909.59,0.1254,0.649,4,post_relaunch
2025-10-01,TR06,Kanpur-Agra,North,Uttar Pradesh,T2,Retail Chemist,DePURA Kids 10 ml,110,9477.68,0.0882,0.65,4,post_relaunch
2025-10-01,TR06,Kanpur-Agra,North,Uttar Pradesh,T2,Retail Chemist,DePURA Kids 15 ml,215,25952.25,0.0924,0.687,4,post_relaunch
2025-10-01,TR07,Varanasi-Gorakhpur,North,Uttar Pradesh,T3,E-Pharmacy,DePURA Kids 10 ml,2,151.05,0.2008,0.628,2,post_relaunch
2025-10-01,TR07,Varanasi-Gorakhpur,North,Uttar Pradesh,T3,E-Pharmacy,DePURA Kids 15 ml,6,644.19,0.1927,0.7,2,post_relaunch
2025-10-01,TR07,Varanasi-Gorakhpur,North,Uttar Pradesh,T3,Hospital Pharmacy,DePURA Kids 10 ml,3,265.23,0.0645,0.635,2,post_relaunch
2025-10-01,TR07,Varanasi-Gorakhpur,North,Uttar Pradesh,T3,Hospital Pharmacy,DePURA Kids 15 ml,9,1105.41,0.0765,0.602,2,post_relaunch
2025-10-01,TR07,Varanasi-Gorakhpur,North,Uttar Pradesh,T3,Pharmacy Chain,DePURA Kids 10 ml,2,165.44,0.1246,0.63,2,post_relaunch
2025-10-01,TR07,Varanasi-Gorakhpur,North,Uttar Pradesh,T3,Pharmacy Chain,DePURA Kids 15 ml,6,702.69,0.1194,0.641,2,post_relaunch
2025-10-01,TR07,Varanasi-Gorakhpur,North,Uttar Pradesh,T3,Retail Chemist,DePURA Kids 10 ml,18,1532.95,0.0988,0.492,2,post_relaunch
2025-10-01,TR07,Varanasi-Gorakhpur,North,Uttar Pradesh,T3,Retail Chemist,DePURA Kids 15 ml,47,5644.96,0.097,0.67,2,post_relaunch
2025-10-01,TR08,Chandigarh-Mohali,North,Chandigarh,T2,E-Pharmacy,DePURA Kids 10 ml,14,1075.28,0.1872,0.69,6,post_relaunch
2025-10-01,TR08,Chandigarh-Mohali,North,Chandigarh,T2,E-Pharmacy,DePURA Kids 15 ml,52,5458.17,0.2108,0.718,6,post_relaunch
2025-10-01,TR08,Chandigarh-Mohali,North,Chandigarh,T2,Hospital Pharmacy,DePURA Kids 10 ml,17,1529.83,0.0477,0.686,6,post_relaunch
2025-10-01,TR08,Chandigarh-Mohali,North,Chandigarh,T2,Hospital Pharmacy,DePURA Kids 15 ml,45,5640.0,0.0576,0.728,6,post_relaunch
2025-10-01,TR08,Chandigarh-Mohali,North,Chandigarh,T2,Pharmacy Chain,DePURA Kids 10 ml,14,1154.18,0.1276,0.672,6,post_relaunch
2025-10-01,TR08,Chandigarh-Mohali,North,Chandigarh,T2,Pharmacy Chain,DePURA Kids 15 ml,53,6135.51,0.1296,0.61,6,post_relaunch
2025-10-01,TR08,Chandigarh-Mohali,North,Chandigarh,T2,Retail Chemist,DePURA Kids 10 ml,58,4911.3,0.1039,0.664,6,post_relaunch
2025-10-01,TR08,Chandigarh-Mohali,North,Chandigarh,T2,Retail Chemist,DePURA Kids 15 ml,213,26231.48,0.074,0.666,6,post_relaunch
2025-10-01,TR09,Ludhiana-Amritsar,North,Punjab,T2,E-Pharmacy,DePURA Kids 10 ml,15,1126.54,0.2053,0.735,5,post_relaunch
2025-10-01,TR09,Ludhiana-Amritsar,North,Punjab,T2,E-Pharmacy,DePURA Kids 15 ml,41,4376.42,0.1974,0.75,5,post_relaunch
2025-10-01,TR09,Ludhiana-Amritsar,North,Punjab,T2,Hospital Pharmacy,DePURA Kids 10 ml,13,1123.27,0.0857,0.815,5,post_relaunch
2025-10-01,TR09,Ludhiana-Amritsar,North,Punjab,T2,Hospital Pharmacy,DePURA Kids 15 ml,40,4936.45,0.0721,0.74,5,post_relaunch
2025-10-01,TR09,Ludhiana-Amritsar,North,Punjab,T2,Pharmacy Chain,DePURA Kids 10 ml,16,1325.6,0.1233,0.704,5,post_relaunch
2025-10-01,TR09,Ludhiana-Amritsar,North,Punjab,T2,Pharmacy Chain,DePURA Kids 15 ml,44,5094.34,0.1295,0.764,5,post_relaunch
2025-10-01,TR09,Ludhiana-Amritsar,North,Punjab,T2,Retail Chemist,DePURA Kids 10 ml,52,4413.3,0.1019,0.765,5,post_relaunch
2025-10-01,TR09,Ludhiana-Amritsar,North,Punjab,T2,Retail Chemist,DePURA Kids 15 ml,182,22178.17,0.0838,0.717,5,post_relaunch
2025-10-01,TR10,Jaipur,North,Rajasthan,T2,E-Pharmacy,DePURA Kids 10 ml,5,367.38,0.2225,0.644,6,post_relaunch
2025-10-01,TR10,Jaipur,North,Rajasthan,T2,E-Pharmacy,DePURA Kids 15 ml,17,1771.29,0.2166,0.656,6,post_relaunch
2025-10-01,TR10,Jaipur,North,Rajasthan,T2,Hospital Pharmacy,DePURA Kids 10 ml,5,434.41,0.0806,0.69,6,post_relaunch
2025-10-01,TR10,Jaipur,North,Rajasthan,T2,Hospital Pharmacy,DePURA Kids 15 ml,21,2638.01,0.0555,0.62,6,post_relaunch
2025-10-01,TR10,Jaipur,North,Rajasthan,T2,Pharmacy Chain,DePURA Kids 10 ml,6,493.73,0.1292,0.657,6,post_relaunch
2025-10-01,TR10,Jaipur,North,Rajasthan,T2,Pharmacy Chain,DePURA Kids 15 ml,18,2086.92,0.1283,0.661,6,post_relaunch
2025-10-01,TR10,Jaipur,North,Rajasthan,T2,Retail Chemist,DePURA Kids 10 ml,24,2064.3,0.0898,0.659,6,post_relaunch
2025-10-01,TR10,Jaipur,North,Rajasthan,T2,Retail Chemist,DePURA Kids 15 ml,77,9278.77,0.094,0.655,6,post_relaunch
2025-10-01,TR11,Dehradun,North,Uttarakhand,T3,E-Pharmacy,DePURA Kids 10 ml,5,379.67,0.1965,0.748,5,post_relaunch
2025-10-01,TR11,Dehradun,North,Uttarakhand,T3,E-Pharmacy,DePURA Kids 15 ml,12,1302.11,0.1841,0.713,5,post_relaunch
2025-10-01,TR11,Dehradun,North,Uttarakhand,T3,Hospital Pharmacy,DePURA Kids 10 ml,9,795.77,0.0644,0.712,5,post_relaunch
2025-10-01,TR11,Dehradun,North,Uttarakhand,T3,Hospital Pharmacy,DePURA Kids 15 ml,20,2466.11,0.0729,0.647,5,post_relaunch
2025-10-01,TR11,Dehradun,North,Uttarakhand,T3,Pharmacy Chain,DePURA Kids 10 ml,4,337.44,0.1073,0.735,5,post_relaunch
2025-10-01,TR11,Dehradun,North,Uttarakhand,T3,Pharmacy Chain,DePURA Kids 15 ml,16,1874.63,0.0883,0.692,5,post_relaunch
2025-10-01,TR11,Dehradun,North,Uttarakhand,T3,Retail Chemist,DePURA Kids 10 ml,59,5061.38,0.0922,0.745,5,post_relaunch
2025-10-01,TR11,Dehradun,North,Uttarakhand,T3,Retail Chemist,DePURA Kids 15 ml,108,12914.8,0.1009,0.764,5,post_relaunch
2025-10-01,TR12,Mumbai West,West,Maharashtra,T1,E-Pharmacy,DePURA Kids 10 ml,22,1622.51,0.2196,0.922,8,post_relaunch
2025-10-01,TR12,Mumbai West,West,Maharashtra,T1,E-Pharmacy,DePURA Kids 15 ml,97,10488.81,0.187,0.889,8,post_relaunch
2025-10-01,TR12,Mumbai West,West,Maharashtra,T1,Hospital Pharmacy,DePURA Kids 10 ml,12,1050.15,0.0739,0.863,8,post_relaunch
2025-10-01,TR12,Mumbai West,West,Maharashtra,T1,Hospital Pharmacy,DePURA Kids 15 ml,69,8639.64,0.0586,0.83,8,post_relaunch
2025-10-01,TR12,Mumbai West,West,Maharashtra,T1,Pharmacy Chain,DePURA Kids 10 ml,23,1851.26,0.1483,0.888,8,post_relaunch
2025-10-01,TR12,Mumbai West,West,Maharashtra,T1,Pharmacy Chain,DePURA Kids 15 ml,79,9126.49,0.1314,0.833,8,post_relaunch
2025-10-01,TR12,Mumbai West,West,Maharashtra,T1,Retail Chemist,DePURA Kids 10 ml,52,4459.06,0.0926,0.875,8,post_relaunch
2025-10-01,TR12,Mumbai West,West,Maharashtra,T1,Retail Chemist,DePURA Kids 15 ml,238,28424.15,0.102,0.882,8,post_relaunch
2025-10-01,TR13,Mumbai Thane,West,Maharashtra,T1,E-Pharmacy,DePURA Kids 10 ml,61,4584.81,0.2046,1.0,11,post_relaunch
2025-10-01,TR13,Mumbai Thane,West,Maharashtra,T1,E-Pharmacy,DePURA Kids 15 ml,236,25089.3,0.2007,0.971,11,post_relaunch
2025-10-01,TR13,Mumbai Thane,West,Maharashtra,T1,Hospital Pharmacy,DePURA Kids 10 ml,49,4338.88,0.063,0.935,11,post_relaunch
2025-10-01,TR13,Mumbai Thane,West,Maharashtra,T1,Hospital Pharmacy,DePURA Kids 15 ml,175,21620.35,0.0711,0.933,11,post_relaunch
2025-10-01,TR13,Mumbai Thane,West,Maharashtra,T1,Pharmacy Chain,DePURA Kids 10 ml,52,4354.52,0.1139,0.873,11,post_relaunch
2025-10-01,TR13,Mumbai Thane,West,Maharashtra,T1,Pharmacy Chain,DePURA Kids 15 ml,247,28354.55,0.1369,0.884,11,post_relaunch
2025-10-01,TR13,Mumbai Thane,West,Maharashtra,T1,Retail Chemist,DePURA Kids 10 ml,141,12221.57,0.0828,0.934,11,post_relaunch
2025-10-01,TR13,Mumbai Thane,West,Maharashtra,T1,Retail Chemist,DePURA Kids 15 ml,617,75870.78,0.0754,0.843,11,post_relaunch
2025-10-01,TR14,Pune,West,Maharashtra,T1,E-Pharmacy,DePURA Kids 10 ml,49,3655.64,0.2105,0.733,9,post_relaunch
2025-10-01,TR14,Pune,West,Maharashtra,T1,E-Pharmacy,DePURA Kids 15 ml,211,22514.21,0.1977,0.753,9,post_relaunch
2025-10-01,TR14,Pune,West,Maharashtra,T1,Hospital Pharmacy,DePURA Kids 10 ml,38,3369.01,0.0618,0.744,9,post_relaunch
2025-10-01,TR14,Pune,West,Maharashtra,T1,Hospital Pharmacy,DePURA Kids 15 ml,139,17547.85,0.0508,0.625,9,post_relaunch
2025-10-01,TR14,Pune,West,Maharashtra,T1,Pharmacy Chain,DePURA Kids 10 ml,41,3233.24,0.1655,0.677,9,post_relaunch
2025-10-01,TR14,Pune,West,Maharashtra,T1,Pharmacy Chain,DePURA Kids 15 ml,198,23070.36,0.1239,0.711,9,post_relaunch
2025-10-01,TR14,Pune,West,Maharashtra,T1,Retail Chemist,DePURA Kids 10 ml,94,8117.65,0.0862,0.682,9,post_relaunch
2025-10-01,TR14,Pune,West,Maharashtra,T1,Retail Chemist,DePURA Kids 15 ml,444,53633.96,0.0918,0.684,9,post_relaunch
2025-10-01,TR15,Nagpur,West,Maharashtra,T2,E-Pharmacy,DePURA Kids 10 ml,11,835.24,0.1965,0.78,8,post_relaunch
2025-10-01,TR15,Nagpur,West,Maharashtra,T2,E-Pharmacy,DePURA Kids 15 ml,54,5792.65,0.1934,0.799,8,post_relaunch
2025-10-01,TR15,Nagpur,West,Maharashtra,T2,Hospital Pharmacy,DePURA Kids 10 ml,15,1322.43,0.0671,0.762,8,post_relaunch
2025-10-01,TR15,Nagpur,West,Maharashtra,T2,Hospital Pharmacy,DePURA Kids 15 ml,40,4889.88,0.0808,0.776,8,post_relaunch
2025-10-01,TR15,Nagpur,West,Maharashtra,T2,Pharmacy Chain,DePURA Kids 10 ml,14,1163.93,0.1202,0.795,8,post_relaunch
2025-10-01,TR15,Nagpur,West,Maharashtra,T2,Pharmacy Chain,DePURA Kids 15 ml,53,6148.98,0.1277,0.799,8,post_relaunch
2025-10-01,TR15,Nagpur,West,Maharashtra,T2,Retail Chemist,DePURA Kids 10 ml,63,5538.42,0.0697,0.714,8,post_relaunch
2025-10-01,TR15,Nagpur,West,Maharashtra,T2,Retail Chemist,DePURA Kids 15 ml,243,29384.85,0.0908,0.798,8,post_relaunch
2025-10-01,TR16,Ahmedabad,West,Gujarat,T1,E-Pharmacy,DePURA Kids 10 ml,46,3472.34,0.15685,0.853,13,post_relaunch
2025-10-01,TR16,Ahmedabad,West,Gujarat,T1,E-Pharmacy,DePURA Kids 15 ml,200,21054.97,0.2085,0.877,13,post_relaunch
2025-10-01,TR16,Ahmedabad,West,Gujarat,T1,Hospital Pharmacy,DePURA Kids 10 ml,31,2748.54,0.0618,0.93,13,post_relaunch
2025-10-01,TR16,Ahmedabad,West,Gujarat,T1,Hospital Pharmacy,DePURA Kids 15 ml,176,21896.34,0.0646,0.864,13,post_relaunch
2025-10-01,TR16,Ahmedabad,West,Gujarat,T1,Pharmacy Chain,DePURA Kids 10 ml,41,3398.07,0.123,0.806,13,post_relaunch
2025-10-01,TR16,Ahmedabad,West,Gujarat,T1,Pharmacy Chain,DePURA Kids 15 ml,232,27320.7,0.1146,0.9,13,post_relaunch
2025-10-01,TR16,Ahmedabad,West,Gujarat,T1,Retail Chemist,DePURA Kids 10 ml,127,10848.97,0.096,0.959,13,post_relaunch
2025-10-01,TR16,Ahmedabad,West,Gujarat,T1,Retail Chemist,DePURA Kids 15 ml,579,68785.42,0.1068,0.921,13,post_relaunch
2025-10-01,TR17,Surat-Vadodara,West,Gujarat,T2,E-Pharmacy,DePURA Kids 10 ml,13,981.59,0.201,0.637,4,post_relaunch
2025-10-01,TR17,Surat-Vadodara,West,Gujarat,T2,E-Pharmacy,DePURA Kids 15 ml,46,4842.85,0.2084,0.662,4,post_relaunch
2025-10-01,TR17,Surat-Vadodara,West,Gujarat,T2,Hospital Pharmacy,DePURA Kids 10 ml,17,1489.87,0.0726,0.581,4,post_relaunch
2025-10-01,TR17,Surat-Vadodara,West,Gujarat,T2,Hospital Pharmacy,DePURA Kids 15 ml,37,4436.27,0.0985,0.613,4,post_relaunch
2025-10-01,TR17,Surat-Vadodara,West,Gujarat,T2,Pharmacy Chain,DePURA Kids 10 ml,12,1020.98,0.0997,0.62,4,post_relaunch
2025-10-01,TR17,Surat-Vadodara,West,Gujarat,T2,Pharmacy Chain,DePURA Kids 15 ml,41,4732.57,0.1321,0.602,4,post_relaunch
2025-10-01,TR17,Surat-Vadodara,West,Gujarat,T2,Retail Chemist,DePURA Kids 10 ml,70,5983.44,0.0955,0.658,4,post_relaunch
2025-10-01,TR17,Surat-Vadodara,West,Gujarat,T2,Retail Chemist,DePURA Kids 15 ml,171,20848.65,0.0833,0.612,4,post_relaunch
2025-10-01,TR18,Rajkot,West,Gujarat,T3,E-Pharmacy,DePURA Kids 10 ml,10,745.59,0.211,0.642,6,post_relaunch
2025-10-01,TR18,Rajkot,West,Gujarat,T3,E-Pharmacy,DePURA Kids 15 ml,18,1893.55,0.209,0.699,6,post_relaunch
2025-10-01,TR18,Rajkot,West,Gujarat,T3,Hospital Pharmacy,DePURA Kids 10 ml,13,1141.67,0.0707,0.713,6,post_relaunch
2025-10-01,TR18,Rajkot,West,Gujarat,T3,Hospital Pharmacy,DePURA Kids 15 ml,34,4187.21,0.074,0.683,6,post_relaunch
2025-10-01,TR18,Rajkot,West,Gujarat,T3,Pharmacy Chain,DePURA Kids 10 ml,9,739.73,0.1302,0.697,6,post_relaunch
2025-10-01,TR18,Rajkot,West,Gujarat,T3,Pharmacy Chain,DePURA Kids 15 ml,20,2303.47,0.134,0.647,6,post_relaunch
2025-10-01,TR18,Rajkot,West,Gujarat,T3,Retail Chemist,DePURA Kids 10 ml,70,5916.03,0.1057,0.626,6,post_relaunch
2025-10-01,TR18,Rajkot,West,Gujarat,T3,Retail Chemist,DePURA Kids 15 ml,190,22948.45,0.0919,0.775,6,post_relaunch
2025-10-01,TR19,Indore,Central,Madhya Pradesh,T2,E-Pharmacy,DePURA Kids 10 ml,34,2604.61,0.1894,0.731,5,post_relaunch
2025-10-01,TR19,Indore,Central,Madhya Pradesh,T2,E-Pharmacy,DePURA Kids 15 ml,86,9250.6,0.1912,0.695,5,post_relaunch
2025-10-01,TR19,Indore,Central,Madhya Pradesh,T2,Hospital Pharmacy,DePURA Kids 10 ml,28,2443.24,0.0766,0.638,5,post_relaunch
2025-10-01,TR19,Indore,Central,Madhya Pradesh,T2,Hospital Pharmacy,DePURA Kids 15 ml,101,12765.21,0.0497,0.703,5,post_relaunch
2025-10-01,TR19,Indore,Central,Madhya Pradesh,T2,Pharmacy Chain,DePURA Kids 10 ml,23,1875.61,0.1371,0.623,5,post_relaunch
2025-10-01,TR19,Indore,Central,Madhya Pradesh,T2,Pharmacy Chain,DePURA Kids 15 ml,89,10397.03,0.1217,0.692,5,post_relaunch
2025-10-01,TR19,Indore,Central,Madhya Pradesh,T2,Retail Chemist,DePURA Kids 10 ml,102,8668.99,0.1006,0.632,5,post_relaunch
2025-10-01,TR19,Indore,Central,Madhya Pradesh,T2,Retail Chemist,DePURA Kids 15 ml,297,36281.78,0.0815,0.639,5,post_relaunch
2025-10-01,TR20,Bhopal,Central,Madhya Pradesh,T2,E-Pharmacy,DePURA Kids 10 ml,9,681.31,0.1989,0.683,2,post_relaunch
2025-10-01,TR20,Bhopal,Central,Madhya Pradesh,T2,E-Pharmacy,DePURA Kids 15 ml,22,2391.07,0.1828,0.649,2,post_relaunch
2025-10-01,TR20,Bhopal,Central,Madhya Pradesh,T2,Hospital Pharmacy,DePURA Kids 10 ml,7,606.71,0.0828,0.538,2,post_relaunch
2025-10-01,TR20,Bhopal,Central,Madhya Pradesh,T2,Hospital Pharmacy,DePURA Kids 15 ml,25,3103.76,0.0665,0.679,2,post_relaunch
2025-10-01,TR20,Bhopal,Central,Madhya Pradesh,T2,Pharmacy Chain,DePURA Kids 10 ml,11,902.07,0.1322,0.616,2,post_relaunch
2025-10-01,TR20,Bhopal,Central,Madhya Pradesh,T2,Pharmacy Chain,DePURA Kids 15 ml,29,3350.71,0.1313,0.648,2,post_relaunch
2025-10-01,TR20,Bhopal,Central,Madhya Pradesh,T2,Retail Chemist,DePURA Kids 10 ml,35,3065.16,0.0733,0.598,2,post_relaunch
2025-10-01,TR20,Bhopal,Central,Madhya Pradesh,T2,Retail Chemist,DePURA Kids 15 ml,106,12802.13,0.0919,0.619,2,post_relaunch
2025-10-01,TR21,Jabalpur,Central,Madhya Pradesh,T3,E-Pharmacy,DePURA Kids 10 ml,9,671.29,0.2107,0.925,4,post_relaunch
2025-10-01,TR21,Jabalpur,Central,Madhya Pradesh,T3,E-Pharmacy,DePURA Kids 15 ml,17,1790.72,0.208,0.905,4,post_relaunch
2025-10-01,TR21,Jabalpur,Central,Madhya Pradesh,T3,Hospital Pharmacy,DePURA Kids 10 ml,10,873.25,0.0759,0.799,4,post_relaunch
2025-10-01,TR21,Jabalpur,Central,Madhya Pradesh,T3,Hospital Pharmacy,DePURA Kids 15 ml,23,2867.78,0.0625,0.851,4,post_relaunch
2025-10-01,TR21,Jabalpur,Central,Madhya Pradesh,T3,Pharmacy Chain,DePURA Kids 10 ml,7,575.98,0.1293,0.89,4,post_relaunch
2025-10-01,TR21,Jabalpur,Central,Madhya Pradesh,T3,Pharmacy Chain,DePURA Kids 15 ml,15,1702.5,0.1466,0.81,4,post_relaunch
2025-10-01,TR21,Jabalpur,Central,Madhya Pradesh,T3,Retail Chemist,DePURA Kids 10 ml,57,4849.87,0.0996,0.895,4,post_relaunch
2025-10-01,TR21,Jabalpur,Central,Madhya Pradesh,T3,Retail Chemist,DePURA Kids 15 ml,115,14029.69,0.0827,0.808,4,post_relaunch
2025-10-01,TR22,Raipur,Central,Chhattisgarh,T3,E-Pharmacy,DePURA Kids 10 ml,11,838.62,0.1932,0.738,5,post_relaunch
2025-10-01,TR22,Raipur,Central,Chhattisgarh,T3,E-Pharmacy,DePURA Kids 15 ml,27,2856.82,0.2045,0.79,5,post_relaunch
2025-10-01,TR22,Raipur,Central,Chhattisgarh,T3,Hospital Pharmacy,DePURA Kids 10 ml,18,1568.7,0.0778,0.713,5,post_relaunch
2025-10-01,TR22,Raipur,Central,Chhattisgarh,T3,Hospital Pharmacy,DePURA Kids 15 ml,38,4710.04,0.0681,0.704,5,post_relaunch
2025-10-01,TR22,Raipur,Central,Chhattisgarh,T3,Pharmacy Chain,DePURA Kids 10 ml,12,962.35,0.1514,0.762,5,post_relaunch
2025-10-01,TR22,Raipur,Central,Chhattisgarh,T3,Pharmacy Chain,DePURA Kids 15 ml,22,2530.78,0.1351,0.739,5,post_relaunch
2025-10-01,TR22,Raipur,Central,Chhattisgarh,T3,Retail Chemist,DePURA Kids 10 ml,114,9689.03,0.1006,0.694,5,post_relaunch
2025-10-01,TR22,Raipur,Central,Chhattisgarh,T3,Retail Chemist,DePURA Kids 15 ml,264,31686.73,0.0976,0.766,5,post_relaunch
2025-10-01,TR23,Bengaluru North,South,Karnataka,T1,E-Pharmacy,DePURA Kids 10 ml,67,4977.54,0.2138,0.853,9,post_relaunch
2025-10-01,TR23,Bengaluru North,South,Karnataka,T1,E-Pharmacy,DePURA Kids 15 ml,278,28811.39,0.2208,0.904,9,post_relaunch
2025-10-01,TR23,Bengaluru North,South,Karnataka,T1,Hospital Pharmacy,DePURA Kids 10 ml,40,3531.38,0.0658,0.853,9,post_relaunch
2025-10-01,TR23,Bengaluru North,South,Karnataka,T1,Hospital Pharmacy,DePURA Kids 15 ml,165,20791.62,0.0526,0.869,9,post_relaunch
2025-10-01,TR23,Bengaluru North,South,Karnataka,T1,Pharmacy Chain,DePURA Kids 10 ml,68,5570.6,0.1331,0.833,9,post_relaunch
2025-10-01,TR23,Bengaluru North,South,Karnataka,T1,Pharmacy Chain,DePURA Kids 15 ml,257,30073.43,0.1202,0.813,9,post_relaunch
2025-10-01,TR23,Bengaluru North,South,Karnataka,T1,Retail Chemist,DePURA Kids 10 ml,132,11297.54,0.0943,0.806,9,post_relaunch
2025-10-01,TR23,Bengaluru North,South,Karnataka,T1,Retail Chemist,DePURA Kids 15 ml,798,97271.77,0.0835,0.85,9,post_relaunch
2025-10-01,TR24,Bengaluru South,South,Karnataka,T1,E-Pharmacy,DePURA Kids 10 ml,58,4409.17,0.1956,0.937,13,post_relaunch
2025-10-01,TR24,Bengaluru South,South,Karnataka,T1,E-Pharmacy,DePURA Kids 15 ml,239,24977.75,0.2142,0.893,13,post_relaunch
2025-10-01,TR24,Bengaluru South,South,Karnataka,T1,Hospital Pharmacy,DePURA Kids 10 ml,38,3331.33,0.0723,0.891,13,post_relaunch
2025-10-01,TR24,Bengaluru South,South,Karnataka,T1,Hospital Pharmacy,DePURA Kids 15 ml,191,23447.92,0.077,0.899,13,post_relaunch
2025-10-01,TR24,Bengaluru South,South,Karnataka,T1,Pharmacy Chain,DePURA Kids 10 ml,91,7702.49,0.1043,0.953,13,post_relaunch
2025-10-01,TR24,Bengaluru South,South,Karnataka,T1,Pharmacy Chain,DePURA Kids 15 ml,299,34897.06,0.1225,0.87,13,post_relaunch
2025-10-01,TR24,Bengaluru South,South,Karnataka,T1,Retail Chemist,DePURA Kids 10 ml,151,12810.29,0.1023,0.874,13,post_relaunch
2025-10-01,TR24,Bengaluru South,South,Karnataka,T1,Retail Chemist,DePURA Kids 15 ml,638,77094.57,0.0914,0.93,13,post_relaunch
2025-10-01,TR25,Mysuru-Mangaluru,South,Karnataka,T3,E-Pharmacy,DePURA Kids 10 ml,5,377.82,0.2004,0.723,3,post_relaunch
2025-10-01,TR25,Mysuru-Mangaluru,South,Karnataka,T3,E-Pharmacy,DePURA Kids 15 ml,14,1511.33,0.1883,0.683,3,post_relaunch
2025-10-01,TR25,Mysuru-Mangaluru,South,Karnataka,T3,Hospital Pharmacy,DePURA Kids 10 ml,6,533.75,0.0586,0.656,3,post_relaunch
2025-10-01,TR25,Mysuru-Mangaluru,South,Karnataka,T3,Hospital Pharmacy,DePURA Kids 15 ml,17,2061.54,0.0882,0.725,3,post_relaunch
2025-10-01,TR25,Mysuru-Mangaluru,South,Karnataka,T3,Pharmacy Chain,DePURA Kids 10 ml,5,415.87,0.1199,0.732,3,post_relaunch
2025-10-01,TR25,Mysuru-Mangaluru,South,Karnataka,T3,Pharmacy Chain,DePURA Kids 15 ml,12,1427.51,0.1056,0.75,3,post_relaunch
2025-10-01,TR25,Mysuru-Mangaluru,South,Karnataka,T3,Retail Chemist,DePURA Kids 10 ml,44,3763.54,0.0949,0.701,3,post_relaunch
2025-10-01,TR25,Mysuru-Mangaluru,South,Karnataka,T3,Retail Chemist,DePURA Kids 15 ml,116,13919.12,0.0978,0.772,3,post_relaunch
2025-10-01,TR26,Chennai,South,Tamil Nadu,T1,E-Pharmacy,DePURA Kids 10 ml,59,4336.73,0.2222,0.829,13,post_relaunch
2025-10-01,TR26,Chennai,South,Tamil Nadu,T1,E-Pharmacy,DePURA Kids 15 ml,221,23688.24,0.1941,0.739,13,post_relaunch
2025-10-01,TR26,Chennai,South,Tamil Nadu,T1,Hospital Pharmacy,DePURA Kids 10 ml,36,3150.47,0.0739,0.812,13,post_relaunch
2025-10-01,TR26,Chennai,South,Tamil Nadu,T1,Hospital Pharmacy,DePURA Kids 15 ml,153,19063.03,0.0632,0.806,13,post_relaunch
2025-10-01,TR26,Chennai,South,Tamil Nadu,T1,Pharmacy Chain,DePURA Kids 10 ml,36,2962.31,0.1292,0.753,13,post_relaunch
2025-10-01,TR26,Chennai,South,Tamil Nadu,T1,Pharmacy Chain,DePURA Kids 15 ml,191,22389.41,0.0883,0.764,13,post_relaunch
2025-10-01,TR26,Chennai,South,Tamil Nadu,T1,Retail Chemist,DePURA Kids 10 ml,113,9649.0,0.0964,0.785,13,post_relaunch
2025-10-01,TR26,Chennai,South,Tamil Nadu,T1,Retail Chemist,DePURA Kids 15 ml,415,51197.22,0.0724,0.761,13,post_relaunch
2025-10-01,TR27,Coimbatore-Madurai,South,Tamil Nadu,T2,E-Pharmacy,DePURA Kids 10 ml,19,1440.08,0.198,0.834,7,post_relaunch
2025-10-01,TR27,Coimbatore-Madurai,South,Tamil Nadu,T2,E-Pharmacy,DePURA Kids 15 ml,89,9276.98,0.2163,0.839,7,post_relaunch
2025-10-01,TR27,Coimbatore-Madurai,South,Tamil Nadu,T2,Hospital Pharmacy,DePURA Kids 10 ml,17,1543.92,0.039,0.837,7,post_relaunch
2025-10-01,TR27,Coimbatore-Madurai,South,Tamil Nadu,T2,Hospital Pharmacy,DePURA Kids 15 ml,67,8411.41,0.0561,0.764,7,post_relaunch
2025-10-01,TR27,Coimbatore-Madurai,South,Tamil Nadu,T2,Pharmacy Chain,DePURA Kids 10 ml,28,2318.16,0.1239,0.82,7,post_relaunch
2025-10-01,TR27,Coimbatore-Madurai,South,Tamil Nadu,T2,Pharmacy Chain,DePURA Kids 15 ml,61,7137.35,0.1203,0.764,7,post_relaunch
2025-10-01,TR27,Coimbatore-Madurai,South,Tamil Nadu,T2,Retail Chemist,DePURA Kids 10 ml,102,8657.48,0.1018,0.869,7,post_relaunch
2025-10-01,TR27,Coimbatore-Madurai,South,Tamil Nadu,T2,Retail Chemist,DePURA Kids 15 ml,305,37055.36,0.0865,0.872,7,post_relaunch
2025-10-01,TR28,Hyderabad,South,Telangana,T1,E-Pharmacy,DePURA Kids 10 ml,77,5899.5,0.1892,0.875,7,post_relaunch
2025-10-01,TR28,Hyderabad,South,Telangana,T1,E-Pharmacy,DePURA Kids 15 ml,287,30821.22,0.1925,0.877,7,post_relaunch
2025-10-01,TR28,Hyderabad,South,Telangana,T1,Hospital Pharmacy,DePURA Kids 10 ml,45,3915.02,0.0794,0.834,7,post_relaunch
2025-10-01,TR28,Hyderabad,South,Telangana,T1,Hospital Pharmacy,DePURA Kids 15 ml,222,27673.7,0.0627,0.849,7,post_relaunch
2025-10-01,TR28,Hyderabad,South,Telangana,T1,Pharmacy Chain,DePURA Kids 10 ml,77,6433.22,0.1159,0.862,7,post_relaunch
2025-10-01,TR28,Hyderabad,South,Telangana,T1,Pharmacy Chain,DePURA Kids 15 ml,330,38512.19,0.1225,0.882,7,post_relaunch
2025-10-01,TR28,Hyderabad,South,Telangana,T1,Retail Chemist,DePURA Kids 10 ml,166,14245.32,0.0919,0.75,7,post_relaunch
2025-10-01,TR28,Hyderabad,South,Telangana,T1,Retail Chemist,DePURA Kids 15 ml,717,89307.05,0.0635,0.78,7,post_relaunch
2025-10-01,TR29,Vijayawada-Vizag,South,Andhra Pradesh,T2,E-Pharmacy,DePURA Kids 10 ml,7,528.1,0.2017,0.828,4,post_relaunch
2025-10-01,TR29,Vijayawada-Vizag,South,Andhra Pradesh,T2,E-Pharmacy,DePURA Kids 15 ml,33,3479.86,0.2071,0.791,4,post_relaunch
2025-10-01,TR29,Vijayawada-Vizag,South,Andhra Pradesh,T2,Hospital Pharmacy,DePURA Kids 10 ml,9,776.24,0.0873,0.784,4,post_relaunch
2025-10-01,TR29,Vijayawada-Vizag,South,Andhra Pradesh,T2,Hospital Pharmacy,DePURA Kids 15 ml,33,4106.01,0.0645,0.78,4,post_relaunch
2025-10-01,TR29,Vijayawada-Vizag,South,Andhra Pradesh,T2,Pharmacy Chain,DePURA Kids 10 ml,9,721.51,0.1517,0.753,4,post_relaunch
2025-10-01,TR29,Vijayawada-Vizag,South,Andhra Pradesh,T2,Pharmacy Chain,DePURA Kids 15 ml,35,4117.06,0.0883,0.776,4,post_relaunch
2025-10-01,TR29,Vijayawada-Vizag,South,Andhra Pradesh,T2,Retail Chemist,DePURA Kids 10 ml,40,3388.81,0.1035,0.718,4,post_relaunch
2025-10-01,TR29,Vijayawada-Vizag,South,Andhra Pradesh,T2,Retail Chemist,DePURA Kids 15 ml,113,14285.44,0.0495,0.781,4,post_relaunch
2025-10-01,TR30,Kochi-Trivandrum,South,Kerala,T2,E-Pharmacy,DePURA Kids 10 ml,28,2056.89,0.2226,0.82,4,post_relaunch
2025-10-01,TR30,Kochi-Trivandrum,South,Kerala,T2,E-Pharmacy,DePURA Kids 15 ml,76,8015.25,0.207,0.746,4,post_relaunch
2025-10-01,TR30,Kochi-Trivandrum,South,Kerala,T2,Hospital Pharmacy,DePURA Kids 10 ml,21,1869.59,0.0579,0.723,4,post_relaunch
2025-10-01,TR30,Kochi-Trivandrum,South,Kerala,T2,Hospital Pharmacy,DePURA Kids 15 ml,66,8214.9,0.0641,0.716,4,post_relaunch
2025-10-01,TR30,Kochi-Trivandrum,South,Kerala,T2,Pharmacy Chain,DePURA Kids 10 ml,24,1984.74,0.1249,0.713,4,post_relaunch
2025-10-01,TR30,Kochi-Trivandrum,South,Kerala,T2,Pharmacy Chain,DePURA Kids 15 ml,80,9449.1,0.1119,0.748,4,post_relaunch
2025-10-01,TR30,Kochi-Trivandrum,South,Kerala,T2,Retail Chemist,DePURA Kids 10 ml,115,10037.22,0.0764,0.736,4,post_relaunch
2025-10-01,TR30,Kochi-Trivandrum,South,Kerala,T2,Retail Chemist,DePURA Kids 15 ml,354,41597.65,0.1165,0.763,4,post_relaunch
2025-10-01,TR31,Kolkata,East,West Bengal,T1,E-Pharmacy,DePURA Kids 10 ml,50,3797.76,0.1962,0.925,13,post_relaunch
2025-10-01,TR31,Kolkata,East,West Bengal,T1,E-Pharmacy,DePURA Kids 15 ml,193,20852.36,0.1876,0.849,13,post_relaunch
2025-10-01,TR31,Kolkata,East,West Bengal,T1,Hospital Pharmacy,DePURA Kids 10 ml,29,2596.13,0.0527,0.92,13,post_relaunch
2025-10-01,TR31,Kolkata,East,West Bengal,T1,Hospital Pharmacy,DePURA Kids 15 ml,127,15728.6,0.0688,0.876,13,post_relaunch
2025-10-01,TR31,Kolkata,East,West Bengal,T1,Pharmacy Chain,DePURA Kids 10 ml,45,3700.51,0.1298,0.876,13,post_relaunch
2025-10-01,TR31,Kolkata,East,West Bengal,T1,Pharmacy Chain,DePURA Kids 15 ml,174,19789.27,0.1449,0.931,13,post_relaunch
2025-10-01,TR31,Kolkata,East,West Bengal,T1,Retail Chemist,DePURA Kids 10 ml,119,10095.73,0.1022,0.971,13,post_relaunch
2025-10-01,TR31,Kolkata,East,West Bengal,T1,Retail Chemist,DePURA Kids 15 ml,445,54089.36,0.0861,0.858,13,post_relaunch
2025-10-01,TR32,Siliguri-Durgapur,East,West Bengal,T3,E-Pharmacy,DePURA Kids 10 ml,5,383.3,0.1888,0.776,2,post_relaunch
2025-10-01,TR32,Siliguri-Durgapur,East,West Bengal,T3,E-Pharmacy,DePURA Kids 15 ml,16,1729.47,0.1873,0.795,2,post_relaunch
2025-10-01,TR32,Siliguri-Durgapur,East,West Bengal,T3,Hospital Pharmacy,DePURA Kids 10 ml,10,880.86,0.0679,0.743,2,post_relaunch
2025-10-01,TR32,Siliguri-Durgapur,East,West Bengal,T3,Hospital Pharmacy,DePURA Kids 15 ml,18,2250.42,0.06,0.73,2,post_relaunch
2025-10-01,TR32,Siliguri-Durgapur,East,West Bengal,T3,Pharmacy Chain,DePURA Kids 10 ml,5,407.02,0.1386,0.685,2,post_relaunch
2025-10-01,TR32,Siliguri-Durgapur,East,West Bengal,T3,Pharmacy Chain,DePURA Kids 15 ml,15,1707.92,0.1439,0.725,2,post_relaunch
2025-10-01,TR32,Siliguri-Durgapur,East,West Bengal,T3,Retail Chemist,DePURA Kids 10 ml,47,4017.29,0.0955,0.69,2,post_relaunch
2025-10-01,TR32,Siliguri-Durgapur,East,West Bengal,T3,Retail Chemist,DePURA Kids 15 ml,155,18722.24,0.0486,0.802,2,post_relaunch
2025-10-01,TR33,Patna,East,Bihar,T2,E-Pharmacy,DePURA Kids 10 ml,13,985.91,0.1975,0.837,5,post_relaunch
2025-10-01,TR33,Patna,East,Bihar,T2,E-Pharmacy,DePURA Kids 15 ml,42,4560.74,0.1835,0.845,5,post_relaunch
2025-10-01,TR33,Patna,East,Bihar,T2,Hospital Pharmacy,DePURA Kids 10 ml,13,1149.05,0.0647,0.804,5,post_relaunch
2025-10-01,TR33,Patna,East,Bihar,T2,Hospital Pharmacy,DePURA Kids 15 ml,45,5464.08,0.087,0.79,5,post_relaunch
2025-10-01,TR33,Patna,East,Bihar,T2,Pharmacy Chain,DePURA Kids 10 ml,14,1170.29,0.1154,0.78,5,post_relaunch
2025-10-01,TR33,Patna,East,Bihar,T2,Pharmacy Chain,DePURA Kids 15 ml,41,4762.59,0.1266,0.763,5,post_relaunch
2025-10-01,TR33,Patna,East,Bihar,T2,Retail Chemist,DePURA Kids 10 ml,51,4390.55,0.089,0.836,5,post_relaunch
2025-10-01,TR33,Patna,East,Bihar,T2,Retail Chemist,DePURA Kids 15 ml,179,21591.45,0.0931,0.714,5,post_relaunch
2025-10-01,TR34,Ranchi,East,Jharkhand,T3,E-Pharmacy,DePURA Kids 10 ml,4,298.52,0.2103,0.689,5,post_relaunch
2025-10-01,TR34,Ranchi,East,Jharkhand,T3,E-Pharmacy,DePURA Kids 15 ml,13,1345.24,0.222,0.725,5,post_relaunch
2025-10-01,TR34,Ranchi,East,Jharkhand,T3,Hospital Pharmacy,DePURA Kids 10 ml,9,783.22,0.0791,0.691,5,post_relaunch
2025-10-01,TR34,Ranchi,East,Jharkhand,T3,Hospital Pharmacy,DePURA Kids 15 ml,23,2860.63,0.0648,0.707,5,post_relaunch
2025-10-01,TR34,Ranchi,East,Jharkhand,T3,Pharmacy Chain,DePURA Kids 10 ml,5,404.82,0.1432,0.693,5,post_relaunch
2025-10-01,TR34,Ranchi,East,Jharkhand,T3,Pharmacy Chain,DePURA Kids 15 ml,14,1591.83,0.1451,0.686,5,post_relaunch
2025-10-01,TR34,Ranchi,East,Jharkhand,T3,Retail Chemist,DePURA Kids 10 ml,52,4436.25,0.0972,0.697,5,post_relaunch
2025-10-01,TR34,Ranchi,East,Jharkhand,T3,Retail Chemist,DePURA Kids 15 ml,139,16722.29,0.0955,0.705,5,post_relaunch
2025-10-01,TR35,Bhubaneswar,East,Odisha,T2,E-Pharmacy,DePURA Kids 10 ml,11,828.51,0.203,0.774,5,post_relaunch
2025-10-01,TR35,Bhubaneswar,East,Odisha,T2,E-Pharmacy,DePURA Kids 15 ml,44,4731.61,0.1915,0.829,5,post_relaunch
2025-10-01,TR35,Bhubaneswar,East,Odisha,T2,Hospital Pharmacy,DePURA Kids 10 ml,14,1210.1,0.0853,0.794,5,post_relaunch
2025-10-01,TR35,Bhubaneswar,East,Odisha,T2,Hospital Pharmacy,DePURA Kids 15 ml,36,4499.28,0.0603,0.837,5,post_relaunch
2025-10-01,TR35,Bhubaneswar,East,Odisha,T2,Pharmacy Chain,DePURA Kids 10 ml,13,1076.19,0.124,0.829,5,post_relaunch
2025-10-01,TR35,Bhubaneswar,East,Odisha,T2,Pharmacy Chain,DePURA Kids 15 ml,44,5171.05,0.1164,0.834,5,post_relaunch
2025-10-01,TR35,Bhubaneswar,East,Odisha,T2,Retail Chemist,DePURA Kids 10 ml,43,3747.89,0.0777,0.793,5,post_relaunch
2025-10-01,TR35,Bhubaneswar,East,Odisha,T2,Retail Chemist,DePURA Kids 15 ml,188,22537.01,0.0987,0.787,5,post_relaunch
2025-10-01,TR36,Guwahati,East,Assam,T2,E-Pharmacy,DePURA Kids 10 ml,16,1241.48,0.1789,0.823,7,post_relaunch
2025-10-01,TR36,Guwahati,East,Assam,T2,E-Pharmacy,DePURA Kids 15 ml,78,8289.12,0.201,0.817,7,post_relaunch
2025-10-01,TR36,Guwahati,East,Assam,T2,Hospital Pharmacy,DePURA Kids 10 ml,20,1780.82,0.0578,0.772,7,post_relaunch
2025-10-01,TR36,Guwahati,East,Assam,T2,Hospital Pharmacy,DePURA Kids 15 ml,57,6971.17,0.0804,0.779,7,post_relaunch
2025-10-01,TR36,Guwahati,East,Assam,T2,Pharmacy Chain,DePURA Kids 10 ml,25,1991.34,0.1571,0.815,7,post_relaunch
2025-10-01,TR36,Guwahati,East,Assam,T2,Pharmacy Chain,DePURA Kids 15 ml,62,7200.97,0.1267,0.702,7,post_relaunch
2025-10-01,TR36,Guwahati,East,Assam,T2,Retail Chemist,DePURA Kids 10 ml,96,8227.06,0.0931,0.684,7,post_relaunch
2025-10-01,TR36,Guwahati,East,Assam,T2,Retail Chemist,DePURA Kids 15 ml,224,27366.13,0.0814,0.784,7,post_relaunch
2025-11-01,TR01,Delhi North,North,Delhi,T1,E-Pharmacy,DePURA Kids 10 ml,94,7093.69,0.2014,0.922,14,post_relaunch
2025-11-01,TR01,Delhi North,North,Delhi,T1,E-Pharmacy,DePURA Kids 15 ml,470,51418.82,0.1774,1.0,14,post_relaunch
2025-11-01,TR01,Delhi North,North,Delhi,T1,Hospital Pharmacy,DePURA Kids 10 ml,79,6814.24,0.0872,0.963,14,post_relaunch
2025-11-01,TR01,Delhi North,North,Delhi,T1,Hospital Pharmacy,DePURA Kids 15 ml,369,46008.02,0.0625,0.942,14,post_relaunch
2025-11-01,TR01,Delhi North,North,Delhi,T1,Pharmacy Chain,DePURA Kids 10 ml,101,8389.82,0.121,0.885,14,post_relaunch
2025-11-01,TR01,Delhi North,North,Delhi,T1,Pharmacy Chain,DePURA Kids 15 ml,457,53810.89,0.1147,0.914,14,post_relaunch
2025-11-01,TR01,Delhi North,North,Delhi,T1,Retail Chemist,DePURA Kids 10 ml,340,29478.2,0.0825,0.978,14,post_relaunch
2025-11-01,TR01,Delhi North,North,Delhi,T1,Retail Chemist,DePURA Kids 15 ml,1151,139117.14,0.0912,0.936,14,post_relaunch
2025-11-01,TR02,Delhi South,North,Delhi,T1,E-Pharmacy,DePURA Kids 10 ml,54,4171.41,0.1826,0.725,11,post_relaunch
2025-11-01,TR02,Delhi South,North,Delhi,T1,E-Pharmacy,DePURA Kids 15 ml,303,32345.56,0.1974,0.727,11,post_relaunch
2025-11-01,TR02,Delhi South,North,Delhi,T1,Hospital Pharmacy,DePURA Kids 10 ml,36,3134.07,0.0788,0.702,11,post_relaunch
2025-11-01,TR02,Delhi South,North,Delhi,T1,Hospital Pharmacy,DePURA Kids 15 ml,162,20201.91,0.0624,0.663,11,post_relaunch
2025-11-01,TR02,Delhi South,North,Delhi,T1,Pharmacy Chain,DePURA Kids 10 ml,53,4406.47,0.1202,0.701,11,post_relaunch
2025-11-01,TR02,Delhi South,North,Delhi,T1,Pharmacy Chain,DePURA Kids 15 ml,277,32116.13,0.1283,0.724,11,post_relaunch
2025-11-01,TR02,Delhi South,North,Delhi,T1,Retail Chemist,DePURA Kids 10 ml,163,14151.86,0.0813,0.674,11,post_relaunch
2025-11-01,TR02,Delhi South,North,Delhi,T1,Retail Chemist,DePURA Kids 15 ml,577,70170.87,0.0856,0.676,11,post_relaunch
2025-11-01,TR03,Noida-Ghaziabad,North,Uttar Pradesh,T2,E-Pharmacy,DePURA Kids 10 ml,22,1659.43,0.2018,0.87,4,post_relaunch
2025-11-01,TR03,Noida-Ghaziabad,North,Uttar Pradesh,T2,E-Pharmacy,DePURA Kids 15 ml,56,6029.37,0.1905,0.865,4,post_relaunch
2025-11-01,TR03,Noida-Ghaziabad,North,Uttar Pradesh,T2,Hospital Pharmacy,DePURA Kids 10 ml,17,1492.26,0.0711,0.78,4,post_relaunch
2025-11-01,TR03,Noida-Ghaziabad,North,Uttar Pradesh,T2,Hospital Pharmacy,DePURA Kids 15 ml,59,7306.94,0.0688,0.832,4,post_relaunch
2025-11-01,TR03,Noida-Ghaziabad,North,Uttar Pradesh,T2,Pharmacy Chain,DePURA Kids 10 ml,22,1830.35,0.1196,0.894,4,post_relaunch
2025-11-01,TR03,Noida-Ghaziabad,North,Uttar Pradesh,T2,Pharmacy Chain,DePURA Kids 15 ml,83,9474.17,0.1418,0.86,4,post_relaunch
2025-11-01,TR03,Noida-Ghaziabad,North,Uttar Pradesh,T2,Retail Chemist,DePURA Kids 10 ml,84,7165.39,0.0973,0.847,4,post_relaunch
2025-11-01,TR03,Noida-Ghaziabad,North,Uttar Pradesh,T2,Retail Chemist,DePURA Kids 15 ml,269,32683.44,0.0865,0.87,4,post_relaunch
2025-11-01,TR04,Gurugram-Faridabad,North,Haryana,T2,E-Pharmacy,DePURA Kids 10 ml,21,1607.4,0.19,0.858,7,post_relaunch
2025-11-01,TR04,Gurugram-Faridabad,North,Haryana,T2,E-Pharmacy,DePURA Kids 15 ml,55,6048.88,0.1731,0.881,7,post_relaunch
2025-11-01,TR04,Gurugram-Faridabad,North,Haryana,T2,Hospital Pharmacy,DePURA Kids 10 ml,15,1336.54,0.0571,0.823,7,post_relaunch
2025-11-01,TR04,Gurugram-Faridabad,North,Haryana,T2,Hospital Pharmacy,DePURA Kids 15 ml,52,6384.39,0.0769,0.849,7,post_relaunch
2025-11-01,TR04,Gurugram-Faridabad,North,Haryana,T2,Pharmacy Chain,DePURA Kids 10 ml,25,2040.91,0.1361,0.803,7,post_relaunch
2025-11-01,TR04,Gurugram-Faridabad,North,Haryana,T2,Pharmacy Chain,DePURA Kids 15 ml,61,6760.45,0.1667,0.82,7,post_relaunch
2025-11-01,TR04,Gurugram-Faridabad,North,Haryana,T2,Retail Chemist,DePURA Kids 10 ml,90,7889.44,0.0724,0.816,7,post_relaunch
2025-11-01,TR04,Gurugram-Faridabad,North,Haryana,T2,Retail Chemist,DePURA Kids 15 ml,268,32382.08,0.0915,0.845,7,post_relaunch
2025-11-01,TR05,Lucknow,North,Uttar Pradesh,T2,E-Pharmacy,DePURA Kids 10 ml,20,1476.59,0.2187,0.766,5,post_relaunch
2025-11-01,TR05,Lucknow,North,Uttar Pradesh,T2,E-Pharmacy,DePURA Kids 15 ml,55,5968.18,0.15685,0.783,5,post_relaunch
2025-11-01,TR05,Lucknow,North,Uttar Pradesh,T2,Hospital Pharmacy,DePURA Kids 10 ml,23,2045.36,0.059,0.684,5,post_relaunch
2025-11-01,TR05,Lucknow,North,Uttar Pradesh,T2,Hospital Pharmacy,DePURA Kids 15 ml,61,7541.16,0.0705,0.714,5,post_relaunch
2025-11-01,TR05,Lucknow,North,Uttar Pradesh,T2,Pharmacy Chain,DePURA Kids 10 ml,23,1890.62,0.1302,0.738,5,post_relaunch
2025-11-01,TR05,Lucknow,North,Uttar Pradesh,T2,Pharmacy Chain,DePURA Kids 15 ml,74,8598.5,0.1263,0.752,5,post_relaunch
2025-11-01,TR05,Lucknow,North,Uttar Pradesh,T2,Retail Chemist,DePURA Kids 10 ml,94,8150.22,0.0825,0.691,5,post_relaunch
2025-11-01,TR05,Lucknow,North,Uttar Pradesh,T2,Retail Chemist,DePURA Kids 15 ml,302,37050.7,0.0776,0.759,5,post_relaunch
2025-11-01,TR06,Kanpur-Agra,North,Uttar Pradesh,T2,E-Pharmacy,DePURA Kids 10 ml,28,2161.79,0.183,0.694,4,post_relaunch
2025-11-01,TR06,Kanpur-Agra,North,Uttar Pradesh,T2,E-Pharmacy,DePURA Kids 15 ml,70,7535.78,0.1906,0.617,4,post_relaunch
2025-11-01,TR06,Kanpur-Agra,North,Uttar Pradesh,T2,Hospital Pharmacy,DePURA Kids 10 ml,21,1835.82,0.0749,0.643,4,post_relaunch
2025-11-01,TR06,Kanpur-Agra,North,Uttar Pradesh,T2,Hospital Pharmacy,DePURA Kids 15 ml,57,7118.21,0.061,0.664,4,post_relaunch
2025-11-01,TR06,Kanpur-Agra,North,Uttar Pradesh,T2,Pharmacy Chain,DePURA Kids 10 ml,24,1944.27,0.1427,0.679,4,post_relaunch
2025-11-01,TR06,Kanpur-Agra,North,Uttar Pradesh,T2,Pharmacy Chain,DePURA Kids 15 ml,65,7627.41,0.1177,0.621,4,post_relaunch
2025-11-01,TR06,Kanpur-Agra,North,Uttar Pradesh,T2,Retail Chemist,DePURA Kids 10 ml,86,7417.57,0.0873,0.614,4,post_relaunch
2025-11-01,TR06,Kanpur-Agra,North,Uttar Pradesh,T2,Retail Chemist,DePURA Kids 15 ml,279,34358.68,0.0741,0.614,4,post_relaunch
2025-11-01,TR07,Varanasi-Gorakhpur,North,Uttar Pradesh,T3,E-Pharmacy,DePURA Kids 10 ml,2,154.86,0.1806,0.623,3,post_relaunch
2025-11-01,TR07,Varanasi-Gorakhpur,North,Uttar Pradesh,T3,E-Pharmacy,DePURA Kids 15 ml,6,657.05,0.1766,0.606,3,post_relaunch
2025-11-01,TR07,Varanasi-Gorakhpur,North,Uttar Pradesh,T3,Hospital Pharmacy,DePURA Kids 10 ml,3,259.29,0.0854,0.613,3,post_relaunch
2025-11-01,TR07,Varanasi-Gorakhpur,North,Uttar Pradesh,T3,Hospital Pharmacy,DePURA Kids 15 ml,11,1372.01,0.0622,0.648,3,post_relaunch
2025-11-01,TR07,Varanasi-Gorakhpur,North,Uttar Pradesh,T3,Pharmacy Chain,DePURA Kids 10 ml,2,161.1,0.1476,0.598,3,post_relaunch
2025-11-01,TR07,Varanasi-Gorakhpur,North,Uttar Pradesh,T3,Pharmacy Chain,DePURA Kids 15 ml,6,707.46,0.1135,0.642,3,post_relaunch
2025-11-01,TR07,Varanasi-Gorakhpur,North,Uttar Pradesh,T3,Retail Chemist,DePURA Kids 10 ml,23,1928.83,0.1126,0.539,3,post_relaunch
2025-11-01,TR07,Varanasi-Gorakhpur,North,Uttar Pradesh,T3,Retail Chemist,DePURA Kids 15 ml,64,7749.98,0.0895,0.621,3,post_relaunch
2025-11-01,TR08,Chandigarh-Mohali,North,Chandigarh,T2,E-Pharmacy,DePURA Kids 10 ml,17,1248.4,0.2229,0.747,6,post_relaunch
2025-11-01,TR08,Chandigarh-Mohali,North,Chandigarh,T2,E-Pharmacy,DePURA Kids 15 ml,65,6769.01,0.217,0.72,6,post_relaunch
2025-11-01,TR08,Chandigarh-Mohali,North,Chandigarh,T2,Hospital Pharmacy,DePURA Kids 10 ml,16,1393.99,0.078,0.655,6,post_relaunch
2025-11-01,TR08,Chandigarh-Mohali,North,Chandigarh,T2,Hospital Pharmacy,DePURA Kids 15 ml,61,7483.23,0.0776,0.658,6,post_relaunch
2025-11-01,TR08,Chandigarh-Mohali,North,Chandigarh,T2,Pharmacy Chain,DePURA Kids 10 ml,16,1310.56,0.1332,0.676,6,post_relaunch
2025-11-01,TR08,Chandigarh-Mohali,North,Chandigarh,T2,Pharmacy Chain,DePURA Kids 15 ml,64,7454.29,0.1243,0.679,6,post_relaunch
2025-11-01,TR08,Chandigarh-Mohali,North,Chandigarh,T2,Retail Chemist,DePURA Kids 10 ml,93,7958.33,0.0945,0.741,6,post_relaunch
2025-11-01,TR08,Chandigarh-Mohali,North,Chandigarh,T2,Retail Chemist,DePURA Kids 15 ml,261,31386.32,0.0958,0.655,6,post_relaunch
2025-11-01,TR09,Ludhiana-Amritsar,North,Punjab,T2,E-Pharmacy,DePURA Kids 10 ml,17,1287.83,0.1984,0.711,5,post_relaunch
2025-11-01,TR09,Ludhiana-Amritsar,North,Punjab,T2,E-Pharmacy,DePURA Kids 15 ml,45,4789.47,0.1998,0.81,5,post_relaunch
2025-11-01,TR09,Ludhiana-Amritsar,North,Punjab,T2,Hospital Pharmacy,DePURA Kids 10 ml,13,1129.36,0.0807,0.76,5,post_relaunch
2025-11-01,TR09,Ludhiana-Amritsar,North,Punjab,T2,Hospital Pharmacy,DePURA Kids 15 ml,51,6325.35,0.0675,0.799,5,post_relaunch
2025-11-01,TR09,Ludhiana-Amritsar,North,Punjab,T2,Pharmacy Chain,DePURA Kids 10 ml,16,1301.26,0.1394,0.704,5,post_relaunch
2025-11-01,TR09,Ludhiana-Amritsar,North,Punjab,T2,Pharmacy Chain,DePURA Kids 15 ml,53,6154.99,0.1268,0.787,5,post_relaunch
2025-11-01,TR09,Ludhiana-Amritsar,North,Punjab,T2,Retail Chemist,DePURA Kids 10 ml,75,6279.66,0.0486,0.739,5,post_relaunch
2025-11-01,TR09,Ludhiana-Amritsar,North,Punjab,T2,Retail Chemist,DePURA Kids 15 ml,187,22969.31,0.0486,0.708,5,post_relaunch
2025-11-01,TR10,Jaipur,North,Rajasthan,T2,E-Pharmacy,DePURA Kids 10 ml,6,448.54,0.2089,0.667,6,post_relaunch
2025-11-01,TR10,Jaipur,North,Rajasthan,T2,E-Pharmacy,DePURA Kids 15 ml,17,1826.33,0.1922,0.627,6,post_relaunch
2025-11-01,TR10,Jaipur,North,Rajasthan,T2,Hospital Pharmacy,DePURA Kids 10 ml,6,529.8,0.0656,0.712,6,post_relaunch
2025-11-01,TR10,Jaipur,North,Rajasthan,T2,Hospital Pharmacy,DePURA Kids 15 ml,20,2474.81,0.0696,0.699,6,post_relaunch
2025-11-01,TR10,Jaipur,North,Rajasthan,T2,Pharmacy Chain,DePURA Kids 10 ml,8,668.92,0.1152,0.655,6,post_relaunch
2025-11-01,TR10,Jaipur,North,Rajasthan,T2,Pharmacy Chain,DePURA Kids 15 ml,20,2279.65,0.143,0.617,6,post_relaunch
2025-11-01,TR10,Jaipur,North,Rajasthan,T2,Retail Chemist,DePURA Kids 10 ml,31,2664.8,0.0904,0.731,6,post_relaunch
2025-11-01,TR10,Jaipur,North,Rajasthan,T2,Retail Chemist,DePURA Kids 15 ml,107,13189.02,0.0732,0.72,6,post_relaunch
2025-11-01,TR11,Dehradun,North,Uttarakhand,T3,E-Pharmacy,DePURA Kids 10 ml,6,450.03,0.2063,0.785,5,post_relaunch
2025-11-01,TR11,Dehradun,North,Uttarakhand,T3,E-Pharmacy,DePURA Kids 15 ml,15,1567.9,0.2141,0.774,5,post_relaunch
2025-11-01,TR11,Dehradun,North,Uttarakhand,T3,Hospital Pharmacy,DePURA Kids 10 ml,10,866.62,0.0829,0.693,5,post_relaunch
2025-11-01,TR11,Dehradun,North,Uttarakhand,T3,Hospital Pharmacy,DePURA Kids 15 ml,24,2939.73,0.079,0.82,5,post_relaunch
2025-11-01,TR11,Dehradun,North,Uttarakhand,T3,Pharmacy Chain,DePURA Kids 10 ml,8,664.25,0.1214,0.807,5,post_relaunch
2025-11-01,TR11,Dehradun,North,Uttarakhand,T3,Pharmacy Chain,DePURA Kids 15 ml,15,1743.57,0.126,0.787,5,post_relaunch
2025-11-01,TR11,Dehradun,North,Uttarakhand,T3,Retail Chemist,DePURA Kids 10 ml,52,4459.55,0.0925,0.777,5,post_relaunch
2025-11-01,TR11,Dehradun,North,Uttarakhand,T3,Retail Chemist,DePURA Kids 15 ml,153,18554.03,0.0882,0.777,5,post_relaunch
2025-11-01,TR12,Mumbai West,West,Maharashtra,T1,E-Pharmacy,DePURA Kids 10 ml,22,1695.58,0.1844,0.907,9,post_relaunch
2025-11-01,TR12,Mumbai West,West,Maharashtra,T1,E-Pharmacy,DePURA Kids 15 ml,128,12796.77,0.2483,0.946,9,post_relaunch
2025-11-01,TR12,Mumbai West,West,Maharashtra,T1,Hospital Pharmacy,DePURA Kids 10 ml,15,1310.5,0.0755,0.895,9,post_relaunch
2025-11-01,TR12,Mumbai West,West,Maharashtra,T1,Hospital Pharmacy,DePURA Kids 15 ml,83,10274.97,0.0692,0.866,9,post_relaunch
2025-11-01,TR12,Mumbai West,West,Maharashtra,T1,Pharmacy Chain,DePURA Kids 10 ml,19,1535.71,0.1447,0.839,9,post_relaunch
2025-11-01,TR12,Mumbai West,West,Maharashtra,T1,Pharmacy Chain,DePURA Kids 15 ml,101,11286.92,0.1598,0.895,9,post_relaunch
2025-11-01,TR12,Mumbai West,West,Maharashtra,T1,Retail Chemist,DePURA Kids 10 ml,66,5680.1,0.0893,0.843,9,post_relaunch
2025-11-01,TR12,Mumbai West,West,Maharashtra,T1,Retail Chemist,DePURA Kids 15 ml,327,39473.82,0.0486,0.825,9,post_relaunch
2025-11-01,TR13,Mumbai Thane,West,Maharashtra,T1,E-Pharmacy,DePURA Kids 10 ml,72,5328.24,0.2169,0.878,12,post_relaunch
2025-11-01,TR13,Mumbai Thane,West,Maharashtra,T1,E-Pharmacy,DePURA Kids 15 ml,285,30916.04,0.1844,0.899,12,post_relaunch
2025-11-01,TR13,Mumbai Thane,West,Maharashtra,T1,Hospital Pharmacy,DePURA Kids 10 ml,51,4457.14,0.0752,0.942,12,post_relaunch
2025-11-01,TR13,Mumbai Thane,West,Maharashtra,T1,Hospital Pharmacy,DePURA Kids 15 ml,221,26810.05,0.0879,0.95,12,post_relaunch
2025-11-01,TR13,Mumbai Thane,West,Maharashtra,T1,Pharmacy Chain,DePURA Kids 10 ml,63,5197.48,0.127,0.917,12,post_relaunch
2025-11-01,TR13,Mumbai Thane,West,Maharashtra,T1,Pharmacy Chain,DePURA Kids 15 ml,343,39701.09,0.1297,0.946,12,post_relaunch
2025-11-01,TR13,Mumbai Thane,West,Maharashtra,T1,Retail Chemist,DePURA Kids 10 ml,151,12930.71,0.0938,0.899,12,post_relaunch
2025-11-01,TR13,Mumbai Thane,West,Maharashtra,T1,Retail Chemist,DePURA Kids 15 ml,988,118470.22,0.0984,0.956,12,post_relaunch
2025-11-01,TR14,Pune,West,Maharashtra,T1,E-Pharmacy,DePURA Kids 10 ml,55,4203.15,0.1913,0.717,10,post_relaunch
2025-11-01,TR14,Pune,West,Maharashtra,T1,E-Pharmacy,DePURA Kids 15 ml,351,37272.9,0.2016,0.721,10,post_relaunch
2025-11-01,TR14,Pune,West,Maharashtra,T1,Hospital Pharmacy,DePURA Kids 10 ml,48,4302.25,0.0515,0.815,10,post_relaunch
2025-11-01,TR14,Pune,West,Maharashtra,T1,Hospital Pharmacy,DePURA Kids 15 ml,176,21788.26,0.0692,0.735,10,post_relaunch
2025-11-01,TR14,Pune,West,Maharashtra,T1,Pharmacy Chain,DePURA Kids 10 ml,53,4341.53,0.1332,0.746,10,post_relaunch
2025-11-01,TR14,Pune,West,Maharashtra,T1,Pharmacy Chain,DePURA Kids 15 ml,291,33621.13,0.1313,0.731,10,post_relaunch
2025-11-01,TR14,Pune,West,Maharashtra,T1,Retail Chemist,DePURA Kids 10 ml,153,13006.41,0.1004,0.73,10,post_relaunch
2025-11-01,TR14,Pune,West,Maharashtra,T1,Retail Chemist,DePURA Kids 15 ml,792,96075.96,0.0879,0.697,10,post_relaunch
2025-11-01,TR15,Nagpur,West,Maharashtra,T2,E-Pharmacy,DePURA Kids 10 ml,18,1362.89,0.1988,0.844,9,post_relaunch
2025-11-01,TR15,Nagpur,West,Maharashtra,T2,E-Pharmacy,DePURA Kids 15 ml,54,5904.06,0.1779,0.862,9,post_relaunch
2025-11-01,TR15,Nagpur,West,Maharashtra,T2,Hospital Pharmacy,DePURA Kids 10 ml,16,1412.63,0.0657,0.871,9,post_relaunch
2025-11-01,TR15,Nagpur,West,Maharashtra,T2,Hospital Pharmacy,DePURA Kids 15 ml,64,7758.89,0.0885,0.839,9,post_relaunch
2025-11-01,TR15,Nagpur,West,Maharashtra,T2,Pharmacy Chain,DePURA Kids 10 ml,18,1499.76,0.1183,0.771,9,post_relaunch
2025-11-01,TR15,Nagpur,West,Maharashtra,T2,Pharmacy Chain,DePURA Kids 15 ml,51,6033.02,0.1106,0.769,9,post_relaunch
2025-11-01,TR15,Nagpur,West,Maharashtra,T2,Retail Chemist,DePURA Kids 10 ml,102,8707.76,0.0966,0.817,9,post_relaunch
2025-11-01,TR15,Nagpur,West,Maharashtra,T2,Retail Chemist,DePURA Kids 15 ml,248,29811.17,0.0962,0.771,9,post_relaunch
2025-11-01,TR16,Ahmedabad,West,Gujarat,T1,E-Pharmacy,DePURA Kids 10 ml,53,4045.1,0.1924,1.0,14,post_relaunch
2025-11-01,TR16,Ahmedabad,West,Gujarat,T1,E-Pharmacy,DePURA Kids 15 ml,294,31226.96,0.2014,0.971,14,post_relaunch
2025-11-01,TR16,Ahmedabad,West,Gujarat,T1,Hospital Pharmacy,DePURA Kids 10 ml,46,4044.15,0.0697,0.975,14,post_relaunch
2025-11-01,TR16,Ahmedabad,West,Gujarat,T1,Hospital Pharmacy,DePURA Kids 15 ml,202,25182.79,0.0627,0.966,14,post_relaunch
2025-11-01,TR16,Ahmedabad,West,Gujarat,T1,Pharmacy Chain,DePURA Kids 10 ml,50,4179.26,0.1155,0.906,14,post_relaunch
2025-11-01,TR16,Ahmedabad,West,Gujarat,T1,Pharmacy Chain,DePURA Kids 15 ml,212,24297.09,0.1383,0.904,14,post_relaunch
2025-11-01,TR16,Ahmedabad,West,Gujarat,T1,Retail Chemist,DePURA Kids 10 ml,163,14015.97,0.0901,0.992,14,post_relaunch
2025-11-01,TR16,Ahmedabad,West,Gujarat,T1,Retail Chemist,DePURA Kids 15 ml,633,76686.1,0.0891,0.956,14,post_relaunch
2025-11-01,TR17,Surat-Vadodara,West,Gujarat,T2,E-Pharmacy,DePURA Kids 10 ml,23,1763.6,0.1886,0.743,4,post_relaunch
2025-11-01,TR17,Surat-Vadodara,West,Gujarat,T2,E-Pharmacy,DePURA Kids 15 ml,59,6297.51,0.1975,0.695,4,post_relaunch
2025-11-01,TR17,Surat-Vadodara,West,Gujarat,T2,Hospital Pharmacy,DePURA Kids 10 ml,17,1511.46,0.0592,0.657,4,post_relaunch
2025-11-01,TR17,Surat-Vadodara,West,Gujarat,T2,Hospital Pharmacy,DePURA Kids 15 ml,56,6917.71,0.0712,0.598,4,post_relaunch
2025-11-01,TR17,Surat-Vadodara,West,Gujarat,T2,Pharmacy Chain,DePURA Kids 10 ml,19,1581.04,0.1194,0.656,4,post_relaunch
2025-11-01,TR17,Surat-Vadodara,West,Gujarat,T2,Pharmacy Chain,DePURA Kids 15 ml,58,6600.22,0.1444,0.612,4,post_relaunch
2025-11-01,TR17,Surat-Vadodara,West,Gujarat,T2,Retail Chemist,DePURA Kids 10 ml,64,5519.26,0.0874,0.647,4,post_relaunch
2025-11-01,TR17,Surat-Vadodara,West,Gujarat,T2,Retail Chemist,DePURA Kids 15 ml,283,34976.99,0.0707,0.671,4,post_relaunch
2025-11-01,TR18,Rajkot,West,Gujarat,T3,E-Pharmacy,DePURA Kids 10 ml,10,753.93,0.2022,0.679,6,post_relaunch
2025-11-01,TR18,Rajkot,West,Gujarat,T3,E-Pharmacy,DePURA Kids 15 ml,23,2444.99,0.2007,0.717,6,post_relaunch
2025-11-01,TR18,Rajkot,West,Gujarat,T3,Hospital Pharmacy,DePURA Kids 10 ml,14,1245.21,0.0588,0.727,6,post_relaunch
2025-11-01,TR18,Rajkot,West,Gujarat,T3,Hospital Pharmacy,DePURA Kids 15 ml,38,4683.08,0.0734,0.683,6,post_relaunch
2025-11-01,TR18,Rajkot,West,Gujarat,T3,Pharmacy Chain,DePURA Kids 10 ml,9,731.88,0.1395,0.658,6,post_relaunch
2025-11-01,TR18,Rajkot,West,Gujarat,T3,Pharmacy Chain,DePURA Kids 15 ml,22,2556.2,0.1264,0.659,6,post_relaunch
2025-11-01,TR18,Rajkot,West,Gujarat,T3,Retail Chemist,DePURA Kids 10 ml,80,6851.88,0.0937,0.689,6,post_relaunch
2025-11-01,TR18,Rajkot,West,Gujarat,T3,Retail Chemist,DePURA Kids 15 ml,199,24053.06,0.0912,0.654,6,post_relaunch
2025-11-01,TR19,Indore,Central,Madhya Pradesh,T2,E-Pharmacy,DePURA Kids 10 ml,27,2020.48,0.2081,0.679,5,post_relaunch
2025-11-01,TR19,Indore,Central,Madhya Pradesh,T2,E-Pharmacy,DePURA Kids 15 ml,103,10863.96,0.15685,0.677,5,post_relaunch
2025-11-01,TR19,Indore,Central,Madhya Pradesh,T2,Hospital Pharmacy,DePURA Kids 10 ml,26,2286.5,0.0694,0.662,5,post_relaunch
2025-11-01,TR19,Indore,Central,Madhya Pradesh,T2,Hospital Pharmacy,DePURA Kids 15 ml,89,10998.01,0.0709,0.67,5,post_relaunch
2025-11-01,TR19,Indore,Central,Madhya Pradesh,T2,Pharmacy Chain,DePURA Kids 10 ml,30,2488.08,0.1224,0.65,5,post_relaunch
2025-11-01,TR19,Indore,Central,Madhya Pradesh,T2,Pharmacy Chain,DePURA Kids 15 ml,109,12799.3,0.1171,0.648,5,post_relaunch
2025-11-01,TR19,Indore,Central,Madhya Pradesh,T2,Retail Chemist,DePURA Kids 10 ml,119,10497.26,0.0665,0.649,5,post_relaunch
2025-11-01,TR19,Indore,Central,Madhya Pradesh,T2,Retail Chemist,DePURA Kids 15 ml,372,45280.37,0.0848,0.671,5,post_relaunch
2025-11-01,TR20,Bhopal,Central,Madhya Pradesh,T2,E-Pharmacy,DePURA Kids 10 ml,11,821.15,0.2101,0.682,3,post_relaunch
2025-11-01,TR20,Bhopal,Central,Madhya Pradesh,T2,E-Pharmacy,DePURA Kids 15 ml,34,3605.0,0.2028,0.654,3,post_relaunch
2025-11-01,TR20,Bhopal,Central,Madhya Pradesh,T2,Hospital Pharmacy,DePURA Kids 10 ml,10,854.98,0.0953,0.634,3,post_relaunch
2025-11-01,TR20,Bhopal,Central,Madhya Pradesh,T2,Hospital Pharmacy,DePURA Kids 15 ml,47,5854.7,0.0634,0.69,3,post_relaunch
2025-11-01,TR20,Bhopal,Central,Madhya Pradesh,T2,Pharmacy Chain,DePURA Kids 10 ml,8,663.27,0.1227,0.654,3,post_relaunch
2025-11-01,TR20,Bhopal,Central,Madhya Pradesh,T2,Pharmacy Chain,DePURA Kids 15 ml,42,4787.45,0.143,0.647,3,post_relaunch
2025-11-01,TR20,Bhopal,Central,Madhya Pradesh,T2,Retail Chemist,DePURA Kids 10 ml,38,3357.86,0.0649,0.689,3,post_relaunch
2025-11-01,TR20,Bhopal,Central,Madhya Pradesh,T2,Retail Chemist,DePURA Kids 15 ml,145,17325.62,0.1016,0.663,3,post_relaunch
2025-11-01,TR21,Jabalpur,Central,Madhya Pradesh,T3,E-Pharmacy,DePURA Kids 10 ml,9,672.19,0.2096,0.893,4,post_relaunch
2025-11-01,TR21,Jabalpur,Central,Madhya Pradesh,T3,E-Pharmacy,DePURA Kids 15 ml,18,1939.95,0.1897,0.891,4,post_relaunch
2025-11-01,TR21,Jabalpur,Central,Madhya Pradesh,T3,Hospital Pharmacy,DePURA Kids 10 ml,12,1045.82,0.0778,0.845,4,post_relaunch
2025-11-01,TR21,Jabalpur,Central,Madhya Pradesh,T3,Hospital Pharmacy,DePURA Kids 15 ml,32,3855.27,0.0942,0.911,4,post_relaunch
2025-11-01,TR21,Jabalpur,Central,Madhya Pradesh,T3,Pharmacy Chain,DePURA Kids 10 ml,7,574.32,0.1318,0.819,4,post_relaunch
2025-11-01,TR21,Jabalpur,Central,Madhya Pradesh,T3,Pharmacy Chain,DePURA Kids 15 ml,16,1854.12,0.1287,0.824,4,post_relaunch
2025-11-01,TR21,Jabalpur,Central,Madhya Pradesh,T3,Retail Chemist,DePURA Kids 10 ml,61,5325.19,0.0762,0.897,4,post_relaunch
2025-11-01,TR21,Jabalpur,Central,Madhya Pradesh,T3,Retail Chemist,DePURA Kids 15 ml,177,21457.79,0.0885,0.92,4,post_relaunch
2025-11-01,TR22,Raipur,Central,Chhattisgarh,T3,E-Pharmacy,DePURA Kids 10 ml,13,967.83,0.2122,0.771,5,post_relaunch
2025-11-01,TR22,Raipur,Central,Chhattisgarh,T3,E-Pharmacy,DePURA Kids 15 ml,36,3811.32,0.204,0.815,5,post_relaunch
2025-11-01,TR22,Raipur,Central,Chhattisgarh,T3,Hospital Pharmacy,DePURA Kids 10 ml,24,2127.27,0.0621,0.777,5,post_relaunch
2025-11-01,TR22,Raipur,Central,Chhattisgarh,T3,Hospital Pharmacy,DePURA Kids 15 ml,54,6591.18,0.0823,0.774,5,post_relaunch
2025-11-01,TR22,Raipur,Central,Chhattisgarh,T3,Pharmacy Chain,DePURA Kids 10 ml,14,1164.89,0.1195,0.764,5,post_relaunch
2025-11-01,TR22,Raipur,Central,Chhattisgarh,T3,Pharmacy Chain,DePURA Kids 15 ml,26,2940.8,0.1496,0.723,5,post_relaunch
2025-11-01,TR22,Raipur,Central,Chhattisgarh,T3,Retail Chemist,DePURA Kids 10 ml,128,11205.01,0.0737,0.754,5,post_relaunch
2025-11-01,TR22,Raipur,Central,Chhattisgarh,T3,Retail Chemist,DePURA Kids 15 ml,356,41975.95,0.1135,0.813,5,post_relaunch
2025-11-01,TR23,Bengaluru North,South,Karnataka,T1,E-Pharmacy,DePURA Kids 10 ml,74,5592.37,0.2003,0.866,10,post_relaunch
2025-11-01,TR23,Bengaluru North,South,Karnataka,T1,E-Pharmacy,DePURA Kids 15 ml,312,33407.24,0.1949,0.917,10,post_relaunch
2025-11-01,TR23,Bengaluru North,South,Karnataka,T1,Hospital Pharmacy,DePURA Kids 10 ml,47,4065.56,0.0846,0.919,10,post_relaunch
2025-11-01,TR23,Bengaluru North,South,Karnataka,T1,Hospital Pharmacy,DePURA Kids 15 ml,236,29176.85,0.0704,0.897,10,post_relaunch
2025-11-01,TR23,Bengaluru North,South,Karnataka,T1,Pharmacy Chain,DePURA Kids 10 ml,73,5981.18,0.133,0.901,10,post_relaunch
2025-11-01,TR23,Bengaluru North,South,Karnataka,T1,Pharmacy Chain,DePURA Kids 15 ml,313,35497.34,0.1473,0.924,10,post_relaunch
2025-11-01,TR23,Bengaluru North,South,Karnataka,T1,Retail Chemist,DePURA Kids 10 ml,187,16516.99,0.0653,0.886,10,post_relaunch
2025-11-01,TR23,Bengaluru North,South,Karnataka,T1,Retail Chemist,DePURA Kids 15 ml,888,107823.84,0.087,0.901,10,post_relaunch
2025-11-01,TR24,Bengaluru South,South,Karnataka,T1,E-Pharmacy,DePURA Kids 10 ml,84,6556.81,0.174,0.944,14,post_relaunch
2025-11-01,TR24,Bengaluru South,South,Karnataka,T1,E-Pharmacy,DePURA Kids 15 ml,369,39261.97,0.2,0.977,14,post_relaunch
2025-11-01,TR24,Bengaluru South,South,Karnataka,T1,Hospital Pharmacy,DePURA Kids 10 ml,66,5708.59,0.0847,0.961,14,post_relaunch
2025-11-01,TR24,Bengaluru South,South,Karnataka,T1,Hospital Pharmacy,DePURA Kids 15 ml,243,29482.69,0.0878,0.905,14,post_relaunch
2025-11-01,TR24,Bengaluru South,South,Karnataka,T1,Pharmacy Chain,DePURA Kids 10 ml,75,6111.4,0.1377,0.898,14,post_relaunch
2025-11-01,TR24,Bengaluru South,South,Karnataka,T1,Pharmacy Chain,DePURA Kids 15 ml,351,40482.76,0.1328,0.928,14,post_relaunch
2025-11-01,TR24,Bengaluru South,South,Karnataka,T1,Retail Chemist,DePURA Kids 10 ml,191,16591.51,0.0808,0.916,14,post_relaunch
2025-11-01,TR24,Bengaluru South,South,Karnataka,T1,Retail Chemist,DePURA Kids 15 ml,816,100003.56,0.0785,0.991,14,post_relaunch
2025-11-01,TR25,Mysuru-Mangaluru,South,Karnataka,T3,E-Pharmacy,DePURA Kids 10 ml,7,531.2,0.197,0.761,4,post_relaunch
2025-11-01,TR25,Mysuru-Mangaluru,South,Karnataka,T3,E-Pharmacy,DePURA Kids 15 ml,17,1814.99,0.1973,0.768,4,post_relaunch
2025-11-01,TR25,Mysuru-Mangaluru,South,Karnataka,T3,Hospital Pharmacy,DePURA Kids 10 ml,12,1088.7,0.0399,0.829,4,post_relaunch
2025-11-01,TR25,Mysuru-Mangaluru,South,Karnataka,T3,Hospital Pharmacy,DePURA Kids 15 ml,25,3130.43,0.0585,0.758,4,post_relaunch
2025-11-01,TR25,Mysuru-Mangaluru,South,Karnataka,T3,Pharmacy Chain,DePURA Kids 10 ml,6,489.61,0.1365,0.746,4,post_relaunch
2025-11-01,TR25,Mysuru-Mangaluru,South,Karnataka,T3,Pharmacy Chain,DePURA Kids 15 ml,19,2186.65,0.1347,0.742,4,post_relaunch
2025-11-01,TR25,Mysuru-Mangaluru,South,Karnataka,T3,Retail Chemist,DePURA Kids 10 ml,63,5391.65,0.0944,0.789,4,post_relaunch
2025-11-01,TR25,Mysuru-Mangaluru,South,Karnataka,T3,Retail Chemist,DePURA Kids 15 ml,129,15226.68,0.1125,0.75,4,post_relaunch
2025-11-01,TR26,Chennai,South,Tamil Nadu,T1,E-Pharmacy,DePURA Kids 10 ml,49,3721.8,0.1962,0.853,14,post_relaunch
2025-11-01,TR26,Chennai,South,Tamil Nadu,T1,E-Pharmacy,DePURA Kids 15 ml,256,27555.8,0.1907,0.813,14,post_relaunch
2025-11-01,TR26,Chennai,South,Tamil Nadu,T1,Hospital Pharmacy,DePURA Kids 10 ml,38,3311.57,0.0778,0.801,14,post_relaunch
2025-11-01,TR26,Chennai,South,Tamil Nadu,T1,Hospital Pharmacy,DePURA Kids 15 ml,173,21409.61,0.0695,0.82,14,post_relaunch
2025-11-01,TR26,Chennai,South,Tamil Nadu,T1,Pharmacy Chain,DePURA Kids 10 ml,63,5202.58,0.1261,0.841,14,post_relaunch
2025-11-01,TR26,Chennai,South,Tamil Nadu,T1,Pharmacy Chain,DePURA Kids 15 ml,293,33715.24,0.1348,0.776,14,post_relaunch
2025-11-01,TR26,Chennai,South,Tamil Nadu,T1,Retail Chemist,DePURA Kids 10 ml,123,10634.33,0.0851,0.792,14,post_relaunch
2025-11-01,TR26,Chennai,South,Tamil Nadu,T1,Retail Chemist,DePURA Kids 15 ml,557,67637.71,0.087,0.819,14,post_relaunch
2025-11-01,TR27,Coimbatore-Madurai,South,Tamil Nadu,T2,E-Pharmacy,DePURA Kids 10 ml,26,1962.94,0.2011,0.88,7,post_relaunch
2025-11-01,TR27,Coimbatore-Madurai,South,Tamil Nadu,T2,E-Pharmacy,DePURA Kids 15 ml,79,8532.54,0.15685,0.895,7,post_relaunch
2025-11-01,TR27,Coimbatore-Madurai,South,Tamil Nadu,T2,Hospital Pharmacy,DePURA Kids 10 ml,29,2524.64,0.0788,0.8,7,post_relaunch
2025-11-01,TR27,Coimbatore-Madurai,South,Tamil Nadu,T2,Hospital Pharmacy,DePURA Kids 15 ml,111,13639.95,0.0761,0.855,7,post_relaunch
2025-11-01,TR27,Coimbatore-Madurai,South,Tamil Nadu,T2,Pharmacy Chain,DePURA Kids 10 ml,23,1898.22,0.1267,0.834,7,post_relaunch
2025-11-01,TR27,Coimbatore-Madurai,South,Tamil Nadu,T2,Pharmacy Chain,DePURA Kids 15 ml,79,9191.59,0.1252,0.895,7,post_relaunch
2025-11-01,TR27,Coimbatore-Madurai,South,Tamil Nadu,T2,Retail Chemist,DePURA Kids 10 ml,118,10259.62,0.0799,0.846,7,post_relaunch
2025-11-01,TR27,Coimbatore-Madurai,South,Tamil Nadu,T2,Retail Chemist,DePURA Kids 15 ml,456,54077.25,0.1083,0.869,7,post_relaunch
2025-11-01,TR28,Hyderabad,South,Telangana,T1,E-Pharmacy,DePURA Kids 10 ml,94,7106.41,0.2,0.877,8,post_relaunch
2025-11-01,TR28,Hyderabad,South,Telangana,T1,E-Pharmacy,DePURA Kids 15 ml,352,37309.25,0.2031,0.919,8,post_relaunch
2025-11-01,TR28,Hyderabad,South,Telangana,T1,Hospital Pharmacy,DePURA Kids 10 ml,54,4757.76,0.0677,0.831,8,post_relaunch
2025-11-01,TR28,Hyderabad,South,Telangana,T1,Hospital Pharmacy,DePURA Kids 15 ml,269,34101.67,0.0468,0.926,8,post_relaunch
2025-11-01,TR28,Hyderabad,South,Telangana,T1,Pharmacy Chain,DePURA Kids 10 ml,83,6916.19,0.1182,0.9,8,post_relaunch
2025-11-01,TR28,Hyderabad,South,Telangana,T1,Pharmacy Chain,DePURA Kids 15 ml,398,45721.38,0.1363,0.866,8,post_relaunch
2025-11-01,TR28,Hyderabad,South,Telangana,T1,Retail Chemist,DePURA Kids 10 ml,190,16684.72,0.0707,0.841,8,post_relaunch
2025-11-01,TR28,Hyderabad,South,Telangana,T1,Retail Chemist,DePURA Kids 15 ml,1015,124084.89,0.0808,0.889,8,post_relaunch
2025-11-01,TR29,Vijayawada-Vizag,South,Andhra Pradesh,T2,E-Pharmacy,DePURA Kids 10 ml,9,680.44,0.2,0.794,4,post_relaunch
2025-11-01,TR29,Vijayawada-Vizag,South,Andhra Pradesh,T2,E-Pharmacy,DePURA Kids 15 ml,21,2268.43,0.1878,0.817,4,post_relaunch
2025-11-01,TR29,Vijayawada-Vizag,South,Andhra Pradesh,T2,Hospital Pharmacy,DePURA Kids 10 ml,9,819.23,0.0368,0.831,4,post_relaunch
2025-11-01,TR29,Vijayawada-Vizag,South,Andhra Pradesh,T2,Hospital Pharmacy,DePURA Kids 15 ml,40,4916.91,0.0758,0.797,4,post_relaunch
2025-11-01,TR29,Vijayawada-Vizag,South,Andhra Pradesh,T2,Pharmacy Chain,DePURA Kids 10 ml,11,893.6,0.1404,0.871,4,post_relaunch
2025-11-01,TR29,Vijayawada-Vizag,South,Andhra Pradesh,T2,Pharmacy Chain,DePURA Kids 15 ml,42,4880.77,0.1262,0.864,4,post_relaunch
2025-11-01,TR29,Vijayawada-Vizag,South,Andhra Pradesh,T2,Retail Chemist,DePURA Kids 10 ml,46,4029.73,0.073,0.785,4,post_relaunch
2025-11-01,TR29,Vijayawada-Vizag,South,Andhra Pradesh,T2,Retail Chemist,DePURA Kids 15 ml,147,18128.95,0.0727,0.817,4,post_relaunch
2025-11-01,TR30,Kochi-Trivandrum,South,Kerala,T2,E-Pharmacy,DePURA Kids 10 ml,29,2259.79,0.1754,0.796,4,post_relaunch
2025-11-01,TR30,Kochi-Trivandrum,South,Kerala,T2,E-Pharmacy,DePURA Kids 15 ml,89,9774.36,0.1743,0.792,4,post_relaunch
2025-11-01,TR30,Kochi-Trivandrum,South,Kerala,T2,Hospital Pharmacy,DePURA Kids 10 ml,34,2971.61,0.0751,0.791,4,post_relaunch
2025-11-01,TR30,Kochi-Trivandrum,South,Kerala,T2,Hospital Pharmacy,DePURA Kids 15 ml,73,8804.48,0.0932,0.684,4,post_relaunch
2025-11-01,TR30,Kochi-Trivandrum,South,Kerala,T2,Pharmacy Chain,DePURA Kids 10 ml,38,3151.14,0.1225,0.806,4,post_relaunch
2025-11-01,TR30,Kochi-Trivandrum,South,Kerala,T2,Pharmacy Chain,DePURA Kids 15 ml,124,14354.23,0.1296,0.803,4,post_relaunch
2025-11-01,TR30,Kochi-Trivandrum,South,Kerala,T2,Retail Chemist,DePURA Kids 10 ml,113,9721.19,0.0896,0.775,4,post_relaunch
2025-11-01,TR30,Kochi-Trivandrum,South,Kerala,T2,Retail Chemist,DePURA Kids 15 ml,438,52493.61,0.0989,0.789,4,post_relaunch
2025-11-01,TR31,Kolkata,East,West Bengal,T1,E-Pharmacy,DePURA Kids 10 ml,47,3518.74,0.2078,0.957,14,post_relaunch
2025-11-01,TR31,Kolkata,East,West Bengal,T1,E-Pharmacy,DePURA Kids 15 ml,273,28138.1,0.225,0.897,14,post_relaunch
2025-11-01,TR31,Kolkata,East,West Bengal,T1,Hospital Pharmacy,DePURA Kids 10 ml,40,3405.6,0.099,0.914,14,post_relaunch
2025-11-01,TR31,Kolkata,East,West Bengal,T1,Hospital Pharmacy,DePURA Kids 15 ml,204,25349.77,0.0657,0.933,14,post_relaunch
2025-11-01,TR31,Kolkata,East,West Bengal,T1,Pharmacy Chain,DePURA Kids 10 ml,49,4005.13,0.1351,0.886,14,post_relaunch
2025-11-01,TR31,Kolkata,East,West Bengal,T1,Pharmacy Chain,DePURA Kids 15 ml,222,25283.71,0.1437,0.977,14,post_relaunch
2025-11-01,TR31,Kolkata,East,West Bengal,T1,Retail Chemist,DePURA Kids 10 ml,112,9551.82,0.0975,0.898,14,post_relaunch
2025-11-01,TR31,Kolkata,East,West Bengal,T1,Retail Chemist,DePURA Kids 15 ml,644,78014.47,0.0892,0.961,14,post_relaunch
2025-11-01,TR32,Siliguri-Durgapur,East,West Bengal,T3,E-Pharmacy,DePURA Kids 10 ml,10,746.44,0.2101,0.864,3,post_relaunch
2025-11-01,TR32,Siliguri-Durgapur,East,West Bengal,T3,E-Pharmacy,DePURA Kids 15 ml,22,2363.83,0.1921,0.764,3,post_relaunch
2025-11-01,TR32,Siliguri-Durgapur,East,West Bengal,T3,Hospital Pharmacy,DePURA Kids 10 ml,12,1058.02,0.067,0.79,3,post_relaunch
2025-11-01,TR32,Siliguri-Durgapur,East,West Bengal,T3,Hospital Pharmacy,DePURA Kids 15 ml,29,3624.64,0.0602,0.815,3,post_relaunch
2025-11-01,TR32,Siliguri-Durgapur,East,West Bengal,T3,Pharmacy Chain,DePURA Kids 10 ml,6,500.49,0.1173,0.724,3,post_relaunch
2025-11-01,TR32,Siliguri-Durgapur,East,West Bengal,T3,Pharmacy Chain,DePURA Kids 15 ml,17,1966.15,0.1304,0.747,3,post_relaunch
2025-11-01,TR32,Siliguri-Durgapur,East,West Bengal,T3,Retail Chemist,DePURA Kids 10 ml,55,4719.05,0.0921,0.756,3,post_relaunch
2025-11-01,TR32,Siliguri-Durgapur,East,West Bengal,T3,Retail Chemist,DePURA Kids 15 ml,172,20694.62,0.0954,0.803,3,post_relaunch
2025-11-01,TR33,Patna,East,Bihar,T2,E-Pharmacy,DePURA Kids 10 ml,16,1194.13,0.2102,0.806,5,post_relaunch
2025-11-01,TR33,Patna,East,Bihar,T2,E-Pharmacy,DePURA Kids 15 ml,49,5256.84,0.1934,0.804,5,post_relaunch
2025-11-01,TR33,Patna,East,Bihar,T2,Hospital Pharmacy,DePURA Kids 10 ml,14,1223.41,0.0753,0.773,5,post_relaunch
2025-11-01,TR33,Patna,East,Bihar,T2,Hospital Pharmacy,DePURA Kids 15 ml,52,6431.46,0.0701,0.852,5,post_relaunch
2025-11-01,TR33,Patna,East,Bihar,T2,Pharmacy Chain,DePURA Kids 10 ml,13,1065.55,0.1326,0.855,5,post_relaunch
2025-11-01,TR33,Patna,East,Bihar,T2,Pharmacy Chain,DePURA Kids 15 ml,50,5716.94,0.1403,0.806,5,post_relaunch
2025-11-01,TR33,Patna,East,Bihar,T2,Retail Chemist,DePURA Kids 10 ml,82,7050.52,0.0901,0.827,5,post_relaunch
2025-11-01,TR33,Patna,East,Bihar,T2,Retail Chemist,DePURA Kids 15 ml,250,30210.76,0.0914,0.785,5,post_relaunch
2025-11-01,TR34,Ranchi,East,Jharkhand,T3,E-Pharmacy,DePURA Kids 10 ml,7,525.18,0.2061,0.763,5,post_relaunch
2025-11-01,TR34,Ranchi,East,Jharkhand,T3,E-Pharmacy,DePURA Kids 15 ml,18,1927.24,0.195,0.748,5,post_relaunch
2025-11-01,TR34,Ranchi,East,Jharkhand,T3,Hospital Pharmacy,DePURA Kids 10 ml,10,877.0,0.072,0.71,5,post_relaunch
2025-11-01,TR34,Ranchi,East,Jharkhand,T3,Hospital Pharmacy,DePURA Kids 15 ml,27,3366.94,0.0624,0.773,5,post_relaunch
2025-11-01,TR34,Ranchi,East,Jharkhand,T3,Pharmacy Chain,DePURA Kids 10 ml,7,571.46,0.1361,0.716,5,post_relaunch
2025-11-01,TR34,Ranchi,East,Jharkhand,T3,Pharmacy Chain,DePURA Kids 15 ml,14,1608.72,0.136,0.686,5,post_relaunch
2025-11-01,TR34,Ranchi,East,Jharkhand,T3,Retail Chemist,DePURA Kids 10 ml,61,5358.73,0.0704,0.699,5,post_relaunch
2025-11-01,TR34,Ranchi,East,Jharkhand,T3,Retail Chemist,DePURA Kids 15 ml,130,15712.79,0.0912,0.785,5,post_relaunch
2025-11-01,TR35,Bhubaneswar,East,Odisha,T2,E-Pharmacy,DePURA Kids 10 ml,19,1431.17,0.2029,0.916,5,post_relaunch
2025-11-01,TR35,Bhubaneswar,East,Odisha,T2,E-Pharmacy,DePURA Kids 15 ml,54,5679.08,0.2093,0.872,5,post_relaunch
2025-11-01,TR35,Bhubaneswar,East,Odisha,T2,Hospital Pharmacy,DePURA Kids 10 ml,15,1315.96,0.0716,0.847,5,post_relaunch
2025-11-01,TR35,Bhubaneswar,East,Odisha,T2,Hospital Pharmacy,DePURA Kids 15 ml,57,7151.06,0.0567,0.834,5,post_relaunch
2025-11-01,TR35,Bhubaneswar,East,Odisha,T2,Pharmacy Chain,DePURA Kids 10 ml,17,1368.45,0.1482,0.863,5,post_relaunch
2025-11-01,TR35,Bhubaneswar,East,Odisha,T2,Pharmacy Chain,DePURA Kids 15 ml,53,6160.96,0.126,0.851,5,post_relaunch
2025-11-01,TR35,Bhubaneswar,East,Odisha,T2,Retail Chemist,DePURA Kids 10 ml,62,5371.81,0.0832,0.836,5,post_relaunch
2025-11-01,TR35,Bhubaneswar,East,Odisha,T2,Retail Chemist,DePURA Kids 15 ml,192,22810.28,0.1067,0.875,5,post_relaunch
2025-11-01,TR36,Guwahati,East,Assam,T2,E-Pharmacy,DePURA Kids 10 ml,32,2438.97,0.1935,0.822,7,post_relaunch
2025-11-01,TR36,Guwahati,East,Assam,T2,E-Pharmacy,DePURA Kids 15 ml,75,7940.62,0.2039,0.827,7,post_relaunch
2025-11-01,TR36,Guwahati,East,Assam,T2,Hospital Pharmacy,DePURA Kids 10 ml,25,2180.69,0.077,0.786,7,post_relaunch
2025-11-01,TR36,Guwahati,East,Assam,T2,Hospital Pharmacy,DePURA Kids 15 ml,71,8528.83,0.0968,0.747,7,post_relaunch
2025-11-01,TR36,Guwahati,East,Assam,T2,Pharmacy Chain,DePURA Kids 10 ml,24,1967.72,0.1324,0.782,7,post_relaunch
2025-11-01,TR36,Guwahati,East,Assam,T2,Pharmacy Chain,DePURA Kids 15 ml,81,9248.94,0.1415,0.763,7,post_relaunch
2025-11-01,TR36,Guwahati,East,Assam,T2,Retail Chemist,DePURA Kids 10 ml,123,10452.82,0.1007,0.787,7,post_relaunch
2025-11-01,TR36,Guwahati,East,Assam,T2,Retail Chemist,DePURA Kids 15 ml,374,44547.5,0.1044,0.814,7,post_relaunch
2025-12-01,TR01,Delhi North,North,Delhi,T1,E-Pharmacy,DePURA Kids 10 ml,83,6243.19,0.204,0.959,15,post_relaunch
2025-12-01,TR01,Delhi North,North,Delhi,T1,E-Pharmacy,DePURA Kids 15 ml,580,60600.9,0.2144,0.988,15,post_relaunch
2025-12-01,TR01,Delhi North,North,Delhi,T1,Hospital Pharmacy,DePURA Kids 10 ml,93,8150.99,0.0725,0.971,15,post_relaunch
2025-12-01,TR01,Delhi North,North,Delhi,T1,Hospital Pharmacy,DePURA Kids 15 ml,399,49408.27,0.0689,0.901,15,post_relaunch
2025-12-01,TR01,Delhi North,North,Delhi,T1,Pharmacy Chain,DePURA Kids 10 ml,132,10806.03,0.1337,0.999,15,post_relaunch
2025-12-01,TR01,Delhi North,North,Delhi,T1,Pharmacy Chain,DePURA Kids 15 ml,612,70376.62,0.1354,0.941,15,post_relaunch
2025-12-01,TR01,Delhi North,North,Delhi,T1,Retail Chemist,DePURA Kids 10 ml,297,25618.74,0.0872,0.956,15,post_relaunch
2025-12-01,TR01,Delhi North,North,Delhi,T1,Retail Chemist,DePURA Kids 15 ml,1314,155086.23,0.1126,0.935,15,post_relaunch
2025-12-01,TR02,Delhi South,North,Delhi,T1,E-Pharmacy,DePURA Kids 10 ml,65,4797.7,0.2189,0.748,11,post_relaunch
2025-12-01,TR02,Delhi South,North,Delhi,T1,E-Pharmacy,DePURA Kids 15 ml,351,37092.89,0.2054,0.753,11,post_relaunch
2025-12-01,TR02,Delhi South,North,Delhi,T1,Hospital Pharmacy,DePURA Kids 10 ml,42,3699.45,0.0679,0.661,11,post_relaunch
2025-12-01,TR02,Delhi South,North,Delhi,T1,Hospital Pharmacy,DePURA Kids 15 ml,179,22270.65,0.0645,0.676,11,post_relaunch
2025-12-01,TR02,Delhi South,North,Delhi,T1,Pharmacy Chain,DePURA Kids 10 ml,71,6026.02,0.1019,0.653,11,post_relaunch
2025-12-01,TR02,Delhi South,North,Delhi,T1,Pharmacy Chain,DePURA Kids 15 ml,319,37269.44,0.1216,0.729,11,post_relaunch
2025-12-01,TR02,Delhi South,North,Delhi,T1,Retail Chemist,DePURA Kids 10 ml,176,14897.69,0.1043,0.722,11,post_relaunch
2025-12-01,TR02,Delhi South,North,Delhi,T1,Retail Chemist,DePURA Kids 15 ml,617,73662.44,0.1023,0.711,11,post_relaunch
2025-12-01,TR03,Noida-Ghaziabad,North,Uttar Pradesh,T2,E-Pharmacy,DePURA Kids 10 ml,23,1765.84,0.1876,0.92,5,post_relaunch
2025-12-01,TR03,Noida-Ghaziabad,North,Uttar Pradesh,T2,E-Pharmacy,DePURA Kids 15 ml,69,7423.6,0.1911,0.823,5,post_relaunch
2025-12-01,TR03,Noida-Ghaziabad,North,Uttar Pradesh,T2,Hospital Pharmacy,DePURA Kids 10 ml,22,1921.19,0.0759,0.882,5,post_relaunch
2025-12-01,TR03,Noida-Ghaziabad,North,Uttar Pradesh,T2,Hospital Pharmacy,DePURA Kids 15 ml,64,7998.49,0.0603,0.892,5,post_relaunch
2025-12-01,TR03,Noida-Ghaziabad,North,Uttar Pradesh,T2,Pharmacy Chain,DePURA Kids 10 ml,23,1914.48,0.1192,0.846,5,post_relaunch
2025-12-01,TR03,Noida-Ghaziabad,North,Uttar Pradesh,T2,Pharmacy Chain,DePURA Kids 15 ml,74,8685.83,0.1175,0.816,5,post_relaunch
2025-12-01,TR03,Noida-Ghaziabad,North,Uttar Pradesh,T2,Retail Chemist,DePURA Kids 10 ml,113,9882.34,0.0746,0.811,5,post_relaunch
2025-12-01,TR03,Noida-Ghaziabad,North,Uttar Pradesh,T2,Retail Chemist,DePURA Kids 15 ml,361,43532.07,0.0933,0.925,5,post_relaunch
2025-12-01,TR04,Gurugram-Faridabad,North,Haryana,T2,E-Pharmacy,DePURA Kids 10 ml,21,1563.28,0.2123,0.845,7,post_relaunch
2025-12-01,TR04,Gurugram-Faridabad,North,Haryana,T2,E-Pharmacy,DePURA Kids 15 ml,69,7252.56,0.2097,0.864,7,post_relaunch
2025-12-01,TR04,Gurugram-Faridabad,North,Haryana,T2,Hospital Pharmacy,DePURA Kids 10 ml,23,1995.82,0.0817,0.822,7,post_relaunch
2025-12-01,TR04,Gurugram-Faridabad,North,Haryana,T2,Hospital Pharmacy,DePURA Kids 15 ml,68,8482.89,0.062,0.861,7,post_relaunch
2025-12-01,TR04,Gurugram-Faridabad,North,Haryana,T2,Pharmacy Chain,DePURA Kids 10 ml,26,2161.69,0.1202,0.853,7,post_relaunch
2025-12-01,TR04,Gurugram-Faridabad,North,Haryana,T2,Pharmacy Chain,DePURA Kids 15 ml,77,8892.26,0.1317,0.882,7,post_relaunch
2025-12-01,TR04,Gurugram-Faridabad,North,Haryana,T2,Retail Chemist,DePURA Kids 10 ml,109,9373.69,0.09,0.904,7,post_relaunch
2025-12-01,TR04,Gurugram-Faridabad,North,Haryana,T2,Retail Chemist,DePURA Kids 15 ml,357,42698.45,0.1007,0.875,7,post_relaunch
2025-12-01,TR05,Lucknow,North,Uttar Pradesh,T2,E-Pharmacy,DePURA Kids 10 ml,22,1640.08,0.2111,0.725,6,post_relaunch
2025-12-01,TR05,Lucknow,North,Uttar Pradesh,T2,E-Pharmacy,DePURA Kids 15 ml,83,8988.13,0.1858,0.759,6,post_relaunch
2025-12-01,TR05,Lucknow,North,Uttar Pradesh,T2,Hospital Pharmacy,DePURA Kids 10 ml,26,2307.44,0.0609,0.791,6,post_relaunch
2025-12-01,TR05,Lucknow,North,Uttar Pradesh,T2,Hospital Pharmacy,DePURA Kids 15 ml,89,11100.61,0.0622,0.745,6,post_relaunch
2025-12-01,TR05,Lucknow,North,Uttar Pradesh,T2,Pharmacy Chain,DePURA Kids 10 ml,27,2224.52,0.1282,0.767,6,post_relaunch
2025-12-01,TR05,Lucknow,North,Uttar Pradesh,T2,Pharmacy Chain,DePURA Kids 15 ml,84,9828.79,0.1202,0.785,6,post_relaunch
2025-12-01,TR05,Lucknow,North,Uttar Pradesh,T2,Retail Chemist,DePURA Kids 10 ml,93,7898.66,0.1013,0.708,6,post_relaunch
2025-12-01,TR05,Lucknow,North,Uttar Pradesh,T2,Retail Chemist,DePURA Kids 15 ml,361,43489.06,0.0942,0.8,6,post_relaunch
2025-12-01,TR06,Kanpur-Agra,North,Uttar Pradesh,T2,E-Pharmacy,DePURA Kids 10 ml,27,2040.93,0.2001,0.695,5,post_relaunch
2025-12-01,TR06,Kanpur-Agra,North,Uttar Pradesh,T2,E-Pharmacy,DePURA Kids 15 ml,96,9889.57,0.2254,0.723,5,post_relaunch
2025-12-01,TR06,Kanpur-Agra,North,Uttar Pradesh,T2,Hospital Pharmacy,DePURA Kids 10 ml,19,1687.25,0.0603,0.686,5,post_relaunch
2025-12-01,TR06,Kanpur-Agra,North,Uttar Pradesh,T2,Hospital Pharmacy,DePURA Kids 15 ml,59,7452.08,0.0503,0.684,5,post_relaunch
2025-12-01,TR06,Kanpur-Agra,North,Uttar Pradesh,T2,Pharmacy Chain,DePURA Kids 10 ml,22,1776.86,0.1453,0.639,5,post_relaunch
2025-12-01,TR06,Kanpur-Agra,North,Uttar Pradesh,T2,Pharmacy Chain,DePURA Kids 15 ml,92,10524.63,0.1399,0.709,5,post_relaunch
2025-12-01,TR06,Kanpur-Agra,North,Uttar Pradesh,T2,Retail Chemist,DePURA Kids 10 ml,130,11286.61,0.0813,0.662,5,post_relaunch
2025-12-01,TR06,Kanpur-Agra,North,Uttar Pradesh,T2,Retail Chemist,DePURA Kids 15 ml,343,41302.89,0.0946,0.673,5,post_relaunch
2025-12-01,TR07,Varanasi-Gorakhpur,North,Uttar Pradesh,T3,E-Pharmacy,DePURA Kids 10 ml,3,228.6,0.1937,0.642,3,post_relaunch
2025-12-01,TR07,Varanasi-Gorakhpur,North,Uttar Pradesh,T3,E-Pharmacy,DePURA Kids 15 ml,7,731.26,0.2145,0.656,3,post_relaunch
2025-12-01,TR07,Varanasi-Gorakhpur,North,Uttar Pradesh,T3,Hospital Pharmacy,DePURA Kids 10 ml,4,342.3,0.0944,0.627,3,post_relaunch
2025-12-01,TR07,Varanasi-Gorakhpur,North,Uttar Pradesh,T3,Hospital Pharmacy,DePURA Kids 15 ml,12,1483.81,0.0703,0.608,3,post_relaunch
2025-12-01,TR07,Varanasi-Gorakhpur,North,Uttar Pradesh,T3,Pharmacy Chain,DePURA Kids 10 ml,3,243.58,0.1408,0.665,3,post_relaunch
2025-12-01,TR07,Varanasi-Gorakhpur,North,Uttar Pradesh,T3,Pharmacy Chain,DePURA Kids 15 ml,7,822.7,0.1163,0.58,3,post_relaunch
2025-12-01,TR07,Varanasi-Gorakhpur,North,Uttar Pradesh,T3,Retail Chemist,DePURA Kids 10 ml,28,2401.91,0.0922,0.648,3,post_relaunch
2025-12-01,TR07,Varanasi-Gorakhpur,North,Uttar Pradesh,T3,Retail Chemist,DePURA Kids 15 ml,74,9076.45,0.0778,0.564,3,post_relaunch
2025-12-01,TR08,Chandigarh-Mohali,North,Chandigarh,T2,E-Pharmacy,DePURA Kids 10 ml,21,1578.02,0.2048,0.748,6,post_relaunch
2025-12-01,TR08,Chandigarh-Mohali,North,Chandigarh,T2,E-Pharmacy,DePURA Kids 15 ml,66,7151.47,0.1853,0.715,6,post_relaunch
2025-12-01,TR08,Chandigarh-Mohali,North,Chandigarh,T2,Hospital Pharmacy,DePURA Kids 10 ml,18,1580.42,0.0709,0.677,6,post_relaunch
2025-12-01,TR08,Chandigarh-Mohali,North,Chandigarh,T2,Hospital Pharmacy,DePURA Kids 15 ml,55,6998.29,0.0433,0.686,6,post_relaunch
2025-12-01,TR08,Chandigarh-Mohali,North,Chandigarh,T2,Pharmacy Chain,DePURA Kids 10 ml,21,1709.29,0.1387,0.724,6,post_relaunch
2025-12-01,TR08,Chandigarh-Mohali,North,Chandigarh,T2,Pharmacy Chain,DePURA Kids 15 ml,68,7830.03,0.1342,0.73,6,post_relaunch
2025-12-01,TR08,Chandigarh-Mohali,North,Chandigarh,T2,Retail Chemist,DePURA Kids 10 ml,74,6381.04,0.0875,0.621,6,post_relaunch
2025-12-01,TR08,Chandigarh-Mohali,North,Chandigarh,T2,Retail Chemist,DePURA Kids 15 ml,260,31767.45,0.0813,0.669,6,post_relaunch
2025-12-01,TR09,Ludhiana-Amritsar,North,Punjab,T2,E-Pharmacy,DePURA Kids 10 ml,16,1208.28,0.2009,0.777,6,post_relaunch
2025-12-01,TR09,Ludhiana-Amritsar,North,Punjab,T2,E-Pharmacy,DePURA Kids 15 ml,57,5974.89,0.2119,0.764,6,post_relaunch
2025-12-01,TR09,Ludhiana-Amritsar,North,Punjab,T2,Hospital Pharmacy,DePURA Kids 10 ml,18,1615.83,0.0501,0.843,6,post_relaunch
2025-12-01,TR09,Ludhiana-Amritsar,North,Punjab,T2,Hospital Pharmacy,DePURA Kids 15 ml,65,8061.05,0.0675,0.728,6,post_relaunch
2025-12-01,TR09,Ludhiana-Amritsar,North,Punjab,T2,Pharmacy Chain,DePURA Kids 10 ml,18,1492.97,0.1223,0.815,6,post_relaunch
2025-12-01,TR09,Ludhiana-Amritsar,North,Punjab,T2,Pharmacy Chain,DePURA Kids 15 ml,45,5255.61,0.1219,0.752,6,post_relaunch
2025-12-01,TR09,Ludhiana-Amritsar,North,Punjab,T2,Retail Chemist,DePURA Kids 10 ml,72,6113.8,0.1014,0.768,6,post_relaunch
2025-12-01,TR09,Ludhiana-Amritsar,North,Punjab,T2,Retail Chemist,DePURA Kids 15 ml,326,39270.88,0.0943,0.828,6,post_relaunch
2025-12-01,TR10,Jaipur,North,Rajasthan,T2,E-Pharmacy,DePURA Kids 10 ml,7,527.23,0.203,0.664,6,post_relaunch
2025-12-01,TR10,Jaipur,North,Rajasthan,T2,E-Pharmacy,DePURA Kids 15 ml,25,2678.43,0.1945,0.714,6,post_relaunch
2025-12-01,TR10,Jaipur,North,Rajasthan,T2,Hospital Pharmacy,DePURA Kids 10 ml,7,609.02,0.0793,0.645,6,post_relaunch
2025-12-01,TR10,Jaipur,North,Rajasthan,T2,Hospital Pharmacy,DePURA Kids 15 ml,29,3607.95,0.0646,0.695,6,post_relaunch
2025-12-01,TR10,Jaipur,North,Rajasthan,T2,Pharmacy Chain,DePURA Kids 10 ml,9,741.19,0.1285,0.708,6,post_relaunch
2025-12-01,TR10,Jaipur,North,Rajasthan,T2,Pharmacy Chain,DePURA Kids 15 ml,23,2605.53,0.1482,0.617,6,post_relaunch
2025-12-01,TR10,Jaipur,North,Rajasthan,T2,Retail Chemist,DePURA Kids 10 ml,38,3282.83,0.0858,0.739,6,post_relaunch
2025-12-01,TR10,Jaipur,North,Rajasthan,T2,Retail Chemist,DePURA Kids 15 ml,108,13195.92,0.0813,0.684,6,post_relaunch
2025-12-01,TR11,Dehradun,North,Uttarakhand,T3,E-Pharmacy,DePURA Kids 10 ml,9,684.48,0.15685,0.831,6,post_relaunch
2025-12-01,TR11,Dehradun,North,Uttarakhand,T3,E-Pharmacy,DePURA Kids 15 ml,21,2261.18,0.1904,0.852,6,post_relaunch
2025-12-01,TR11,Dehradun,North,Uttarakhand,T3,Hospital Pharmacy,DePURA Kids 10 ml,12,1049.84,0.0742,0.784,6,post_relaunch
2025-12-01,TR11,Dehradun,North,Uttarakhand,T3,Hospital Pharmacy,DePURA Kids 15 ml,29,3613.62,0.0631,0.837,6,post_relaunch
2025-12-01,TR11,Dehradun,North,Uttarakhand,T3,Pharmacy Chain,DePURA Kids 10 ml,7,578.1,0.1261,0.731,6,post_relaunch
2025-12-01,TR11,Dehradun,North,Uttarakhand,T3,Pharmacy Chain,DePURA Kids 15 ml,17,1997.07,0.1167,0.704,6,post_relaunch
2025-12-01,TR11,Dehradun,North,Uttarakhand,T3,Retail Chemist,DePURA Kids 10 ml,75,6353.21,0.1036,0.829,6,post_relaunch
2025-12-01,TR11,Dehradun,North,Uttarakhand,T3,Retail Chemist,DePURA Kids 15 ml,170,20279.6,0.1031,0.782,6,post_relaunch
2025-12-01,TR12,Mumbai West,West,Maharashtra,T1,E-Pharmacy,DePURA Kids 10 ml,28,2159.74,0.1838,0.882,9,post_relaunch
2025-12-01,TR12,Mumbai West,West,Maharashtra,T1,E-Pharmacy,DePURA Kids 15 ml,136,14572.05,0.1944,0.946,9,post_relaunch
2025-12-01,TR12,Mumbai West,West,Maharashtra,T1,Hospital Pharmacy,DePURA Kids 10 ml,17,1503.99,0.0638,0.917,9,post_relaunch
2025-12-01,TR12,Mumbai West,West,Maharashtra,T1,Hospital Pharmacy,DePURA Kids 15 ml,76,9500.46,0.0601,0.806,9,post_relaunch
2025-12-01,TR12,Mumbai West,West,Maharashtra,T1,Pharmacy Chain,DePURA Kids 10 ml,28,2279.4,0.1385,0.83,9,post_relaunch
2025-12-01,TR12,Mumbai West,West,Maharashtra,T1,Pharmacy Chain,DePURA Kids 15 ml,117,13288.34,0.146,0.849,9,post_relaunch
2025-12-01,TR12,Mumbai West,West,Maharashtra,T1,Retail Chemist,DePURA Kids 10 ml,70,5920.65,0.105,0.953,9,post_relaunch
2025-12-01,TR12,Mumbai West,West,Maharashtra,T1,Retail Chemist,DePURA Kids 15 ml,299,36443.08,0.0836,0.883,9,post_relaunch
2025-12-01,TR13,Mumbai Thane,West,Maharashtra,T1,E-Pharmacy,DePURA Kids 10 ml,94,7153.58,0.1947,0.971,13,post_relaunch
2025-12-01,TR13,Mumbai Thane,West,Maharashtra,T1,E-Pharmacy,DePURA Kids 15 ml,367,38971.7,0.2016,0.986,13,post_relaunch
2025-12-01,TR13,Mumbai Thane,West,Maharashtra,T1,Hospital Pharmacy,DePURA Kids 10 ml,58,5004.81,0.0869,0.917,13,post_relaunch
2025-12-01,TR13,Mumbai Thane,West,Maharashtra,T1,Hospital Pharmacy,DePURA Kids 15 ml,312,38568.59,0.02805,0.991,13,post_relaunch
2025-12-01,TR13,Mumbai Thane,West,Maharashtra,T1,Pharmacy Chain,DePURA Kids 10 ml,78,6443.37,0.1258,0.984,13,post_relaunch
2025-12-01,TR13,Mumbai Thane,West,Maharashtra,T1,Pharmacy Chain,DePURA Kids 15 ml,385,44843.23,0.1242,0.971,13,post_relaunch
2025-12-01,TR13,Mumbai Thane,West,Maharashtra,T1,Retail Chemist,DePURA Kids 10 ml,192,16082.01,0.1136,0.941,13,post_relaunch
2025-12-01,TR13,Mumbai Thane,West,Maharashtra,T1,Retail Chemist,DePURA Kids 15 ml,735,91526.33,0.0637,0.94,13,post_relaunch
2025-12-01,TR14,Pune,West,Maharashtra,T1,E-Pharmacy,DePURA Kids 10 ml,73,5537.59,0.1973,0.754,10,post_relaunch
2025-12-01,TR14,Pune,West,Maharashtra,T1,E-Pharmacy,DePURA Kids 15 ml,289,30536.34,0.15685,0.791,10,post_relaunch
2025-12-01,TR14,Pune,West,Maharashtra,T1,Hospital Pharmacy,DePURA Kids 10 ml,42,3700.52,0.0676,0.701,10,post_relaunch
2025-12-01,TR14,Pune,West,Maharashtra,T1,Hospital Pharmacy,DePURA Kids 15 ml,256,32285.02,0.0518,0.715,10,post_relaunch
2025-12-01,TR14,Pune,West,Maharashtra,T1,Pharmacy Chain,DePURA Kids 10 ml,63,5253.68,0.1175,0.682,10,post_relaunch
2025-12-01,TR14,Pune,West,Maharashtra,T1,Pharmacy Chain,DePURA Kids 15 ml,348,41138.24,0.1112,0.728,10,post_relaunch
2025-12-01,TR14,Pune,West,Maharashtra,T1,Retail Chemist,DePURA Kids 10 ml,133,11637.81,0.074,0.759,10,post_relaunch
2025-12-01,TR14,Pune,West,Maharashtra,T1,Retail Chemist,DePURA Kids 15 ml,678,81101.71,0.1006,0.706,10,post_relaunch
2025-12-01,TR15,Nagpur,West,Maharashtra,T2,E-Pharmacy,DePURA Kids 10 ml,14,1076.22,0.1865,0.781,9,post_relaunch
2025-12-01,TR15,Nagpur,West,Maharashtra,T2,E-Pharmacy,DePURA Kids 15 ml,71,7538.96,0.2016,0.868,9,post_relaunch
2025-12-01,TR15,Nagpur,West,Maharashtra,T2,Hospital Pharmacy,DePURA Kids 10 ml,26,2280.49,0.0718,0.777,9,post_relaunch
2025-12-01,TR15,Nagpur,West,Maharashtra,T2,Hospital Pharmacy,DePURA Kids 15 ml,57,6987.64,0.0783,0.78,9,post_relaunch
2025-12-01,TR15,Nagpur,West,Maharashtra,T2,Pharmacy Chain,DePURA Kids 10 ml,22,1863.88,0.1035,0.784,9,post_relaunch
2025-12-01,TR15,Nagpur,West,Maharashtra,T2,Pharmacy Chain,DePURA Kids 15 ml,70,8055.87,0.1347,0.783,9,post_relaunch
2025-12-01,TR15,Nagpur,West,Maharashtra,T2,Retail Chemist,DePURA Kids 10 ml,75,6520.24,0.08,0.812,9,post_relaunch
2025-12-01,TR15,Nagpur,West,Maharashtra,T2,Retail Chemist,DePURA Kids 15 ml,301,36435.22,0.0899,0.77,9,post_relaunch
2025-12-01,TR16,Ahmedabad,West,Gujarat,T1,E-Pharmacy,DePURA Kids 10 ml,60,4591.2,0.1903,0.937,15,post_relaunch
2025-12-01,TR16,Ahmedabad,West,Gujarat,T1,E-Pharmacy,DePURA Kids 15 ml,330,34503.61,0.2139,0.999,15,post_relaunch
2025-12-01,TR16,Ahmedabad,West,Gujarat,T1,Hospital Pharmacy,DePURA Kids 10 ml,47,4180.06,0.0589,0.957,15,post_relaunch
2025-12-01,TR16,Ahmedabad,West,Gujarat,T1,Hospital Pharmacy,DePURA Kids 15 ml,224,27649.69,0.0719,0.962,15,post_relaunch
2025-12-01,TR16,Ahmedabad,West,Gujarat,T1,Pharmacy Chain,DePURA Kids 10 ml,66,5350.29,0.1422,0.923,15,post_relaunch
2025-12-01,TR16,Ahmedabad,West,Gujarat,T1,Pharmacy Chain,DePURA Kids 15 ml,306,35439.85,0.1292,0.96,15,post_relaunch
2025-12-01,TR16,Ahmedabad,West,Gujarat,T1,Retail Chemist,DePURA Kids 10 ml,143,12643.67,0.0644,0.922,15,post_relaunch
2025-12-01,TR16,Ahmedabad,West,Gujarat,T1,Retail Chemist,DePURA Kids 15 ml,821,98062.62,0.1019,0.905,15,post_relaunch
2025-12-01,TR17,Surat-Vadodara,West,Gujarat,T2,E-Pharmacy,DePURA Kids 10 ml,21,1602.44,0.1925,0.612,5,post_relaunch
2025-12-01,TR17,Surat-Vadodara,West,Gujarat,T2,E-Pharmacy,DePURA Kids 15 ml,62,6489.66,0.213,0.643,5,post_relaunch
2025-12-01,TR17,Surat-Vadodara,West,Gujarat,T2,Hospital Pharmacy,DePURA Kids 10 ml,17,1506.75,0.0621,0.618,5,post_relaunch
2025-12-01,TR17,Surat-Vadodara,West,Gujarat,T2,Hospital Pharmacy,DePURA Kids 15 ml,59,7305.05,0.0691,0.619,5,post_relaunch
2025-12-01,TR17,Surat-Vadodara,West,Gujarat,T2,Pharmacy Chain,DePURA Kids 10 ml,21,1761.67,0.1123,0.663,5,post_relaunch
2025-12-01,TR17,Surat-Vadodara,West,Gujarat,T2,Pharmacy Chain,DePURA Kids 15 ml,61,7007.08,0.1363,0.638,5,post_relaunch
2025-12-01,TR17,Surat-Vadodara,West,Gujarat,T2,Retail Chemist,DePURA Kids 10 ml,68,5941.54,0.0754,0.641,5,post_relaunch
2025-12-01,TR17,Surat-Vadodara,West,Gujarat,T2,Retail Chemist,DePURA Kids 15 ml,295,35395.57,0.0979,0.619,5,post_relaunch
2025-12-01,TR18,Rajkot,West,Gujarat,T3,E-Pharmacy,DePURA Kids 10 ml,14,1077.75,0.15685,0.841,6,post_relaunch
2025-12-01,TR18,Rajkot,West,Gujarat,T3,E-Pharmacy,DePURA Kids 15 ml,31,3255.83,0.2103,0.758,6,post_relaunch
2025-12-01,TR18,Rajkot,West,Gujarat,T3,Hospital Pharmacy,DePURA Kids 10 ml,22,1914.92,0.0789,0.711,6,post_relaunch
2025-12-01,TR18,Rajkot,West,Gujarat,T3,Hospital Pharmacy,DePURA Kids 15 ml,46,5772.13,0.0565,0.71,6,post_relaunch
2025-12-01,TR18,Rajkot,West,Gujarat,T3,Pharmacy Chain,DePURA Kids 10 ml,9,736.21,0.1344,0.708,6,post_relaunch
2025-12-01,TR18,Rajkot,West,Gujarat,T3,Pharmacy Chain,DePURA Kids 15 ml,23,2758.8,0.0981,0.705,6,post_relaunch
2025-12-01,TR18,Rajkot,West,Gujarat,T3,Retail Chemist,DePURA Kids 10 ml,117,10057.64,0.0903,0.752,6,post_relaunch
2025-12-01,TR18,Rajkot,West,Gujarat,T3,Retail Chemist,DePURA Kids 15 ml,221,26407.14,0.1016,0.661,6,post_relaunch
2025-12-01,TR19,Indore,Central,Madhya Pradesh,T2,E-Pharmacy,DePURA Kids 10 ml,33,2444.24,0.2162,0.692,6,post_relaunch
2025-12-01,TR19,Indore,Central,Madhya Pradesh,T2,E-Pharmacy,DePURA Kids 15 ml,100,10907.46,0.1799,0.736,6,post_relaunch
2025-12-01,TR19,Indore,Central,Madhya Pradesh,T2,Hospital Pharmacy,DePURA Kids 10 ml,32,2829.08,0.0645,0.687,6,post_relaunch
2025-12-01,TR19,Indore,Central,Madhya Pradesh,T2,Hospital Pharmacy,DePURA Kids 15 ml,111,13268.63,0.1012,0.642,6,post_relaunch
2025-12-01,TR19,Indore,Central,Madhya Pradesh,T2,Pharmacy Chain,DePURA Kids 10 ml,34,2801.72,0.128,0.635,6,post_relaunch
2025-12-01,TR19,Indore,Central,Madhya Pradesh,T2,Pharmacy Chain,DePURA Kids 15 ml,110,12335.77,0.1568,0.661,6,post_relaunch
2025-12-01,TR19,Indore,Central,Madhya Pradesh,T2,Retail Chemist,DePURA Kids 10 ml,178,15362.69,0.0867,0.676,6,post_relaunch
2025-12-01,TR19,Indore,Central,Madhya Pradesh,T2,Retail Chemist,DePURA Kids 15 ml,534,64844.16,0.087,0.637,6,post_relaunch
2025-12-01,TR20,Bhopal,Central,Madhya Pradesh,T2,E-Pharmacy,DePURA Kids 10 ml,15,1118.13,0.2112,0.741,3,post_relaunch
2025-12-01,TR20,Bhopal,Central,Madhya Pradesh,T2,E-Pharmacy,DePURA Kids 15 ml,36,3890.9,0.1874,0.692,3,post_relaunch
2025-12-01,TR20,Bhopal,Central,Madhya Pradesh,T2,Hospital Pharmacy,DePURA Kids 10 ml,9,784.1,0.0781,0.608,3,post_relaunch
2025-12-01,TR20,Bhopal,Central,Madhya Pradesh,T2,Hospital Pharmacy,DePURA Kids 15 ml,36,4393.31,0.0824,0.681,3,post_relaunch
2025-12-01,TR20,Bhopal,Central,Madhya Pradesh,T2,Pharmacy Chain,DePURA Kids 10 ml,15,1238.53,0.1263,0.662,3,post_relaunch
2025-12-01,TR20,Bhopal,Central,Madhya Pradesh,T2,Pharmacy Chain,DePURA Kids 15 ml,33,3823.53,0.1288,0.679,3,post_relaunch
2025-12-01,TR20,Bhopal,Central,Madhya Pradesh,T2,Retail Chemist,DePURA Kids 10 ml,39,3346.02,0.0921,0.671,3,post_relaunch
2025-12-01,TR20,Bhopal,Central,Madhya Pradesh,T2,Retail Chemist,DePURA Kids 15 ml,139,16826.82,0.0898,0.694,3,post_relaunch
2025-12-01,TR21,Jabalpur,Central,Madhya Pradesh,T3,E-Pharmacy,DePURA Kids 10 ml,8,583.32,0.2284,0.868,5,post_relaunch
2025-12-01,TR21,Jabalpur,Central,Madhya Pradesh,T3,E-Pharmacy,DePURA Kids 15 ml,23,2400.24,0.2154,0.903,5,post_relaunch
2025-12-01,TR21,Jabalpur,Central,Madhya Pradesh,T3,Hospital Pharmacy,DePURA Kids 10 ml,11,968.25,0.0685,0.932,5,post_relaunch
2025-12-01,TR21,Jabalpur,Central,Madhya Pradesh,T3,Hospital Pharmacy,DePURA Kids 15 ml,33,4184.65,0.0466,0.901,5,post_relaunch
2025-12-01,TR21,Jabalpur,Central,Madhya Pradesh,T3,Pharmacy Chain,DePURA Kids 10 ml,8,654.38,0.1344,0.943,5,post_relaunch
2025-12-01,TR21,Jabalpur,Central,Madhya Pradesh,T3,Pharmacy Chain,DePURA Kids 15 ml,17,2036.55,0.0993,0.863,5,post_relaunch
2025-12-01,TR21,Jabalpur,Central,Madhya Pradesh,T3,Retail Chemist,DePURA Kids 10 ml,71,6189.18,0.0776,0.877,5,post_relaunch
2025-12-01,TR21,Jabalpur,Central,Madhya Pradesh,T3,Retail Chemist,DePURA Kids 15 ml,205,24590.52,0.0981,0.951,5,post_relaunch
2025-12-01,TR22,Raipur,Central,Chhattisgarh,T3,E-Pharmacy,DePURA Kids 10 ml,16,1204.16,0.2036,0.816,6,post_relaunch
2025-12-01,TR22,Raipur,Central,Chhattisgarh,T3,E-Pharmacy,DePURA Kids 15 ml,46,4869.34,0.2041,0.812,6,post_relaunch
2025-12-01,TR22,Raipur,Central,Chhattisgarh,T3,Hospital Pharmacy,DePURA Kids 10 ml,29,2600.79,0.051,0.699,6,post_relaunch
2025-12-01,TR22,Raipur,Central,Chhattisgarh,T3,Hospital Pharmacy,DePURA Kids 15 ml,82,10222.3,0.0627,0.8,6,post_relaunch
2025-12-01,TR22,Raipur,Central,Chhattisgarh,T3,Pharmacy Chain,DePURA Kids 10 ml,15,1221.08,0.1386,0.735,6,post_relaunch
2025-12-01,TR22,Raipur,Central,Chhattisgarh,T3,Pharmacy Chain,DePURA Kids 15 ml,36,4201.16,0.1226,0.759,6,post_relaunch
2025-12-01,TR22,Raipur,Central,Chhattisgarh,T3,Retail Chemist,DePURA Kids 10 ml,121,10220.04,0.1062,0.715,6,post_relaunch
2025-12-01,TR22,Raipur,Central,Chhattisgarh,T3,Retail Chemist,DePURA Kids 15 ml,312,37461.8,0.0972,0.732,6,post_relaunch
2025-12-01,TR23,Bengaluru North,South,Karnataka,T1,E-Pharmacy,DePURA Kids 10 ml,70,5388.4,0.1854,0.983,10,post_relaunch
2025-12-01,TR23,Bengaluru North,South,Karnataka,T1,E-Pharmacy,DePURA Kids 15 ml,365,39121.9,0.1941,0.931,10,post_relaunch
2025-12-01,TR23,Bengaluru North,South,Karnataka,T1,Hospital Pharmacy,DePURA Kids 10 ml,53,4693.4,0.0629,0.889,10,post_relaunch
2025-12-01,TR23,Bengaluru North,South,Karnataka,T1,Hospital Pharmacy,DePURA Kids 15 ml,259,31786.28,0.0772,0.926,10,post_relaunch
2025-12-01,TR23,Bengaluru North,South,Karnataka,T1,Pharmacy Chain,DePURA Kids 10 ml,64,5177.72,0.1439,0.934,10,post_relaunch
2025-12-01,TR23,Bengaluru North,South,Karnataka,T1,Pharmacy Chain,DePURA Kids 15 ml,331,37304.97,0.1526,0.908,10,post_relaunch
2025-12-01,TR23,Bengaluru North,South,Karnataka,T1,Retail Chemist,DePURA Kids 10 ml,187,16170.08,0.085,0.961,10,post_relaunch
2025-12-01,TR23,Bengaluru North,South,Karnataka,T1,Retail Chemist,DePURA Kids 15 ml,982,118865.5,0.0899,0.906,10,post_relaunch
2025-12-01,TR24,Bengaluru South,South,Karnataka,T1,E-Pharmacy,DePURA Kids 10 ml,99,7532.95,0.1948,1.0,15,post_relaunch
2025-12-01,TR24,Bengaluru South,South,Karnataka,T1,E-Pharmacy,DePURA Kids 15 ml,417,43502.17,0.2156,0.965,15,post_relaunch
2025-12-01,TR24,Bengaluru South,South,Karnataka,T1,Hospital Pharmacy,DePURA Kids 10 ml,58,5141.39,0.062,0.903,15,post_relaunch
2025-12-01,TR24,Bengaluru South,South,Karnataka,T1,Hospital Pharmacy,DePURA Kids 15 ml,276,33017.48,0.1005,0.891,15,post_relaunch
2025-12-01,TR24,Bengaluru South,South,Karnataka,T1,Pharmacy Chain,DePURA Kids 10 ml,82,6710.51,0.134,0.91,15,post_relaunch
2025-12-01,TR24,Bengaluru South,South,Karnataka,T1,Pharmacy Chain,DePURA Kids 15 ml,340,39414.3,0.1284,0.854,15,post_relaunch
2025-12-01,TR24,Bengaluru South,South,Karnataka,T1,Retail Chemist,DePURA Kids 10 ml,196,17161.19,0.0735,0.964,15,post_relaunch
2025-12-01,TR24,Bengaluru South,South,Karnataka,T1,Retail Chemist,DePURA Kids 15 ml,1020,122106.71,0.0999,0.95,15,post_relaunch
2025-12-01,TR25,Mysuru-Mangaluru,South,Karnataka,T3,E-Pharmacy,DePURA Kids 10 ml,7,529.42,0.1997,0.735,4,post_relaunch
2025-12-01,TR25,Mysuru-Mangaluru,South,Karnataka,T3,E-Pharmacy,DePURA Kids 15 ml,19,2009.33,0.2049,0.754,4,post_relaunch
2025-12-01,TR25,Mysuru-Mangaluru,South,Karnataka,T3,Hospital Pharmacy,DePURA Kids 10 ml,10,889.77,0.0584,0.719,4,post_relaunch
2025-12-01,TR25,Mysuru-Mangaluru,South,Karnataka,T3,Hospital Pharmacy,DePURA Kids 15 ml,32,4006.33,0.0587,0.765,4,post_relaunch
2025-12-01,TR25,Mysuru-Mangaluru,South,Karnataka,T3,Pharmacy Chain,DePURA Kids 10 ml,6,481.82,0.1502,0.717,4,post_relaunch
2025-12-01,TR25,Mysuru-Mangaluru,South,Karnataka,T3,Pharmacy Chain,DePURA Kids 15 ml,16,1840.65,0.135,0.769,4,post_relaunch
2025-12-01,TR25,Mysuru-Mangaluru,South,Karnataka,T3,Retail Chemist,DePURA Kids 10 ml,77,6680.03,0.082,0.763,4,post_relaunch
2025-12-01,TR25,Mysuru-Mangaluru,South,Karnataka,T3,Retail Chemist,DePURA Kids 15 ml,153,18023.75,0.1143,0.726,4,post_relaunch
2025-12-01,TR26,Chennai,South,Tamil Nadu,T1,E-Pharmacy,DePURA Kids 10 ml,73,5637.54,0.1828,0.948,15,post_relaunch
2025-12-01,TR26,Chennai,South,Tamil Nadu,T1,E-Pharmacy,DePURA Kids 15 ml,293,31073.08,0.2026,0.892,15,post_relaunch
2025-12-01,TR26,Chennai,South,Tamil Nadu,T1,Hospital Pharmacy,DePURA Kids 10 ml,39,3452.16,0.0633,0.815,15,post_relaunch
2025-12-01,TR26,Chennai,South,Tamil Nadu,T1,Hospital Pharmacy,DePURA Kids 15 ml,186,22607.95,0.0861,0.856,15,post_relaunch
2025-12-01,TR26,Chennai,South,Tamil Nadu,T1,Pharmacy Chain,DePURA Kids 10 ml,48,4021.2,0.1135,0.833,15,post_relaunch
2025-12-01,TR26,Chennai,South,Tamil Nadu,T1,Pharmacy Chain,DePURA Kids 15 ml,335,37879.3,0.1498,0.865,15,post_relaunch
2025-12-01,TR26,Chennai,South,Tamil Nadu,T1,Retail Chemist,DePURA Kids 10 ml,165,14228.28,0.0875,0.872,15,post_relaunch
2025-12-01,TR26,Chennai,South,Tamil Nadu,T1,Retail Chemist,DePURA Kids 15 ml,585,69832.85,0.1025,0.869,15,post_relaunch
2025-12-01,TR27,Coimbatore-Madurai,South,Tamil Nadu,T2,E-Pharmacy,DePURA Kids 10 ml,33,2513.25,0.1941,0.908,7,post_relaunch
2025-12-01,TR27,Coimbatore-Madurai,South,Tamil Nadu,T2,E-Pharmacy,DePURA Kids 15 ml,93,10073.32,0.1856,0.942,7,post_relaunch
2025-12-01,TR27,Coimbatore-Madurai,South,Tamil Nadu,T2,Hospital Pharmacy,DePURA Kids 10 ml,29,2526.12,0.0782,0.887,7,post_relaunch
2025-12-01,TR27,Coimbatore-Madurai,South,Tamil Nadu,T2,Hospital Pharmacy,DePURA Kids 15 ml,119,14485.71,0.0847,0.862,7,post_relaunch
2025-12-01,TR27,Coimbatore-Madurai,South,Tamil Nadu,T2,Pharmacy Chain,DePURA Kids 10 ml,27,2172.5,0.1485,0.849,7,post_relaunch
2025-12-01,TR27,Coimbatore-Madurai,South,Tamil Nadu,T2,Pharmacy Chain,DePURA Kids 15 ml,98,11105.91,0.1479,0.876,7,post_relaunch
2025-12-01,TR27,Coimbatore-Madurai,South,Tamil Nadu,T2,Retail Chemist,DePURA Kids 10 ml,143,12219.4,0.0958,0.856,7,post_relaunch
2025-12-01,TR27,Coimbatore-Madurai,South,Tamil Nadu,T2,Retail Chemist,DePURA Kids 15 ml,364,44287.73,0.0486,0.909,7,post_relaunch
2025-12-01,TR28,Hyderabad,South,Telangana,T1,E-Pharmacy,DePURA Kids 10 ml,100,7694.97,0.1857,0.902,8,post_relaunch
2025-12-01,TR28,Hyderabad,South,Telangana,T1,E-Pharmacy,DePURA Kids 15 ml,439,47079.22,0.1937,0.908,8,post_relaunch
2025-12-01,TR28,Hyderabad,South,Telangana,T1,Hospital Pharmacy,DePURA Kids 10 ml,80,7177.24,0.0506,0.892,8,post_relaunch
2025-12-01,TR28,Hyderabad,South,Telangana,T1,Hospital Pharmacy,DePURA Kids 15 ml,330,40674.06,0.0733,0.842,8,post_relaunch
2025-12-01,TR28,Hyderabad,South,Telangana,T1,Pharmacy Chain,DePURA Kids 10 ml,115,9469.03,0.1287,0.869,8,post_relaunch
2025-12-01,TR28,Hyderabad,South,Telangana,T1,Pharmacy Chain,DePURA Kids 15 ml,476,56803.52,0.1027,0.902,8,post_relaunch
2025-12-01,TR28,Hyderabad,South,Telangana,T1,Retail Chemist,DePURA Kids 10 ml,230,19731.65,0.0922,0.882,8,post_relaunch
2025-12-01,TR28,Hyderabad,South,Telangana,T1,Retail Chemist,DePURA Kids 15 ml,1084,129980.64,0.0984,0.971,8,post_relaunch
2025-12-01,TR29,Vijayawada-Vizag,South,Andhra Pradesh,T2,E-Pharmacy,DePURA Kids 10 ml,12,927.84,0.1818,0.837,5,post_relaunch
2025-12-01,TR29,Vijayawada-Vizag,South,Andhra Pradesh,T2,E-Pharmacy,DePURA Kids 15 ml,40,4330.31,0.186,0.821,5,post_relaunch
2025-12-01,TR29,Vijayawada-Vizag,South,Andhra Pradesh,T2,Hospital Pharmacy,DePURA Kids 10 ml,13,1131.65,0.0788,0.781,5,post_relaunch
2025-12-01,TR29,Vijayawada-Vizag,South,Andhra Pradesh,T2,Hospital Pharmacy,DePURA Kids 15 ml,41,4940.86,0.0939,0.808,5,post_relaunch
2025-12-01,TR29,Vijayawada-Vizag,South,Andhra Pradesh,T2,Pharmacy Chain,DePURA Kids 10 ml,14,1164.09,0.1201,0.844,5,post_relaunch
2025-12-01,TR29,Vijayawada-Vizag,South,Andhra Pradesh,T2,Pharmacy Chain,DePURA Kids 15 ml,38,4465.18,0.1165,0.775,5,post_relaunch
2025-12-01,TR29,Vijayawada-Vizag,South,Andhra Pradesh,T2,Retail Chemist,DePURA Kids 10 ml,52,4390.85,0.1065,0.789,5,post_relaunch
2025-12-01,TR29,Vijayawada-Vizag,South,Andhra Pradesh,T2,Retail Chemist,DePURA Kids 15 ml,165,19959.03,0.0905,0.77,5,post_relaunch
2025-12-01,TR30,Kochi-Trivandrum,South,Kerala,T2,E-Pharmacy,DePURA Kids 10 ml,36,2723.46,0.1995,0.82,5,post_relaunch
2025-12-01,TR30,Kochi-Trivandrum,South,Kerala,T2,E-Pharmacy,DePURA Kids 15 ml,132,14046.73,0.1999,0.838,5,post_relaunch
2025-12-01,TR30,Kochi-Trivandrum,South,Kerala,T2,Hospital Pharmacy,DePURA Kids 10 ml,28,2469.48,0.0667,0.819,5,post_relaunch
2025-12-01,TR30,Kochi-Trivandrum,South,Kerala,T2,Hospital Pharmacy,DePURA Kids 15 ml,107,13124.77,0.0777,0.738,5,post_relaunch
2025-12-01,TR30,Kochi-Trivandrum,South,Kerala,T2,Pharmacy Chain,DePURA Kids 10 ml,36,2935.16,0.1372,0.816,5,post_relaunch
2025-12-01,TR30,Kochi-Trivandrum,South,Kerala,T2,Pharmacy Chain,DePURA Kids 15 ml,110,13013.08,0.1105,0.782,5,post_relaunch
2025-12-01,TR30,Kochi-Trivandrum,South,Kerala,T2,Retail Chemist,DePURA Kids 10 ml,165,14237.11,0.0869,0.858,5,post_relaunch
2025-12-01,TR30,Kochi-Trivandrum,South,Kerala,T2,Retail Chemist,DePURA Kids 15 ml,433,51957.43,0.0978,0.752,5,post_relaunch
2025-12-01,TR31,Kolkata,East,West Bengal,T1,E-Pharmacy,DePURA Kids 10 ml,68,5036.08,0.2163,0.941,15,post_relaunch
2025-12-01,TR31,Kolkata,East,West Bengal,T1,E-Pharmacy,DePURA Kids 15 ml,254,26351.61,0.22,0.893,15,post_relaunch
2025-12-01,TR31,Kolkata,East,West Bengal,T1,Hospital Pharmacy,DePURA Kids 10 ml,41,3587.26,0.0741,0.938,15,post_relaunch
2025-12-01,TR31,Kolkata,East,West Bengal,T1,Hospital Pharmacy,DePURA Kids 15 ml,191,23539.3,0.0734,0.848,15,post_relaunch
2025-12-01,TR31,Kolkata,East,West Bengal,T1,Pharmacy Chain,DePURA Kids 10 ml,60,4947.45,0.1274,0.93,15,post_relaunch
2025-12-01,TR31,Kolkata,East,West Bengal,T1,Pharmacy Chain,DePURA Kids 15 ml,330,37560.84,0.1442,0.933,15,post_relaunch
2025-12-01,TR31,Kolkata,East,West Bengal,T1,Retail Chemist,DePURA Kids 10 ml,180,15130.22,0.1105,0.946,15,post_relaunch
2025-12-01,TR31,Kolkata,East,West Bengal,T1,Retail Chemist,DePURA Kids 15 ml,753,91185.76,0.0895,0.869,15,post_relaunch
2025-12-01,TR32,Siliguri-Durgapur,East,West Bengal,T3,E-Pharmacy,DePURA Kids 10 ml,9,701.86,0.1748,0.856,3,post_relaunch
2025-12-01,TR32,Siliguri-Durgapur,East,West Bengal,T3,E-Pharmacy,DePURA Kids 15 ml,20,2155.93,0.1895,0.795,3,post_relaunch
2025-12-01,TR32,Siliguri-Durgapur,East,West Bengal,T3,Hospital Pharmacy,DePURA Kids 10 ml,16,1392.23,0.0792,0.812,3,post_relaunch
2025-12-01,TR32,Siliguri-Durgapur,East,West Bengal,T3,Hospital Pharmacy,DePURA Kids 15 ml,32,4053.44,0.0476,0.776,3,post_relaunch
2025-12-01,TR32,Siliguri-Durgapur,East,West Bengal,T3,Pharmacy Chain,DePURA Kids 10 ml,9,767.5,0.0976,0.755,3,post_relaunch
2025-12-01,TR32,Siliguri-Durgapur,East,West Bengal,T3,Pharmacy Chain,DePURA Kids 15 ml,20,2302.83,0.1343,0.81,3,post_relaunch
2025-12-01,TR32,Siliguri-Durgapur,East,West Bengal,T3,Retail Chemist,DePURA Kids 10 ml,92,7944.2,0.0862,0.882,3,post_relaunch
2025-12-01,TR32,Siliguri-Durgapur,East,West Bengal,T3,Retail Chemist,DePURA Kids 15 ml,159,19484.51,0.0786,0.733,3,post_relaunch
2025-12-01,TR33,Patna,East,Bihar,T2,E-Pharmacy,DePURA Kids 10 ml,18,1342.99,0.2105,0.847,6,post_relaunch
2025-12-01,TR33,Patna,East,Bihar,T2,E-Pharmacy,DePURA Kids 15 ml,54,5834.3,0.1877,0.87,6,post_relaunch
2025-12-01,TR33,Patna,East,Bihar,T2,Hospital Pharmacy,DePURA Kids 10 ml,16,1425.79,0.057,0.81,6,post_relaunch
2025-12-01,TR33,Patna,East,Bihar,T2,Hospital Pharmacy,DePURA Kids 15 ml,43,5347.48,0.065,0.807,6,post_relaunch
2025-12-01,TR33,Patna,East,Bihar,T2,Pharmacy Chain,DePURA Kids 10 ml,19,1588.57,0.1153,0.728,6,post_relaunch
2025-12-01,TR33,Patna,East,Bihar,T2,Pharmacy Chain,DePURA Kids 15 ml,64,7299.77,0.1424,0.867,6,post_relaunch
2025-12-01,TR33,Patna,East,Bihar,T2,Retail Chemist,DePURA Kids 10 ml,87,7303.47,0.1117,0.775,6,post_relaunch
2025-12-01,TR33,Patna,East,Bihar,T2,Retail Chemist,DePURA Kids 15 ml,255,30614.15,0.0973,0.824,6,post_relaunch
2025-12-01,TR34,Ranchi,East,Jharkhand,T3,E-Pharmacy,DePURA Kids 10 ml,8,586.35,0.2244,0.732,6,post_relaunch
2025-12-01,TR34,Ranchi,East,Jharkhand,T3,E-Pharmacy,DePURA Kids 15 ml,24,2555.74,0.1993,0.775,6,post_relaunch
2025-12-01,TR34,Ranchi,East,Jharkhand,T3,Hospital Pharmacy,DePURA Kids 10 ml,12,1065.76,0.0602,0.754,6,post_relaunch
2025-12-01,TR34,Ranchi,East,Jharkhand,T3,Hospital Pharmacy,DePURA Kids 15 ml,28,3531.49,0.0517,0.738,6,post_relaunch
2025-12-01,TR34,Ranchi,East,Jharkhand,T3,Pharmacy Chain,DePURA Kids 10 ml,8,664.0,0.1217,0.75,6,post_relaunch
2025-12-01,TR34,Ranchi,East,Jharkhand,T3,Pharmacy Chain,DePURA Kids 15 ml,19,2149.92,0.1492,0.755,6,post_relaunch
2025-12-01,TR34,Ranchi,East,Jharkhand,T3,Retail Chemist,DePURA Kids 10 ml,74,6387.59,0.0866,0.767,6,post_relaunch
2025-12-01,TR34,Ranchi,East,Jharkhand,T3,Retail Chemist,DePURA Kids 15 ml,145,17505.08,0.0923,0.727,6,post_relaunch
2025-12-01,TR35,Bhubaneswar,East,Odisha,T2,E-Pharmacy,DePURA Kids 10 ml,15,1143.41,0.1934,0.895,6,post_relaunch
2025-12-01,TR35,Bhubaneswar,East,Odisha,T2,E-Pharmacy,DePURA Kids 15 ml,55,5819.56,0.2044,0.9,6,post_relaunch
2025-12-01,TR35,Bhubaneswar,East,Odisha,T2,Hospital Pharmacy,DePURA Kids 10 ml,19,1629.24,0.0926,0.879,6,post_relaunch
2025-12-01,TR35,Bhubaneswar,East,Odisha,T2,Hospital Pharmacy,DePURA Kids 15 ml,64,8103.65,0.048,0.821,6,post_relaunch
2025-12-01,TR35,Bhubaneswar,East,Odisha,T2,Pharmacy Chain,DePURA Kids 10 ml,19,1580.82,0.1196,0.833,6,post_relaunch
2025-12-01,TR35,Bhubaneswar,East,Odisha,T2,Pharmacy Chain,DePURA Kids 15 ml,65,7504.01,0.132,0.85,6,post_relaunch
2025-12-01,TR35,Bhubaneswar,East,Odisha,T2,Retail Chemist,DePURA Kids 10 ml,67,5643.25,0.1087,0.85,6,post_relaunch
2025-12-01,TR35,Bhubaneswar,East,Odisha,T2,Retail Chemist,DePURA Kids 15 ml,196,23740.69,0.0893,0.884,6,post_relaunch
2025-12-01,TR36,Guwahati,East,Assam,T2,E-Pharmacy,DePURA Kids 10 ml,37,2785.6,0.2033,0.798,7,post_relaunch
2025-12-01,TR36,Guwahati,East,Assam,T2,E-Pharmacy,DePURA Kids 15 ml,84,8990.02,0.1953,0.788,7,post_relaunch
2025-12-01,TR36,Guwahati,East,Assam,T2,Hospital Pharmacy,DePURA Kids 10 ml,27,2374.12,0.0695,0.788,7,post_relaunch
2025-12-01,TR36,Guwahati,East,Assam,T2,Hospital Pharmacy,DePURA Kids 15 ml,81,10101.43,0.02805,0.806,7,post_relaunch
2025-12-01,TR36,Guwahati,East,Assam,T2,Pharmacy Chain,DePURA Kids 10 ml,28,2315.73,0.1248,0.792,7,post_relaunch
2025-12-01,TR36,Guwahati,East,Assam,T2,Pharmacy Chain,DePURA Kids 15 ml,125,14631.22,0.1199,0.76,7,post_relaunch
2025-12-01,TR36,Guwahati,East,Assam,T2,Retail Chemist,DePURA Kids 10 ml,116,9941.51,0.0931,0.757,7,post_relaunch
2025-12-01,TR36,Guwahati,East,Assam,T2,Retail Chemist,DePURA Kids 15 ml,412,50324.75,0.0816,0.804,7,post_relaunch
2026-01-01,TR01,Delhi North,North,Delhi,T1,E-Pharmacy,DePURA Kids 10 ml,121,9758.13,0.1466,0.984,15,post_relaunch
2026-01-01,TR01,Delhi North,North,Delhi,T1,E-Pharmacy,DePURA Kids 15 ml,615,70254.24,0.1411,0.974,15,post_relaunch
2026-01-01,TR01,Delhi North,North,Delhi,T1,Hospital Pharmacy,DePURA Kids 10 ml,70,6485.53,0.0196,0.949,15,post_relaunch
2026-01-01,TR01,Delhi North,North,Delhi,T1,Hospital Pharmacy,DePURA Kids 15 ml,353,45936.2,0.0216,1.0,15,post_relaunch
2026-01-01,TR01,Delhi North,North,Delhi,T1,Pharmacy Chain,DePURA Kids 10 ml,131,11389.43,0.08,1.0,15,post_relaunch
2026-01-01,TR01,Delhi North,North,Delhi,T1,Pharmacy Chain,DePURA Kids 15 ml,508,61047.69,0.0964,0.928,15,post_relaunch
2026-01-01,TR01,Delhi North,North,Delhi,T1,Retail Chemist,DePURA Kids 10 ml,264,23807.12,0.0457,0.968,15,post_relaunch
2026-01-01,TR01,Delhi North,North,Delhi,T1,Retail Chemist,DePURA Kids 15 ml,1084,144172.0,0.0,0.966,15,post_relaunch
2026-01-01,TR02,Delhi South,North,Delhi,T1,E-Pharmacy,DePURA Kids 10 ml,86,6833.65,0.1591,0.75,11,post_relaunch
2026-01-01,TR02,Delhi South,North,Delhi,T1,E-Pharmacy,DePURA Kids 15 ml,364,41591.83,0.1409,0.76,11,post_relaunch
2026-01-01,TR02,Delhi South,North,Delhi,T1,Hospital Pharmacy,DePURA Kids 10 ml,42,3750.82,0.055,0.737,11,post_relaunch
2026-01-01,TR02,Delhi South,North,Delhi,T1,Hospital Pharmacy,DePURA Kids 15 ml,209,27214.84,0.0209,0.717,11,post_relaunch
2026-01-01,TR02,Delhi South,North,Delhi,T1,Pharmacy Chain,DePURA Kids 10 ml,68,5889.69,0.0835,0.705,11,post_relaunch
2026-01-01,TR02,Delhi South,North,Delhi,T1,Pharmacy Chain,DePURA Kids 15 ml,324,39543.67,0.0823,0.736,11,post_relaunch
2026-01-01,TR02,Delhi South,North,Delhi,T1,Retail Chemist,DePURA Kids 10 ml,196,17850.55,0.0363,0.669,11,post_relaunch
2026-01-01,TR02,Delhi South,North,Delhi,T1,Retail Chemist,DePURA Kids 15 ml,954,120082.1,0.0536,0.717,11,post_relaunch
2026-01-01,TR03,Noida-Ghaziabad,North,Uttar Pradesh,T2,E-Pharmacy,DePURA Kids 10 ml,17,1363.08,0.1515,0.921,5,post_relaunch
2026-01-01,TR03,Noida-Ghaziabad,North,Uttar Pradesh,T2,E-Pharmacy,DePURA Kids 15 ml,82,9412.81,0.1369,0.904,5,post_relaunch
2026-01-01,TR03,Noida-Ghaziabad,North,Uttar Pradesh,T2,Hospital Pharmacy,DePURA Kids 10 ml,22,2079.0,0.0,0.852,5,post_relaunch
2026-01-01,TR03,Noida-Ghaziabad,North,Uttar Pradesh,T2,Hospital Pharmacy,DePURA Kids 15 ml,83,10713.65,0.0295,0.876,5,post_relaunch
2026-01-01,TR03,Noida-Ghaziabad,North,Uttar Pradesh,T2,Pharmacy Chain,DePURA Kids 10 ml,24,2082.8,0.0817,0.832,5,post_relaunch
2026-01-01,TR03,Noida-Ghaziabad,North,Uttar Pradesh,T2,Pharmacy Chain,DePURA Kids 15 ml,63,7653.29,0.0883,0.897,5,post_relaunch
2026-01-01,TR03,Noida-Ghaziabad,North,Uttar Pradesh,T2,Retail Chemist,DePURA Kids 10 ml,100,9034.35,0.0486,0.818,5,post_relaunch
2026-01-01,TR03,Noida-Ghaziabad,North,Uttar Pradesh,T2,Retail Chemist,DePURA Kids 15 ml,366,48121.86,0.0114,0.883,5,post_relaunch
2026-01-01,TR04,Gurugram-Faridabad,North,Haryana,T2,E-Pharmacy,DePURA Kids 10 ml,26,2064.84,0.1596,0.936,8,post_relaunch
2026-01-01,TR04,Gurugram-Faridabad,North,Haryana,T2,E-Pharmacy,DePURA Kids 15 ml,68,7757.34,0.1423,0.86,8,post_relaunch
2026-01-01,TR04,Gurugram-Faridabad,North,Haryana,T2,Hospital Pharmacy,DePURA Kids 10 ml,25,2335.72,0.0113,0.907,8,post_relaunch
2026-01-01,TR04,Gurugram-Faridabad,North,Haryana,T2,Hospital Pharmacy,DePURA Kids 15 ml,72,9174.08,0.042,0.93,8,post_relaunch
2026-01-01,TR04,Gurugram-Faridabad,North,Haryana,T2,Pharmacy Chain,DePURA Kids 10 ml,30,2596.04,0.0843,0.796,8,post_relaunch
2026-01-01,TR04,Gurugram-Faridabad,North,Haryana,T2,Pharmacy Chain,DePURA Kids 15 ml,82,9786.44,0.1027,0.858,8,post_relaunch
2026-01-01,TR04,Gurugram-Faridabad,North,Haryana,T2,Retail Chemist,DePURA Kids 10 ml,109,10036.7,0.0256,0.875,8,post_relaunch
2026-01-01,TR04,Gurugram-Faridabad,North,Haryana,T2,Retail Chemist,DePURA Kids 15 ml,371,47344.9,0.0405,0.86,8,post_relaunch
2026-01-01,TR05,Lucknow,North,Uttar Pradesh,T2,E-Pharmacy,DePURA Kids 10 ml,21,1673.55,0.1567,0.8,6,post_relaunch
2026-01-01,TR05,Lucknow,North,Uttar Pradesh,T2,E-Pharmacy,DePURA Kids 15 ml,78,9054.17,0.1272,0.773,6,post_relaunch
2026-01-01,TR05,Lucknow,North,Uttar Pradesh,T2,Hospital Pharmacy,DePURA Kids 10 ml,25,2304.95,0.0244,0.791,6,post_relaunch
2026-01-01,TR05,Lucknow,North,Uttar Pradesh,T2,Hospital Pharmacy,DePURA Kids 15 ml,86,11092.45,0.0302,0.781,6,post_relaunch
2026-01-01,TR05,Lucknow,North,Uttar Pradesh,T2,Pharmacy Chain,DePURA Kids 10 ml,24,2067.04,0.0886,0.823,6,post_relaunch
2026-01-01,TR05,Lucknow,North,Uttar Pradesh,T2,Pharmacy Chain,DePURA Kids 15 ml,92,11282.06,0.078,0.72,6,post_relaunch
2026-01-01,TR05,Lucknow,North,Uttar Pradesh,T2,Retail Chemist,DePURA Kids 10 ml,103,9260.33,0.0486,0.735,6,post_relaunch
2026-01-01,TR05,Lucknow,North,Uttar Pradesh,T2,Retail Chemist,DePURA Kids 15 ml,353,44840.19,0.0449,0.756,6,post_relaunch
2026-01-01,TR06,Kanpur-Agra,North,Uttar Pradesh,T2,E-Pharmacy,DePURA Kids 10 ml,29,2291.2,0.1639,0.744,5,post_relaunch
2026-01-01,TR06,Kanpur-Agra,North,Uttar Pradesh,T2,E-Pharmacy,DePURA Kids 15 ml,77,8465.19,0.1734,0.726,5,post_relaunch
2026-01-01,TR06,Kanpur-Agra,North,Uttar Pradesh,T2,Hospital Pharmacy,DePURA Kids 10 ml,24,2241.4,0.0117,0.641,5,post_relaunch
2026-01-01,TR06,Kanpur-Agra,North,Uttar Pradesh,T2,Hospital Pharmacy,DePURA Kids 15 ml,126,16313.74,0.0265,0.739,5,post_relaunch
2026-01-01,TR06,Kanpur-Agra,North,Uttar Pradesh,T2,Pharmacy Chain,DePURA Kids 10 ml,26,2209.75,0.1006,0.699,5,post_relaunch
2026-01-01,TR06,Kanpur-Agra,North,Uttar Pradesh,T2,Pharmacy Chain,DePURA Kids 15 ml,98,11775.46,0.0966,0.678,5,post_relaunch
2026-01-01,TR06,Kanpur-Agra,North,Uttar Pradesh,T2,Retail Chemist,DePURA Kids 10 ml,107,9639.83,0.0466,0.693,5,post_relaunch
2026-01-01,TR06,Kanpur-Agra,North,Uttar Pradesh,T2,Retail Chemist,DePURA Kids 15 ml,355,45521.04,0.0359,0.722,5,post_relaunch
2026-01-01,TR07,Varanasi-Gorakhpur,North,Uttar Pradesh,T3,E-Pharmacy,DePURA Kids 10 ml,3,243.11,0.1425,0.681,3,post_relaunch
2026-01-01,TR07,Varanasi-Gorakhpur,North,Uttar Pradesh,T3,E-Pharmacy,DePURA Kids 15 ml,8,918.43,0.1368,0.69,3,post_relaunch
2026-01-01,TR07,Varanasi-Gorakhpur,North,Uttar Pradesh,T3,Hospital Pharmacy,DePURA Kids 10 ml,6,549.28,0.0312,0.626,3,post_relaunch
2026-01-01,TR07,Varanasi-Gorakhpur,North,Uttar Pradesh,T3,Hospital Pharmacy,DePURA Kids 15 ml,10,1322.54,0.0056,0.595,3,post_relaunch
2026-01-01,TR07,Varanasi-Gorakhpur,North,Uttar Pradesh,T3,Pharmacy Chain,DePURA Kids 10 ml,3,264.86,0.0657,0.645,3,post_relaunch
2026-01-01,TR07,Varanasi-Gorakhpur,North,Uttar Pradesh,T3,Pharmacy Chain,DePURA Kids 15 ml,10,1228.91,0.076,0.61,3,post_relaunch
2026-01-01,TR07,Varanasi-Gorakhpur,North,Uttar Pradesh,T3,Retail Chemist,DePURA Kids 10 ml,32,2934.62,0.0296,0.66,3,post_relaunch
2026-01-01,TR07,Varanasi-Gorakhpur,North,Uttar Pradesh,T3,Retail Chemist,DePURA Kids 15 ml,74,9378.01,0.0471,0.586,3,post_relaunch
2026-01-01,TR08,Chandigarh-Mohali,North,Chandigarh,T2,E-Pharmacy,DePURA Kids 10 ml,19,1518.48,0.1543,0.747,7,post_relaunch
2026-01-01,TR08,Chandigarh-Mohali,North,Chandigarh,T2,E-Pharmacy,DePURA Kids 15 ml,67,7509.11,0.1573,0.716,7,post_relaunch
2026-01-01,TR08,Chandigarh-Mohali,North,Chandigarh,T2,Hospital Pharmacy,DePURA Kids 10 ml,21,1950.23,0.0173,0.719,7,post_relaunch
2026-01-01,TR08,Chandigarh-Mohali,North,Chandigarh,T2,Hospital Pharmacy,DePURA Kids 15 ml,70,9281.32,0.0031,0.706,7,post_relaunch
2026-01-01,TR08,Chandigarh-Mohali,North,Chandigarh,T2,Pharmacy Chain,DePURA Kids 10 ml,25,2196.35,0.0703,0.734,7,post_relaunch
2026-01-01,TR08,Chandigarh-Mohali,North,Chandigarh,T2,Pharmacy Chain,DePURA Kids 15 ml,80,9914.89,0.0681,0.74,7,post_relaunch
2026-01-01,TR08,Chandigarh-Mohali,North,Chandigarh,T2,Retail Chemist,DePURA Kids 10 ml,106,9607.31,0.0409,0.697,7,post_relaunch
2026-01-01,TR08,Chandigarh-Mohali,North,Chandigarh,T2,Retail Chemist,DePURA Kids 15 ml,256,32939.38,0.0326,0.658,7,post_relaunch
2026-01-01,TR09,Ludhiana-Amritsar,North,Punjab,T2,E-Pharmacy,DePURA Kids 10 ml,17,1361.11,0.1528,0.758,6,post_relaunch
2026-01-01,TR09,Ludhiana-Amritsar,North,Punjab,T2,E-Pharmacy,DePURA Kids 15 ml,60,6819.5,0.1454,0.741,6,post_relaunch
2026-01-01,TR09,Ludhiana-Amritsar,North,Punjab,T2,Hospital Pharmacy,DePURA Kids 10 ml,19,1758.8,0.0204,0.741,6,post_relaunch
2026-01-01,TR09,Ludhiana-Amritsar,North,Punjab,T2,Hospital Pharmacy,DePURA Kids 15 ml,40,5211.42,0.0204,0.752,6,post_relaunch
2026-01-01,TR09,Ludhiana-Amritsar,North,Punjab,T2,Pharmacy Chain,DePURA Kids 10 ml,19,1614.99,0.1005,0.737,6,post_relaunch
2026-01-01,TR09,Ludhiana-Amritsar,North,Punjab,T2,Pharmacy Chain,DePURA Kids 15 ml,61,7643.79,0.0578,0.825,6,post_relaunch
2026-01-01,TR09,Ludhiana-Amritsar,North,Punjab,T2,Retail Chemist,DePURA Kids 10 ml,88,7990.02,0.0392,0.686,6,post_relaunch
2026-01-01,TR09,Ludhiana-Amritsar,North,Punjab,T2,Retail Chemist,DePURA Kids 15 ml,284,36013.2,0.0466,0.836,6,post_relaunch
2026-01-01,TR10,Jaipur,North,Rajasthan,T2,E-Pharmacy,DePURA Kids 10 ml,8,630.05,0.15685,0.692,7,post_relaunch
2026-01-01,TR10,Jaipur,North,Rajasthan,T2,E-Pharmacy,DePURA Kids 15 ml,27,3051.73,0.1502,0.724,7,post_relaunch
2026-01-01,TR10,Jaipur,North,Rajasthan,T2,Hospital Pharmacy,DePURA Kids 10 ml,7,640.96,0.031,0.687,7,post_relaunch
2026-01-01,TR10,Jaipur,North,Rajasthan,T2,Hospital Pharmacy,DePURA Kids 15 ml,23,3048.42,0.0035,0.666,7,post_relaunch
2026-01-01,TR10,Jaipur,North,Rajasthan,T2,Pharmacy Chain,DePURA Kids 10 ml,6,535.11,0.0562,0.721,7,post_relaunch
2026-01-01,TR10,Jaipur,North,Rajasthan,T2,Pharmacy Chain,DePURA Kids 15 ml,31,3740.76,0.0927,0.762,7,post_relaunch
2026-01-01,TR10,Jaipur,North,Rajasthan,T2,Retail Chemist,DePURA Kids 10 ml,29,2635.11,0.0385,0.658,7,post_relaunch
2026-01-01,TR10,Jaipur,North,Rajasthan,T2,Retail Chemist,DePURA Kids 15 ml,107,13671.16,0.0393,0.661,7,post_relaunch
2026-01-01,TR11,Dehradun,North,Uttarakhand,T3,E-Pharmacy,DePURA Kids 10 ml,8,654.68,0.134,0.819,6,post_relaunch
2026-01-01,TR11,Dehradun,North,Uttarakhand,T3,E-Pharmacy,DePURA Kids 15 ml,21,2341.8,0.1615,0.841,6,post_relaunch
2026-01-01,TR11,Dehradun,North,Uttarakhand,T3,Hospital Pharmacy,DePURA Kids 10 ml,12,1116.66,0.0153,0.689,6,post_relaunch
2026-01-01,TR11,Dehradun,North,Uttarakhand,T3,Hospital Pharmacy,DePURA Kids 15 ml,32,4177.27,0.0185,0.829,6,post_relaunch
2026-01-01,TR11,Dehradun,North,Uttarakhand,T3,Pharmacy Chain,DePURA Kids 10 ml,7,627.42,0.0515,0.801,6,post_relaunch
2026-01-01,TR11,Dehradun,North,Uttarakhand,T3,Pharmacy Chain,DePURA Kids 15 ml,17,2062.88,0.0876,0.838,6,post_relaunch
2026-01-01,TR11,Dehradun,North,Uttarakhand,T3,Retail Chemist,DePURA Kids 10 ml,68,6217.72,0.0324,0.808,6,post_relaunch
2026-01-01,TR11,Dehradun,North,Uttarakhand,T3,Retail Chemist,DePURA Kids 15 ml,176,22250.1,0.0495,0.8,6,post_relaunch
2026-01-01,TR12,Mumbai West,West,Maharashtra,T1,E-Pharmacy,DePURA Kids 10 ml,33,2632.87,0.1557,0.969,9,post_relaunch
2026-01-01,TR12,Mumbai West,West,Maharashtra,T1,E-Pharmacy,DePURA Kids 15 ml,142,15710.91,0.1681,0.948,9,post_relaunch
2026-01-01,TR12,Mumbai West,West,Maharashtra,T1,Hospital Pharmacy,DePURA Kids 10 ml,21,1969.8,0.0074,0.924,9,post_relaunch
2026-01-01,TR12,Mumbai West,West,Maharashtra,T1,Hospital Pharmacy,DePURA Kids 15 ml,89,11736.86,0.0085,0.856,9,post_relaunch
2026-01-01,TR12,Mumbai West,West,Maharashtra,T1,Pharmacy Chain,DePURA Kids 10 ml,25,2196.65,0.0702,0.878,9,post_relaunch
2026-01-01,TR12,Mumbai West,West,Maharashtra,T1,Pharmacy Chain,DePURA Kids 15 ml,146,17556.86,0.0958,0.945,9,post_relaunch
2026-01-01,TR12,Mumbai West,West,Maharashtra,T1,Retail Chemist,DePURA Kids 10 ml,56,4993.91,0.0563,0.874,9,post_relaunch
2026-01-01,TR12,Mumbai West,West,Maharashtra,T1,Retail Chemist,DePURA Kids 15 ml,298,37609.91,0.0511,0.91,9,post_relaunch
2026-01-01,TR13,Mumbai Thane,West,Maharashtra,T1,E-Pharmacy,DePURA Kids 10 ml,104,8334.21,0.152,0.995,13,post_relaunch
2026-01-01,TR13,Mumbai Thane,West,Maharashtra,T1,E-Pharmacy,DePURA Kids 15 ml,432,47789.68,0.1682,0.928,13,post_relaunch
2026-01-01,TR13,Mumbai Thane,West,Maharashtra,T1,Hospital Pharmacy,DePURA Kids 10 ml,58,5461.04,0.0036,1.0,13,post_relaunch
2026-01-01,TR13,Mumbai Thane,West,Maharashtra,T1,Hospital Pharmacy,DePURA Kids 15 ml,327,42399.32,0.0251,0.941,13,post_relaunch
2026-01-01,TR13,Mumbai Thane,West,Maharashtra,T1,Pharmacy Chain,DePURA Kids 10 ml,62,5379.15,0.0819,0.968,13,post_relaunch
2026-01-01,TR13,Mumbai Thane,West,Maharashtra,T1,Pharmacy Chain,DePURA Kids 15 ml,387,47268.96,0.0816,0.963,13,post_relaunch
2026-01-01,TR13,Mumbai Thane,West,Maharashtra,T1,Retail Chemist,DePURA Kids 10 ml,175,15753.36,0.0474,0.892,13,post_relaunch
2026-01-01,TR13,Mumbai Thane,West,Maharashtra,T1,Retail Chemist,DePURA Kids 15 ml,773,100542.89,0.022,0.945,13,post_relaunch
2026-01-01,TR14,Pune,West,Maharashtra,T1,E-Pharmacy,DePURA Kids 10 ml,66,5365.94,0.1397,0.793,10,post_relaunch
2026-01-01,TR14,Pune,West,Maharashtra,T1,E-Pharmacy,DePURA Kids 15 ml,350,40281.62,0.1347,0.735,10,post_relaunch
2026-01-01,TR14,Pune,West,Maharashtra,T1,Hospital Pharmacy,DePURA Kids 10 ml,40,3708.92,0.0188,0.752,10,post_relaunch
2026-01-01,TR14,Pune,West,Maharashtra,T1,Hospital Pharmacy,DePURA Kids 15 ml,231,30253.42,0.0153,0.713,10,post_relaunch
2026-01-01,TR14,Pune,West,Maharashtra,T1,Pharmacy Chain,DePURA Kids 10 ml,59,5082.92,0.0883,0.71,10,post_relaunch
2026-01-01,TR14,Pune,West,Maharashtra,T1,Pharmacy Chain,DePURA Kids 15 ml,278,34446.69,0.0684,0.714,10,post_relaunch
2026-01-01,TR14,Pune,West,Maharashtra,T1,Retail Chemist,DePURA Kids 10 ml,142,13069.03,0.0261,0.744,10,post_relaunch
2026-01-01,TR14,Pune,West,Maharashtra,T1,Retail Chemist,DePURA Kids 15 ml,678,84383.27,0.0642,0.704,10,post_relaunch
2026-01-01,TR15,Nagpur,West,Maharashtra,T2,E-Pharmacy,DePURA Kids 10 ml,20,1537.43,0.1865,0.839,9,post_relaunch
2026-01-01,TR15,Nagpur,West,Maharashtra,T2,E-Pharmacy,DePURA Kids 15 ml,79,8921.01,0.1509,0.879,9,post_relaunch
2026-01-01,TR15,Nagpur,West,Maharashtra,T2,Hospital Pharmacy,DePURA Kids 10 ml,19,1755.12,0.0225,0.817,9,post_relaunch
2026-01-01,TR15,Nagpur,West,Maharashtra,T2,Hospital Pharmacy,DePURA Kids 15 ml,53,6986.2,0.0089,0.76,9,post_relaunch
2026-01-01,TR15,Nagpur,West,Maharashtra,T2,Pharmacy Chain,DePURA Kids 10 ml,21,1792.87,0.0966,0.76,9,post_relaunch
2026-01-01,TR15,Nagpur,West,Maharashtra,T2,Pharmacy Chain,DePURA Kids 15 ml,71,8672.67,0.0816,0.884,9,post_relaunch
2026-01-01,TR15,Nagpur,West,Maharashtra,T2,Retail Chemist,DePURA Kids 10 ml,87,8045.72,0.0214,0.826,9,post_relaunch
2026-01-01,TR15,Nagpur,West,Maharashtra,T2,Retail Chemist,DePURA Kids 15 ml,326,40828.99,0.0583,0.882,9,post_relaunch
2026-01-01,TR16,Ahmedabad,West,Gujarat,T1,E-Pharmacy,DePURA Kids 10 ml,69,5659.71,0.132,0.935,15,post_relaunch
2026-01-01,TR16,Ahmedabad,West,Gujarat,T1,E-Pharmacy,DePURA Kids 15 ml,271,30620.89,0.1504,0.971,15,post_relaunch
2026-01-01,TR16,Ahmedabad,West,Gujarat,T1,Hospital Pharmacy,DePURA Kids 10 ml,50,4616.17,0.023,0.946,15,post_relaunch
2026-01-01,TR16,Ahmedabad,West,Gujarat,T1,Hospital Pharmacy,DePURA Kids 15 ml,195,25788.98,0.0056,0.907,15,post_relaunch
2026-01-01,TR16,Ahmedabad,West,Gujarat,T1,Pharmacy Chain,DePURA Kids 10 ml,54,4685.58,0.0818,0.918,15,post_relaunch
2026-01-01,TR16,Ahmedabad,West,Gujarat,T1,Pharmacy Chain,DePURA Kids 15 ml,383,45445.6,0.1078,0.948,15,post_relaunch
2026-01-01,TR16,Ahmedabad,West,Gujarat,T1,Retail Chemist,DePURA Kids 10 ml,108,10054.77,0.0148,0.913,15,post_relaunch
2026-01-01,TR16,Ahmedabad,West,Gujarat,T1,Retail Chemist,DePURA Kids 15 ml,667,85292.68,0.0385,0.959,15,post_relaunch
2026-01-01,TR17,Surat-Vadodara,West,Gujarat,T2,E-Pharmacy,DePURA Kids 10 ml,25,2037.31,0.1376,0.704,5,post_relaunch
2026-01-01,TR17,Surat-Vadodara,West,Gujarat,T2,E-Pharmacy,DePURA Kids 15 ml,63,7171.47,0.1441,0.713,5,post_relaunch
2026-01-01,TR17,Surat-Vadodara,West,Gujarat,T2,Hospital Pharmacy,DePURA Kids 10 ml,20,1847.08,0.0227,0.637,5,post_relaunch
2026-01-01,TR17,Surat-Vadodara,West,Gujarat,T2,Hospital Pharmacy,DePURA Kids 15 ml,62,8218.24,0.0034,0.672,5,post_relaunch
2026-01-01,TR17,Surat-Vadodara,West,Gujarat,T2,Pharmacy Chain,DePURA Kids 10 ml,21,1802.51,0.0917,0.639,5,post_relaunch
2026-01-01,TR17,Surat-Vadodara,West,Gujarat,T2,Pharmacy Chain,DePURA Kids 15 ml,77,9537.54,0.0687,0.619,5,post_relaunch
2026-01-01,TR17,Surat-Vadodara,West,Gujarat,T2,Retail Chemist,DePURA Kids 10 ml,100,8954.45,0.0524,0.685,5,post_relaunch
2026-01-01,TR17,Surat-Vadodara,West,Gujarat,T2,Retail Chemist,DePURA Kids 15 ml,257,32199.43,0.058,0.641,5,post_relaunch
2026-01-01,TR18,Rajkot,West,Gujarat,T3,E-Pharmacy,DePURA Kids 10 ml,17,1315.19,0.1813,0.754,7,post_relaunch
2026-01-01,TR18,Rajkot,West,Gujarat,T3,E-Pharmacy,DePURA Kids 15 ml,29,3271.49,0.1518,0.785,7,post_relaunch
2026-01-01,TR18,Rajkot,West,Gujarat,T3,Hospital Pharmacy,DePURA Kids 10 ml,21,1949.1,0.0178,0.719,7,post_relaunch
2026-01-01,TR18,Rajkot,West,Gujarat,T3,Hospital Pharmacy,DePURA Kids 15 ml,41,5319.99,0.0244,0.732,7,post_relaunch
2026-01-01,TR18,Rajkot,West,Gujarat,T3,Pharmacy Chain,DePURA Kids 10 ml,13,1138.53,0.0732,0.73,7,post_relaunch
2026-01-01,TR18,Rajkot,West,Gujarat,T3,Pharmacy Chain,DePURA Kids 15 ml,22,2648.17,0.095,0.714,7,post_relaunch
2026-01-01,TR18,Rajkot,West,Gujarat,T3,Retail Chemist,DePURA Kids 10 ml,135,12566.17,0.015,0.744,7,post_relaunch
2026-01-01,TR18,Rajkot,West,Gujarat,T3,Retail Chemist,DePURA Kids 15 ml,286,36172.9,0.049,0.752,7,post_relaunch
2026-01-01,TR19,Indore,Central,Madhya Pradesh,T2,E-Pharmacy,DePURA Kids 10 ml,44,3575.63,0.1401,0.717,6,post_relaunch
2026-01-01,TR19,Indore,Central,Madhya Pradesh,T2,E-Pharmacy,DePURA Kids 15 ml,119,13319.02,0.1585,0.745,6,post_relaunch
2026-01-01,TR19,Indore,Central,Madhya Pradesh,T2,Hospital Pharmacy,DePURA Kids 10 ml,32,3024.0,0.0,0.667,6,post_relaunch
2026-01-01,TR19,Indore,Central,Madhya Pradesh,T2,Hospital Pharmacy,DePURA Kids 15 ml,99,12883.13,0.0216,0.658,6,post_relaunch
2026-01-01,TR19,Indore,Central,Madhya Pradesh,T2,Pharmacy Chain,DePURA Kids 10 ml,32,2818.46,0.068,0.675,6,post_relaunch
2026-01-01,TR19,Indore,Central,Madhya Pradesh,T2,Pharmacy Chain,DePURA Kids 15 ml,124,15334.78,0.0702,0.711,6,post_relaunch
2026-01-01,TR19,Indore,Central,Madhya Pradesh,T2,Retail Chemist,DePURA Kids 10 ml,138,12404.19,0.0488,0.623,6,post_relaunch
2026-01-01,TR19,Indore,Central,Madhya Pradesh,T2,Retail Chemist,DePURA Kids 15 ml,571,72880.01,0.0403,0.693,6,post_relaunch
2026-01-01,TR20,Bhopal,Central,Madhya Pradesh,T2,E-Pharmacy,DePURA Kids 10 ml,10,805.96,0.1471,0.678,3,post_relaunch
2026-01-01,TR20,Bhopal,Central,Madhya Pradesh,T2,E-Pharmacy,DePURA Kids 15 ml,30,3473.63,0.1294,0.671,3,post_relaunch
2026-01-01,TR20,Bhopal,Central,Madhya Pradesh,T2,Hospital Pharmacy,DePURA Kids 10 ml,9,823.77,0.0314,0.606,3,post_relaunch
2026-01-01,TR20,Bhopal,Central,Madhya Pradesh,T2,Hospital Pharmacy,DePURA Kids 15 ml,36,4693.7,0.0197,0.723,3,post_relaunch
2026-01-01,TR20,Bhopal,Central,Madhya Pradesh,T2,Pharmacy Chain,DePURA Kids 10 ml,11,972.04,0.0649,0.629,3,post_relaunch
2026-01-01,TR20,Bhopal,Central,Madhya Pradesh,T2,Pharmacy Chain,DePURA Kids 15 ml,41,5030.93,0.0774,0.664,3,post_relaunch
2026-01-01,TR20,Bhopal,Central,Madhya Pradesh,T2,Retail Chemist,DePURA Kids 10 ml,43,3870.15,0.0476,0.618,3,post_relaunch
2026-01-01,TR20,Bhopal,Central,Madhya Pradesh,T2,Retail Chemist,DePURA Kids 15 ml,147,19248.95,0.0154,0.742,3,post_relaunch
2026-01-01,TR21,Jabalpur,Central,Madhya Pradesh,T3,E-Pharmacy,DePURA Kids 10 ml,9,718.42,0.1553,0.955,5,post_relaunch
2026-01-01,TR21,Jabalpur,Central,Madhya Pradesh,T3,E-Pharmacy,DePURA Kids 15 ml,21,2365.47,0.1531,0.928,5,post_relaunch
2026-01-01,TR21,Jabalpur,Central,Madhya Pradesh,T3,Hospital Pharmacy,DePURA Kids 10 ml,15,1351.24,0.0467,0.935,5,post_relaunch
2026-01-01,TR21,Jabalpur,Central,Madhya Pradesh,T3,Hospital Pharmacy,DePURA Kids 15 ml,32,4165.87,0.0212,0.894,5,post_relaunch
2026-01-01,TR21,Jabalpur,Central,Madhya Pradesh,T3,Pharmacy Chain,DePURA Kids 10 ml,9,780.01,0.0829,0.916,5,post_relaunch
2026-01-01,TR21,Jabalpur,Central,Madhya Pradesh,T3,Pharmacy Chain,DePURA Kids 15 ml,21,2603.42,0.0679,0.884,5,post_relaunch
2026-01-01,TR21,Jabalpur,Central,Madhya Pradesh,T3,Retail Chemist,DePURA Kids 10 ml,92,8279.87,0.0476,0.882,5,post_relaunch
2026-01-01,TR21,Jabalpur,Central,Madhya Pradesh,T3,Retail Chemist,DePURA Kids 15 ml,161,20823.04,0.0276,0.889,5,post_relaunch
2026-01-01,TR22,Raipur,Central,Chhattisgarh,T3,E-Pharmacy,DePURA Kids 10 ml,18,1417.37,0.1667,0.73,6,post_relaunch
2026-01-01,TR22,Raipur,Central,Chhattisgarh,T3,E-Pharmacy,DePURA Kids 15 ml,43,4734.58,0.1721,0.801,6,post_relaunch
2026-01-01,TR22,Raipur,Central,Chhattisgarh,T3,Hospital Pharmacy,DePURA Kids 10 ml,26,2430.55,0.0108,0.769,6,post_relaunch
2026-01-01,TR22,Raipur,Central,Chhattisgarh,T3,Hospital Pharmacy,DePURA Kids 15 ml,58,7512.21,0.0262,0.783,6,post_relaunch
2026-01-01,TR22,Raipur,Central,Chhattisgarh,T3,Pharmacy Chain,DePURA Kids 10 ml,18,1573.71,0.0748,0.766,6,post_relaunch
2026-01-01,TR22,Raipur,Central,Chhattisgarh,T3,Pharmacy Chain,DePURA Kids 15 ml,43,5331.35,0.0678,0.837,6,post_relaunch
2026-01-01,TR22,Raipur,Central,Chhattisgarh,T3,Retail Chemist,DePURA Kids 10 ml,140,12648.33,0.044,0.837,6,post_relaunch
2026-01-01,TR22,Raipur,Central,Chhattisgarh,T3,Retail Chemist,DePURA Kids 15 ml,435,55082.12,0.0479,0.803,6,post_relaunch
2026-01-01,TR23,Bengaluru North,South,Karnataka,T1,E-Pharmacy,DePURA Kids 10 ml,83,6631.67,0.1545,1.0,10,post_relaunch
2026-01-01,TR23,Bengaluru North,South,Karnataka,T1,E-Pharmacy,DePURA Kids 15 ml,351,39737.19,0.1488,0.911,10,post_relaunch
2026-01-01,TR23,Bengaluru North,South,Karnataka,T1,Hospital Pharmacy,DePURA Kids 10 ml,53,4885.0,0.0247,0.922,10,post_relaunch
2026-01-01,TR23,Bengaluru North,South,Karnataka,T1,Hospital Pharmacy,DePURA Kids 15 ml,296,38355.5,0.0257,0.946,10,post_relaunch
2026-01-01,TR23,Bengaluru North,South,Karnataka,T1,Pharmacy Chain,DePURA Kids 10 ml,77,6592.02,0.0941,0.845,10,post_relaunch
2026-01-01,TR23,Bengaluru North,South,Karnataka,T1,Pharmacy Chain,DePURA Kids 15 ml,375,46460.91,0.0685,0.94,10,post_relaunch
2026-01-01,TR23,Bengaluru North,South,Karnataka,T1,Retail Chemist,DePURA Kids 10 ml,198,17915.57,0.0425,0.918,10,post_relaunch
2026-01-01,TR23,Bengaluru North,South,Karnataka,T1,Retail Chemist,DePURA Kids 15 ml,956,122355.06,0.0377,0.964,10,post_relaunch
2026-01-01,TR24,Bengaluru South,South,Karnataka,T1,E-Pharmacy,DePURA Kids 10 ml,84,6737.88,0.1512,0.996,15,post_relaunch
2026-01-01,TR24,Bengaluru South,South,Karnataka,T1,E-Pharmacy,DePURA Kids 15 ml,328,37110.8,0.1493,0.968,15,post_relaunch
2026-01-01,TR24,Bengaluru South,South,Karnataka,T1,Hospital Pharmacy,DePURA Kids 10 ml,71,6552.08,0.0235,0.974,15,post_relaunch
2026-01-01,TR24,Bengaluru South,South,Karnataka,T1,Hospital Pharmacy,DePURA Kids 15 ml,250,32771.8,0.02805,0.927,15,post_relaunch
2026-01-01,TR24,Bengaluru South,South,Karnataka,T1,Pharmacy Chain,DePURA Kids 10 ml,89,7566.17,0.1004,0.949,15,post_relaunch
2026-01-01,TR24,Bengaluru South,South,Karnataka,T1,Pharmacy Chain,DePURA Kids 15 ml,470,56690.63,0.0931,0.946,15,post_relaunch
2026-01-01,TR24,Bengaluru South,South,Karnataka,T1,Retail Chemist,DePURA Kids 10 ml,170,15423.46,0.0399,0.943,15,post_relaunch
2026-01-01,TR24,Bengaluru South,South,Karnataka,T1,Retail Chemist,DePURA Kids 15 ml,1288,161995.03,0.0543,0.988,15,post_relaunch
2026-01-01,TR25,Mysuru-Mangaluru,South,Karnataka,T3,E-Pharmacy,DePURA Kids 10 ml,8,644.07,0.1481,0.715,4,post_relaunch
2026-01-01,TR25,Mysuru-Mangaluru,South,Karnataka,T3,E-Pharmacy,DePURA Kids 15 ml,14,1574.48,0.1544,0.699,4,post_relaunch
2026-01-01,TR25,Mysuru-Mangaluru,South,Karnataka,T3,Hospital Pharmacy,DePURA Kids 10 ml,12,1106.74,0.024,0.784,4,post_relaunch
2026-01-01,TR25,Mysuru-Mangaluru,South,Karnataka,T3,Hospital Pharmacy,DePURA Kids 15 ml,33,4253.82,0.0308,0.743,4,post_relaunch
2026-01-01,TR25,Mysuru-Mangaluru,South,Karnataka,T3,Pharmacy Chain,DePURA Kids 10 ml,6,525.72,0.0728,0.745,4,post_relaunch
2026-01-01,TR25,Mysuru-Mangaluru,South,Karnataka,T3,Pharmacy Chain,DePURA Kids 15 ml,15,1821.53,0.087,0.719,4,post_relaunch
2026-01-01,TR25,Mysuru-Mangaluru,South,Karnataka,T3,Retail Chemist,DePURA Kids 10 ml,70,6211.32,0.061,0.761,4,post_relaunch
2026-01-01,TR25,Mysuru-Mangaluru,South,Karnataka,T3,Retail Chemist,DePURA Kids 15 ml,167,21102.16,0.0499,0.775,4,post_relaunch
2026-01-01,TR26,Chennai,South,Tamil Nadu,T1,E-Pharmacy,DePURA Kids 10 ml,59,4758.61,0.1465,0.894,15,post_relaunch
2026-01-01,TR26,Chennai,South,Tamil Nadu,T1,E-Pharmacy,DePURA Kids 15 ml,336,38092.51,0.1476,0.85,15,post_relaunch
2026-01-01,TR26,Chennai,South,Tamil Nadu,T1,Hospital Pharmacy,DePURA Kids 10 ml,54,4978.12,0.0245,0.884,15,post_relaunch
2026-01-01,TR26,Chennai,South,Tamil Nadu,T1,Hospital Pharmacy,DePURA Kids 15 ml,228,29289.73,0.0341,0.828,15,post_relaunch
2026-01-01,TR26,Chennai,South,Tamil Nadu,T1,Pharmacy Chain,DePURA Kids 10 ml,63,5446.13,0.0852,0.845,15,post_relaunch
2026-01-01,TR26,Chennai,South,Tamil Nadu,T1,Pharmacy Chain,DePURA Kids 15 ml,303,37597.33,0.067,0.825,15,post_relaunch
2026-01-01,TR26,Chennai,South,Tamil Nadu,T1,Retail Chemist,DePURA Kids 10 ml,155,14107.51,0.0369,0.864,15,post_relaunch
2026-01-01,TR26,Chennai,South,Tamil Nadu,T1,Retail Chemist,DePURA Kids 15 ml,701,89679.82,0.0381,0.798,15,post_relaunch
2026-01-01,TR27,Coimbatore-Madurai,South,Tamil Nadu,T2,E-Pharmacy,DePURA Kids 10 ml,40,3241.72,0.1424,0.95,8,post_relaunch
2026-01-01,TR27,Coimbatore-Madurai,South,Tamil Nadu,T2,E-Pharmacy,DePURA Kids 15 ml,120,13454.06,0.157,0.962,8,post_relaunch
2026-01-01,TR27,Coimbatore-Madurai,South,Tamil Nadu,T2,Hospital Pharmacy,DePURA Kids 10 ml,32,2972.23,0.0171,0.852,8,post_relaunch
2026-01-01,TR27,Coimbatore-Madurai,South,Tamil Nadu,T2,Hospital Pharmacy,DePURA Kids 15 ml,122,16125.04,0.0062,0.936,8,post_relaunch
2026-01-01,TR27,Coimbatore-Madurai,South,Tamil Nadu,T2,Pharmacy Chain,DePURA Kids 10 ml,27,2416.29,0.053,0.812,8,post_relaunch
2026-01-01,TR27,Coimbatore-Madurai,South,Tamil Nadu,T2,Pharmacy Chain,DePURA Kids 15 ml,123,15037.59,0.0808,0.907,8,post_relaunch
2026-01-01,TR27,Coimbatore-Madurai,South,Tamil Nadu,T2,Retail Chemist,DePURA Kids 10 ml,128,11513.97,0.0481,0.853,8,post_relaunch
2026-01-01,TR27,Coimbatore-Madurai,South,Tamil Nadu,T2,Retail Chemist,DePURA Kids 15 ml,496,61921.7,0.0613,0.89,8,post_relaunch
2026-01-01,TR28,Hyderabad,South,Telangana,T1,E-Pharmacy,DePURA Kids 10 ml,97,7799.84,0.1491,0.94,9,post_relaunch
2026-01-01,TR28,Hyderabad,South,Telangana,T1,E-Pharmacy,DePURA Kids 15 ml,520,58542.83,0.1535,0.878,9,post_relaunch
2026-01-01,TR28,Hyderabad,South,Telangana,T1,Hospital Pharmacy,DePURA Kids 10 ml,73,6768.53,0.0188,0.859,9,post_relaunch
2026-01-01,TR28,Hyderabad,South,Telangana,T1,Hospital Pharmacy,DePURA Kids 15 ml,299,39331.22,0.011,0.849,9,post_relaunch
2026-01-01,TR28,Hyderabad,South,Telangana,T1,Pharmacy Chain,DePURA Kids 10 ml,117,9947.34,0.1003,0.872,9,post_relaunch
2026-01-01,TR28,Hyderabad,South,Telangana,T1,Pharmacy Chain,DePURA Kids 15 ml,481,57171.38,0.1063,0.845,9,post_relaunch
2026-01-01,TR28,Hyderabad,South,Telangana,T1,Retail Chemist,DePURA Kids 10 ml,241,21921.36,0.0375,0.953,9,post_relaunch
2026-01-01,TR28,Hyderabad,South,Telangana,T1,Retail Chemist,DePURA Kids 15 ml,1204,152437.55,0.0481,0.875,9,post_relaunch
2026-01-01,TR29,Vijayawada-Vizag,South,Andhra Pradesh,T2,E-Pharmacy,DePURA Kids 10 ml,11,880.78,0.1527,0.852,5,post_relaunch
2026-01-01,TR29,Vijayawada-Vizag,South,Andhra Pradesh,T2,E-Pharmacy,DePURA Kids 15 ml,39,4321.45,0.1669,0.826,5,post_relaunch
2026-01-01,TR29,Vijayawada-Vizag,South,Andhra Pradesh,T2,Hospital Pharmacy,DePURA Kids 10 ml,12,1116.8,0.0152,0.817,5,post_relaunch
2026-01-01,TR29,Vijayawada-Vizag,South,Andhra Pradesh,T2,Hospital Pharmacy,DePURA Kids 15 ml,36,4630.38,0.0329,0.864,5,post_relaunch
2026-01-01,TR29,Vijayawada-Vizag,South,Andhra Pradesh,T2,Pharmacy Chain,DePURA Kids 10 ml,11,967.64,0.0691,0.776,5,post_relaunch
2026-01-01,TR29,Vijayawada-Vizag,South,Andhra Pradesh,T2,Pharmacy Chain,DePURA Kids 15 ml,43,5220.59,0.0871,0.824,5,post_relaunch
2026-01-01,TR29,Vijayawada-Vizag,South,Andhra Pradesh,T2,Retail Chemist,DePURA Kids 10 ml,63,5629.05,0.0545,0.86,5,post_relaunch
2026-01-01,TR29,Vijayawada-Vizag,South,Andhra Pradesh,T2,Retail Chemist,DePURA Kids 15 ml,156,20295.43,0.0218,0.792,5,post_relaunch
2026-01-01,TR30,Kochi-Trivandrum,South,Kerala,T2,E-Pharmacy,DePURA Kids 10 ml,40,3204.97,0.1521,0.796,5,post_relaunch
2026-01-01,TR30,Kochi-Trivandrum,South,Kerala,T2,E-Pharmacy,DePURA Kids 15 ml,120,13759.04,0.1379,0.847,5,post_relaunch
2026-01-01,TR30,Kochi-Trivandrum,South,Kerala,T2,Hospital Pharmacy,DePURA Kids 10 ml,34,3159.69,0.0166,0.85,5,post_relaunch
2026-01-01,TR30,Kochi-Trivandrum,South,Kerala,T2,Hospital Pharmacy,DePURA Kids 15 ml,98,12460.6,0.044,0.869,5,post_relaunch
2026-01-01,TR30,Kochi-Trivandrum,South,Kerala,T2,Pharmacy Chain,DePURA Kids 10 ml,35,2944.05,0.1099,0.77,5,post_relaunch
2026-01-01,TR30,Kochi-Trivandrum,South,Kerala,T2,Pharmacy Chain,DePURA Kids 15 ml,149,18158.39,0.0883,0.835,5,post_relaunch
2026-01-01,TR30,Kochi-Trivandrum,South,Kerala,T2,Retail Chemist,DePURA Kids 10 ml,182,16558.32,0.0373,0.767,5,post_relaunch
2026-01-01,TR30,Kochi-Trivandrum,South,Kerala,T2,Retail Chemist,DePURA Kids 15 ml,456,58691.59,0.0323,0.778,5,post_relaunch
2026-01-01,TR31,Kolkata,East,West Bengal,T1,E-Pharmacy,DePURA Kids 10 ml,55,4446.05,0.1446,0.939,15,post_relaunch
2026-01-01,TR31,Kolkata,East,West Bengal,T1,E-Pharmacy,DePURA Kids 15 ml,226,25439.84,0.1536,0.985,15,post_relaunch
2026-01-01,TR31,Kolkata,East,West Bengal,T1,Hospital Pharmacy,DePURA Kids 10 ml,41,3749.45,0.0323,0.867,15,post_relaunch
2026-01-01,TR31,Kolkata,East,West Bengal,T1,Hospital Pharmacy,DePURA Kids 15 ml,184,24300.59,0.007,0.976,15,post_relaunch
2026-01-01,TR31,Kolkata,East,West Bengal,T1,Pharmacy Chain,DePURA Kids 10 ml,45,3982.63,0.0635,0.967,15,post_relaunch
2026-01-01,TR31,Kolkata,East,West Bengal,T1,Pharmacy Chain,DePURA Kids 15 ml,272,33247.8,0.0809,0.909,15,post_relaunch
2026-01-01,TR31,Kolkata,East,West Bengal,T1,Retail Chemist,DePURA Kids 10 ml,141,12584.49,0.0555,0.941,15,post_relaunch
2026-01-01,TR31,Kolkata,East,West Bengal,T1,Retail Chemist,DePURA Kids 15 ml,614,77641.58,0.0492,0.953,15,post_relaunch
2026-01-01,TR32,Siliguri-Durgapur,East,West Bengal,T3,E-Pharmacy,DePURA Kids 10 ml,11,914.6,0.1202,0.886,3,post_relaunch
2026-01-01,TR32,Siliguri-Durgapur,East,West Bengal,T3,E-Pharmacy,DePURA Kids 15 ml,19,2126.04,0.1587,0.861,3,post_relaunch
2026-01-01,TR32,Siliguri-Durgapur,East,West Bengal,T3,Hospital Pharmacy,DePURA Kids 10 ml,13,1200.64,0.0227,0.844,3,post_relaunch
2026-01-01,TR32,Siliguri-Durgapur,East,West Bengal,T3,Hospital Pharmacy,DePURA Kids 15 ml,36,4661.93,0.0263,0.796,3,post_relaunch
2026-01-01,TR32,Siliguri-Durgapur,East,West Bengal,T3,Pharmacy Chain,DePURA Kids 10 ml,7,594.4,0.1014,0.745,3,post_relaunch
2026-01-01,TR32,Siliguri-Durgapur,East,West Bengal,T3,Pharmacy Chain,DePURA Kids 15 ml,18,2164.14,0.096,0.818,3,post_relaunch
2026-01-01,TR32,Siliguri-Durgapur,East,West Bengal,T3,Retail Chemist,DePURA Kids 10 ml,97,9102.02,0.007,0.844,3,post_relaunch
2026-01-01,TR32,Siliguri-Durgapur,East,West Bengal,T3,Retail Chemist,DePURA Kids 15 ml,210,26514.22,0.0507,0.839,3,post_relaunch
2026-01-01,TR33,Patna,East,Bihar,T2,E-Pharmacy,DePURA Kids 10 ml,20,1591.51,0.1579,0.891,6,post_relaunch
2026-01-01,TR33,Patna,East,Bihar,T2,E-Pharmacy,DePURA Kids 15 ml,72,8096.88,0.1545,0.828,6,post_relaunch
2026-01-01,TR33,Patna,East,Bihar,T2,Hospital Pharmacy,DePURA Kids 10 ml,16,1478.77,0.022,0.804,6,post_relaunch
2026-01-01,TR33,Patna,East,Bihar,T2,Hospital Pharmacy,DePURA Kids 15 ml,62,8053.76,0.0233,0.788,6,post_relaunch
2026-01-01,TR33,Patna,East,Bihar,T2,Pharmacy Chain,DePURA Kids 10 ml,23,1972.21,0.0926,0.849,6,post_relaunch
2026-01-01,TR33,Patna,East,Bihar,T2,Pharmacy Chain,DePURA Kids 15 ml,64,7975.08,0.0631,0.786,6,post_relaunch
2026-01-01,TR33,Patna,East,Bihar,T2,Retail Chemist,DePURA Kids 10 ml,79,7314.89,0.0202,0.766,6,post_relaunch
2026-01-01,TR33,Patna,East,Bihar,T2,Retail Chemist,DePURA Kids 15 ml,227,29446.61,0.0247,0.872,6,post_relaunch
2026-01-01,TR34,Ranchi,East,Jharkhand,T3,E-Pharmacy,DePURA Kids 10 ml,7,560.81,0.1522,0.819,6,post_relaunch
2026-01-01,TR34,Ranchi,East,Jharkhand,T3,E-Pharmacy,DePURA Kids 15 ml,25,2835.55,0.1472,0.8,6,post_relaunch
2026-01-01,TR34,Ranchi,East,Jharkhand,T3,Hospital Pharmacy,DePURA Kids 10 ml,12,1126.9,0.0063,0.744,6,post_relaunch
2026-01-01,TR34,Ranchi,East,Jharkhand,T3,Hospital Pharmacy,DePURA Kids 15 ml,34,4402.31,0.0265,0.701,6,post_relaunch
2026-01-01,TR34,Ranchi,East,Jharkhand,T3,Pharmacy Chain,DePURA Kids 10 ml,7,605.07,0.0853,0.773,6,post_relaunch
2026-01-01,TR34,Ranchi,East,Jharkhand,T3,Pharmacy Chain,DePURA Kids 15 ml,18,2227.06,0.0697,0.708,6,post_relaunch
2026-01-01,TR34,Ranchi,East,Jharkhand,T3,Retail Chemist,DePURA Kids 10 ml,78,7122.53,0.0337,0.719,6,post_relaunch
2026-01-01,TR34,Ranchi,East,Jharkhand,T3,Retail Chemist,DePURA Kids 15 ml,142,18101.59,0.0415,0.777,6,post_relaunch
2026-01-01,TR35,Bhubaneswar,East,Odisha,T2,E-Pharmacy,DePURA Kids 10 ml,18,1468.87,0.1365,0.948,6,post_relaunch
2026-01-01,TR35,Bhubaneswar,East,Odisha,T2,E-Pharmacy,DePURA Kids 15 ml,59,6886.63,0.1224,0.911,6,post_relaunch
2026-01-01,TR35,Bhubaneswar,East,Odisha,T2,Hospital Pharmacy,DePURA Kids 10 ml,18,1700.28,0.0004,0.846,6,post_relaunch
2026-01-01,TR35,Bhubaneswar,East,Odisha,T2,Hospital Pharmacy,DePURA Kids 15 ml,57,7431.34,0.0197,0.858,6,post_relaunch
2026-01-01,TR35,Bhubaneswar,East,Odisha,T2,Pharmacy Chain,DePURA Kids 10 ml,20,1709.7,0.0954,0.835,6,post_relaunch
2026-01-01,TR35,Bhubaneswar,East,Odisha,T2,Pharmacy Chain,DePURA Kids 15 ml,64,7729.93,0.0919,0.874,6,post_relaunch
2026-01-01,TR35,Bhubaneswar,East,Odisha,T2,Retail Chemist,DePURA Kids 10 ml,68,6123.36,0.0471,0.814,6,post_relaunch
2026-01-01,TR35,Bhubaneswar,East,Odisha,T2,Retail Chemist,DePURA Kids 15 ml,204,25626.23,0.0555,0.845,6,post_relaunch
2026-01-01,TR36,Guwahati,East,Assam,T2,E-Pharmacy,DePURA Kids 10 ml,38,3041.81,0.1529,0.841,8,post_relaunch
2026-01-01,TR36,Guwahati,East,Assam,T2,E-Pharmacy,DePURA Kids 15 ml,104,11869.95,0.1418,0.822,8,post_relaunch
2026-01-01,TR36,Guwahati,East,Assam,T2,Hospital Pharmacy,DePURA Kids 10 ml,28,2584.94,0.0231,0.772,8,post_relaunch
2026-01-01,TR36,Guwahati,East,Assam,T2,Hospital Pharmacy,DePURA Kids 15 ml,102,13249.52,0.0233,0.829,8,post_relaunch
2026-01-01,TR36,Guwahati,East,Assam,T2,Pharmacy Chain,DePURA Kids 10 ml,31,2757.3,0.0588,0.816,8,post_relaunch
2026-01-01,TR36,Guwahati,East,Assam,T2,Pharmacy Chain,DePURA Kids 15 ml,110,13519.86,0.0759,0.815,8,post_relaunch
2026-01-01,TR36,Guwahati,East,Assam,T2,Retail Chemist,DePURA Kids 10 ml,151,13659.8,0.0427,0.857,8,post_relaunch
2026-01-01,TR36,Guwahati,East,Assam,T2,Retail Chemist,DePURA Kids 15 ml,400,49832.28,0.0633,0.845,8,post_relaunch
2026-02-01,TR01,Delhi North,North,Delhi,T1,E-Pharmacy,DePURA Kids 10 ml,132,10619.33,0.1487,1.0,15,post_relaunch
2026-02-01,TR01,Delhi North,North,Delhi,T1,E-Pharmacy,DePURA Kids 15 ml,728,80581.65,0.1678,1.0,15,post_relaunch
2026-02-01,TR01,Delhi North,North,Delhi,T1,Hospital Pharmacy,DePURA Kids 10 ml,81,7529.21,0.0164,0.971,15,post_relaunch
2026-02-01,TR01,Delhi North,North,Delhi,T1,Hospital Pharmacy,DePURA Kids 15 ml,336,43455.34,0.0276,0.972,15,post_relaunch
2026-02-01,TR01,Delhi North,North,Delhi,T1,Pharmacy Chain,DePURA Kids 10 ml,127,11008.33,0.0828,0.906,15,post_relaunch
2026-02-01,TR01,Delhi North,North,Delhi,T1,Pharmacy Chain,DePURA Kids 15 ml,565,68733.2,0.0853,0.91,15,post_relaunch
2026-02-01,TR01,Delhi North,North,Delhi,T1,Retail Chemist,DePURA Kids 10 ml,284,25408.71,0.0533,0.923,15,post_relaunch
2026-02-01,TR01,Delhi North,North,Delhi,T1,Retail Chemist,DePURA Kids 15 ml,1254,158876.24,0.0474,0.967,15,post_relaunch
2026-02-01,TR02,Delhi South,North,Delhi,T1,E-Pharmacy,DePURA Kids 10 ml,87,7000.03,0.1486,0.756,12,post_relaunch
2026-02-01,TR02,Delhi South,North,Delhi,T1,E-Pharmacy,DePURA Kids 15 ml,260,29123.94,0.1578,0.669,12,post_relaunch
2026-02-01,TR02,Delhi South,North,Delhi,T1,Hospital Pharmacy,DePURA Kids 10 ml,53,4996.75,0.0023,0.717,12,post_relaunch
2026-02-01,TR02,Delhi South,North,Delhi,T1,Hospital Pharmacy,DePURA Kids 15 ml,217,27946.52,0.0317,0.662,12,post_relaunch
2026-02-01,TR02,Delhi South,North,Delhi,T1,Pharmacy Chain,DePURA Kids 10 ml,83,7189.38,0.0834,0.723,12,post_relaunch
2026-02-01,TR02,Delhi South,North,Delhi,T1,Pharmacy Chain,DePURA Kids 15 ml,317,39208.43,0.07,0.681,12,post_relaunch
2026-02-01,TR02,Delhi South,North,Delhi,T1,Retail Chemist,DePURA Kids 10 ml,222,20045.42,0.0445,0.779,12,post_relaunch
2026-02-01,TR02,Delhi South,North,Delhi,T1,Retail Chemist,DePURA Kids 15 ml,639,80433.0,0.0536,0.731,12,post_relaunch
2026-02-01,TR03,Noida-Ghaziabad,North,Uttar Pradesh,T2,E-Pharmacy,DePURA Kids 10 ml,23,1860.71,0.1439,0.869,5,post_relaunch
2026-02-01,TR03,Noida-Ghaziabad,North,Uttar Pradesh,T2,E-Pharmacy,DePURA Kids 15 ml,112,12495.76,0.1611,0.936,5,post_relaunch
2026-02-01,TR03,Noida-Ghaziabad,North,Uttar Pradesh,T2,Hospital Pharmacy,DePURA Kids 10 ml,24,2189.91,0.0344,0.905,5,post_relaunch
2026-02-01,TR03,Noida-Ghaziabad,North,Uttar Pradesh,T2,Hospital Pharmacy,DePURA Kids 15 ml,83,11027.56,0.001,0.899,5,post_relaunch
2026-02-01,TR03,Noida-Ghaziabad,North,Uttar Pradesh,T2,Pharmacy Chain,DePURA Kids 10 ml,35,3015.22,0.0884,0.878,5,post_relaunch
2026-02-01,TR03,Noida-Ghaziabad,North,Uttar Pradesh,T2,Pharmacy Chain,DePURA Kids 15 ml,91,11094.54,0.0833,0.904,5,post_relaunch
2026-02-01,TR03,Noida-Ghaziabad,North,Uttar Pradesh,T2,Retail Chemist,DePURA Kids 10 ml,98,8753.28,0.0548,0.796,5,post_relaunch
2026-02-01,TR03,Noida-Ghaziabad,North,Uttar Pradesh,T2,Retail Chemist,DePURA Kids 15 ml,302,37650.23,0.0626,0.821,5,post_relaunch
2026-02-01,TR04,Gurugram-Faridabad,North,Haryana,T2,E-Pharmacy,DePURA Kids 10 ml,28,2286.24,0.136,0.952,8,post_relaunch
2026-02-01,TR04,Gurugram-Faridabad,North,Haryana,T2,E-Pharmacy,DePURA Kids 15 ml,92,10338.57,0.1551,0.967,8,post_relaunch
2026-02-01,TR04,Gurugram-Faridabad,North,Haryana,T2,Hospital Pharmacy,DePURA Kids 10 ml,25,2319.0,0.0184,0.871,8,post_relaunch
2026-02-01,TR04,Gurugram-Faridabad,North,Haryana,T2,Hospital Pharmacy,DePURA Kids 15 ml,84,10778.95,0.0352,0.939,8,post_relaunch
2026-02-01,TR04,Gurugram-Faridabad,North,Haryana,T2,Pharmacy Chain,DePURA Kids 10 ml,25,2184.88,0.0752,0.931,8,post_relaunch
2026-02-01,TR04,Gurugram-Faridabad,North,Haryana,T2,Pharmacy Chain,DePURA Kids 15 ml,64,8110.87,0.0471,0.855,8,post_relaunch
2026-02-01,TR04,Gurugram-Faridabad,North,Haryana,T2,Retail Chemist,DePURA Kids 10 ml,126,11262.38,0.0541,0.911,8,post_relaunch
2026-02-01,TR04,Gurugram-Faridabad,North,Haryana,T2,Retail Chemist,DePURA Kids 15 ml,292,37427.79,0.0363,0.834,8,post_relaunch
2026-02-01,TR05,Lucknow,North,Uttar Pradesh,T2,E-Pharmacy,DePURA Kids 10 ml,32,2620.82,0.1333,0.884,6,post_relaunch
2026-02-01,TR05,Lucknow,North,Uttar Pradesh,T2,E-Pharmacy,DePURA Kids 15 ml,85,9419.86,0.1668,0.737,6,post_relaunch
2026-02-01,TR05,Lucknow,North,Uttar Pradesh,T2,Hospital Pharmacy,DePURA Kids 10 ml,25,2327.37,0.0149,0.857,6,post_relaunch
2026-02-01,TR05,Lucknow,North,Uttar Pradesh,T2,Hospital Pharmacy,DePURA Kids 15 ml,82,10629.23,0.0254,0.832,6,post_relaunch
2026-02-01,TR05,Lucknow,North,Uttar Pradesh,T2,Pharmacy Chain,DePURA Kids 10 ml,30,2609.89,0.0794,0.75,6,post_relaunch
2026-02-01,TR05,Lucknow,North,Uttar Pradesh,T2,Pharmacy Chain,DePURA Kids 15 ml,74,9030.64,0.0824,0.734,6,post_relaunch
2026-02-01,TR05,Lucknow,North,Uttar Pradesh,T2,Retail Chemist,DePURA Kids 10 ml,137,12380.63,0.0437,0.767,6,post_relaunch
2026-02-01,TR05,Lucknow,North,Uttar Pradesh,T2,Retail Chemist,DePURA Kids 15 ml,360,44784.34,0.0647,0.792,6,post_relaunch
2026-02-01,TR06,Kanpur-Agra,North,Uttar Pradesh,T2,E-Pharmacy,DePURA Kids 10 ml,26,2111.76,0.1405,0.653,5,post_relaunch
2026-02-01,TR06,Kanpur-Agra,North,Uttar Pradesh,T2,E-Pharmacy,DePURA Kids 15 ml,86,9781.79,0.1448,0.708,5,post_relaunch
2026-02-01,TR06,Kanpur-Agra,North,Uttar Pradesh,T2,Hospital Pharmacy,DePURA Kids 10 ml,31,2892.96,0.0125,0.705,5,post_relaunch
2026-02-01,TR06,Kanpur-Agra,North,Uttar Pradesh,T2,Hospital Pharmacy,DePURA Kids 15 ml,84,10952.17,0.0197,0.695,5,post_relaunch
2026-02-01,TR06,Kanpur-Agra,North,Uttar Pradesh,T2,Pharmacy Chain,DePURA Kids 10 ml,23,2026.97,0.0674,0.658,5,post_relaunch
2026-02-01,TR06,Kanpur-Agra,North,Uttar Pradesh,T2,Pharmacy Chain,DePURA Kids 15 ml,87,10556.35,0.0877,0.685,5,post_relaunch
2026-02-01,TR06,Kanpur-Agra,North,Uttar Pradesh,T2,Retail Chemist,DePURA Kids 10 ml,116,10496.64,0.0425,0.708,5,post_relaunch
2026-02-01,TR06,Kanpur-Agra,North,Uttar Pradesh,T2,Retail Chemist,DePURA Kids 15 ml,392,49169.82,0.0569,0.654,5,post_relaunch
2026-02-01,TR07,Varanasi-Gorakhpur,North,Uttar Pradesh,T3,E-Pharmacy,DePURA Kids 10 ml,3,238.3,0.1594,0.72,3,post_relaunch
2026-02-01,TR07,Varanasi-Gorakhpur,North,Uttar Pradesh,T3,E-Pharmacy,DePURA Kids 15 ml,12,1353.1,0.1522,0.677,3,post_relaunch
2026-02-01,TR07,Varanasi-Gorakhpur,North,Uttar Pradesh,T3,Hospital Pharmacy,DePURA Kids 10 ml,5,472.5,0.0,0.631,3,post_relaunch
2026-02-01,TR07,Varanasi-Gorakhpur,North,Uttar Pradesh,T3,Hospital Pharmacy,DePURA Kids 15 ml,14,1796.71,0.0351,0.668,3,post_relaunch
2026-02-01,TR07,Varanasi-Gorakhpur,North,Uttar Pradesh,T3,Pharmacy Chain,DePURA Kids 10 ml,3,263.73,0.0697,0.617,3,post_relaunch
2026-02-01,TR07,Varanasi-Gorakhpur,North,Uttar Pradesh,T3,Pharmacy Chain,DePURA Kids 15 ml,7,872.91,0.0624,0.666,3,post_relaunch
2026-02-01,TR07,Varanasi-Gorakhpur,North,Uttar Pradesh,T3,Retail Chemist,DePURA Kids 10 ml,40,3636.6,0.0379,0.702,3,post_relaunch
2026-02-01,TR07,Varanasi-Gorakhpur,North,Uttar Pradesh,T3,Retail Chemist,DePURA Kids 15 ml,79,10130.69,0.0358,0.662,3,post_relaunch
2026-02-01,TR08,Chandigarh-Mohali,North,Chandigarh,T2,E-Pharmacy,DePURA Kids 10 ml,19,1538.65,0.143,0.764,7,post_relaunch
2026-02-01,TR08,Chandigarh-Mohali,North,Chandigarh,T2,E-Pharmacy,DePURA Kids 15 ml,72,8120.74,0.152,0.741,7,post_relaunch
2026-02-01,TR08,Chandigarh-Mohali,North,Chandigarh,T2,Hospital Pharmacy,DePURA Kids 10 ml,20,1839.49,0.0267,0.711,7,post_relaunch
2026-02-01,TR08,Chandigarh-Mohali,North,Chandigarh,T2,Hospital Pharmacy,DePURA Kids 15 ml,76,10027.76,0.0079,0.729,7,post_relaunch
2026-02-01,TR08,Chandigarh-Mohali,North,Chandigarh,T2,Pharmacy Chain,DePURA Kids 10 ml,28,2379.89,0.1006,0.775,7,post_relaunch
2026-02-01,TR08,Chandigarh-Mohali,North,Chandigarh,T2,Pharmacy Chain,DePURA Kids 15 ml,74,9196.84,0.0656,0.738,7,post_relaunch
2026-02-01,TR08,Chandigarh-Mohali,North,Chandigarh,T2,Retail Chemist,DePURA Kids 10 ml,93,8422.98,0.0416,0.674,7,post_relaunch
2026-02-01,TR08,Chandigarh-Mohali,North,Chandigarh,T2,Retail Chemist,DePURA Kids 15 ml,299,39230.91,0.0486,0.685,7,post_relaunch
2026-02-01,TR09,Ludhiana-Amritsar,North,Punjab,T2,E-Pharmacy,DePURA Kids 10 ml,21,1701.72,0.1425,0.793,6,post_relaunch
2026-02-01,TR09,Ludhiana-Amritsar,North,Punjab,T2,E-Pharmacy,DePURA Kids 15 ml,70,8000.01,0.1407,0.864,6,post_relaunch
2026-02-01,TR09,Ludhiana-Amritsar,North,Punjab,T2,Hospital Pharmacy,DePURA Kids 10 ml,15,1390.22,0.0192,0.778,6,post_relaunch
2026-02-01,TR09,Ludhiana-Amritsar,North,Punjab,T2,Hospital Pharmacy,DePURA Kids 15 ml,62,8163.35,0.01,0.837,6,post_relaunch
2026-02-01,TR09,Ludhiana-Amritsar,North,Punjab,T2,Pharmacy Chain,DePURA Kids 10 ml,20,1755.78,0.071,0.804,6,post_relaunch
2026-02-01,TR09,Ludhiana-Amritsar,North,Punjab,T2,Pharmacy Chain,DePURA Kids 15 ml,68,8335.56,0.0783,0.769,6,post_relaunch
2026-02-01,TR09,Ludhiana-Amritsar,North,Punjab,T2,Retail Chemist,DePURA Kids 10 ml,78,7193.48,0.0241,0.815,6,post_relaunch
2026-02-01,TR09,Ludhiana-Amritsar,North,Punjab,T2,Retail Chemist,DePURA Kids 15 ml,262,33548.39,0.0372,0.845,6,post_relaunch
2026-02-01,TR10,Jaipur,North,Rajasthan,T2,E-Pharmacy,DePURA Kids 10 ml,8,628.57,0.1686,0.669,7,post_relaunch
2026-02-01,TR10,Jaipur,North,Rajasthan,T2,E-Pharmacy,DePURA Kids 15 ml,29,3256.31,0.1557,0.793,7,post_relaunch
2026-02-01,TR10,Jaipur,North,Rajasthan,T2,Hospital Pharmacy,DePURA Kids 10 ml,9,843.77,0.0079,0.685,7,post_relaunch
2026-02-01,TR10,Jaipur,North,Rajasthan,T2,Hospital Pharmacy,DePURA Kids 15 ml,24,3177.67,0.0045,0.684,7,post_relaunch
2026-02-01,TR10,Jaipur,North,Rajasthan,T2,Pharmacy Chain,DePURA Kids 10 ml,11,940.99,0.0948,0.729,7,post_relaunch
2026-02-01,TR10,Jaipur,North,Rajasthan,T2,Pharmacy Chain,DePURA Kids 15 ml,18,2278.95,0.0481,0.674,7,post_relaunch
2026-02-01,TR10,Jaipur,North,Rajasthan,T2,Retail Chemist,DePURA Kids 10 ml,37,3370.39,0.0361,0.683,7,post_relaunch
2026-02-01,TR10,Jaipur,North,Rajasthan,T2,Retail Chemist,DePURA Kids 15 ml,130,16762.39,0.0305,0.747,7,post_relaunch
2026-02-01,TR11,Dehradun,North,Uttarakhand,T3,E-Pharmacy,DePURA Kids 10 ml,9,713.12,0.1615,0.836,6,post_relaunch
2026-02-01,TR11,Dehradun,North,Uttarakhand,T3,E-Pharmacy,DePURA Kids 15 ml,23,2644.7,0.1354,0.865,6,post_relaunch
2026-02-01,TR11,Dehradun,North,Uttarakhand,T3,Hospital Pharmacy,DePURA Kids 10 ml,11,1028.05,0.011,0.773,6,post_relaunch
2026-02-01,TR11,Dehradun,North,Uttarakhand,T3,Hospital Pharmacy,DePURA Kids 15 ml,25,3287.49,0.0113,0.809,6,post_relaunch
2026-02-01,TR11,Dehradun,North,Uttarakhand,T3,Pharmacy Chain,DePURA Kids 10 ml,7,612.98,0.0733,0.725,6,post_relaunch
2026-02-01,TR11,Dehradun,North,Uttarakhand,T3,Pharmacy Chain,DePURA Kids 15 ml,21,2629.57,0.0585,0.783,6,post_relaunch
2026-02-01,TR11,Dehradun,North,Uttarakhand,T3,Retail Chemist,DePURA Kids 10 ml,81,7373.17,0.0368,0.854,6,post_relaunch
2026-02-01,TR11,Dehradun,North,Uttarakhand,T3,Retail Chemist,DePURA Kids 15 ml,144,18810.6,0.0178,0.757,6,post_relaunch
2026-02-01,TR12,Mumbai West,West,Maharashtra,T1,E-Pharmacy,DePURA Kids 10 ml,26,2089.38,0.1496,0.976,10,post_relaunch
2026-02-01,TR12,Mumbai West,West,Maharashtra,T1,E-Pharmacy,DePURA Kids 15 ml,167,18691.07,0.1585,0.898,10,post_relaunch
2026-02-01,TR12,Mumbai West,West,Maharashtra,T1,Hospital Pharmacy,DePURA Kids 10 ml,23,2145.01,0.0131,0.901,10,post_relaunch
2026-02-01,TR12,Mumbai West,West,Maharashtra,T1,Hospital Pharmacy,DePURA Kids 15 ml,88,11704.0,0.0,0.901,10,post_relaunch
2026-02-01,TR12,Mumbai West,West,Maharashtra,T1,Pharmacy Chain,DePURA Kids 10 ml,26,2250.13,0.0842,0.947,10,post_relaunch
2026-02-01,TR12,Mumbai West,West,Maharashtra,T1,Pharmacy Chain,DePURA Kids 15 ml,119,14594.45,0.0779,0.922,10,post_relaunch
2026-02-01,TR12,Mumbai West,West,Maharashtra,T1,Retail Chemist,DePURA Kids 10 ml,76,6856.46,0.0453,0.9,10,post_relaunch
2026-02-01,TR12,Mumbai West,West,Maharashtra,T1,Retail Chemist,DePURA Kids 15 ml,306,39129.54,0.0385,0.863,10,post_relaunch
2026-02-01,TR13,Mumbai Thane,West,Maharashtra,T1,E-Pharmacy,DePURA Kids 10 ml,72,5797.47,0.1479,0.946,13,post_relaunch
2026-02-01,TR13,Mumbai Thane,West,Maharashtra,T1,E-Pharmacy,DePURA Kids 15 ml,408,46416.81,0.1446,1.0,13,post_relaunch
2026-02-01,TR13,Mumbai Thane,West,Maharashtra,T1,Hospital Pharmacy,DePURA Kids 10 ml,68,6264.93,0.0251,1.0,13,post_relaunch
2026-02-01,TR13,Mumbai Thane,West,Maharashtra,T1,Hospital Pharmacy,DePURA Kids 15 ml,267,34593.42,0.0258,0.972,13,post_relaunch
2026-02-01,TR13,Mumbai Thane,West,Maharashtra,T1,Pharmacy Chain,DePURA Kids 10 ml,87,7637.71,0.071,1.0,13,post_relaunch
2026-02-01,TR13,Mumbai Thane,West,Maharashtra,T1,Pharmacy Chain,DePURA Kids 15 ml,453,55683.03,0.0758,0.953,13,post_relaunch
2026-02-01,TR13,Mumbai Thane,West,Maharashtra,T1,Retail Chemist,DePURA Kids 10 ml,240,21564.02,0.0492,0.947,13,post_relaunch
2026-02-01,TR13,Mumbai Thane,West,Maharashtra,T1,Retail Chemist,DePURA Kids 15 ml,1108,139421.59,0.0539,1.0,13,post_relaunch
2026-02-01,TR14,Pune,West,Maharashtra,T1,E-Pharmacy,DePURA Kids 10 ml,59,4695.44,0.1578,0.722,11,post_relaunch
2026-02-01,TR14,Pune,West,Maharashtra,T1,E-Pharmacy,DePURA Kids 15 ml,292,33665.91,0.1331,0.774,11,post_relaunch
2026-02-01,TR14,Pune,West,Maharashtra,T1,Hospital Pharmacy,DePURA Kids 10 ml,63,5936.86,0.0028,0.811,11,post_relaunch
2026-02-01,TR14,Pune,West,Maharashtra,T1,Hospital Pharmacy,DePURA Kids 15 ml,228,29622.05,0.0231,0.764,11,post_relaunch
2026-02-01,TR14,Pune,West,Maharashtra,T1,Pharmacy Chain,DePURA Kids 10 ml,86,7510.86,0.0758,0.771,11,post_relaunch
2026-02-01,TR14,Pune,West,Maharashtra,T1,Pharmacy Chain,DePURA Kids 15 ml,318,38569.75,0.0881,0.796,11,post_relaunch
2026-02-01,TR14,Pune,West,Maharashtra,T1,Retail Chemist,DePURA Kids 10 ml,202,17848.71,0.065,0.74,11,post_relaunch
2026-02-01,TR14,Pune,West,Maharashtra,T1,Retail Chemist,DePURA Kids 15 ml,797,102887.79,0.0294,0.721,11,post_relaunch
2026-02-01,TR15,Nagpur,West,Maharashtra,T2,E-Pharmacy,DePURA Kids 10 ml,23,1868.39,0.1404,0.845,10,post_relaunch
2026-02-01,TR15,Nagpur,West,Maharashtra,T2,E-Pharmacy,DePURA Kids 15 ml,67,7529.87,0.15685,0.936,10,post_relaunch
2026-02-01,TR15,Nagpur,West,Maharashtra,T2,Hospital Pharmacy,DePURA Kids 10 ml,20,1833.51,0.0299,0.803,10,post_relaunch
2026-02-01,TR15,Nagpur,West,Maharashtra,T2,Hospital Pharmacy,DePURA Kids 15 ml,61,8021.2,0.0113,0.822,10,post_relaunch
2026-02-01,TR15,Nagpur,West,Maharashtra,T2,Pharmacy Chain,DePURA Kids 10 ml,21,1770.87,0.1076,0.849,10,post_relaunch
2026-02-01,TR15,Nagpur,West,Maharashtra,T2,Pharmacy Chain,DePURA Kids 15 ml,70,8716.16,0.0638,0.833,10,post_relaunch
2026-02-01,TR15,Nagpur,West,Maharashtra,T2,Retail Chemist,DePURA Kids 10 ml,69,6236.63,0.0435,0.767,10,post_relaunch
2026-02-01,TR15,Nagpur,West,Maharashtra,T2,Retail Chemist,DePURA Kids 15 ml,275,35562.44,0.0277,0.796,10,post_relaunch
2026-02-01,TR16,Ahmedabad,West,Gujarat,T1,E-Pharmacy,DePURA Kids 10 ml,72,5661.3,0.1679,1.0,15,post_relaunch
2026-02-01,TR16,Ahmedabad,West,Gujarat,T1,E-Pharmacy,DePURA Kids 15 ml,353,39710.19,0.1542,1.0,15,post_relaunch
2026-02-01,TR16,Ahmedabad,West,Gujarat,T1,Hospital Pharmacy,DePURA Kids 10 ml,53,4887.33,0.0242,0.942,15,post_relaunch
2026-02-01,TR16,Ahmedabad,West,Gujarat,T1,Hospital Pharmacy,DePURA Kids 15 ml,234,30996.13,0.004,0.972,15,post_relaunch
2026-02-01,TR16,Ahmedabad,West,Gujarat,T1,Pharmacy Chain,DePURA Kids 10 ml,70,6041.87,0.0866,0.962,15,post_relaunch
2026-02-01,TR16,Ahmedabad,West,Gujarat,T1,Pharmacy Chain,DePURA Kids 15 ml,289,34859.76,0.0931,0.983,15,post_relaunch
2026-02-01,TR16,Ahmedabad,West,Gujarat,T1,Retail Chemist,DePURA Kids 10 ml,156,13858.59,0.0599,0.916,15,post_relaunch
2026-02-01,TR16,Ahmedabad,West,Gujarat,T1,Retail Chemist,DePURA Kids 15 ml,756,98783.73,0.0175,0.948,15,post_relaunch
2026-02-01,TR17,Surat-Vadodara,West,Gujarat,T2,E-Pharmacy,DePURA Kids 10 ml,22,1760.53,0.1532,0.655,5,post_relaunch
2026-02-01,TR17,Surat-Vadodara,West,Gujarat,T2,E-Pharmacy,DePURA Kids 15 ml,87,9952.82,0.1398,0.721,5,post_relaunch
2026-02-01,TR17,Surat-Vadodara,West,Gujarat,T2,Hospital Pharmacy,DePURA Kids 10 ml,25,2311.84,0.0214,0.643,5,post_relaunch
2026-02-01,TR17,Surat-Vadodara,West,Gujarat,T2,Hospital Pharmacy,DePURA Kids 15 ml,52,6694.69,0.032,0.632,5,post_relaunch
2026-02-01,TR17,Surat-Vadodara,West,Gujarat,T2,Pharmacy Chain,DePURA Kids 10 ml,21,1839.06,0.0733,0.684,5,post_relaunch
2026-02-01,TR17,Surat-Vadodara,West,Gujarat,T2,Pharmacy Chain,DePURA Kids 15 ml,64,7822.47,0.081,0.709,5,post_relaunch
2026-02-01,TR17,Surat-Vadodara,West,Gujarat,T2,Retail Chemist,DePURA Kids 10 ml,81,7500.62,0.0201,0.669,5,post_relaunch
2026-02-01,TR17,Surat-Vadodara,West,Gujarat,T2,Retail Chemist,DePURA Kids 15 ml,313,40126.76,0.0361,0.668,5,post_relaunch
2026-02-01,TR18,Rajkot,West,Gujarat,T3,E-Pharmacy,DePURA Kids 10 ml,16,1259.67,0.1669,0.836,7,post_relaunch
2026-02-01,TR18,Rajkot,West,Gujarat,T3,E-Pharmacy,DePURA Kids 15 ml,35,3931.3,0.1555,0.735,7,post_relaunch
2026-02-01,TR18,Rajkot,West,Gujarat,T3,Hospital Pharmacy,DePURA Kids 10 ml,17,1587.58,0.0118,0.801,7,post_relaunch
2026-02-01,TR18,Rajkot,West,Gujarat,T3,Hospital Pharmacy,DePURA Kids 15 ml,41,5380.27,0.0133,0.672,7,post_relaunch
2026-02-01,TR18,Rajkot,West,Gujarat,T3,Pharmacy Chain,DePURA Kids 10 ml,14,1232.0,0.0688,0.724,7,post_relaunch
2026-02-01,TR18,Rajkot,West,Gujarat,T3,Pharmacy Chain,DePURA Kids 15 ml,34,4222.56,0.0883,0.745,7,post_relaunch
2026-02-01,TR18,Rajkot,West,Gujarat,T3,Retail Chemist,DePURA Kids 10 ml,108,9854.11,0.0345,0.719,7,post_relaunch
2026-02-01,TR18,Rajkot,West,Gujarat,T3,Retail Chemist,DePURA Kids 15 ml,257,32787.78,0.0408,0.622,7,post_relaunch
2026-02-01,TR19,Indore,Central,Madhya Pradesh,T2,E-Pharmacy,DePURA Kids 10 ml,34,2731.73,0.1498,0.712,6,post_relaunch
2026-02-01,TR19,Indore,Central,Madhya Pradesh,T2,E-Pharmacy,DePURA Kids 15 ml,151,16620.17,0.1724,0.716,6,post_relaunch
2026-02-01,TR19,Indore,Central,Madhya Pradesh,T2,Hospital Pharmacy,DePURA Kids 10 ml,37,3354.35,0.0407,0.644,6,post_relaunch
2026-02-01,TR19,Indore,Central,Madhya Pradesh,T2,Hospital Pharmacy,DePURA Kids 15 ml,95,12455.91,0.0142,0.719,6,post_relaunch
2026-02-01,TR19,Indore,Central,Madhya Pradesh,T2,Pharmacy Chain,DePURA Kids 10 ml,42,3694.27,0.0692,0.654,6,post_relaunch
2026-02-01,TR19,Indore,Central,Madhya Pradesh,T2,Pharmacy Chain,DePURA Kids 15 ml,120,14240.39,0.1077,0.676,6,post_relaunch
2026-02-01,TR19,Indore,Central,Madhya Pradesh,T2,Retail Chemist,DePURA Kids 10 ml,136,12530.87,0.025,0.66,6,post_relaunch
2026-02-01,TR19,Indore,Central,Madhya Pradesh,T2,Retail Chemist,DePURA Kids 15 ml,735,93651.45,0.042,0.756,6,post_relaunch
2026-02-01,TR20,Bhopal,Central,Madhya Pradesh,T2,E-Pharmacy,DePURA Kids 10 ml,10,801.02,0.1524,0.808,3,post_relaunch
2026-02-01,TR20,Bhopal,Central,Madhya Pradesh,T2,E-Pharmacy,DePURA Kids 15 ml,38,4231.35,0.1628,0.744,3,post_relaunch
2026-02-01,TR20,Bhopal,Central,Madhya Pradesh,T2,Hospital Pharmacy,DePURA Kids 10 ml,10,912.12,0.0348,0.705,3,post_relaunch
2026-02-01,TR20,Bhopal,Central,Madhya Pradesh,T2,Hospital Pharmacy,DePURA Kids 15 ml,41,5247.42,0.0377,0.657,3,post_relaunch
2026-02-01,TR20,Bhopal,Central,Madhya Pradesh,T2,Pharmacy Chain,DePURA Kids 10 ml,10,853.7,0.0966,0.69,3,post_relaunch
2026-02-01,TR20,Bhopal,Central,Madhya Pradesh,T2,Pharmacy Chain,DePURA Kids 15 ml,43,5254.94,0.0811,0.65,3,post_relaunch
2026-02-01,TR20,Bhopal,Central,Madhya Pradesh,T2,Retail Chemist,DePURA Kids 10 ml,49,4436.31,0.0419,0.627,3,post_relaunch
2026-02-01,TR20,Bhopal,Central,Madhya Pradesh,T2,Retail Chemist,DePURA Kids 15 ml,217,27791.91,0.037,0.693,3,post_relaunch
2026-02-01,TR21,Jabalpur,Central,Madhya Pradesh,T3,E-Pharmacy,DePURA Kids 10 ml,8,656.16,0.1321,0.922,5,post_relaunch
2026-02-01,TR21,Jabalpur,Central,Madhya Pradesh,T3,E-Pharmacy,DePURA Kids 15 ml,25,2818.86,0.1522,0.895,5,post_relaunch
2026-02-01,TR21,Jabalpur,Central,Madhya Pradesh,T3,Hospital Pharmacy,DePURA Kids 10 ml,16,1436.77,0.0498,0.881,5,post_relaunch
2026-02-01,TR21,Jabalpur,Central,Madhya Pradesh,T3,Hospital Pharmacy,DePURA Kids 15 ml,39,5088.91,0.0189,0.915,5,post_relaunch
2026-02-01,TR21,Jabalpur,Central,Madhya Pradesh,T3,Pharmacy Chain,DePURA Kids 10 ml,9,778.75,0.0844,0.905,5,post_relaunch
2026-02-01,TR21,Jabalpur,Central,Madhya Pradesh,T3,Pharmacy Chain,DePURA Kids 15 ml,20,2450.69,0.0787,0.934,5,post_relaunch
2026-02-01,TR21,Jabalpur,Central,Madhya Pradesh,T3,Retail Chemist,DePURA Kids 10 ml,93,8411.97,0.0428,0.917,5,post_relaunch
2026-02-01,TR21,Jabalpur,Central,Madhya Pradesh,T3,Retail Chemist,DePURA Kids 15 ml,175,22338.7,0.0402,0.936,5,post_relaunch
2026-02-01,TR22,Raipur,Central,Chhattisgarh,T3,E-Pharmacy,DePURA Kids 10 ml,20,1595.64,0.1557,0.819,6,post_relaunch
2026-02-01,TR22,Raipur,Central,Chhattisgarh,T3,E-Pharmacy,DePURA Kids 15 ml,49,5622.65,0.1372,0.775,6,post_relaunch
2026-02-01,TR22,Raipur,Central,Chhattisgarh,T3,Hospital Pharmacy,DePURA Kids 10 ml,27,2496.15,0.0217,0.794,6,post_relaunch
2026-02-01,TR22,Raipur,Central,Chhattisgarh,T3,Hospital Pharmacy,DePURA Kids 15 ml,57,7435.9,0.0191,0.834,6,post_relaunch
2026-02-01,TR22,Raipur,Central,Chhattisgarh,T3,Pharmacy Chain,DePURA Kids 10 ml,14,1232.89,0.0681,0.749,6,post_relaunch
2026-02-01,TR22,Raipur,Central,Chhattisgarh,T3,Pharmacy Chain,DePURA Kids 15 ml,42,5058.27,0.0945,0.792,6,post_relaunch
2026-02-01,TR22,Raipur,Central,Chhattisgarh,T3,Retail Chemist,DePURA Kids 10 ml,136,12329.92,0.0406,0.848,6,post_relaunch
2026-02-01,TR22,Raipur,Central,Chhattisgarh,T3,Retail Chemist,DePURA Kids 15 ml,322,41337.65,0.0348,0.776,6,post_relaunch
2026-02-01,TR23,Bengaluru North,South,Karnataka,T1,E-Pharmacy,DePURA Kids 10 ml,72,5848.01,0.1405,1.0,11,post_relaunch
2026-02-01,TR23,Bengaluru North,South,Karnataka,T1,E-Pharmacy,DePURA Kids 15 ml,349,39145.67,0.1567,0.968,11,post_relaunch
2026-02-01,TR23,Bengaluru North,South,Karnataka,T1,Hospital Pharmacy,DePURA Kids 10 ml,67,6203.57,0.0202,0.887,11,post_relaunch
2026-02-01,TR23,Bengaluru North,South,Karnataka,T1,Hospital Pharmacy,DePURA Kids 15 ml,332,42662.52,0.0338,0.976,11,post_relaunch
2026-02-01,TR23,Bengaluru North,South,Karnataka,T1,Pharmacy Chain,DePURA Kids 10 ml,86,7356.25,0.0948,0.916,11,post_relaunch
2026-02-01,TR23,Bengaluru North,South,Karnataka,T1,Pharmacy Chain,DePURA Kids 15 ml,391,48075.91,0.0755,0.854,11,post_relaunch
2026-02-01,TR23,Bengaluru North,South,Karnataka,T1,Retail Chemist,DePURA Kids 10 ml,185,16768.8,0.0408,0.938,11,post_relaunch
2026-02-01,TR23,Bengaluru North,South,Karnataka,T1,Retail Chemist,DePURA Kids 15 ml,974,124153.56,0.0416,0.919,11,post_relaunch
2026-02-01,TR24,Bengaluru South,South,Karnataka,T1,E-Pharmacy,DePURA Kids 10 ml,76,6227.74,0.1329,0.952,15,post_relaunch
2026-02-01,TR24,Bengaluru South,South,Karnataka,T1,E-Pharmacy,DePURA Kids 15 ml,436,48963.42,0.1556,1.0,15,post_relaunch
2026-02-01,TR24,Bengaluru South,South,Karnataka,T1,Hospital Pharmacy,DePURA Kids 10 ml,73,6741.74,0.0227,0.972,15,post_relaunch
2026-02-01,TR24,Bengaluru South,South,Karnataka,T1,Hospital Pharmacy,DePURA Kids 15 ml,309,40425.71,0.0163,0.99,15,post_relaunch
2026-02-01,TR24,Bengaluru South,South,Karnataka,T1,Pharmacy Chain,DePURA Kids 10 ml,90,7790.64,0.084,0.959,15,post_relaunch
2026-02-01,TR24,Bengaluru South,South,Karnataka,T1,Pharmacy Chain,DePURA Kids 15 ml,418,50961.81,0.0833,0.94,15,post_relaunch
2026-02-01,TR24,Bengaluru South,South,Karnataka,T1,Retail Chemist,DePURA Kids 10 ml,203,18339.87,0.044,0.922,15,post_relaunch
2026-02-01,TR24,Bengaluru South,South,Karnataka,T1,Retail Chemist,DePURA Kids 15 ml,1337,171258.37,0.0486,0.956,15,post_relaunch
2026-02-01,TR25,Mysuru-Mangaluru,South,Karnataka,T3,E-Pharmacy,DePURA Kids 10 ml,8,647.45,0.1436,0.737,4,post_relaunch
2026-02-01,TR25,Mysuru-Mangaluru,South,Karnataka,T3,E-Pharmacy,DePURA Kids 15 ml,18,2042.67,0.1468,0.77,4,post_relaunch
2026-02-01,TR25,Mysuru-Mangaluru,South,Karnataka,T3,Hospital Pharmacy,DePURA Kids 10 ml,12,1118.22,0.0139,0.713,4,post_relaunch
2026-02-01,TR25,Mysuru-Mangaluru,South,Karnataka,T3,Hospital Pharmacy,DePURA Kids 15 ml,23,2988.25,0.0231,0.746,4,post_relaunch
2026-02-01,TR25,Mysuru-Mangaluru,South,Karnataka,T3,Pharmacy Chain,DePURA Kids 10 ml,6,521.93,0.0795,0.707,4,post_relaunch
2026-02-01,TR25,Mysuru-Mangaluru,South,Karnataka,T3,Pharmacy Chain,DePURA Kids 15 ml,17,2101.15,0.0707,0.775,4,post_relaunch
2026-02-01,TR25,Mysuru-Mangaluru,South,Karnataka,T3,Retail Chemist,DePURA Kids 10 ml,86,7666.72,0.0566,0.749,4,post_relaunch
2026-02-01,TR25,Mysuru-Mangaluru,South,Karnataka,T3,Retail Chemist,DePURA Kids 15 ml,174,21789.9,0.0584,0.742,4,post_relaunch
2026-02-01,TR26,Chennai,South,Tamil Nadu,T1,E-Pharmacy,DePURA Kids 10 ml,75,6096.22,0.1399,0.784,15,post_relaunch
2026-02-01,TR26,Chennai,South,Tamil Nadu,T1,E-Pharmacy,DePURA Kids 15 ml,265,29900.43,0.1516,0.885,15,post_relaunch
2026-02-01,TR26,Chennai,South,Tamil Nadu,T1,Hospital Pharmacy,DePURA Kids 10 ml,49,4548.02,0.0178,0.887,15,post_relaunch
2026-02-01,TR26,Chennai,South,Tamil Nadu,T1,Hospital Pharmacy,DePURA Kids 15 ml,241,31953.91,0.0031,0.808,15,post_relaunch
2026-02-01,TR26,Chennai,South,Tamil Nadu,T1,Pharmacy Chain,DePURA Kids 10 ml,88,7747.17,0.0684,0.88,15,post_relaunch
2026-02-01,TR26,Chennai,South,Tamil Nadu,T1,Pharmacy Chain,DePURA Kids 15 ml,279,34387.28,0.0733,0.814,15,post_relaunch
2026-02-01,TR26,Chennai,South,Tamil Nadu,T1,Retail Chemist,DePURA Kids 10 ml,146,13371.93,0.0308,0.867,15,post_relaunch
2026-02-01,TR26,Chennai,South,Tamil Nadu,T1,Retail Chemist,DePURA Kids 15 ml,895,115251.88,0.0318,0.834,15,post_relaunch
2026-02-01,TR27,Coimbatore-Madurai,South,Tamil Nadu,T2,E-Pharmacy,DePURA Kids 10 ml,44,3503.52,0.1574,0.941,8,post_relaunch
2026-02-01,TR27,Coimbatore-Madurai,South,Tamil Nadu,T2,E-Pharmacy,DePURA Kids 15 ml,135,15199.51,0.1535,0.982,8,post_relaunch
2026-02-01,TR27,Coimbatore-Madurai,South,Tamil Nadu,T2,Hospital Pharmacy,DePURA Kids 10 ml,28,2539.24,0.0403,0.85,8,post_relaunch
2026-02-01,TR27,Coimbatore-Madurai,South,Tamil Nadu,T2,Hospital Pharmacy,DePURA Kids 15 ml,96,12547.67,0.0173,0.843,8,post_relaunch
2026-02-01,TR27,Coimbatore-Madurai,South,Tamil Nadu,T2,Pharmacy Chain,DePURA Kids 10 ml,33,2850.76,0.0859,0.896,8,post_relaunch
2026-02-01,TR27,Coimbatore-Madurai,South,Tamil Nadu,T2,Pharmacy Chain,DePURA Kids 15 ml,111,13516.97,0.0844,0.849,8,post_relaunch
2026-02-01,TR27,Coimbatore-Madurai,South,Tamil Nadu,T2,Retail Chemist,DePURA Kids 10 ml,132,12105.24,0.0296,0.866,8,post_relaunch
2026-02-01,TR27,Coimbatore-Madurai,South,Tamil Nadu,T2,Retail Chemist,DePURA Kids 15 ml,484,61109.7,0.0507,0.912,8,post_relaunch
2026-02-01,TR28,Hyderabad,South,Telangana,T1,E-Pharmacy,DePURA Kids 10 ml,129,10170.89,0.1657,0.981,9,post_relaunch
2026-02-01,TR28,Hyderabad,South,Telangana,T1,E-Pharmacy,DePURA Kids 15 ml,488,55169.28,0.15,0.92,9,post_relaunch
2026-02-01,TR28,Hyderabad,South,Telangana,T1,Hospital Pharmacy,DePURA Kids 10 ml,83,7702.27,0.018,0.934,9,post_relaunch
2026-02-01,TR28,Hyderabad,South,Telangana,T1,Hospital Pharmacy,DePURA Kids 15 ml,294,38837.5,0.0068,0.922,9,post_relaunch
2026-02-01,TR28,Hyderabad,South,Telangana,T1,Pharmacy Chain,DePURA Kids 10 ml,92,8088.42,0.0697,0.888,9,post_relaunch
2026-02-01,TR28,Hyderabad,South,Telangana,T1,Pharmacy Chain,DePURA Kids 15 ml,481,59808.51,0.0651,0.885,9,post_relaunch
2026-02-01,TR28,Hyderabad,South,Telangana,T1,Retail Chemist,DePURA Kids 10 ml,243,21734.78,0.0535,0.904,9,post_relaunch
2026-02-01,TR28,Hyderabad,South,Telangana,T1,Retail Chemist,DePURA Kids 15 ml,1233,159745.46,0.0259,0.932,9,post_relaunch
2026-02-01,TR29,Vijayawada-Vizag,South,Andhra Pradesh,T2,E-Pharmacy,DePURA Kids 10 ml,12,970.5,0.1442,0.892,5,post_relaunch
2026-02-01,TR29,Vijayawada-Vizag,South,Andhra Pradesh,T2,E-Pharmacy,DePURA Kids 15 ml,45,4953.73,0.1723,0.864,5,post_relaunch
2026-02-01,TR29,Vijayawada-Vizag,South,Andhra Pradesh,T2,Hospital Pharmacy,DePURA Kids 10 ml,11,1016.96,0.0217,0.875,5,post_relaunch
2026-02-01,TR29,Vijayawada-Vizag,South,Andhra Pradesh,T2,Hospital Pharmacy,DePURA Kids 15 ml,46,6118.0,0.0,0.816,5,post_relaunch
2026-02-01,TR29,Vijayawada-Vizag,South,Andhra Pradesh,T2,Pharmacy Chain,DePURA Kids 10 ml,9,788.3,0.0731,0.773,5,post_relaunch
2026-02-01,TR29,Vijayawada-Vizag,South,Andhra Pradesh,T2,Pharmacy Chain,DePURA Kids 15 ml,49,5967.52,0.0843,0.859,5,post_relaunch
2026-02-01,TR29,Vijayawada-Vizag,South,Andhra Pradesh,T2,Retail Chemist,DePURA Kids 10 ml,52,4806.99,0.0218,0.78,5,post_relaunch
2026-02-01,TR29,Vijayawada-Vizag,South,Andhra Pradesh,T2,Retail Chemist,DePURA Kids 15 ml,211,26582.74,0.0527,0.824,5,post_relaunch
2026-02-01,TR30,Kochi-Trivandrum,South,Kerala,T2,E-Pharmacy,DePURA Kids 10 ml,32,2467.99,0.1839,0.819,5,post_relaunch
2026-02-01,TR30,Kochi-Trivandrum,South,Kerala,T2,E-Pharmacy,DePURA Kids 15 ml,125,13933.48,0.1619,0.883,5,post_relaunch
2026-02-01,TR30,Kochi-Trivandrum,South,Kerala,T2,Hospital Pharmacy,DePURA Kids 10 ml,41,3825.16,0.0127,0.824,5,post_relaunch
2026-02-01,TR30,Kochi-Trivandrum,South,Kerala,T2,Hospital Pharmacy,DePURA Kids 15 ml,109,14134.16,0.025,0.78,5,post_relaunch
2026-02-01,TR30,Kochi-Trivandrum,South,Kerala,T2,Pharmacy Chain,DePURA Kids 10 ml,45,3952.52,0.0705,0.804,5,post_relaunch
2026-02-01,TR30,Kochi-Trivandrum,South,Kerala,T2,Pharmacy Chain,DePURA Kids 15 ml,134,16309.45,0.0849,0.832,5,post_relaunch
2026-02-01,TR30,Kochi-Trivandrum,South,Kerala,T2,Retail Chemist,DePURA Kids 10 ml,137,12558.96,0.0299,0.755,5,post_relaunch
2026-02-01,TR30,Kochi-Trivandrum,South,Kerala,T2,Retail Chemist,DePURA Kids 15 ml,526,67461.72,0.0357,0.818,5,post_relaunch
2026-02-01,TR31,Kolkata,East,West Bengal,T1,E-Pharmacy,DePURA Kids 10 ml,78,6413.83,0.1299,0.954,15,post_relaunch
2026-02-01,TR31,Kolkata,East,West Bengal,T1,E-Pharmacy,DePURA Kids 15 ml,270,30807.95,0.1421,1.0,15,post_relaunch
2026-02-01,TR31,Kolkata,East,West Bengal,T1,Hospital Pharmacy,DePURA Kids 10 ml,46,4311.85,0.02805,0.954,15,post_relaunch
2026-02-01,TR31,Kolkata,East,West Bengal,T1,Hospital Pharmacy,DePURA Kids 15 ml,200,26442.33,0.0059,0.94,15,post_relaunch
2026-02-01,TR31,Kolkata,East,West Bengal,T1,Pharmacy Chain,DePURA Kids 10 ml,63,5429.05,0.0883,0.951,15,post_relaunch
2026-02-01,TR31,Kolkata,East,West Bengal,T1,Pharmacy Chain,DePURA Kids 15 ml,290,35573.65,0.0777,0.918,15,post_relaunch
2026-02-01,TR31,Kolkata,East,West Bengal,T1,Retail Chemist,DePURA Kids 10 ml,161,14607.53,0.0399,0.899,15,post_relaunch
2026-02-01,TR31,Kolkata,East,West Bengal,T1,Retail Chemist,DePURA Kids 15 ml,795,101193.22,0.043,0.941,15,post_relaunch
2026-02-01,TR32,Siliguri-Durgapur,East,West Bengal,T3,E-Pharmacy,DePURA Kids 10 ml,10,807.18,0.1458,0.844,3,post_relaunch
2026-02-01,TR32,Siliguri-Durgapur,East,West Bengal,T3,E-Pharmacy,DePURA Kids 15 ml,27,3031.36,0.1558,0.854,3,post_relaunch
2026-02-01,TR32,Siliguri-Durgapur,East,West Bengal,T3,Hospital Pharmacy,DePURA Kids 10 ml,15,1381.48,0.0254,0.764,3,post_relaunch
2026-02-01,TR32,Siliguri-Durgapur,East,West Bengal,T3,Hospital Pharmacy,DePURA Kids 15 ml,37,4877.29,0.0089,0.799,3,post_relaunch
2026-02-01,TR32,Siliguri-Durgapur,East,West Bengal,T3,Pharmacy Chain,DePURA Kids 10 ml,7,611.88,0.075,0.701,3,post_relaunch
2026-02-01,TR32,Siliguri-Durgapur,East,West Bengal,T3,Pharmacy Chain,DePURA Kids 15 ml,18,2139.7,0.1062,0.838,3,post_relaunch
2026-02-01,TR32,Siliguri-Durgapur,East,West Bengal,T3,Retail Chemist,DePURA Kids 10 ml,80,7216.68,0.0454,0.811,3,post_relaunch
2026-02-01,TR32,Siliguri-Durgapur,East,West Bengal,T3,Retail Chemist,DePURA Kids 15 ml,198,25057.69,0.0485,0.79,3,post_relaunch
2026-02-01,TR33,Patna,East,Bihar,T2,E-Pharmacy,DePURA Kids 10 ml,16,1310.14,0.1335,0.885,6,post_relaunch
2026-02-01,TR33,Patna,East,Bihar,T2,E-Pharmacy,DePURA Kids 15 ml,59,6641.08,0.1537,0.809,6,post_relaunch
2026-02-01,TR33,Patna,East,Bihar,T2,Hospital Pharmacy,DePURA Kids 10 ml,22,2055.91,0.0111,0.85,6,post_relaunch
2026-02-01,TR33,Patna,East,Bihar,T2,Hospital Pharmacy,DePURA Kids 15 ml,62,8116.61,0.0157,0.849,6,post_relaunch
2026-02-01,TR33,Patna,East,Bihar,T2,Pharmacy Chain,DePURA Kids 10 ml,18,1565.94,0.0794,0.792,6,post_relaunch
2026-02-01,TR33,Patna,East,Bihar,T2,Pharmacy Chain,DePURA Kids 15 ml,69,8312.6,0.0942,0.852,6,post_relaunch
2026-02-01,TR33,Patna,East,Bihar,T2,Retail Chemist,DePURA Kids 10 ml,91,8196.21,0.0469,0.798,6,post_relaunch
2026-02-01,TR33,Patna,East,Bihar,T2,Retail Chemist,DePURA Kids 15 ml,237,30807.72,0.0226,0.824,6,post_relaunch
2026-02-01,TR34,Ranchi,East,Jharkhand,T3,E-Pharmacy,DePURA Kids 10 ml,8,642.97,0.1495,0.817,6,post_relaunch
2026-02-01,TR34,Ranchi,East,Jharkhand,T3,E-Pharmacy,DePURA Kids 15 ml,20,2227.27,0.1627,0.759,6,post_relaunch
2026-02-01,TR34,Ranchi,East,Jharkhand,T3,Hospital Pharmacy,DePURA Kids 10 ml,19,1779.07,0.0092,0.812,6,post_relaunch
2026-02-01,TR34,Ranchi,East,Jharkhand,T3,Hospital Pharmacy,DePURA Kids 15 ml,28,3581.93,0.0382,0.757,6,post_relaunch
2026-02-01,TR34,Ranchi,East,Jharkhand,T3,Pharmacy Chain,DePURA Kids 10 ml,9,790.29,0.0708,0.788,6,post_relaunch
2026-02-01,TR34,Ranchi,East,Jharkhand,T3,Pharmacy Chain,DePURA Kids 15 ml,21,2569.02,0.0802,0.79,6,post_relaunch
2026-02-01,TR34,Ranchi,East,Jharkhand,T3,Retail Chemist,DePURA Kids 10 ml,62,5609.77,0.0425,0.769,6,post_relaunch
2026-02-01,TR34,Ranchi,East,Jharkhand,T3,Retail Chemist,DePURA Kids 15 ml,154,19797.42,0.0334,0.738,6,post_relaunch
2026-02-01,TR35,Bhubaneswar,East,Odisha,T2,E-Pharmacy,DePURA Kids 10 ml,18,1456.85,0.1435,0.918,6,post_relaunch
2026-02-01,TR35,Bhubaneswar,East,Odisha,T2,E-Pharmacy,DePURA Kids 15 ml,57,6495.13,0.1432,0.851,6,post_relaunch
2026-02-01,TR35,Bhubaneswar,East,Odisha,T2,Hospital Pharmacy,DePURA Kids 10 ml,18,1660.81,0.0236,0.835,6,post_relaunch
2026-02-01,TR35,Bhubaneswar,East,Odisha,T2,Hospital Pharmacy,DePURA Kids 15 ml,58,7608.32,0.0137,0.814,6,post_relaunch
2026-02-01,TR35,Bhubaneswar,East,Odisha,T2,Pharmacy Chain,DePURA Kids 10 ml,18,1528.93,0.0883,0.842,6,post_relaunch
2026-02-01,TR35,Bhubaneswar,East,Odisha,T2,Pharmacy Chain,DePURA Kids 15 ml,63,7709.8,0.0799,0.841,6,post_relaunch
2026-02-01,TR35,Bhubaneswar,East,Odisha,T2,Retail Chemist,DePURA Kids 10 ml,98,8852.54,0.0441,0.832,6,post_relaunch
2026-02-01,TR35,Bhubaneswar,East,Odisha,T2,Retail Chemist,DePURA Kids 15 ml,281,35133.43,0.0599,0.857,6,post_relaunch
2026-02-01,TR36,Guwahati,East,Assam,T2,E-Pharmacy,DePURA Kids 10 ml,34,2732.38,0.1496,0.851,8,post_relaunch
2026-02-01,TR36,Guwahati,East,Assam,T2,E-Pharmacy,DePURA Kids 15 ml,111,12549.55,0.1499,0.818,8,post_relaunch
2026-02-01,TR36,Guwahati,East,Assam,T2,Hospital Pharmacy,DePURA Kids 10 ml,29,2682.05,0.0213,0.824,8,post_relaunch
2026-02-01,TR36,Guwahati,East,Assam,T2,Hospital Pharmacy,DePURA Kids 15 ml,89,11648.16,0.016,0.853,8,post_relaunch
2026-02-01,TR36,Guwahati,East,Assam,T2,Pharmacy Chain,DePURA Kids 10 ml,27,2350.21,0.0789,0.797,8,post_relaunch
2026-02-01,TR36,Guwahati,East,Assam,T2,Pharmacy Chain,DePURA Kids 15 ml,95,11582.89,0.0833,0.711,8,post_relaunch
2026-02-01,TR36,Guwahati,East,Assam,T2,Retail Chemist,DePURA Kids 10 ml,129,11857.82,0.0273,0.792,8,post_relaunch
2026-02-01,TR36,Guwahati,East,Assam,T2,Retail Chemist,DePURA Kids 15 ml,435,54707.34,0.0544,0.821,8,post_relaunch
2026-03-01,TR01,Delhi North,North,Delhi,T1,E-Pharmacy,DePURA Kids 10 ml,125,10088.37,0.146,0.984,16,post_relaunch
2026-03-01,TR01,Delhi North,North,Delhi,T1,E-Pharmacy,DePURA Kids 15 ml,517,59289.35,0.1377,0.957,16,post_relaunch
2026-03-01,TR01,Delhi North,North,Delhi,T1,Hospital Pharmacy,DePURA Kids 10 ml,67,6242.92,0.014,1.0,16,post_relaunch
2026-03-01,TR01,Delhi North,North,Delhi,T1,Hospital Pharmacy,DePURA Kids 15 ml,324,42034.26,0.0245,0.99,16,post_relaunch
2026-03-01,TR01,Delhi North,North,Delhi,T1,Pharmacy Chain,DePURA Kids 10 ml,111,9565.99,0.088,0.975,16,post_relaunch
2026-03-01,TR01,Delhi North,North,Delhi,T1,Pharmacy Chain,DePURA Kids 15 ml,519,62979.76,0.0876,0.949,16,post_relaunch
2026-03-01,TR01,Delhi North,North,Delhi,T1,Retail Chemist,DePURA Kids 10 ml,269,24421.76,0.0393,0.992,16,post_relaunch
2026-03-01,TR01,Delhi North,North,Delhi,T1,Retail Chemist,DePURA Kids 15 ml,1362,173636.75,0.0415,0.99,16,post_relaunch
2026-03-01,TR02,Delhi South,North,Delhi,T1,E-Pharmacy,DePURA Kids 10 ml,56,4503.87,0.1489,0.733,12,post_relaunch
2026-03-01,TR02,Delhi South,North,Delhi,T1,E-Pharmacy,DePURA Kids 15 ml,336,37983.73,0.15,0.765,12,post_relaunch
2026-03-01,TR02,Delhi South,North,Delhi,T1,Hospital Pharmacy,DePURA Kids 10 ml,47,4289.17,0.0343,0.79,12,post_relaunch
2026-03-01,TR02,Delhi South,North,Delhi,T1,Hospital Pharmacy,DePURA Kids 15 ml,234,30910.42,0.0068,0.811,12,post_relaunch
2026-03-01,TR02,Delhi South,North,Delhi,T1,Pharmacy Chain,DePURA Kids 10 ml,64,5509.6,0.089,0.665,12,post_relaunch
2026-03-01,TR02,Delhi South,North,Delhi,T1,Pharmacy Chain,DePURA Kids 15 ml,317,39581.01,0.0612,0.719,12,post_relaunch
2026-03-01,TR02,Delhi South,North,Delhi,T1,Retail Chemist,DePURA Kids 10 ml,172,15499.24,0.0464,0.772,12,post_relaunch
2026-03-01,TR02,Delhi South,North,Delhi,T1,Retail Chemist,DePURA Kids 15 ml,720,92727.25,0.0317,0.721,12,post_relaunch
2026-03-01,TR03,Noida-Ghaziabad,North,Uttar Pradesh,T2,E-Pharmacy,DePURA Kids 10 ml,24,1896.77,0.1637,0.943,5,post_relaunch
2026-03-01,TR03,Noida-Ghaziabad,North,Uttar Pradesh,T2,E-Pharmacy,DePURA Kids 15 ml,83,9418.97,0.1468,0.977,5,post_relaunch
2026-03-01,TR03,Noida-Ghaziabad,North,Uttar Pradesh,T2,Hospital Pharmacy,DePURA Kids 10 ml,24,2230.49,0.0165,0.882,5,post_relaunch
2026-03-01,TR03,Noida-Ghaziabad,North,Uttar Pradesh,T2,Hospital Pharmacy,DePURA Kids 15 ml,81,10550.31,0.0207,0.917,5,post_relaunch
2026-03-01,TR03,Noida-Ghaziabad,North,Uttar Pradesh,T2,Pharmacy Chain,DePURA Kids 10 ml,25,2150.07,0.0899,0.878,5,post_relaunch
2026-03-01,TR03,Noida-Ghaziabad,North,Uttar Pradesh,T2,Pharmacy Chain,DePURA Kids 15 ml,97,11866.85,0.0802,0.937,5,post_relaunch
2026-03-01,TR03,Noida-Ghaziabad,North,Uttar Pradesh,T2,Retail Chemist,DePURA Kids 10 ml,91,8217.4,0.0444,0.854,5,post_relaunch
2026-03-01,TR03,Noida-Ghaziabad,North,Uttar Pradesh,T2,Retail Chemist,DePURA Kids 15 ml,218,28143.9,0.0293,0.852,5,post_relaunch
2026-03-01,TR04,Gurugram-Faridabad,North,Haryana,T2,E-Pharmacy,DePURA Kids 10 ml,24,1924.56,0.1514,0.894,8,post_relaunch
2026-03-01,TR04,Gurugram-Faridabad,North,Haryana,T2,E-Pharmacy,DePURA Kids 15 ml,76,8598.27,0.1494,0.951,8,post_relaunch
2026-03-01,TR04,Gurugram-Faridabad,North,Haryana,T2,Hospital Pharmacy,DePURA Kids 10 ml,23,2077.05,0.0444,0.861,8,post_relaunch
2026-03-01,TR04,Gurugram-Faridabad,North,Haryana,T2,Hospital Pharmacy,DePURA Kids 15 ml,86,11428.84,0.0008,0.886,8,post_relaunch
2026-03-01,TR04,Gurugram-Faridabad,North,Haryana,T2,Pharmacy Chain,DePURA Kids 10 ml,22,1905.08,0.0837,0.884,8,post_relaunch
2026-03-01,TR04,Gurugram-Faridabad,North,Haryana,T2,Pharmacy Chain,DePURA Kids 15 ml,69,8227.99,0.1034,0.891,8,post_relaunch
2026-03-01,TR04,Gurugram-Faridabad,North,Haryana,T2,Retail Chemist,DePURA Kids 10 ml,97,8741.41,0.0464,0.849,8,post_relaunch
2026-03-01,TR04,Gurugram-Faridabad,North,Haryana,T2,Retail Chemist,DePURA Kids 15 ml,236,31080.18,0.0098,0.875,8,post_relaunch
2026-03-01,TR05,Lucknow,North,Uttar Pradesh,T2,E-Pharmacy,DePURA Kids 10 ml,23,1846.27,0.1506,0.874,6,post_relaunch
2026-03-01,TR05,Lucknow,North,Uttar Pradesh,T2,E-Pharmacy,DePURA Kids 15 ml,73,8130.07,0.1626,0.772,6,post_relaunch
2026-03-01,TR05,Lucknow,North,Uttar Pradesh,T2,Hospital Pharmacy,DePURA Kids 10 ml,21,1936.99,0.0239,0.763,6,post_relaunch
2026-03-01,TR05,Lucknow,North,Uttar Pradesh,T2,Hospital Pharmacy,DePURA Kids 15 ml,81,10648.21,0.0116,0.814,6,post_relaunch
2026-03-01,TR05,Lucknow,North,Uttar Pradesh,T2,Pharmacy Chain,DePURA Kids 10 ml,27,2404.11,0.0578,0.757,6,post_relaunch
2026-03-01,TR05,Lucknow,North,Uttar Pradesh,T2,Pharmacy Chain,DePURA Kids 15 ml,76,9392.21,0.0708,0.795,6,post_relaunch
2026-03-01,TR05,Lucknow,North,Uttar Pradesh,T2,Retail Chemist,DePURA Kids 10 ml,107,9611.61,0.0494,0.824,6,post_relaunch
2026-03-01,TR05,Lucknow,North,Uttar Pradesh,T2,Retail Chemist,DePURA Kids 15 ml,265,33494.27,0.0497,0.775,6,post_relaunch
2026-03-01,TR06,Kanpur-Agra,North,Uttar Pradesh,T2,E-Pharmacy,DePURA Kids 10 ml,21,1695.83,0.1455,0.712,5,post_relaunch
2026-03-01,TR06,Kanpur-Agra,North,Uttar Pradesh,T2,E-Pharmacy,DePURA Kids 15 ml,87,9889.07,0.1454,0.734,5,post_relaunch
2026-03-01,TR06,Kanpur-Agra,North,Uttar Pradesh,T2,Hospital Pharmacy,DePURA Kids 10 ml,28,2580.55,0.0247,0.653,5,post_relaunch
2026-03-01,TR06,Kanpur-Agra,North,Uttar Pradesh,T2,Hospital Pharmacy,DePURA Kids 15 ml,69,9013.74,0.0178,0.731,5,post_relaunch
2026-03-01,TR06,Kanpur-Agra,North,Uttar Pradesh,T2,Pharmacy Chain,DePURA Kids 10 ml,26,2284.01,0.0704,0.674,5,post_relaunch
2026-03-01,TR06,Kanpur-Agra,North,Uttar Pradesh,T2,Pharmacy Chain,DePURA Kids 15 ml,74,8952.15,0.0904,0.674,5,post_relaunch
2026-03-01,TR06,Kanpur-Agra,North,Uttar Pradesh,T2,Retail Chemist,DePURA Kids 10 ml,117,10575.52,0.0435,0.678,5,post_relaunch
2026-03-01,TR06,Kanpur-Agra,North,Uttar Pradesh,T2,Retail Chemist,DePURA Kids 15 ml,367,46203.96,0.0534,0.63,5,post_relaunch
2026-03-01,TR07,Varanasi-Gorakhpur,North,Uttar Pradesh,T3,E-Pharmacy,DePURA Kids 10 ml,3,238.65,0.1582,0.716,3,post_relaunch
2026-03-01,TR07,Varanasi-Gorakhpur,North,Uttar Pradesh,T3,E-Pharmacy,DePURA Kids 15 ml,11,1237.88,0.1539,0.721,3,post_relaunch
2026-03-01,TR07,Varanasi-Gorakhpur,North,Uttar Pradesh,T3,Hospital Pharmacy,DePURA Kids 10 ml,5,471.07,0.003,0.603,3,post_relaunch
2026-03-01,TR07,Varanasi-Gorakhpur,North,Uttar Pradesh,T3,Hospital Pharmacy,DePURA Kids 15 ml,13,1677.24,0.0299,0.638,3,post_relaunch
2026-03-01,TR07,Varanasi-Gorakhpur,North,Uttar Pradesh,T3,Pharmacy Chain,DePURA Kids 10 ml,3,259.86,0.0834,0.648,3,post_relaunch
2026-03-01,TR07,Varanasi-Gorakhpur,North,Uttar Pradesh,T3,Pharmacy Chain,DePURA Kids 15 ml,6,733.18,0.0812,0.691,3,post_relaunch
2026-03-01,TR07,Varanasi-Gorakhpur,North,Uttar Pradesh,T3,Retail Chemist,DePURA Kids 10 ml,27,2438.51,0.0443,0.667,3,post_relaunch
2026-03-01,TR07,Varanasi-Gorakhpur,North,Uttar Pradesh,T3,Retail Chemist,DePURA Kids 15 ml,63,8053.38,0.0389,0.631,3,post_relaunch
2026-03-01,TR08,Chandigarh-Mohali,North,Chandigarh,T2,E-Pharmacy,DePURA Kids 10 ml,19,1493.81,0.168,0.767,7,post_relaunch
2026-03-01,TR08,Chandigarh-Mohali,North,Chandigarh,T2,E-Pharmacy,DePURA Kids 15 ml,67,7464.59,0.1623,0.72,7,post_relaunch
2026-03-01,TR08,Chandigarh-Mohali,North,Chandigarh,T2,Hospital Pharmacy,DePURA Kids 10 ml,19,1750.86,0.0249,0.717,7,post_relaunch
2026-03-01,TR08,Chandigarh-Mohali,North,Chandigarh,T2,Hospital Pharmacy,DePURA Kids 15 ml,69,8925.05,0.0275,0.665,7,post_relaunch
2026-03-01,TR08,Chandigarh-Mohali,North,Chandigarh,T2,Pharmacy Chain,DePURA Kids 10 ml,21,1805.15,0.0904,0.727,7,post_relaunch
2026-03-01,TR08,Chandigarh-Mohali,North,Chandigarh,T2,Pharmacy Chain,DePURA Kids 15 ml,71,8825.0,0.0654,0.767,7,post_relaunch
2026-03-01,TR08,Chandigarh-Mohali,North,Chandigarh,T2,Retail Chemist,DePURA Kids 10 ml,87,7968.92,0.0307,0.673,7,post_relaunch
2026-03-01,TR08,Chandigarh-Mohali,North,Chandigarh,T2,Retail Chemist,DePURA Kids 15 ml,322,39833.7,0.0699,0.777,7,post_relaunch
2026-03-01,TR09,Ludhiana-Amritsar,North,Punjab,T2,E-Pharmacy,DePURA Kids 10 ml,18,1449.05,0.1481,0.881,6,post_relaunch
2026-03-01,TR09,Ludhiana-Amritsar,North,Punjab,T2,E-Pharmacy,DePURA Kids 15 ml,55,6141.86,0.1604,0.818,6,post_relaunch
2026-03-01,TR09,Ludhiana-Amritsar,North,Punjab,T2,Hospital Pharmacy,DePURA Kids 10 ml,17,1587.15,0.012,0.819,6,post_relaunch
2026-03-01,TR09,Ludhiana-Amritsar,North,Punjab,T2,Hospital Pharmacy,DePURA Kids 15 ml,54,7064.03,0.0164,0.789,6,post_relaunch
2026-03-01,TR09,Ludhiana-Amritsar,North,Punjab,T2,Pharmacy Chain,DePURA Kids 10 ml,20,1738.33,0.0802,0.777,6,post_relaunch
2026-03-01,TR09,Ludhiana-Amritsar,North,Punjab,T2,Pharmacy Chain,DePURA Kids 15 ml,72,8889.6,0.0717,0.82,6,post_relaunch
2026-03-01,TR09,Ludhiana-Amritsar,North,Punjab,T2,Retail Chemist,DePURA Kids 10 ml,67,6078.88,0.0399,0.778,6,post_relaunch
2026-03-01,TR09,Ludhiana-Amritsar,North,Punjab,T2,Retail Chemist,DePURA Kids 15 ml,268,34128.99,0.0425,0.823,6,post_relaunch
2026-03-01,TR10,Jaipur,North,Rajasthan,T2,E-Pharmacy,DePURA Kids 10 ml,6,482.81,0.1485,0.723,7,post_relaunch
2026-03-01,TR10,Jaipur,North,Rajasthan,T2,E-Pharmacy,DePURA Kids 15 ml,24,2727.69,0.1455,0.746,7,post_relaunch
2026-03-01,TR10,Jaipur,North,Rajasthan,T2,Hospital Pharmacy,DePURA Kids 10 ml,7,661.5,0.0,0.692,7,post_relaunch
2026-03-01,TR10,Jaipur,North,Rajasthan,T2,Hospital Pharmacy,DePURA Kids 15 ml,23,3015.68,0.0142,0.657,7,post_relaunch
2026-03-01,TR10,Jaipur,North,Rajasthan,T2,Pharmacy Chain,DePURA Kids 10 ml,8,706.52,0.0655,0.683,7,post_relaunch
2026-03-01,TR10,Jaipur,North,Rajasthan,T2,Pharmacy Chain,DePURA Kids 15 ml,25,3012.76,0.0939,0.684,7,post_relaunch
2026-03-01,TR10,Jaipur,North,Rajasthan,T2,Retail Chemist,DePURA Kids 10 ml,37,3417.16,0.0227,0.693,7,post_relaunch
2026-03-01,TR10,Jaipur,North,Rajasthan,T2,Retail Chemist,DePURA Kids 15 ml,96,12183.56,0.0458,0.678,7,post_relaunch
2026-03-01,TR11,Dehradun,North,Uttarakhand,T3,E-Pharmacy,DePURA Kids 10 ml,8,654.41,0.1344,0.846,6,post_relaunch
2026-03-01,TR11,Dehradun,North,Uttarakhand,T3,E-Pharmacy,DePURA Kids 15 ml,30,3369.81,0.1554,0.849,6,post_relaunch
2026-03-01,TR11,Dehradun,North,Uttarakhand,T3,Hospital Pharmacy,DePURA Kids 10 ml,14,1320.32,0.002,0.781,6,post_relaunch
2026-03-01,TR11,Dehradun,North,Uttarakhand,T3,Hospital Pharmacy,DePURA Kids 15 ml,29,3700.31,0.0406,0.825,6,post_relaunch
2026-03-01,TR11,Dehradun,North,Uttarakhand,T3,Pharmacy Chain,DePURA Kids 10 ml,8,699.69,0.0745,0.856,6,post_relaunch
2026-03-01,TR11,Dehradun,North,Uttarakhand,T3,Pharmacy Chain,DePURA Kids 15 ml,17,2067.22,0.0883,0.819,6,post_relaunch
2026-03-01,TR11,Dehradun,North,Uttarakhand,T3,Retail Chemist,DePURA Kids 10 ml,68,6372.4,0.0083,0.752,6,post_relaunch
2026-03-01,TR11,Dehradun,North,Uttarakhand,T3,Retail Chemist,DePURA Kids 15 ml,179,22903.92,0.0379,0.832,6,post_relaunch
2026-03-01,TR12,Mumbai West,West,Maharashtra,T1,E-Pharmacy,DePURA Kids 10 ml,34,2707.89,0.1572,0.949,10,post_relaunch
2026-03-01,TR12,Mumbai West,West,Maharashtra,T1,E-Pharmacy,DePURA Kids 15 ml,141,16180.81,0.1372,1.0,10,post_relaunch
2026-03-01,TR12,Mumbai West,West,Maharashtra,T1,Hospital Pharmacy,DePURA Kids 10 ml,16,1484.03,0.0185,0.931,10,post_relaunch
2026-03-01,TR12,Mumbai West,West,Maharashtra,T1,Hospital Pharmacy,DePURA Kids 15 ml,89,11829.46,0.0006,0.92,10,post_relaunch
2026-03-01,TR12,Mumbai West,West,Maharashtra,T1,Pharmacy Chain,DePURA Kids 10 ml,33,2876.34,0.0777,0.907,10,post_relaunch
2026-03-01,TR12,Mumbai West,West,Maharashtra,T1,Pharmacy Chain,DePURA Kids 15 ml,112,13925.58,0.0651,0.929,10,post_relaunch
2026-03-01,TR12,Mumbai West,West,Maharashtra,T1,Retail Chemist,DePURA Kids 10 ml,64,5829.76,0.0361,0.887,10,post_relaunch
2026-03-01,TR12,Mumbai West,West,Maharashtra,T1,Retail Chemist,DePURA Kids 15 ml,266,34137.6,0.0351,0.864,10,post_relaunch
2026-03-01,TR13,Mumbai Thane,West,Maharashtra,T1,E-Pharmacy,DePURA Kids 10 ml,90,7287.96,0.1431,0.957,14,post_relaunch
2026-03-01,TR13,Mumbai Thane,West,Maharashtra,T1,E-Pharmacy,DePURA Kids 15 ml,292,32765.55,0.1563,0.941,14,post_relaunch
2026-03-01,TR13,Mumbai Thane,West,Maharashtra,T1,Hospital Pharmacy,DePURA Kids 10 ml,52,4807.86,0.0216,0.906,14,post_relaunch
2026-03-01,TR13,Mumbai Thane,West,Maharashtra,T1,Hospital Pharmacy,DePURA Kids 15 ml,224,28684.48,0.0372,0.923,14,post_relaunch
2026-03-01,TR13,Mumbai Thane,West,Maharashtra,T1,Pharmacy Chain,DePURA Kids 10 ml,82,7284.75,0.0599,0.988,14,post_relaunch
2026-03-01,TR13,Mumbai Thane,West,Maharashtra,T1,Pharmacy Chain,DePURA Kids 15 ml,308,37343.02,0.0884,0.971,14,post_relaunch
2026-03-01,TR13,Mumbai Thane,West,Maharashtra,T1,Retail Chemist,DePURA Kids 10 ml,181,16264.03,0.0491,0.96,14,post_relaunch
2026-03-01,TR13,Mumbai Thane,West,Maharashtra,T1,Retail Chemist,DePURA Kids 15 ml,938,119135.08,0.045,0.99,14,post_relaunch
2026-03-01,TR14,Pune,West,Maharashtra,T1,E-Pharmacy,DePURA Kids 10 ml,72,5920.99,0.1298,0.787,11,post_relaunch
2026-03-01,TR14,Pune,West,Maharashtra,T1,E-Pharmacy,DePURA Kids 15 ml,253,28607.42,0.1498,0.809,11,post_relaunch
2026-03-01,TR14,Pune,West,Maharashtra,T1,Hospital Pharmacy,DePURA Kids 10 ml,38,3503.23,0.0244,0.72,11,post_relaunch
2026-03-01,TR14,Pune,West,Maharashtra,T1,Hospital Pharmacy,DePURA Kids 15 ml,182,23567.91,0.0264,0.739,11,post_relaunch
2026-03-01,TR14,Pune,West,Maharashtra,T1,Pharmacy Chain,DePURA Kids 10 ml,64,5567.25,0.0795,0.732,11,post_relaunch
2026-03-01,TR14,Pune,West,Maharashtra,T1,Pharmacy Chain,DePURA Kids 15 ml,319,38636.78,0.0893,0.843,11,post_relaunch
2026-03-01,TR14,Pune,West,Maharashtra,T1,Retail Chemist,DePURA Kids 10 ml,151,13921.9,0.0244,0.744,11,post_relaunch
2026-03-01,TR14,Pune,West,Maharashtra,T1,Retail Chemist,DePURA Kids 15 ml,695,87479.5,0.0536,0.759,11,post_relaunch
2026-03-01,TR15,Nagpur,West,Maharashtra,T2,E-Pharmacy,DePURA Kids 10 ml,27,2174.79,0.1476,0.84,10,post_relaunch
2026-03-01,TR15,Nagpur,West,Maharashtra,T2,E-Pharmacy,DePURA Kids 15 ml,66,7507.86,0.1447,0.868,10,post_relaunch
2026-03-01,TR15,Nagpur,West,Maharashtra,T2,Hospital Pharmacy,DePURA Kids 10 ml,23,2105.57,0.0313,0.84,10,post_relaunch
2026-03-01,TR15,Nagpur,West,Maharashtra,T2,Hospital Pharmacy,DePURA Kids 15 ml,63,8217.99,0.0192,0.796,10,post_relaunch
2026-03-01,TR15,Nagpur,West,Maharashtra,T2,Pharmacy Chain,DePURA Kids 10 ml,21,1869.67,0.0579,0.791,10,post_relaunch
2026-03-01,TR15,Nagpur,West,Maharashtra,T2,Pharmacy Chain,DePURA Kids 15 ml,77,9431.91,0.079,0.85,10,post_relaunch
2026-03-01,TR15,Nagpur,West,Maharashtra,T2,Retail Chemist,DePURA Kids 10 ml,107,9557.42,0.0548,0.855,10,post_relaunch
2026-03-01,TR15,Nagpur,West,Maharashtra,T2,Retail Chemist,DePURA Kids 15 ml,239,31027.02,0.0239,0.774,10,post_relaunch
2026-03-01,TR16,Ahmedabad,West,Gujarat,T1,E-Pharmacy,DePURA Kids 10 ml,57,4603.19,0.1454,0.95,16,post_relaunch
2026-03-01,TR16,Ahmedabad,West,Gujarat,T1,E-Pharmacy,DePURA Kids 15 ml,381,43033.0,0.1508,0.996,16,post_relaunch
2026-03-01,TR16,Ahmedabad,West,Gujarat,T1,Hospital Pharmacy,DePURA Kids 10 ml,37,3394.56,0.0292,0.967,16,post_relaunch
2026-03-01,TR16,Ahmedabad,West,Gujarat,T1,Hospital Pharmacy,DePURA Kids 15 ml,200,25480.51,0.0421,0.95,16,post_relaunch
2026-03-01,TR16,Ahmedabad,West,Gujarat,T1,Pharmacy Chain,DePURA Kids 10 ml,45,3860.13,0.0923,0.907,16,post_relaunch
2026-03-01,TR16,Ahmedabad,West,Gujarat,T1,Pharmacy Chain,DePURA Kids 15 ml,339,41209.22,0.086,0.921,16,post_relaunch
2026-03-01,TR16,Ahmedabad,West,Gujarat,T1,Retail Chemist,DePURA Kids 10 ml,152,13704.42,0.0459,0.917,16,post_relaunch
2026-03-01,TR16,Ahmedabad,West,Gujarat,T1,Retail Chemist,DePURA Kids 15 ml,708,89344.23,0.0512,0.969,16,post_relaunch
2026-03-01,TR17,Surat-Vadodara,West,Gujarat,T2,E-Pharmacy,DePURA Kids 10 ml,18,1486.58,0.1261,0.68,5,post_relaunch
2026-03-01,TR17,Surat-Vadodara,West,Gujarat,T2,E-Pharmacy,DePURA Kids 15 ml,68,7591.63,0.1606,0.661,5,post_relaunch
2026-03-01,TR17,Surat-Vadodara,West,Gujarat,T2,Hospital Pharmacy,DePURA Kids 10 ml,21,1968.21,0.0082,0.595,5,post_relaunch
2026-03-01,TR17,Surat-Vadodara,West,Gujarat,T2,Hospital Pharmacy,DePURA Kids 15 ml,72,9293.23,0.0295,0.703,5,post_relaunch
2026-03-01,TR17,Surat-Vadodara,West,Gujarat,T2,Pharmacy Chain,DePURA Kids 10 ml,23,1986.38,0.0861,0.719,5,post_relaunch
2026-03-01,TR17,Surat-Vadodara,West,Gujarat,T2,Pharmacy Chain,DePURA Kids 15 ml,68,8195.7,0.0938,0.661,5,post_relaunch
2026-03-01,TR17,Surat-Vadodara,West,Gujarat,T2,Retail Chemist,DePURA Kids 10 ml,93,8630.97,0.0179,0.699,5,post_relaunch
2026-03-01,TR17,Surat-Vadodara,West,Gujarat,T2,Retail Chemist,DePURA Kids 15 ml,253,32021.36,0.0484,0.644,5,post_relaunch
2026-03-01,TR18,Rajkot,West,Gujarat,T3,E-Pharmacy,DePURA Kids 10 ml,12,964.11,0.1498,0.732,7,post_relaunch
2026-03-01,TR18,Rajkot,West,Gujarat,T3,E-Pharmacy,DePURA Kids 15 ml,33,3725.97,0.1511,0.732,7,post_relaunch
2026-03-01,TR18,Rajkot,West,Gujarat,T3,Hospital Pharmacy,DePURA Kids 10 ml,22,2027.73,0.0247,0.713,7,post_relaunch
2026-03-01,TR18,Rajkot,West,Gujarat,T3,Hospital Pharmacy,DePURA Kids 15 ml,42,5469.41,0.0209,0.736,7,post_relaunch
2026-03-01,TR18,Rajkot,West,Gujarat,T3,Pharmacy Chain,DePURA Kids 10 ml,9,795.4,0.0648,0.715,7,post_relaunch
2026-03-01,TR18,Rajkot,West,Gujarat,T3,Pharmacy Chain,DePURA Kids 15 ml,29,3559.23,0.0772,0.713,7,post_relaunch
2026-03-01,TR18,Rajkot,West,Gujarat,T3,Retail Chemist,DePURA Kids 10 ml,88,8024.98,0.035,0.706,7,post_relaunch
2026-03-01,TR18,Rajkot,West,Gujarat,T3,Retail Chemist,DePURA Kids 15 ml,231,28895.34,0.0595,0.698,7,post_relaunch
2026-03-01,TR19,Indore,Central,Madhya Pradesh,T2,E-Pharmacy,DePURA Kids 10 ml,34,2739.1,0.1475,0.741,6,post_relaunch
2026-03-01,TR19,Indore,Central,Madhya Pradesh,T2,E-Pharmacy,DePURA Kids 15 ml,98,11363.39,0.1282,0.704,6,post_relaunch
2026-03-01,TR19,Indore,Central,Madhya Pradesh,T2,Hospital Pharmacy,DePURA Kids 10 ml,32,2967.89,0.0186,0.655,6,post_relaunch
2026-03-01,TR19,Indore,Central,Madhya Pradesh,T2,Hospital Pharmacy,DePURA Kids 15 ml,108,14232.89,0.0091,0.736,6,post_relaunch
2026-03-01,TR19,Indore,Central,Madhya Pradesh,T2,Pharmacy Chain,DePURA Kids 10 ml,41,3637.36,0.0612,0.674,6,post_relaunch
2026-03-01,TR19,Indore,Central,Madhya Pradesh,T2,Pharmacy Chain,DePURA Kids 15 ml,153,18899.43,0.0712,0.755,6,post_relaunch
2026-03-01,TR19,Indore,Central,Madhya Pradesh,T2,Retail Chemist,DePURA Kids 10 ml,112,10022.92,0.053,0.626,6,post_relaunch
2026-03-01,TR19,Indore,Central,Madhya Pradesh,T2,Retail Chemist,DePURA Kids 15 ml,374,48639.51,0.0222,0.677,6,post_relaunch
2026-03-01,TR20,Bhopal,Central,Madhya Pradesh,T2,E-Pharmacy,DePURA Kids 10 ml,9,725.56,0.1469,0.712,3,post_relaunch
2026-03-01,TR20,Bhopal,Central,Madhya Pradesh,T2,E-Pharmacy,DePURA Kids 15 ml,35,4048.83,0.1302,0.657,3,post_relaunch
2026-03-01,TR20,Bhopal,Central,Madhya Pradesh,T2,Hospital Pharmacy,DePURA Kids 10 ml,10,945.0,0.0,0.698,3,post_relaunch
2026-03-01,TR20,Bhopal,Central,Madhya Pradesh,T2,Hospital Pharmacy,DePURA Kids 15 ml,27,3565.11,0.0072,0.691,3,post_relaunch
2026-03-01,TR20,Bhopal,Central,Madhya Pradesh,T2,Pharmacy Chain,DePURA Kids 10 ml,12,1048.24,0.0756,0.707,3,post_relaunch
2026-03-01,TR20,Bhopal,Central,Madhya Pradesh,T2,Pharmacy Chain,DePURA Kids 15 ml,39,4823.57,0.0701,0.722,3,post_relaunch
2026-03-01,TR20,Bhopal,Central,Madhya Pradesh,T2,Retail Chemist,DePURA Kids 10 ml,59,5392.48,0.0328,0.708,3,post_relaunch
2026-03-01,TR20,Bhopal,Central,Madhya Pradesh,T2,Retail Chemist,DePURA Kids 15 ml,180,23189.2,0.0314,0.703,3,post_relaunch
2026-03-01,TR21,Jabalpur,Central,Madhya Pradesh,T3,E-Pharmacy,DePURA Kids 10 ml,10,784.67,0.1697,0.942,5,post_relaunch
2026-03-01,TR21,Jabalpur,Central,Madhya Pradesh,T3,E-Pharmacy,DePURA Kids 15 ml,22,2486.65,0.1502,0.902,5,post_relaunch
2026-03-01,TR21,Jabalpur,Central,Madhya Pradesh,T3,Hospital Pharmacy,DePURA Kids 10 ml,13,1202.77,0.0209,0.921,5,post_relaunch
2026-03-01,TR21,Jabalpur,Central,Madhya Pradesh,T3,Hospital Pharmacy,DePURA Kids 15 ml,25,3286.62,0.0115,0.899,5,post_relaunch
2026-03-01,TR21,Jabalpur,Central,Madhya Pradesh,T3,Pharmacy Chain,DePURA Kids 10 ml,8,700.38,0.0736,0.88,5,post_relaunch
2026-03-01,TR21,Jabalpur,Central,Madhya Pradesh,T3,Pharmacy Chain,DePURA Kids 15 ml,20,2494.15,0.0624,0.891,5,post_relaunch
2026-03-01,TR21,Jabalpur,Central,Madhya Pradesh,T3,Retail Chemist,DePURA Kids 10 ml,71,6459.04,0.0373,0.927,5,post_relaunch
2026-03-01,TR21,Jabalpur,Central,Madhya Pradesh,T3,Retail Chemist,DePURA Kids 15 ml,150,19572.06,0.0189,0.927,5,post_relaunch
2026-03-01,TR22,Raipur,Central,Chhattisgarh,T3,E-Pharmacy,DePURA Kids 10 ml,17,1361.5,0.1525,0.838,6,post_relaunch
2026-03-01,TR22,Raipur,Central,Chhattisgarh,T3,E-Pharmacy,DePURA Kids 15 ml,35,3970.51,0.147,0.813,6,post_relaunch
2026-03-01,TR22,Raipur,Central,Chhattisgarh,T3,Hospital Pharmacy,DePURA Kids 10 ml,28,2575.62,0.0266,0.74,6,post_relaunch
2026-03-01,TR22,Raipur,Central,Chhattisgarh,T3,Hospital Pharmacy,DePURA Kids 15 ml,68,8749.77,0.0325,0.786,6,post_relaunch
2026-03-01,TR22,Raipur,Central,Chhattisgarh,T3,Pharmacy Chain,DePURA Kids 10 ml,20,1756.85,0.0705,0.846,6,post_relaunch
2026-03-01,TR22,Raipur,Central,Chhattisgarh,T3,Pharmacy Chain,DePURA Kids 15 ml,47,5687.96,0.0901,0.776,6,post_relaunch
2026-03-01,TR22,Raipur,Central,Chhattisgarh,T3,Retail Chemist,DePURA Kids 10 ml,134,11941.52,0.057,0.825,6,post_relaunch
2026-03-01,TR22,Raipur,Central,Chhattisgarh,T3,Retail Chemist,DePURA Kids 15 ml,337,43280.09,0.0344,0.795,6,post_relaunch
2026-03-01,TR23,Bengaluru North,South,Karnataka,T1,E-Pharmacy,DePURA Kids 10 ml,86,7021.66,0.136,0.888,11,post_relaunch
2026-03-01,TR23,Bengaluru North,South,Karnataka,T1,E-Pharmacy,DePURA Kids 15 ml,353,38961.1,0.1701,0.935,11,post_relaunch
2026-03-01,TR23,Bengaluru North,South,Karnataka,T1,Hospital Pharmacy,DePURA Kids 10 ml,51,4755.13,0.0134,0.923,11,post_relaunch
2026-03-01,TR23,Bengaluru North,South,Karnataka,T1,Hospital Pharmacy,DePURA Kids 15 ml,273,35363.39,0.026,1.0,11,post_relaunch
2026-03-01,TR23,Bengaluru North,South,Karnataka,T1,Pharmacy Chain,DePURA Kids 10 ml,69,5977.68,0.0832,0.902,11,post_relaunch
2026-03-01,TR23,Bengaluru North,South,Karnataka,T1,Pharmacy Chain,DePURA Kids 15 ml,408,50507.5,0.0692,0.934,11,post_relaunch
2026-03-01,TR23,Bengaluru North,South,Karnataka,T1,Retail Chemist,DePURA Kids 10 ml,182,16589.48,0.0354,1.0,11,post_relaunch
2026-03-01,TR23,Bengaluru North,South,Karnataka,T1,Retail Chemist,DePURA Kids 15 ml,786,103426.74,0.0106,0.921,11,post_relaunch
2026-03-01,TR24,Bengaluru South,South,Karnataka,T1,E-Pharmacy,DePURA Kids 10 ml,94,7596.11,0.1449,0.938,16,post_relaunch
2026-03-01,TR24,Bengaluru South,South,Karnataka,T1,E-Pharmacy,DePURA Kids 15 ml,390,43906.69,0.1535,0.979,16,post_relaunch
2026-03-01,TR24,Bengaluru South,South,Karnataka,T1,Hospital Pharmacy,DePURA Kids 10 ml,66,6209.77,0.0044,0.973,16,post_relaunch
2026-03-01,TR24,Bengaluru South,South,Karnataka,T1,Hospital Pharmacy,DePURA Kids 15 ml,294,38483.36,0.0158,1.0,16,post_relaunch
2026-03-01,TR24,Bengaluru South,South,Karnataka,T1,Pharmacy Chain,DePURA Kids 10 ml,74,6596.61,0.0567,0.952,16,post_relaunch
2026-03-01,TR24,Bengaluru South,South,Karnataka,T1,Pharmacy Chain,DePURA Kids 15 ml,450,54017.72,0.0974,0.955,16,post_relaunch
2026-03-01,TR24,Bengaluru South,South,Karnataka,T1,Retail Chemist,DePURA Kids 10 ml,170,15193.68,0.0542,0.935,16,post_relaunch
2026-03-01,TR24,Bengaluru South,South,Karnataka,T1,Retail Chemist,DePURA Kids 15 ml,1200,157453.9,0.0134,1.0,16,post_relaunch
2026-03-01,TR25,Mysuru-Mangaluru,South,Karnataka,T3,E-Pharmacy,DePURA Kids 10 ml,8,627.67,0.1697,0.747,4,post_relaunch
2026-03-01,TR25,Mysuru-Mangaluru,South,Karnataka,T3,E-Pharmacy,DePURA Kids 15 ml,18,2027.72,0.153,0.847,4,post_relaunch
2026-03-01,TR25,Mysuru-Mangaluru,South,Karnataka,T3,Hospital Pharmacy,DePURA Kids 10 ml,12,1115.88,0.016,0.759,4,post_relaunch
2026-03-01,TR25,Mysuru-Mangaluru,South,Karnataka,T3,Hospital Pharmacy,DePURA Kids 15 ml,24,3087.57,0.0327,0.769,4,post_relaunch
2026-03-01,TR25,Mysuru-Mangaluru,South,Karnataka,T3,Pharmacy Chain,DePURA Kids 10 ml,9,771.56,0.0928,0.77,4,post_relaunch
2026-03-01,TR25,Mysuru-Mangaluru,South,Karnataka,T3,Pharmacy Chain,DePURA Kids 15 ml,16,1947.92,0.0846,0.805,4,post_relaunch
2026-03-01,TR25,Mysuru-Mangaluru,South,Karnataka,T3,Retail Chemist,DePURA Kids 10 ml,56,5120.55,0.0324,0.785,4,post_relaunch
2026-03-01,TR25,Mysuru-Mangaluru,South,Karnataka,T3,Retail Chemist,DePURA Kids 15 ml,161,20527.75,0.0413,0.75,4,post_relaunch
2026-03-01,TR26,Chennai,South,Tamil Nadu,T1,E-Pharmacy,DePURA Kids 10 ml,59,4792.56,0.1404,0.819,16,post_relaunch
2026-03-01,TR26,Chennai,South,Tamil Nadu,T1,E-Pharmacy,DePURA Kids 15 ml,344,38729.48,0.1535,0.886,16,post_relaunch
2026-03-01,TR26,Chennai,South,Tamil Nadu,T1,Hospital Pharmacy,DePURA Kids 10 ml,46,4239.1,0.0248,0.84,16,post_relaunch
2026-03-01,TR26,Chennai,South,Tamil Nadu,T1,Hospital Pharmacy,DePURA Kids 15 ml,209,27210.32,0.0211,0.862,16,post_relaunch
2026-03-01,TR26,Chennai,South,Tamil Nadu,T1,Pharmacy Chain,DePURA Kids 10 ml,67,5879.57,0.0714,0.838,16,post_relaunch
2026-03-01,TR26,Chennai,South,Tamil Nadu,T1,Pharmacy Chain,DePURA Kids 15 ml,296,34726.79,0.1179,0.756,16,post_relaunch
2026-03-01,TR26,Chennai,South,Tamil Nadu,T1,Retail Chemist,DePURA Kids 10 ml,166,14976.88,0.0453,0.854,16,post_relaunch
2026-03-01,TR26,Chennai,South,Tamil Nadu,T1,Retail Chemist,DePURA Kids 15 ml,660,84544.61,0.0369,0.909,16,post_relaunch
2026-03-01,TR27,Coimbatore-Madurai,South,Tamil Nadu,T2,E-Pharmacy,DePURA Kids 10 ml,31,2510.79,0.1429,0.891,8,post_relaunch
2026-03-01,TR27,Coimbatore-Madurai,South,Tamil Nadu,T2,E-Pharmacy,DePURA Kids 15 ml,107,12331.61,0.1335,0.898,8,post_relaunch
2026-03-01,TR27,Coimbatore-Madurai,South,Tamil Nadu,T2,Hospital Pharmacy,DePURA Kids 10 ml,36,3327.85,0.0218,0.885,8,post_relaunch
2026-03-01,TR27,Coimbatore-Madurai,South,Tamil Nadu,T2,Hospital Pharmacy,DePURA Kids 15 ml,110,14297.31,0.02805,0.896,8,post_relaunch
2026-03-01,TR27,Coimbatore-Madurai,South,Tamil Nadu,T2,Pharmacy Chain,DePURA Kids 10 ml,52,4408.52,0.1029,0.99,8,post_relaunch
2026-03-01,TR27,Coimbatore-Madurai,South,Tamil Nadu,T2,Pharmacy Chain,DePURA Kids 15 ml,145,17283.17,0.1038,0.879,8,post_relaunch
2026-03-01,TR27,Coimbatore-Madurai,South,Tamil Nadu,T2,Retail Chemist,DePURA Kids 10 ml,165,15092.52,0.0321,0.825,8,post_relaunch
2026-03-01,TR27,Coimbatore-Madurai,South,Tamil Nadu,T2,Retail Chemist,DePURA Kids 15 ml,389,49764.61,0.0381,0.847,8,post_relaunch
2026-03-01,TR28,Hyderabad,South,Telangana,T1,E-Pharmacy,DePURA Kids 10 ml,107,8768.53,0.1328,0.91,9,post_relaunch
2026-03-01,TR28,Hyderabad,South,Telangana,T1,E-Pharmacy,DePURA Kids 15 ml,568,63011.89,0.1659,0.981,9,post_relaunch
2026-03-01,TR28,Hyderabad,South,Telangana,T1,Hospital Pharmacy,DePURA Kids 10 ml,74,6856.54,0.0195,0.912,9,post_relaunch
2026-03-01,TR28,Hyderabad,South,Telangana,T1,Hospital Pharmacy,DePURA Kids 15 ml,246,32339.06,0.0116,0.883,9,post_relaunch
2026-03-01,TR28,Hyderabad,South,Telangana,T1,Pharmacy Chain,DePURA Kids 10 ml,88,7640.92,0.0812,0.914,9,post_relaunch
2026-03-01,TR28,Hyderabad,South,Telangana,T1,Pharmacy Chain,DePURA Kids 15 ml,463,56101.88,0.0889,0.932,9,post_relaunch
2026-03-01,TR28,Hyderabad,South,Telangana,T1,Retail Chemist,DePURA Kids 10 ml,256,22886.75,0.054,0.955,9,post_relaunch
2026-03-01,TR28,Hyderabad,South,Telangana,T1,Retail Chemist,DePURA Kids 15 ml,1169,151099.07,0.0282,0.885,9,post_relaunch
2026-03-01,TR29,Vijayawada-Vizag,South,Andhra Pradesh,T2,E-Pharmacy,DePURA Kids 10 ml,11,884.6,0.149,0.8,5,post_relaunch
2026-03-01,TR29,Vijayawada-Vizag,South,Andhra Pradesh,T2,E-Pharmacy,DePURA Kids 15 ml,33,3619.66,0.1753,0.834,5,post_relaunch
2026-03-01,TR29,Vijayawada-Vizag,South,Andhra Pradesh,T2,Hospital Pharmacy,DePURA Kids 10 ml,12,1103.54,0.0269,0.853,5,post_relaunch
2026-03-01,TR29,Vijayawada-Vizag,South,Andhra Pradesh,T2,Hospital Pharmacy,DePURA Kids 15 ml,33,4309.1,0.0182,0.797,5,post_relaunch
2026-03-01,TR29,Vijayawada-Vizag,South,Andhra Pradesh,T2,Pharmacy Chain,DePURA Kids 10 ml,13,1123.69,0.0853,0.836,5,post_relaunch
2026-03-01,TR29,Vijayawada-Vizag,South,Andhra Pradesh,T2,Pharmacy Chain,DePURA Kids 15 ml,34,4082.87,0.0971,0.77,5,post_relaunch
2026-03-01,TR29,Vijayawada-Vizag,South,Andhra Pradesh,T2,Retail Chemist,DePURA Kids 10 ml,49,4397.12,0.0504,0.829,5,post_relaunch
2026-03-01,TR29,Vijayawada-Vizag,South,Andhra Pradesh,T2,Retail Chemist,DePURA Kids 15 ml,211,27589.31,0.0169,0.822,5,post_relaunch
2026-03-01,TR30,Kochi-Trivandrum,South,Kerala,T2,E-Pharmacy,DePURA Kids 10 ml,31,2434.03,0.1691,0.842,5,post_relaunch
2026-03-01,TR30,Kochi-Trivandrum,South,Kerala,T2,E-Pharmacy,DePURA Kids 15 ml,108,12333.31,0.1414,0.888,5,post_relaunch
2026-03-01,TR30,Kochi-Trivandrum,South,Kerala,T2,Hospital Pharmacy,DePURA Kids 10 ml,30,2749.45,0.0302,0.828,5,post_relaunch
2026-03-01,TR30,Kochi-Trivandrum,South,Kerala,T2,Hospital Pharmacy,DePURA Kids 15 ml,81,10581.16,0.0178,0.774,5,post_relaunch
2026-03-01,TR30,Kochi-Trivandrum,South,Kerala,T2,Pharmacy Chain,DePURA Kids 10 ml,46,3969.22,0.0869,0.826,5,post_relaunch
2026-03-01,TR30,Kochi-Trivandrum,South,Kerala,T2,Pharmacy Chain,DePURA Kids 15 ml,134,15823.59,0.1121,0.819,5,post_relaunch
2026-03-01,TR30,Kochi-Trivandrum,South,Kerala,T2,Retail Chemist,DePURA Kids 10 ml,152,13877.38,0.0339,0.815,5,post_relaunch
2026-03-01,TR30,Kochi-Trivandrum,South,Kerala,T2,Retail Chemist,DePURA Kids 15 ml,470,59759.97,0.044,0.839,5,post_relaunch
2026-03-01,TR31,Kolkata,East,West Bengal,T1,E-Pharmacy,DePURA Kids 10 ml,62,4982.94,0.1495,0.979,16,post_relaunch
2026-03-01,TR31,Kolkata,East,West Bengal,T1,E-Pharmacy,DePURA Kids 15 ml,256,29675.71,0.1284,0.994,16,post_relaunch
2026-03-01,TR31,Kolkata,East,West Bengal,T1,Hospital Pharmacy,DePURA Kids 10 ml,33,3082.34,0.0116,0.896,16,post_relaunch
2026-03-01,TR31,Kolkata,East,West Bengal,T1,Hospital Pharmacy,DePURA Kids 15 ml,157,20475.11,0.0194,0.96,16,post_relaunch
2026-03-01,TR31,Kolkata,East,West Bengal,T1,Pharmacy Chain,DePURA Kids 10 ml,61,5318.76,0.0773,0.951,16,post_relaunch
2026-03-01,TR31,Kolkata,East,West Bengal,T1,Pharmacy Chain,DePURA Kids 15 ml,267,33325.74,0.0615,0.911,16,post_relaunch
2026-03-01,TR31,Kolkata,East,West Bengal,T1,Retail Chemist,DePURA Kids 10 ml,169,15464.91,0.0317,0.941,16,post_relaunch
2026-03-01,TR31,Kolkata,East,West Bengal,T1,Retail Chemist,DePURA Kids 15 ml,566,73042.35,0.0297,0.939,16,post_relaunch
2026-03-01,TR32,Siliguri-Durgapur,East,West Bengal,T3,E-Pharmacy,DePURA Kids 10 ml,9,737.37,0.133,0.862,3,post_relaunch
2026-03-01,TR32,Siliguri-Durgapur,East,West Bengal,T3,E-Pharmacy,DePURA Kids 15 ml,21,2397.63,0.1416,0.822,3,post_relaunch
2026-03-01,TR32,Siliguri-Durgapur,East,West Bengal,T3,Hospital Pharmacy,DePURA Kids 10 ml,13,1200.38,0.0229,0.88,3,post_relaunch
2026-03-01,TR32,Siliguri-Durgapur,East,West Bengal,T3,Hospital Pharmacy,DePURA Kids 15 ml,35,4506.0,0.032,0.878,3,post_relaunch
2026-03-01,TR32,Siliguri-Durgapur,East,West Bengal,T3,Pharmacy Chain,DePURA Kids 10 ml,10,870.91,0.0784,0.837,3,post_relaunch
2026-03-01,TR32,Siliguri-Durgapur,East,West Bengal,T3,Pharmacy Chain,DePURA Kids 15 ml,18,2210.36,0.0767,0.842,3,post_relaunch
2026-03-01,TR32,Siliguri-Durgapur,East,West Bengal,T3,Retail Chemist,DePURA Kids 10 ml,80,7354.25,0.0272,0.81,3,post_relaunch
2026-03-01,TR32,Siliguri-Durgapur,East,West Bengal,T3,Retail Chemist,DePURA Kids 15 ml,149,18812.75,0.0507,0.837,3,post_relaunch
2026-03-01,TR33,Patna,East,Bihar,T2,E-Pharmacy,DePURA Kids 10 ml,19,1563.99,0.1289,0.863,6,post_relaunch
2026-03-01,TR33,Patna,East,Bihar,T2,E-Pharmacy,DePURA Kids 15 ml,52,5863.88,0.1521,0.862,6,post_relaunch
2026-03-01,TR33,Patna,East,Bihar,T2,Hospital Pharmacy,DePURA Kids 10 ml,18,1664.75,0.0213,0.814,6,post_relaunch
2026-03-01,TR33,Patna,East,Bihar,T2,Hospital Pharmacy,DePURA Kids 15 ml,60,7718.47,0.0328,0.824,6,post_relaunch
2026-03-01,TR33,Patna,East,Bihar,T2,Pharmacy Chain,DePURA Kids 10 ml,16,1402.99,0.0721,0.795,6,post_relaunch
2026-03-01,TR33,Patna,East,Bihar,T2,Pharmacy Chain,DePURA Kids 15 ml,66,8198.96,0.066,0.838,6,post_relaunch
2026-03-01,TR33,Patna,East,Bihar,T2,Retail Chemist,DePURA Kids 10 ml,80,7174.79,0.051,0.807,6,post_relaunch
2026-03-01,TR33,Patna,East,Bihar,T2,Retail Chemist,DePURA Kids 15 ml,253,32460.89,0.0353,0.856,6,post_relaunch
2026-03-01,TR34,Ranchi,East,Jharkhand,T3,E-Pharmacy,DePURA Kids 10 ml,11,877.09,0.1562,0.786,6,post_relaunch
2026-03-01,TR34,Ranchi,East,Jharkhand,T3,E-Pharmacy,DePURA Kids 15 ml,22,2456.78,0.1604,0.817,6,post_relaunch
2026-03-01,TR34,Ranchi,East,Jharkhand,T3,Hospital Pharmacy,DePURA Kids 10 ml,12,1104.16,0.0263,0.757,6,post_relaunch
2026-03-01,TR34,Ranchi,East,Jharkhand,T3,Hospital Pharmacy,DePURA Kids 15 ml,25,3267.63,0.0173,0.805,6,post_relaunch
2026-03-01,TR34,Ranchi,East,Jharkhand,T3,Pharmacy Chain,DePURA Kids 10 ml,9,781.44,0.0812,0.807,6,post_relaunch
2026-03-01,TR34,Ranchi,East,Jharkhand,T3,Pharmacy Chain,DePURA Kids 15 ml,17,2099.34,0.0715,0.74,6,post_relaunch
2026-03-01,TR34,Ranchi,East,Jharkhand,T3,Retail Chemist,DePURA Kids 10 ml,67,6055.25,0.0436,0.662,6,post_relaunch
2026-03-01,TR34,Ranchi,East,Jharkhand,T3,Retail Chemist,DePURA Kids 15 ml,150,18551.68,0.0701,0.667,6,post_relaunch
2026-03-01,TR35,Bhubaneswar,East,Odisha,T2,E-Pharmacy,DePURA Kids 10 ml,20,1575.7,0.1663,0.851,6,post_relaunch
2026-03-01,TR35,Bhubaneswar,East,Odisha,T2,E-Pharmacy,DePURA Kids 15 ml,49,5611.15,0.139,0.88,6,post_relaunch
2026-03-01,TR35,Bhubaneswar,East,Odisha,T2,Hospital Pharmacy,DePURA Kids 10 ml,16,1476.4,0.0235,0.893,6,post_relaunch
2026-03-01,TR35,Bhubaneswar,East,Odisha,T2,Hospital Pharmacy,DePURA Kids 15 ml,55,7208.77,0.0145,0.831,6,post_relaunch
2026-03-01,TR35,Bhubaneswar,East,Odisha,T2,Pharmacy Chain,DePURA Kids 10 ml,16,1393.6,0.0783,0.855,6,post_relaunch
2026-03-01,TR35,Bhubaneswar,East,Odisha,T2,Pharmacy Chain,DePURA Kids 15 ml,77,9363.8,0.0857,0.883,6,post_relaunch
2026-03-01,TR35,Bhubaneswar,East,Odisha,T2,Retail Chemist,DePURA Kids 10 ml,68,6132.07,0.0457,0.854,6,post_relaunch
2026-03-01,TR35,Bhubaneswar,East,Odisha,T2,Retail Chemist,DePURA Kids 15 ml,243,30743.96,0.0487,0.857,6,post_relaunch
2026-03-01,TR36,Guwahati,East,Assam,T2,E-Pharmacy,DePURA Kids 10 ml,28,2276.81,0.1395,0.878,8,post_relaunch
2026-03-01,TR36,Guwahati,East,Assam,T2,E-Pharmacy,DePURA Kids 15 ml,90,10160.88,0.1511,0.839,8,post_relaunch
2026-03-01,TR36,Guwahati,East,Assam,T2,Hospital Pharmacy,DePURA Kids 10 ml,32,2904.2,0.0396,0.862,8,post_relaunch
2026-03-01,TR36,Guwahati,East,Assam,T2,Hospital Pharmacy,DePURA Kids 15 ml,89,11127.61,0.0599,0.817,8,post_relaunch
2026-03-01,TR36,Guwahati,East,Assam,T2,Pharmacy Chain,DePURA Kids 10 ml,33,2885.82,0.0746,0.814,8,post_relaunch
2026-03-01,TR36,Guwahati,East,Assam,T2,Pharmacy Chain,DePURA Kids 15 ml,88,10556.32,0.0981,0.84,8,post_relaunch
2026-03-01,TR36,Guwahati,East,Assam,T2,Retail Chemist,DePURA Kids 10 ml,107,9760.93,0.0347,0.829,8,post_relaunch
2026-03-01,TR36,Guwahati,East,Assam,T2,Retail Chemist,DePURA Kids 15 ml,391,49672.3,0.0448,0.809,8,post_relaunch
2026-04-01,TR01,Delhi North,North,Delhi,T1,E-Pharmacy,DePURA Kids 10 ml,119,9464.41,0.1584,1.0,16,post_relaunch
2026-04-01,TR01,Delhi North,North,Delhi,T1,E-Pharmacy,DePURA Kids 15 ml,479,53633.09,0.1581,1.0,16,post_relaunch
2026-04-01,TR01,Delhi North,North,Delhi,T1,Hospital Pharmacy,DePURA Kids 10 ml,75,6861.88,0.0318,0.966,16,post_relaunch
2026-04-01,TR01,Delhi North,North,Delhi,T1,Hospital Pharmacy,DePURA Kids 15 ml,336,43534.07,0.0258,0.949,16,post_relaunch
2026-04-01,TR01,Delhi North,North,Delhi,T1,Pharmacy Chain,DePURA Kids 10 ml,121,10356.78,0.0943,1.0,16,post_relaunch
2026-04-01,TR01,Delhi North,North,Delhi,T1,Pharmacy Chain,DePURA Kids 15 ml,481,58827.48,0.0804,0.89,16,post_relaunch
2026-04-01,TR01,Delhi North,North,Delhi,T1,Retail Chemist,DePURA Kids 10 ml,272,25326.03,0.0147,0.988,16,post_relaunch
2026-04-01,TR01,Delhi North,North,Delhi,T1,Retail Chemist,DePURA Kids 15 ml,1380,175502.31,0.0438,0.978,16,post_relaunch
2026-04-01,TR02,Delhi South,North,Delhi,T1,E-Pharmacy,DePURA Kids 10 ml,71,5803.64,0.135,0.74,12,post_relaunch
2026-04-01,TR02,Delhi South,North,Delhi,T1,E-Pharmacy,DePURA Kids 15 ml,260,30045.54,0.1311,0.74,12,post_relaunch
2026-04-01,TR02,Delhi South,North,Delhi,T1,Hospital Pharmacy,DePURA Kids 10 ml,52,4824.06,0.0183,0.738,12,post_relaunch
2026-04-01,TR02,Delhi South,North,Delhi,T1,Hospital Pharmacy,DePURA Kids 15 ml,197,25475.69,0.0277,0.706,12,post_relaunch
2026-04-01,TR02,Delhi South,North,Delhi,T1,Pharmacy Chain,DePURA Kids 10 ml,74,6478.69,0.0735,0.693,12,post_relaunch
2026-04-01,TR02,Delhi South,North,Delhi,T1,Pharmacy Chain,DePURA Kids 15 ml,248,30456.34,0.0766,0.703,12,post_relaunch
2026-04-01,TR02,Delhi South,North,Delhi,T1,Retail Chemist,DePURA Kids 10 ml,165,14783.84,0.0519,0.672,12,post_relaunch
2026-04-01,TR02,Delhi South,North,Delhi,T1,Retail Chemist,DePURA Kids 15 ml,755,95856.13,0.0454,0.734,12,post_relaunch
2026-04-01,TR03,Noida-Ghaziabad,North,Uttar Pradesh,T2,E-Pharmacy,DePURA Kids 10 ml,20,1610.5,0.1479,0.867,5,post_relaunch
2026-04-01,TR03,Noida-Ghaziabad,North,Uttar Pradesh,T2,E-Pharmacy,DePURA Kids 15 ml,74,8387.97,0.1477,0.829,5,post_relaunch
2026-04-01,TR03,Noida-Ghaziabad,North,Uttar Pradesh,T2,Hospital Pharmacy,DePURA Kids 10 ml,23,2091.44,0.0378,0.901,5,post_relaunch
2026-04-01,TR03,Noida-Ghaziabad,North,Uttar Pradesh,T2,Hospital Pharmacy,DePURA Kids 15 ml,90,11610.73,0.03,0.968,5,post_relaunch
2026-04-01,TR03,Noida-Ghaziabad,North,Uttar Pradesh,T2,Pharmacy Chain,DePURA Kids 10 ml,24,2099.94,0.0741,0.87,5,post_relaunch
2026-04-01,TR03,Noida-Ghaziabad,North,Uttar Pradesh,T2,Pharmacy Chain,DePURA Kids 15 ml,76,9487.67,0.0614,0.84,5,post_relaunch
2026-04-01,TR03,Noida-Ghaziabad,North,Uttar Pradesh,T2,Retail Chemist,DePURA Kids 10 ml,116,10501.23,0.0486,0.923,5,post_relaunch
2026-04-01,TR03,Noida-Ghaziabad,North,Uttar Pradesh,T2,Retail Chemist,DePURA Kids 15 ml,218,27654.46,0.0462,0.788,5,post_relaunch
2026-04-01,TR04,Gurugram-Faridabad,North,Haryana,T2,E-Pharmacy,DePURA Kids 10 ml,24,1905.5,0.1598,0.999,8,post_relaunch
2026-04-01,TR04,Gurugram-Faridabad,North,Haryana,T2,E-Pharmacy,DePURA Kids 15 ml,62,7084.94,0.1408,0.9,8,post_relaunch
2026-04-01,TR04,Gurugram-Faridabad,North,Haryana,T2,Hospital Pharmacy,DePURA Kids 10 ml,32,2965.66,0.0193,0.944,8,post_relaunch
2026-04-01,TR04,Gurugram-Faridabad,North,Haryana,T2,Hospital Pharmacy,DePURA Kids 15 ml,80,10250.53,0.0366,0.895,8,post_relaunch
2026-04-01,TR04,Gurugram-Faridabad,North,Haryana,T2,Pharmacy Chain,DePURA Kids 10 ml,29,2514.34,0.0825,0.872,8,post_relaunch
2026-04-01,TR04,Gurugram-Faridabad,North,Haryana,T2,Pharmacy Chain,DePURA Kids 15 ml,66,8048.45,0.0831,0.88,8,post_relaunch
2026-04-01,TR04,Gurugram-Faridabad,North,Haryana,T2,Retail Chemist,DePURA Kids 10 ml,128,11625.18,0.0389,0.968,8,post_relaunch
2026-04-01,TR04,Gurugram-Faridabad,North,Haryana,T2,Retail Chemist,DePURA Kids 15 ml,282,36062.04,0.0385,0.86,8,post_relaunch
2026-04-01,TR05,Lucknow,North,Uttar Pradesh,T2,E-Pharmacy,DePURA Kids 10 ml,24,1888.89,0.1672,0.807,6,post_relaunch
2026-04-01,TR05,Lucknow,North,Uttar Pradesh,T2,E-Pharmacy,DePURA Kids 15 ml,93,10571.99,0.1453,0.855,6,post_relaunch
2026-04-01,TR05,Lucknow,North,Uttar Pradesh,T2,Hospital Pharmacy,DePURA Kids 10 ml,19,1765.49,0.0167,0.752,6,post_relaunch
2026-04-01,TR05,Lucknow,North,Uttar Pradesh,T2,Hospital Pharmacy,DePURA Kids 15 ml,69,8810.13,0.04,0.72,6,post_relaunch
2026-04-01,TR05,Lucknow,North,Uttar Pradesh,T2,Pharmacy Chain,DePURA Kids 10 ml,22,1906.76,0.0828,0.822,6,post_relaunch
2026-04-01,TR05,Lucknow,North,Uttar Pradesh,T2,Pharmacy Chain,DePURA Kids 15 ml,75,9331.5,0.0645,0.769,6,post_relaunch
2026-04-01,TR05,Lucknow,North,Uttar Pradesh,T2,Retail Chemist,DePURA Kids 10 ml,103,9420.41,0.0322,0.816,6,post_relaunch
2026-04-01,TR05,Lucknow,North,Uttar Pradesh,T2,Retail Chemist,DePURA Kids 15 ml,366,46362.41,0.0476,0.818,6,post_relaunch
2026-04-01,TR06,Kanpur-Agra,North,Uttar Pradesh,T2,E-Pharmacy,DePURA Kids 10 ml,23,1866.32,0.1413,0.761,5,post_relaunch
2026-04-01,TR06,Kanpur-Agra,North,Uttar Pradesh,T2,E-Pharmacy,DePURA Kids 15 ml,79,8954.68,0.1477,0.781,5,post_relaunch
2026-04-01,TR06,Kanpur-Agra,North,Uttar Pradesh,T2,Hospital Pharmacy,DePURA Kids 10 ml,22,2043.94,0.0169,0.708,5,post_relaunch
2026-04-01,TR06,Kanpur-Agra,North,Uttar Pradesh,T2,Hospital Pharmacy,DePURA Kids 15 ml,75,9622.12,0.0354,0.662,5,post_relaunch
2026-04-01,TR06,Kanpur-Agra,North,Uttar Pradesh,T2,Pharmacy Chain,DePURA Kids 10 ml,21,1836.26,0.0747,0.707,5,post_relaunch
2026-04-01,TR06,Kanpur-Agra,North,Uttar Pradesh,T2,Pharmacy Chain,DePURA Kids 15 ml,77,9505.3,0.0718,0.667,5,post_relaunch
2026-04-01,TR06,Kanpur-Agra,North,Uttar Pradesh,T2,Retail Chemist,DePURA Kids 10 ml,123,11215.8,0.0351,0.676,5,post_relaunch
2026-04-01,TR06,Kanpur-Agra,North,Uttar Pradesh,T2,Retail Chemist,DePURA Kids 15 ml,375,49399.72,0.0095,0.742,5,post_relaunch
2026-04-01,TR07,Varanasi-Gorakhpur,North,Uttar Pradesh,T3,E-Pharmacy,DePURA Kids 10 ml,4,316.21,0.1635,0.617,3,post_relaunch
2026-04-01,TR07,Varanasi-Gorakhpur,North,Uttar Pradesh,T3,E-Pharmacy,DePURA Kids 15 ml,9,1029.37,0.14,0.721,3,post_relaunch
2026-04-01,TR07,Varanasi-Gorakhpur,North,Uttar Pradesh,T3,Hospital Pharmacy,DePURA Kids 10 ml,6,555.83,0.0197,0.663,3,post_relaunch
2026-04-01,TR07,Varanasi-Gorakhpur,North,Uttar Pradesh,T3,Hospital Pharmacy,DePURA Kids 15 ml,15,1909.87,0.0427,0.645,3,post_relaunch
2026-04-01,TR07,Varanasi-Gorakhpur,North,Uttar Pradesh,T3,Pharmacy Chain,DePURA Kids 10 ml,3,261.72,0.0768,0.633,3,post_relaunch
2026-04-01,TR07,Varanasi-Gorakhpur,North,Uttar Pradesh,T3,Pharmacy Chain,DePURA Kids 15 ml,8,991.06,0.0686,0.676,3,post_relaunch
2026-04-01,TR07,Varanasi-Gorakhpur,North,Uttar Pradesh,T3,Retail Chemist,DePURA Kids 10 ml,24,2170.29,0.0431,0.628,3,post_relaunch
2026-04-01,TR07,Varanasi-Gorakhpur,North,Uttar Pradesh,T3,Retail Chemist,DePURA Kids 15 ml,74,9384.98,0.0464,0.712,3,post_relaunch
2026-04-01,TR08,Chandigarh-Mohali,North,Chandigarh,T2,E-Pharmacy,DePURA Kids 10 ml,19,1530.83,0.1474,0.708,7,post_relaunch
2026-04-01,TR08,Chandigarh-Mohali,North,Chandigarh,T2,E-Pharmacy,DePURA Kids 15 ml,66,7421.43,0.1545,0.774,7,post_relaunch
2026-04-01,TR08,Chandigarh-Mohali,North,Chandigarh,T2,Hospital Pharmacy,DePURA Kids 10 ml,23,2085.96,0.0403,0.71,7,post_relaunch
2026-04-01,TR08,Chandigarh-Mohali,North,Chandigarh,T2,Hospital Pharmacy,DePURA Kids 15 ml,65,8546.4,0.0114,0.715,7,post_relaunch
2026-04-01,TR08,Chandigarh-Mohali,North,Chandigarh,T2,Pharmacy Chain,DePURA Kids 10 ml,23,1987.59,0.0855,0.735,7,post_relaunch
2026-04-01,TR08,Chandigarh-Mohali,North,Chandigarh,T2,Pharmacy Chain,DePURA Kids 15 ml,77,9400.79,0.082,0.724,7,post_relaunch
2026-04-01,TR08,Chandigarh-Mohali,North,Chandigarh,T2,Retail Chemist,DePURA Kids 10 ml,79,7183.67,0.0378,0.749,7,post_relaunch
2026-04-01,TR08,Chandigarh-Mohali,North,Chandigarh,T2,Retail Chemist,DePURA Kids 15 ml,252,32111.84,0.0419,0.702,7,post_relaunch
2026-04-01,TR09,Ludhiana-Amritsar,North,Punjab,T2,E-Pharmacy,DePURA Kids 10 ml,15,1223.83,0.1366,0.821,6,post_relaunch
2026-04-01,TR09,Ludhiana-Amritsar,North,Punjab,T2,E-Pharmacy,DePURA Kids 15 ml,48,5355.42,0.1611,0.828,6,post_relaunch
2026-04-01,TR09,Ludhiana-Amritsar,North,Punjab,T2,Hospital Pharmacy,DePURA Kids 10 ml,16,1463.48,0.0321,0.815,6,post_relaunch
2026-04-01,TR09,Ludhiana-Amritsar,North,Punjab,T2,Hospital Pharmacy,DePURA Kids 15 ml,56,7277.49,0.0229,0.854,6,post_relaunch
2026-04-01,TR09,Ludhiana-Amritsar,North,Punjab,T2,Pharmacy Chain,DePURA Kids 10 ml,18,1582.33,0.0698,0.834,6,post_relaunch
2026-04-01,TR09,Ludhiana-Amritsar,North,Punjab,T2,Pharmacy Chain,DePURA Kids 15 ml,69,8307.77,0.0947,0.773,6,post_relaunch
2026-04-01,TR09,Ludhiana-Amritsar,North,Punjab,T2,Retail Chemist,DePURA Kids 10 ml,72,6439.1,0.0536,0.772,6,post_relaunch
2026-04-01,TR09,Ludhiana-Amritsar,North,Punjab,T2,Retail Chemist,DePURA Kids 15 ml,201,26086.05,0.0242,0.784,6,post_relaunch
2026-04-01,TR10,Jaipur,North,Rajasthan,T2,E-Pharmacy,DePURA Kids 10 ml,7,557.27,0.1576,0.801,7,post_relaunch
2026-04-01,TR10,Jaipur,North,Rajasthan,T2,E-Pharmacy,DePURA Kids 15 ml,23,2598.71,0.1505,0.684,7,post_relaunch
2026-04-01,TR10,Jaipur,North,Rajasthan,T2,Hospital Pharmacy,DePURA Kids 10 ml,8,748.47,0.01,0.706,7,post_relaunch
2026-04-01,TR10,Jaipur,North,Rajasthan,T2,Hospital Pharmacy,DePURA Kids 15 ml,21,2691.65,0.0363,0.652,7,post_relaunch
2026-04-01,TR10,Jaipur,North,Rajasthan,T2,Pharmacy Chain,DePURA Kids 10 ml,6,528.67,0.0676,0.647,7,post_relaunch
2026-04-01,TR10,Jaipur,North,Rajasthan,T2,Pharmacy Chain,DePURA Kids 15 ml,25,3092.92,0.0698,0.686,7,post_relaunch
2026-04-01,TR10,Jaipur,North,Rajasthan,T2,Retail Chemist,DePURA Kids 10 ml,35,3230.04,0.0234,0.676,7,post_relaunch
2026-04-01,TR10,Jaipur,North,Rajasthan,T2,Retail Chemist,DePURA Kids 15 ml,91,11474.5,0.0519,0.688,7,post_relaunch
2026-04-01,TR11,Dehradun,North,Uttarakhand,T3,E-Pharmacy,DePURA Kids 10 ml,8,649.93,0.1403,0.815,6,post_relaunch
2026-04-01,TR11,Dehradun,North,Uttarakhand,T3,E-Pharmacy,DePURA Kids 15 ml,21,2360.93,0.1547,0.82,6,post_relaunch
2026-04-01,TR11,Dehradun,North,Uttarakhand,T3,Hospital Pharmacy,DePURA Kids 10 ml,15,1392.9,0.0174,0.812,6,post_relaunch
2026-04-01,TR11,Dehradun,North,Uttarakhand,T3,Hospital Pharmacy,DePURA Kids 15 ml,33,4265.92,0.028,0.811,6,post_relaunch
2026-04-01,TR11,Dehradun,North,Uttarakhand,T3,Pharmacy Chain,DePURA Kids 10 ml,8,693.02,0.0833,0.823,6,post_relaunch
2026-04-01,TR11,Dehradun,North,Uttarakhand,T3,Pharmacy Chain,DePURA Kids 15 ml,20,2454.4,0.0773,0.817,6,post_relaunch
2026-04-01,TR11,Dehradun,North,Uttarakhand,T3,Retail Chemist,DePURA Kids 10 ml,82,7568.6,0.0233,0.786,6,post_relaunch
2026-04-01,TR11,Dehradun,North,Uttarakhand,T3,Retail Chemist,DePURA Kids 15 ml,150,19246.77,0.0352,0.772,6,post_relaunch
2026-04-01,TR12,Mumbai West,West,Maharashtra,T1,E-Pharmacy,DePURA Kids 10 ml,27,2208.25,0.1345,0.909,10,post_relaunch
2026-04-01,TR12,Mumbai West,West,Maharashtra,T1,E-Pharmacy,DePURA Kids 15 ml,134,15181.14,0.1482,0.945,10,post_relaunch
2026-04-01,TR12,Mumbai West,West,Maharashtra,T1,Hospital Pharmacy,DePURA Kids 10 ml,21,1966.63,0.009,0.917,10,post_relaunch
2026-04-01,TR12,Mumbai West,West,Maharashtra,T1,Hospital Pharmacy,DePURA Kids 15 ml,77,10079.43,0.0158,0.959,10,post_relaunch
2026-04-01,TR12,Mumbai West,West,Maharashtra,T1,Pharmacy Chain,DePURA Kids 10 ml,22,1900.27,0.0883,0.855,10,post_relaunch
2026-04-01,TR12,Mumbai West,West,Maharashtra,T1,Pharmacy Chain,DePURA Kids 15 ml,122,14917.91,0.0806,0.878,10,post_relaunch
2026-04-01,TR12,Mumbai West,West,Maharashtra,T1,Retail Chemist,DePURA Kids 10 ml,55,4979.4,0.042,0.892,10,post_relaunch
2026-04-01,TR12,Mumbai West,West,Maharashtra,T1,Retail Chemist,DePURA Kids 15 ml,351,45128.64,0.0333,0.934,10,post_relaunch
2026-04-01,TR13,Mumbai Thane,West,Maharashtra,T1,E-Pharmacy,DePURA Kids 10 ml,95,7480.34,0.1668,0.995,14,post_relaunch
2026-04-01,TR13,Mumbai Thane,West,Maharashtra,T1,E-Pharmacy,DePURA Kids 15 ml,483,55486.39,0.1363,0.983,14,post_relaunch
2026-04-01,TR13,Mumbai Thane,West,Maharashtra,T1,Hospital Pharmacy,DePURA Kids 10 ml,59,5361.76,0.0383,0.925,14,post_relaunch
2026-04-01,TR13,Mumbai Thane,West,Maharashtra,T1,Hospital Pharmacy,DePURA Kids 15 ml,243,31307.07,0.02805,0.926,14,post_relaunch
2026-04-01,TR13,Mumbai Thane,West,Maharashtra,T1,Pharmacy Chain,DePURA Kids 10 ml,69,5847.55,0.1032,0.948,14,post_relaunch
2026-04-01,TR13,Mumbai Thane,West,Maharashtra,T1,Pharmacy Chain,DePURA Kids 15 ml,338,41107.94,0.0856,1.0,14,post_relaunch
2026-04-01,TR13,Mumbai Thane,West,Maharashtra,T1,Retail Chemist,DePURA Kids 10 ml,227,20492.83,0.0447,0.881,14,post_relaunch
2026-04-01,TR13,Mumbai Thane,West,Maharashtra,T1,Retail Chemist,DePURA Kids 15 ml,963,121260.92,0.0532,1.0,14,post_relaunch
2026-04-01,TR14,Pune,West,Maharashtra,T1,E-Pharmacy,DePURA Kids 10 ml,63,5053.34,0.1512,0.789,11,post_relaunch
2026-04-01,TR14,Pune,West,Maharashtra,T1,E-Pharmacy,DePURA Kids 15 ml,313,36798.12,0.116,0.769,11,post_relaunch
2026-04-01,TR14,Pune,West,Maharashtra,T1,Hospital Pharmacy,DePURA Kids 10 ml,42,3812.34,0.0395,0.718,11,post_relaunch
2026-04-01,TR14,Pune,West,Maharashtra,T1,Hospital Pharmacy,DePURA Kids 15 ml,215,27643.4,0.0333,0.754,11,post_relaunch
2026-04-01,TR14,Pune,West,Maharashtra,T1,Pharmacy Chain,DePURA Kids 10 ml,65,5672.11,0.0766,0.788,11,post_relaunch
2026-04-01,TR14,Pune,West,Maharashtra,T1,Pharmacy Chain,DePURA Kids 15 ml,283,33803.25,0.1019,0.713,11,post_relaunch
2026-04-01,TR14,Pune,West,Maharashtra,T1,Retail Chemist,DePURA Kids 10 ml,137,12742.58,0.0158,0.718,11,post_relaunch
2026-04-01,TR14,Pune,West,Maharashtra,T1,Retail Chemist,DePURA Kids 15 ml,841,104894.29,0.0622,0.747,11,post_relaunch
2026-04-01,TR15,Nagpur,West,Maharashtra,T2,E-Pharmacy,DePURA Kids 10 ml,20,1608.03,0.1492,0.851,10,post_relaunch
2026-04-01,TR15,Nagpur,West,Maharashtra,T2,E-Pharmacy,DePURA Kids 15 ml,64,7256.99,0.1474,0.847,10,post_relaunch
2026-04-01,TR15,Nagpur,West,Maharashtra,T2,Hospital Pharmacy,DePURA Kids 10 ml,17,1558.42,0.0299,0.772,10,post_relaunch
2026-04-01,TR15,Nagpur,West,Maharashtra,T2,Hospital Pharmacy,DePURA Kids 15 ml,61,8020.64,0.0114,0.802,10,post_relaunch
2026-04-01,TR15,Nagpur,West,Maharashtra,T2,Pharmacy Chain,DePURA Kids 10 ml,24,2089.68,0.0786,0.843,10,post_relaunch
2026-04-01,TR15,Nagpur,West,Maharashtra,T2,Pharmacy Chain,DePURA Kids 15 ml,81,9777.46,0.0924,0.841,10,post_relaunch
2026-04-01,TR15,Nagpur,West,Maharashtra,T2,Retail Chemist,DePURA Kids 10 ml,99,8895.93,0.0491,0.869,10,post_relaunch
2026-04-01,TR15,Nagpur,West,Maharashtra,T2,Retail Chemist,DePURA Kids 15 ml,256,32502.12,0.0454,0.84,10,post_relaunch
2026-04-01,TR16,Ahmedabad,West,Gujarat,T1,E-Pharmacy,DePURA Kids 10 ml,83,6644.42,0.1529,0.982,16,post_relaunch
2026-04-01,TR16,Ahmedabad,West,Gujarat,T1,E-Pharmacy,DePURA Kids 15 ml,331,37979.21,0.1373,0.964,16,post_relaunch
2026-04-01,TR16,Ahmedabad,West,Gujarat,T1,Hospital Pharmacy,DePURA Kids 10 ml,42,3788.63,0.0454,1.0,16,post_relaunch
2026-04-01,TR16,Ahmedabad,West,Gujarat,T1,Hospital Pharmacy,DePURA Kids 15 ml,203,26639.37,0.0133,0.974,16,post_relaunch
2026-04-01,TR16,Ahmedabad,West,Gujarat,T1,Pharmacy Chain,DePURA Kids 10 ml,64,5619.16,0.0709,0.954,16,post_relaunch
2026-04-01,TR16,Ahmedabad,West,Gujarat,T1,Pharmacy Chain,DePURA Kids 15 ml,278,34577.1,0.0648,0.95,16,post_relaunch
2026-04-01,TR16,Ahmedabad,West,Gujarat,T1,Retail Chemist,DePURA Kids 10 ml,148,13513.47,0.0338,0.947,16,post_relaunch
2026-04-01,TR16,Ahmedabad,West,Gujarat,T1,Retail Chemist,DePURA Kids 15 ml,724,91137.6,0.0535,0.93,16,post_relaunch
2026-04-01,TR17,Surat-Vadodara,West,Gujarat,T2,E-Pharmacy,DePURA Kids 10 ml,21,1693.18,0.1468,0.766,5,post_relaunch
2026-04-01,TR17,Surat-Vadodara,West,Gujarat,T2,E-Pharmacy,DePURA Kids 15 ml,58,6641.98,0.139,0.668,5,post_relaunch
2026-04-01,TR17,Surat-Vadodara,West,Gujarat,T2,Hospital Pharmacy,DePURA Kids 10 ml,14,1316.22,0.0051,0.638,5,post_relaunch
2026-04-01,TR17,Surat-Vadodara,West,Gujarat,T2,Hospital Pharmacy,DePURA Kids 15 ml,51,6773.43,0.0014,0.677,5,post_relaunch
2026-04-01,TR17,Surat-Vadodara,West,Gujarat,T2,Pharmacy Chain,DePURA Kids 10 ml,23,2031.53,0.0653,0.645,5,post_relaunch
2026-04-01,TR17,Surat-Vadodara,West,Gujarat,T2,Pharmacy Chain,DePURA Kids 15 ml,72,8647.49,0.097,0.655,5,post_relaunch
2026-04-01,TR17,Surat-Vadodara,West,Gujarat,T2,Retail Chemist,DePURA Kids 10 ml,81,7236.74,0.0546,0.642,5,post_relaunch
2026-04-01,TR17,Surat-Vadodara,West,Gujarat,T2,Retail Chemist,DePURA Kids 15 ml,272,35103.72,0.0296,0.749,5,post_relaunch
2026-04-01,TR18,Rajkot,West,Gujarat,T3,E-Pharmacy,DePURA Kids 10 ml,13,1048.27,0.1467,0.779,7,post_relaunch
2026-04-01,TR18,Rajkot,West,Gujarat,T3,E-Pharmacy,DePURA Kids 15 ml,33,3719.26,0.1526,0.775,7,post_relaunch
2026-04-01,TR18,Rajkot,West,Gujarat,T3,Hospital Pharmacy,DePURA Kids 10 ml,19,1744.02,0.0287,0.719,7,post_relaunch
2026-04-01,TR18,Rajkot,West,Gujarat,T3,Hospital Pharmacy,DePURA Kids 15 ml,36,4736.61,0.0107,0.741,7,post_relaunch
2026-04-01,TR18,Rajkot,West,Gujarat,T3,Pharmacy Chain,DePURA Kids 10 ml,10,864.29,0.0854,0.69,7,post_relaunch
2026-04-01,TR18,Rajkot,West,Gujarat,T3,Pharmacy Chain,DePURA Kids 15 ml,34,4047.51,0.1049,0.779,7,post_relaunch
2026-04-01,TR18,Rajkot,West,Gujarat,T3,Retail Chemist,DePURA Kids 10 ml,106,9758.99,0.0258,0.75,7,post_relaunch
2026-04-01,TR18,Rajkot,West,Gujarat,T3,Retail Chemist,DePURA Kids 15 ml,233,29686.78,0.042,0.685,7,post_relaunch
2026-04-01,TR19,Indore,Central,Madhya Pradesh,T2,E-Pharmacy,DePURA Kids 10 ml,35,2834.95,0.1429,0.744,6,post_relaunch
2026-04-01,TR19,Indore,Central,Madhya Pradesh,T2,E-Pharmacy,DePURA Kids 15 ml,112,12398.67,0.1677,0.789,6,post_relaunch
2026-04-01,TR19,Indore,Central,Madhya Pradesh,T2,Hospital Pharmacy,DePURA Kids 10 ml,30,2738.73,0.034,0.621,6,post_relaunch
2026-04-01,TR19,Indore,Central,Madhya Pradesh,T2,Hospital Pharmacy,DePURA Kids 15 ml,114,14463.45,0.0461,0.704,6,post_relaunch
2026-04-01,TR19,Indore,Central,Madhya Pradesh,T2,Pharmacy Chain,DePURA Kids 10 ml,37,3238.63,0.0738,0.688,6,post_relaunch
2026-04-01,TR19,Indore,Central,Madhya Pradesh,T2,Pharmacy Chain,DePURA Kids 15 ml,109,13464.64,0.0712,0.697,6,post_relaunch
2026-04-01,TR19,Indore,Central,Madhya Pradesh,T2,Retail Chemist,DePURA Kids 10 ml,138,12406.56,0.0486,0.649,6,post_relaunch
2026-04-01,TR19,Indore,Central,Madhya Pradesh,T2,Retail Chemist,DePURA Kids 15 ml,513,65999.32,0.0327,0.656,6,post_relaunch
2026-04-01,TR20,Bhopal,Central,Madhya Pradesh,T2,E-Pharmacy,DePURA Kids 10 ml,12,940.63,0.1705,0.711,3,post_relaunch
2026-04-01,TR20,Bhopal,Central,Madhya Pradesh,T2,E-Pharmacy,DePURA Kids 15 ml,36,3991.67,0.1663,0.749,3,post_relaunch
2026-04-01,TR20,Bhopal,Central,Madhya Pradesh,T2,Hospital Pharmacy,DePURA Kids 10 ml,12,1094.4,0.0349,0.645,3,post_relaunch
2026-04-01,TR20,Bhopal,Central,Madhya Pradesh,T2,Hospital Pharmacy,DePURA Kids 15 ml,39,5113.65,0.0141,0.776,3,post_relaunch
2026-04-01,TR20,Bhopal,Central,Madhya Pradesh,T2,Pharmacy Chain,DePURA Kids 10 ml,11,969.5,0.0673,0.664,3,post_relaunch
2026-04-01,TR20,Bhopal,Central,Madhya Pradesh,T2,Pharmacy Chain,DePURA Kids 15 ml,34,4201.3,0.0709,0.626,3,post_relaunch
2026-04-01,TR20,Bhopal,Central,Madhya Pradesh,T2,Retail Chemist,DePURA Kids 10 ml,49,4391.65,0.0516,0.72,3,post_relaunch
2026-04-01,TR20,Bhopal,Central,Madhya Pradesh,T2,Retail Chemist,DePURA Kids 15 ml,149,18934.8,0.0445,0.668,3,post_relaunch
2026-04-01,TR21,Jabalpur,Central,Madhya Pradesh,T3,E-Pharmacy,DePURA Kids 10 ml,8,633.33,0.1623,0.885,5,post_relaunch
2026-04-01,TR21,Jabalpur,Central,Madhya Pradesh,T3,E-Pharmacy,DePURA Kids 15 ml,16,1844.89,0.133,0.908,5,post_relaunch
2026-04-01,TR21,Jabalpur,Central,Madhya Pradesh,T3,Hospital Pharmacy,DePURA Kids 10 ml,13,1217.9,0.0086,0.923,5,post_relaunch
2026-04-01,TR21,Jabalpur,Central,Madhya Pradesh,T3,Hospital Pharmacy,DePURA Kids 15 ml,32,4155.12,0.0237,0.983,5,post_relaunch
2026-04-01,TR21,Jabalpur,Central,Madhya Pradesh,T3,Pharmacy Chain,DePURA Kids 10 ml,6,533.25,0.0595,0.898,5,post_relaunch
2026-04-01,TR21,Jabalpur,Central,Madhya Pradesh,T3,Pharmacy Chain,DePURA Kids 15 ml,20,2409.22,0.0943,0.912,5,post_relaunch
2026-04-01,TR21,Jabalpur,Central,Madhya Pradesh,T3,Retail Chemist,DePURA Kids 10 ml,69,6158.24,0.0556,0.912,5,post_relaunch
2026-04-01,TR21,Jabalpur,Central,Madhya Pradesh,T3,Retail Chemist,DePURA Kids 15 ml,179,22643.81,0.0489,0.907,5,post_relaunch
2026-04-01,TR22,Raipur,Central,Chhattisgarh,T3,E-Pharmacy,DePURA Kids 10 ml,24,1917.44,0.1546,0.829,6,post_relaunch
2026-04-01,TR22,Raipur,Central,Chhattisgarh,T3,E-Pharmacy,DePURA Kids 15 ml,53,6000.35,0.1488,0.865,6,post_relaunch
2026-04-01,TR22,Raipur,Central,Chhattisgarh,T3,Hospital Pharmacy,DePURA Kids 10 ml,27,2513.24,0.015,0.777,6,post_relaunch
2026-04-01,TR22,Raipur,Central,Chhattisgarh,T3,Hospital Pharmacy,DePURA Kids 15 ml,65,8382.79,0.0303,0.816,6,post_relaunch
2026-04-01,TR22,Raipur,Central,Chhattisgarh,T3,Pharmacy Chain,DePURA Kids 10 ml,17,1467.22,0.0867,0.822,6,post_relaunch
2026-04-01,TR22,Raipur,Central,Chhattisgarh,T3,Pharmacy Chain,DePURA Kids 15 ml,27,3351.09,0.0668,0.786,6,post_relaunch
2026-04-01,TR22,Raipur,Central,Chhattisgarh,T3,Retail Chemist,DePURA Kids 10 ml,169,15667.05,0.019,0.786,6,post_relaunch
2026-04-01,TR22,Raipur,Central,Chhattisgarh,T3,Retail Chemist,DePURA Kids 15 ml,315,40141.53,0.0419,0.774,6,post_relaunch
2026-04-01,TR23,Bengaluru North,South,Karnataka,T1,E-Pharmacy,DePURA Kids 10 ml,97,7797.76,0.1493,0.977,11,post_relaunch
2026-04-01,TR23,Bengaluru North,South,Karnataka,T1,E-Pharmacy,DePURA Kids 15 ml,384,43511.44,0.148,0.969,11,post_relaunch
2026-04-01,TR23,Bengaluru North,South,Karnataka,T1,Hospital Pharmacy,DePURA Kids 10 ml,62,5787.74,0.0122,0.922,11,post_relaunch
2026-04-01,TR23,Bengaluru North,South,Karnataka,T1,Hospital Pharmacy,DePURA Kids 15 ml,276,35269.42,0.0392,0.919,11,post_relaunch
2026-04-01,TR23,Bengaluru North,South,Karnataka,T1,Pharmacy Chain,DePURA Kids 10 ml,82,7059.52,0.089,0.964,11,post_relaunch
2026-04-01,TR23,Bengaluru North,South,Karnataka,T1,Pharmacy Chain,DePURA Kids 15 ml,363,44643.28,0.0753,0.955,11,post_relaunch
2026-04-01,TR23,Bengaluru North,South,Karnataka,T1,Retail Chemist,DePURA Kids 10 ml,182,16380.52,0.0476,0.908,11,post_relaunch
2026-04-01,TR23,Bengaluru North,South,Karnataka,T1,Retail Chemist,DePURA Kids 15 ml,1048,134032.91,0.0384,0.926,11,post_relaunch
2026-04-01,TR24,Bengaluru South,South,Karnataka,T1,E-Pharmacy,DePURA Kids 10 ml,82,6584.86,0.1502,0.986,16,post_relaunch
2026-04-01,TR24,Bengaluru South,South,Karnataka,T1,E-Pharmacy,DePURA Kids 15 ml,539,60619.09,0.1544,0.997,16,post_relaunch
2026-04-01,TR24,Bengaluru South,South,Karnataka,T1,Hospital Pharmacy,DePURA Kids 10 ml,73,6805.08,0.0135,1.0,16,post_relaunch
2026-04-01,TR24,Bengaluru South,South,Karnataka,T1,Hospital Pharmacy,DePURA Kids 15 ml,324,41013.62,0.0482,0.969,16,post_relaunch
2026-04-01,TR24,Bengaluru South,South,Karnataka,T1,Pharmacy Chain,DePURA Kids 10 ml,79,6769.27,0.0933,0.914,16,post_relaunch
2026-04-01,TR24,Bengaluru South,South,Karnataka,T1,Pharmacy Chain,DePURA Kids 15 ml,396,48270.31,0.0835,1.0,16,post_relaunch
2026-04-01,TR24,Bengaluru South,South,Karnataka,T1,Retail Chemist,DePURA Kids 10 ml,211,19128.45,0.0407,0.959,16,post_relaunch
2026-04-01,TR24,Bengaluru South,South,Karnataka,T1,Retail Chemist,DePURA Kids 15 ml,1157,147668.64,0.0404,0.98,16,post_relaunch
2026-04-01,TR25,Mysuru-Mangaluru,South,Karnataka,T3,E-Pharmacy,DePURA Kids 10 ml,9,701.6,0.1751,0.708,4,post_relaunch
2026-04-01,TR25,Mysuru-Mangaluru,South,Karnataka,T3,E-Pharmacy,DePURA Kids 15 ml,21,2364.61,0.1534,0.809,4,post_relaunch
2026-04-01,TR25,Mysuru-Mangaluru,South,Karnataka,T3,Hospital Pharmacy,DePURA Kids 10 ml,13,1196.62,0.0259,0.774,4,post_relaunch
2026-04-01,TR25,Mysuru-Mangaluru,South,Karnataka,T3,Hospital Pharmacy,DePURA Kids 15 ml,29,3698.03,0.0412,0.763,4,post_relaunch
2026-04-01,TR25,Mysuru-Mangaluru,South,Karnataka,T3,Pharmacy Chain,DePURA Kids 10 ml,6,527.76,0.0692,0.751,4,post_relaunch
2026-04-01,TR25,Mysuru-Mangaluru,South,Karnataka,T3,Pharmacy Chain,DePURA Kids 15 ml,11,1357.25,0.0723,0.75,4,post_relaunch
2026-04-01,TR25,Mysuru-Mangaluru,South,Karnataka,T3,Retail Chemist,DePURA Kids 10 ml,55,4965.45,0.0446,0.728,4,post_relaunch
2026-04-01,TR25,Mysuru-Mangaluru,South,Karnataka,T3,Retail Chemist,DePURA Kids 15 ml,161,20644.8,0.0359,0.778,4,post_relaunch
2026-04-01,TR26,Chennai,South,Tamil Nadu,T1,E-Pharmacy,DePURA Kids 10 ml,58,4619.17,0.1572,0.881,16,post_relaunch
2026-04-01,TR26,Chennai,South,Tamil Nadu,T1,E-Pharmacy,DePURA Kids 15 ml,309,34188.58,0.1681,0.863,16,post_relaunch
2026-04-01,TR26,Chennai,South,Tamil Nadu,T1,Hospital Pharmacy,DePURA Kids 10 ml,48,4423.28,0.0248,0.871,16,post_relaunch
2026-04-01,TR26,Chennai,South,Tamil Nadu,T1,Hospital Pharmacy,DePURA Kids 15 ml,182,23902.78,0.0125,0.831,16,post_relaunch
2026-04-01,TR26,Chennai,South,Tamil Nadu,T1,Pharmacy Chain,DePURA Kids 10 ml,53,4616.16,0.0783,0.863,16,post_relaunch
2026-04-01,TR26,Chennai,South,Tamil Nadu,T1,Pharmacy Chain,DePURA Kids 15 ml,296,36199.81,0.0805,0.849,16,post_relaunch
2026-04-01,TR26,Chennai,South,Tamil Nadu,T1,Retail Chemist,DePURA Kids 10 ml,140,12991.21,0.018,0.841,16,post_relaunch
2026-04-01,TR26,Chennai,South,Tamil Nadu,T1,Retail Chemist,DePURA Kids 15 ml,782,100340.04,0.0352,0.821,16,post_relaunch
2026-04-01,TR27,Coimbatore-Madurai,South,Tamil Nadu,T2,E-Pharmacy,DePURA Kids 10 ml,37,3016.08,0.1374,0.953,8,post_relaunch
2026-04-01,TR27,Coimbatore-Madurai,South,Tamil Nadu,T2,E-Pharmacy,DePURA Kids 15 ml,115,13138.69,0.141,0.893,8,post_relaunch
2026-04-01,TR27,Coimbatore-Madurai,South,Tamil Nadu,T2,Hospital Pharmacy,DePURA Kids 10 ml,27,2524.19,0.0107,0.895,8,post_relaunch
2026-04-01,TR27,Coimbatore-Madurai,South,Tamil Nadu,T2,Hospital Pharmacy,DePURA Kids 15 ml,116,15218.82,0.0136,0.834,8,post_relaunch
2026-04-01,TR27,Coimbatore-Madurai,South,Tamil Nadu,T2,Pharmacy Chain,DePURA Kids 10 ml,31,2660.31,0.0919,0.917,8,post_relaunch
2026-04-01,TR27,Coimbatore-Madurai,South,Tamil Nadu,T2,Pharmacy Chain,DePURA Kids 15 ml,116,14432.89,0.0645,0.893,8,post_relaunch
2026-04-01,TR27,Coimbatore-Madurai,South,Tamil Nadu,T2,Retail Chemist,DePURA Kids 10 ml,146,13211.01,0.0425,0.928,8,post_relaunch
2026-04-01,TR27,Coimbatore-Madurai,South,Tamil Nadu,T2,Retail Chemist,DePURA Kids 15 ml,439,55273.78,0.0533,0.874,8,post_relaunch
2026-04-01,TR28,Hyderabad,South,Telangana,T1,E-Pharmacy,DePURA Kids 10 ml,89,7036.72,0.1633,0.921,9,post_relaunch
2026-04-01,TR28,Hyderabad,South,Telangana,T1,E-Pharmacy,DePURA Kids 15 ml,400,46536.24,0.1253,0.907,9,post_relaunch
2026-04-01,TR28,Hyderabad,South,Telangana,T1,Hospital Pharmacy,DePURA Kids 10 ml,66,6088.34,0.0238,0.929,9,post_relaunch
2026-04-01,TR28,Hyderabad,South,Telangana,T1,Hospital Pharmacy,DePURA Kids 15 ml,245,31356.49,0.0377,0.881,9,post_relaunch
2026-04-01,TR28,Hyderabad,South,Telangana,T1,Pharmacy Chain,DePURA Kids 10 ml,99,8722.59,0.0677,0.889,9,post_relaunch
2026-04-01,TR28,Hyderabad,South,Telangana,T1,Pharmacy Chain,DePURA Kids 15 ml,515,61840.33,0.0972,0.953,9,post_relaunch
2026-04-01,TR28,Hyderabad,South,Telangana,T1,Retail Chemist,DePURA Kids 10 ml,239,21582.99,0.0444,0.839,9,post_relaunch
2026-04-01,TR28,Hyderabad,South,Telangana,T1,Retail Chemist,DePURA Kids 15 ml,1230,153991.86,0.0587,0.958,9,post_relaunch
2026-04-01,TR29,Vijayawada-Vizag,South,Andhra Pradesh,T2,E-Pharmacy,DePURA Kids 10 ml,11,881.67,0.1518,0.874,5,post_relaunch
2026-04-01,TR29,Vijayawada-Vizag,South,Andhra Pradesh,T2,E-Pharmacy,DePURA Kids 15 ml,42,4903.18,0.1222,0.845,5,post_relaunch
2026-04-01,TR29,Vijayawada-Vizag,South,Andhra Pradesh,T2,Hospital Pharmacy,DePURA Kids 10 ml,13,1182.92,0.0371,0.865,5,post_relaunch
2026-04-01,TR29,Vijayawada-Vizag,South,Andhra Pradesh,T2,Hospital Pharmacy,DePURA Kids 15 ml,42,5454.27,0.0236,0.847,5,post_relaunch
2026-04-01,TR29,Vijayawada-Vizag,South,Andhra Pradesh,T2,Pharmacy Chain,DePURA Kids 10 ml,13,1130.7,0.0796,0.735,5,post_relaunch
2026-04-01,TR29,Vijayawada-Vizag,South,Andhra Pradesh,T2,Pharmacy Chain,DePURA Kids 15 ml,42,5184.77,0.0718,0.835,5,post_relaunch
2026-04-01,TR29,Vijayawada-Vizag,South,Andhra Pradesh,T2,Retail Chemist,DePURA Kids 10 ml,68,6131.78,0.0458,0.844,5,post_relaunch
2026-04-01,TR29,Vijayawada-Vizag,South,Andhra Pradesh,T2,Retail Chemist,DePURA Kids 15 ml,172,21783.59,0.0478,0.865,5,post_relaunch
2026-04-01,TR30,Kochi-Trivandrum,South,Kerala,T2,E-Pharmacy,DePURA Kids 10 ml,31,2480.83,0.1532,0.787,5,post_relaunch
2026-04-01,TR30,Kochi-Trivandrum,South,Kerala,T2,E-Pharmacy,DePURA Kids 15 ml,105,11850.2,0.1514,0.828,5,post_relaunch
2026-04-01,TR30,Kochi-Trivandrum,South,Kerala,T2,Hospital Pharmacy,DePURA Kids 10 ml,33,3036.68,0.0262,0.806,5,post_relaunch
2026-04-01,TR30,Kochi-Trivandrum,South,Kerala,T2,Hospital Pharmacy,DePURA Kids 15 ml,138,17432.06,0.0502,0.785,5,post_relaunch
2026-04-01,TR30,Kochi-Trivandrum,South,Kerala,T2,Pharmacy Chain,DePURA Kids 10 ml,38,3330.89,0.0724,0.857,5,post_relaunch
2026-04-01,TR30,Kochi-Trivandrum,South,Kerala,T2,Pharmacy Chain,DePURA Kids 15 ml,116,14214.34,0.0787,0.869,5,post_relaunch
2026-04-01,TR30,Kochi-Trivandrum,South,Kerala,T2,Retail Chemist,DePURA Kids 10 ml,137,12310.33,0.0491,0.832,5,post_relaunch
2026-04-01,TR30,Kochi-Trivandrum,South,Kerala,T2,Retail Chemist,DePURA Kids 15 ml,493,62336.58,0.0493,0.821,5,post_relaunch
2026-04-01,TR31,Kolkata,East,West Bengal,T1,E-Pharmacy,DePURA Kids 10 ml,57,4510.14,0.1627,1.0,16,post_relaunch
2026-04-01,TR31,Kolkata,East,West Bengal,T1,E-Pharmacy,DePURA Kids 15 ml,311,35504.8,0.1416,0.969,16,post_relaunch
2026-04-01,TR31,Kolkata,East,West Bengal,T1,Hospital Pharmacy,DePURA Kids 10 ml,42,3879.25,0.0226,0.916,16,post_relaunch
2026-04-01,TR31,Kolkata,East,West Bengal,T1,Hospital Pharmacy,DePURA Kids 15 ml,163,20970.77,0.0327,0.994,16,post_relaunch
2026-04-01,TR31,Kolkata,East,West Bengal,T1,Pharmacy Chain,DePURA Kids 10 ml,68,5904.51,0.0812,0.943,16,post_relaunch
2026-04-01,TR31,Kolkata,East,West Bengal,T1,Pharmacy Chain,DePURA Kids 15 ml,269,32974.41,0.0783,0.957,16,post_relaunch
2026-04-01,TR31,Kolkata,East,West Bengal,T1,Retail Chemist,DePURA Kids 10 ml,139,12386.39,0.057,0.946,16,post_relaunch
2026-04-01,TR31,Kolkata,East,West Bengal,T1,Retail Chemist,DePURA Kids 15 ml,749,96430.24,0.032,0.946,16,post_relaunch
2026-04-01,TR32,Siliguri-Durgapur,East,West Bengal,T3,E-Pharmacy,DePURA Kids 10 ml,8,624.03,0.1746,0.83,3,post_relaunch
2026-04-01,TR32,Siliguri-Durgapur,East,West Bengal,T3,E-Pharmacy,DePURA Kids 15 ml,21,2361.05,0.1547,0.868,3,post_relaunch
2026-04-01,TR32,Siliguri-Durgapur,East,West Bengal,T3,Hospital Pharmacy,DePURA Kids 10 ml,13,1203.83,0.0201,0.793,3,post_relaunch
2026-04-01,TR32,Siliguri-Durgapur,East,West Bengal,T3,Hospital Pharmacy,DePURA Kids 15 ml,28,3656.78,0.018,0.837,3,post_relaunch
2026-04-01,TR32,Siliguri-Durgapur,East,West Bengal,T3,Pharmacy Chain,DePURA Kids 10 ml,9,784.87,0.0772,0.789,3,post_relaunch
2026-04-01,TR32,Siliguri-Durgapur,East,West Bengal,T3,Pharmacy Chain,DePURA Kids 15 ml,20,2430.9,0.0861,0.816,3,post_relaunch
2026-04-01,TR32,Siliguri-Durgapur,East,West Bengal,T3,Retail Chemist,DePURA Kids 10 ml,67,6172.34,0.0251,0.827,3,post_relaunch
2026-04-01,TR32,Siliguri-Durgapur,East,West Bengal,T3,Retail Chemist,DePURA Kids 15 ml,178,22544.19,0.0477,0.826,3,post_relaunch
2026-04-01,TR33,Patna,East,Bihar,T2,E-Pharmacy,DePURA Kids 10 ml,19,1514.34,0.1566,0.872,6,post_relaunch
2026-04-01,TR33,Patna,East,Bihar,T2,E-Pharmacy,DePURA Kids 15 ml,64,7300.51,0.1423,0.817,6,post_relaunch
2026-04-01,TR33,Patna,East,Bihar,T2,Hospital Pharmacy,DePURA Kids 10 ml,20,1854.81,0.0186,0.831,6,post_relaunch
2026-04-01,TR33,Patna,East,Bihar,T2,Hospital Pharmacy,DePURA Kids 15 ml,45,5903.97,0.0135,0.821,6,post_relaunch
2026-04-01,TR33,Patna,East,Bihar,T2,Pharmacy Chain,DePURA Kids 10 ml,19,1669.02,0.0704,0.863,6,post_relaunch
2026-04-01,TR33,Patna,East,Bihar,T2,Pharmacy Chain,DePURA Kids 15 ml,60,7282.35,0.0874,0.842,6,post_relaunch
2026-04-01,TR33,Patna,East,Bihar,T2,Retail Chemist,DePURA Kids 10 ml,70,6480.52,0.0203,0.891,6,post_relaunch
2026-04-01,TR33,Patna,East,Bihar,T2,Retail Chemist,DePURA Kids 15 ml,179,22518.3,0.0541,0.793,6,post_relaunch
2026-04-01,TR34,Ranchi,East,Jharkhand,T3,E-Pharmacy,DePURA Kids 10 ml,7,566.04,0.1443,0.806,6,post_relaunch
2026-04-01,TR34,Ranchi,East,Jharkhand,T3,E-Pharmacy,DePURA Kids 15 ml,24,2697.71,0.1549,0.801,6,post_relaunch
2026-04-01,TR34,Ranchi,East,Jharkhand,T3,Hospital Pharmacy,DePURA Kids 10 ml,11,1032.18,0.007,0.755,6,post_relaunch
2026-04-01,TR34,Ranchi,East,Jharkhand,T3,Hospital Pharmacy,DePURA Kids 15 ml,27,3539.15,0.0144,0.763,6,post_relaunch
2026-04-01,TR34,Ranchi,East,Jharkhand,T3,Pharmacy Chain,DePURA Kids 10 ml,9,785.78,0.0761,0.765,6,post_relaunch
2026-04-01,TR34,Ranchi,East,Jharkhand,T3,Pharmacy Chain,DePURA Kids 15 ml,16,1939.57,0.0885,0.716,6,post_relaunch
2026-04-01,TR34,Ranchi,East,Jharkhand,T3,Retail Chemist,DePURA Kids 10 ml,77,6898.03,0.052,0.726,6,post_relaunch
2026-04-01,TR34,Ranchi,East,Jharkhand,T3,Retail Chemist,DePURA Kids 15 ml,193,24492.14,0.0458,0.715,6,post_relaunch
2026-04-01,TR35,Bhubaneswar,East,Odisha,T2,E-Pharmacy,DePURA Kids 10 ml,20,1558.67,0.1753,0.893,6,post_relaunch
2026-04-01,TR35,Bhubaneswar,East,Odisha,T2,E-Pharmacy,DePURA Kids 15 ml,60,6721.74,0.1577,0.913,6,post_relaunch
2026-04-01,TR35,Bhubaneswar,East,Odisha,T2,Hospital Pharmacy,DePURA Kids 10 ml,16,1487.79,0.016,0.848,6,post_relaunch
2026-04-01,TR35,Bhubaneswar,East,Odisha,T2,Hospital Pharmacy,DePURA Kids 15 ml,51,6783.0,0.0,0.906,6,post_relaunch
2026-04-01,TR35,Bhubaneswar,East,Odisha,T2,Pharmacy Chain,DePURA Kids 10 ml,15,1296.7,0.0852,0.821,6,post_relaunch
2026-04-01,TR35,Bhubaneswar,East,Odisha,T2,Pharmacy Chain,DePURA Kids 15 ml,53,6397.61,0.0924,0.883,6,post_relaunch
2026-04-01,TR35,Bhubaneswar,East,Odisha,T2,Retail Chemist,DePURA Kids 10 ml,81,7402.77,0.0329,0.876,6,post_relaunch
2026-04-01,TR35,Bhubaneswar,East,Odisha,T2,Retail Chemist,DePURA Kids 15 ml,220,27988.03,0.0435,0.801,6,post_relaunch
2026-04-01,TR36,Guwahati,East,Assam,T2,E-Pharmacy,DePURA Kids 10 ml,29,2311.5,0.1565,0.889,8,post_relaunch
2026-04-01,TR36,Guwahati,East,Assam,T2,E-Pharmacy,DePURA Kids 15 ml,87,9756.04,0.1569,0.849,8,post_relaunch
2026-04-01,TR36,Guwahati,East,Assam,T2,Hospital Pharmacy,DePURA Kids 10 ml,25,2251.31,0.0471,0.79,8,post_relaunch
2026-04-01,TR36,Guwahati,East,Assam,T2,Hospital Pharmacy,DePURA Kids 15 ml,102,13312.38,0.02805,0.797,8,post_relaunch
2026-04-01,TR36,Guwahati,East,Assam,T2,Pharmacy Chain,DePURA Kids 10 ml,29,2518.55,0.081,0.813,8,post_relaunch
2026-04-01,TR36,Guwahati,East,Assam,T2,Pharmacy Chain,DePURA Kids 15 ml,87,10641.99,0.0803,0.755,8,post_relaunch
2026-04-01,TR36,Guwahati,East,Assam,T2,Retail Chemist,DePURA Kids 10 ml,139,12710.05,0.0324,0.847,8,post_relaunch
2026-04-01,TR36,Guwahati,East,Assam,T2,Retail Chemist,DePURA Kids 15 ml,407,53087.05,0.0193,0.8,8,post_relaunch
2026-05-01,TR01,Delhi North,North,Delhi,T1,E-Pharmacy,DePURA Kids 10 ml,121,9866.41,0.1371,0.996,16,post_relaunch
2026-05-01,TR01,Delhi North,North,Delhi,T1,E-Pharmacy,DePURA Kids 15 ml,489,54397.8,0.1636,0.982,16,post_relaunch
2026-05-01,TR01,Delhi North,North,Delhi,T1,Hospital Pharmacy,DePURA Kids 10 ml,95,8814.51,0.0182,0.983,16,post_relaunch
2026-05-01,TR01,Delhi North,North,Delhi,T1,Hospital Pharmacy,DePURA Kids 15 ml,369,47853.31,0.0249,0.973,16,post_relaunch
2026-05-01,TR01,Delhi North,North,Delhi,T1,Pharmacy Chain,DePURA Kids 10 ml,137,12124.76,0.0635,1.0,16,post_relaunch
2026-05-01,TR01,Delhi North,North,Delhi,T1,Pharmacy Chain,DePURA Kids 15 ml,500,61342.85,0.0776,0.924,16,post_relaunch
2026-05-01,TR01,Delhi North,North,Delhi,T1,Retail Chemist,DePURA Kids 10 ml,300,27541.1,0.0285,0.987,16,post_relaunch
2026-05-01,TR01,Delhi North,North,Delhi,T1,Retail Chemist,DePURA Kids 15 ml,1169,150860.96,0.0297,0.941,16,post_relaunch
2026-05-01,TR02,Delhi South,North,Delhi,T1,E-Pharmacy,DePURA Kids 10 ml,58,4618.97,0.1573,0.742,12,post_relaunch
2026-05-01,TR02,Delhi South,North,Delhi,T1,E-Pharmacy,DePURA Kids 15 ml,283,31935.97,0.1515,0.725,12,post_relaunch
2026-05-01,TR02,Delhi South,North,Delhi,T1,Hospital Pharmacy,DePURA Kids 10 ml,42,3859.09,0.0277,0.65,12,post_relaunch
2026-05-01,TR02,Delhi South,North,Delhi,T1,Hospital Pharmacy,DePURA Kids 15 ml,208,27165.15,0.018,0.766,12,post_relaunch
2026-05-01,TR02,Delhi South,North,Delhi,T1,Pharmacy Chain,DePURA Kids 10 ml,74,6471.61,0.0746,0.797,12,post_relaunch
2026-05-01,TR02,Delhi South,North,Delhi,T1,Pharmacy Chain,DePURA Kids 15 ml,309,38956.03,0.0521,0.735,12,post_relaunch
2026-05-01,TR02,Delhi South,North,Delhi,T1,Retail Chemist,DePURA Kids 10 ml,157,14443.86,0.0265,0.737,12,post_relaunch
2026-05-01,TR02,Delhi South,North,Delhi,T1,Retail Chemist,DePURA Kids 15 ml,622,77059.66,0.0685,0.714,12,post_relaunch
2026-05-01,TR03,Noida-Ghaziabad,North,Uttar Pradesh,T2,E-Pharmacy,DePURA Kids 10 ml,22,1794.61,0.1368,0.93,5,post_relaunch
2026-05-01,TR03,Noida-Ghaziabad,North,Uttar Pradesh,T2,E-Pharmacy,DePURA Kids 15 ml,68,7729.49,0.1453,0.942,5,post_relaunch
2026-05-01,TR03,Noida-Ghaziabad,North,Uttar Pradesh,T2,Hospital Pharmacy,DePURA Kids 10 ml,28,2512.69,0.0504,0.889,5,post_relaunch
2026-05-01,TR03,Noida-Ghaziabad,North,Uttar Pradesh,T2,Hospital Pharmacy,DePURA Kids 15 ml,72,9499.16,0.008,0.928,5,post_relaunch
2026-05-01,TR03,Noida-Ghaziabad,North,Uttar Pradesh,T2,Pharmacy Chain,DePURA Kids 10 ml,30,2567.06,0.0945,0.884,5,post_relaunch
2026-05-01,TR03,Noida-Ghaziabad,North,Uttar Pradesh,T2,Pharmacy Chain,DePURA Kids 15 ml,73,9187.02,0.0538,0.831,5,post_relaunch
2026-05-01,TR03,Noida-Ghaziabad,North,Uttar Pradesh,T2,Retail Chemist,DePURA Kids 10 ml,102,9257.75,0.0396,0.894,5,post_relaunch
2026-05-01,TR03,Noida-Ghaziabad,North,Uttar Pradesh,T2,Retail Chemist,DePURA Kids 15 ml,355,44901.77,0.049,0.925,5,post_relaunch
2026-05-01,TR04,Gurugram-Faridabad,North,Haryana,T2,E-Pharmacy,DePURA Kids 10 ml,22,1757.12,0.1548,0.971,8,post_relaunch
2026-05-01,TR04,Gurugram-Faridabad,North,Haryana,T2,E-Pharmacy,DePURA Kids 15 ml,63,7327.74,0.1255,0.932,8,post_relaunch
2026-05-01,TR04,Gurugram-Faridabad,North,Haryana,T2,Hospital Pharmacy,DePURA Kids 10 ml,25,2333.14,0.0124,0.869,8,post_relaunch
2026-05-01,TR04,Gurugram-Faridabad,North,Haryana,T2,Hospital Pharmacy,DePURA Kids 15 ml,80,10412.05,0.0214,0.874,8,post_relaunch
2026-05-01,TR04,Gurugram-Faridabad,North,Haryana,T2,Pharmacy Chain,DePURA Kids 10 ml,24,2022.34,0.1083,0.915,8,post_relaunch
2026-05-01,TR04,Gurugram-Faridabad,North,Haryana,T2,Pharmacy Chain,DePURA Kids 15 ml,70,8446.74,0.0927,0.82,8,post_relaunch
2026-05-01,TR04,Gurugram-Faridabad,North,Haryana,T2,Retail Chemist,DePURA Kids 10 ml,87,7918.82,0.0368,0.834,8,post_relaunch
2026-05-01,TR04,Gurugram-Faridabad,North,Haryana,T2,Retail Chemist,DePURA Kids 15 ml,415,52531.71,0.0483,0.932,8,post_relaunch
2026-05-01,TR05,Lucknow,North,Uttar Pradesh,T2,E-Pharmacy,DePURA Kids 10 ml,27,2210.45,0.1337,0.738,6,post_relaunch
2026-05-01,TR05,Lucknow,North,Uttar Pradesh,T2,E-Pharmacy,DePURA Kids 15 ml,82,9201.17,0.1563,0.823,6,post_relaunch
2026-05-01,TR05,Lucknow,North,Uttar Pradesh,T2,Hospital Pharmacy,DePURA Kids 10 ml,22,2079.0,0.0,0.737,6,post_relaunch
2026-05-01,TR05,Lucknow,North,Uttar Pradesh,T2,Hospital Pharmacy,DePURA Kids 15 ml,72,9566.27,0.001,0.77,6,post_relaunch
2026-05-01,TR05,Lucknow,North,Uttar Pradesh,T2,Pharmacy Chain,DePURA Kids 10 ml,26,2273.1,0.0748,0.79,6,post_relaunch
2026-05-01,TR05,Lucknow,North,Uttar Pradesh,T2,Pharmacy Chain,DePURA Kids 15 ml,76,9298.84,0.0801,0.744,6,post_relaunch
2026-05-01,TR05,Lucknow,North,Uttar Pradesh,T2,Retail Chemist,DePURA Kids 10 ml,127,11554.97,0.0372,0.788,6,post_relaunch
2026-05-01,TR05,Lucknow,North,Uttar Pradesh,T2,Retail Chemist,DePURA Kids 15 ml,356,45045.51,0.0486,0.806,6,post_relaunch
2026-05-01,TR06,Kanpur-Agra,North,Uttar Pradesh,T2,E-Pharmacy,DePURA Kids 10 ml,25,1978.5,0.1625,0.708,5,post_relaunch
2026-05-01,TR06,Kanpur-Agra,North,Uttar Pradesh,T2,E-Pharmacy,DePURA Kids 15 ml,65,7336.17,0.1514,0.671,5,post_relaunch
2026-05-01,TR06,Kanpur-Agra,North,Uttar Pradesh,T2,Hospital Pharmacy,DePURA Kids 10 ml,27,2522.39,0.0114,0.799,5,post_relaunch
2026-05-01,TR06,Kanpur-Agra,North,Uttar Pradesh,T2,Hospital Pharmacy,DePURA Kids 15 ml,69,9053.16,0.0135,0.715,5,post_relaunch
2026-05-01,TR06,Kanpur-Agra,North,Uttar Pradesh,T2,Pharmacy Chain,DePURA Kids 10 ml,26,2261.29,0.0797,0.702,5,post_relaunch
2026-05-01,TR06,Kanpur-Agra,North,Uttar Pradesh,T2,Pharmacy Chain,DePURA Kids 15 ml,83,10150.86,0.0805,0.705,5,post_relaunch
2026-05-01,TR06,Kanpur-Agra,North,Uttar Pradesh,T2,Retail Chemist,DePURA Kids 10 ml,85,7678.79,0.044,0.767,5,post_relaunch
2026-05-01,TR06,Kanpur-Agra,North,Uttar Pradesh,T2,Retail Chemist,DePURA Kids 15 ml,339,43283.37,0.04,0.694,5,post_relaunch
2026-05-01,TR07,Varanasi-Gorakhpur,North,Uttar Pradesh,T3,E-Pharmacy,DePURA Kids 10 ml,3,237.14,0.1635,0.702,3,post_relaunch
2026-05-01,TR07,Varanasi-Gorakhpur,North,Uttar Pradesh,T3,E-Pharmacy,DePURA Kids 15 ml,8,912.32,0.1426,0.666,3,post_relaunch
2026-05-01,TR07,Varanasi-Gorakhpur,North,Uttar Pradesh,T3,Hospital Pharmacy,DePURA Kids 10 ml,3,274.47,0.0319,0.603,3,post_relaunch
2026-05-01,TR07,Varanasi-Gorakhpur,North,Uttar Pradesh,T3,Hospital Pharmacy,DePURA Kids 15 ml,12,1557.58,0.0241,0.64,3,post_relaunch
2026-05-01,TR07,Varanasi-Gorakhpur,North,Uttar Pradesh,T3,Pharmacy Chain,DePURA Kids 10 ml,2,174.81,0.0751,0.656,3,post_relaunch
2026-05-01,TR07,Varanasi-Gorakhpur,North,Uttar Pradesh,T3,Pharmacy Chain,DePURA Kids 15 ml,7,861.97,0.0741,0.661,3,post_relaunch
2026-05-01,TR07,Varanasi-Gorakhpur,North,Uttar Pradesh,T3,Retail Chemist,DePURA Kids 10 ml,31,2835.64,0.032,0.62,3,post_relaunch
2026-05-01,TR07,Varanasi-Gorakhpur,North,Uttar Pradesh,T3,Retail Chemist,DePURA Kids 15 ml,75,9830.36,0.0145,0.655,3,post_relaunch
2026-05-01,TR08,Chandigarh-Mohali,North,Chandigarh,T2,E-Pharmacy,DePURA Kids 10 ml,26,2147.3,0.126,0.82,7,post_relaunch
2026-05-01,TR08,Chandigarh-Mohali,North,Chandigarh,T2,E-Pharmacy,DePURA Kids 15 ml,68,8163.74,0.0973,0.767,7,post_relaunch
2026-05-01,TR08,Chandigarh-Mohali,North,Chandigarh,T2,Hospital Pharmacy,DePURA Kids 10 ml,21,1956.36,0.0142,0.664,7,post_relaunch
2026-05-01,TR08,Chandigarh-Mohali,North,Chandigarh,T2,Hospital Pharmacy,DePURA Kids 15 ml,77,10012.86,0.0223,0.812,7,post_relaunch
2026-05-01,TR08,Chandigarh-Mohali,North,Chandigarh,T2,Pharmacy Chain,DePURA Kids 10 ml,22,1911.89,0.0804,0.719,7,post_relaunch
2026-05-01,TR08,Chandigarh-Mohali,North,Chandigarh,T2,Pharmacy Chain,DePURA Kids 15 ml,69,8485.87,0.0753,0.75,7,post_relaunch
2026-05-01,TR08,Chandigarh-Mohali,North,Chandigarh,T2,Retail Chemist,DePURA Kids 10 ml,99,9057.97,0.0318,0.699,7,post_relaunch
2026-05-01,TR08,Chandigarh-Mohali,North,Chandigarh,T2,Retail Chemist,DePURA Kids 15 ml,311,39475.42,0.0456,0.731,7,post_relaunch
2026-05-01,TR09,Ludhiana-Amritsar,North,Punjab,T2,E-Pharmacy,DePURA Kids 10 ml,16,1273.91,0.1575,0.911,6,post_relaunch
2026-05-01,TR09,Ludhiana-Amritsar,North,Punjab,T2,E-Pharmacy,DePURA Kids 15 ml,59,6872.93,0.1241,0.856,6,post_relaunch
2026-05-01,TR09,Ludhiana-Amritsar,North,Punjab,T2,Hospital Pharmacy,DePURA Kids 10 ml,20,1835.33,0.0289,0.787,6,post_relaunch
2026-05-01,TR09,Ludhiana-Amritsar,North,Punjab,T2,Hospital Pharmacy,DePURA Kids 15 ml,56,7021.81,0.0572,0.81,6,post_relaunch
2026-05-01,TR09,Ludhiana-Amritsar,North,Punjab,T2,Pharmacy Chain,DePURA Kids 10 ml,14,1211.23,0.0845,0.784,6,post_relaunch
2026-05-01,TR09,Ludhiana-Amritsar,North,Punjab,T2,Pharmacy Chain,DePURA Kids 15 ml,59,7112.7,0.0936,0.806,6,post_relaunch
2026-05-01,TR09,Ludhiana-Amritsar,North,Punjab,T2,Retail Chemist,DePURA Kids 10 ml,62,5621.02,0.0406,0.769,6,post_relaunch
2026-05-01,TR09,Ludhiana-Amritsar,North,Punjab,T2,Retail Chemist,DePURA Kids 15 ml,219,27795.16,0.0457,0.772,6,post_relaunch
2026-05-01,TR10,Jaipur,North,Rajasthan,T2,E-Pharmacy,DePURA Kids 10 ml,7,550.84,0.1673,0.727,7,post_relaunch
2026-05-01,TR10,Jaipur,North,Rajasthan,T2,E-Pharmacy,DePURA Kids 15 ml,23,2570.31,0.1598,0.672,7,post_relaunch
2026-05-01,TR10,Jaipur,North,Rajasthan,T2,Hospital Pharmacy,DePURA Kids 10 ml,7,654.28,0.0109,0.683,7,post_relaunch
2026-05-01,TR10,Jaipur,North,Rajasthan,T2,Hospital Pharmacy,DePURA Kids 15 ml,20,2638.06,0.0082,0.69,7,post_relaunch
2026-05-01,TR10,Jaipur,North,Rajasthan,T2,Pharmacy Chain,DePURA Kids 10 ml,8,697.34,0.0776,0.641,7,post_relaunch
2026-05-01,TR10,Jaipur,North,Rajasthan,T2,Pharmacy Chain,DePURA Kids 15 ml,29,3608.81,0.0643,0.679,7,post_relaunch
2026-05-01,TR10,Jaipur,North,Rajasthan,T2,Retail Chemist,DePURA Kids 10 ml,29,2638.67,0.0372,0.661,7,post_relaunch
2026-05-01,TR10,Jaipur,North,Rajasthan,T2,Retail Chemist,DePURA Kids 15 ml,88,10935.54,0.0657,0.715,7,post_relaunch
2026-05-01,TR11,Dehradun,North,Uttarakhand,T3,E-Pharmacy,DePURA Kids 10 ml,7,556.59,0.1586,0.822,6,post_relaunch
2026-05-01,TR11,Dehradun,North,Uttarakhand,T3,E-Pharmacy,DePURA Kids 15 ml,23,2665.73,0.1286,0.861,6,post_relaunch
2026-05-01,TR11,Dehradun,North,Uttarakhand,T3,Hospital Pharmacy,DePURA Kids 10 ml,14,1279.31,0.033,0.807,6,post_relaunch
2026-05-01,TR11,Dehradun,North,Uttarakhand,T3,Hospital Pharmacy,DePURA Kids 15 ml,34,4432.78,0.02805,0.804,6,post_relaunch
2026-05-01,TR11,Dehradun,North,Uttarakhand,T3,Pharmacy Chain,DePURA Kids 10 ml,7,608.69,0.0798,0.823,6,post_relaunch
2026-05-01,TR11,Dehradun,North,Uttarakhand,T3,Pharmacy Chain,DePURA Kids 15 ml,15,1820.05,0.0877,0.717,6,post_relaunch
2026-05-01,TR11,Dehradun,North,Uttarakhand,T3,Retail Chemist,DePURA Kids 10 ml,77,6874.9,0.0486,0.817,6,post_relaunch
2026-05-01,TR11,Dehradun,North,Uttarakhand,T3,Retail Chemist,DePURA Kids 15 ml,147,19111.05,0.0225,0.79,6,post_relaunch
2026-05-01,TR12,Mumbai West,West,Maharashtra,T1,E-Pharmacy,DePURA Kids 10 ml,28,2236.06,0.1549,0.954,10,post_relaunch
2026-05-01,TR12,Mumbai West,West,Maharashtra,T1,E-Pharmacy,DePURA Kids 15 ml,118,13395.67,0.1464,0.94,10,post_relaunch
2026-05-01,TR12,Mumbai West,West,Maharashtra,T1,Hospital Pharmacy,DePURA Kids 10 ml,18,1661.92,0.023,0.913,10,post_relaunch
2026-05-01,TR12,Mumbai West,West,Maharashtra,T1,Hospital Pharmacy,DePURA Kids 15 ml,87,11325.02,0.0213,0.892,10,post_relaunch
2026-05-01,TR12,Mumbai West,West,Maharashtra,T1,Pharmacy Chain,DePURA Kids 10 ml,22,1898.31,0.0869,0.901,10,post_relaunch
2026-05-01,TR12,Mumbai West,West,Maharashtra,T1,Pharmacy Chain,DePURA Kids 15 ml,133,15896.82,0.1013,0.884,10,post_relaunch
2026-05-01,TR12,Mumbai West,West,Maharashtra,T1,Retail Chemist,DePURA Kids 10 ml,62,5712.79,0.025,0.934,10,post_relaunch
2026-05-01,TR12,Mumbai West,West,Maharashtra,T1,Retail Chemist,DePURA Kids 15 ml,320,41419.4,0.0268,0.877,10,post_relaunch
2026-05-01,TR13,Mumbai Thane,West,Maharashtra,T1,E-Pharmacy,DePURA Kids 10 ml,90,7247.45,0.15685,0.977,14,post_relaunch
2026-05-01,TR13,Mumbai Thane,West,Maharashtra,T1,E-Pharmacy,DePURA Kids 15 ml,473,53886.94,0.1434,0.992,14,post_relaunch
2026-05-01,TR13,Mumbai Thane,West,Maharashtra,T1,Hospital Pharmacy,DePURA Kids 10 ml,74,6811.75,0.0259,1.0,14,post_relaunch
2026-05-01,TR13,Mumbai Thane,West,Maharashtra,T1,Hospital Pharmacy,DePURA Kids 15 ml,229,29873.98,0.0191,0.95,14,post_relaunch
2026-05-01,TR13,Mumbai Thane,West,Maharashtra,T1,Pharmacy Chain,DePURA Kids 10 ml,71,6210.3,0.0744,0.92,14,post_relaunch
2026-05-01,TR13,Mumbai Thane,West,Maharashtra,T1,Pharmacy Chain,DePURA Kids 15 ml,383,47495.52,0.0676,0.963,14,post_relaunch
2026-05-01,TR13,Mumbai Thane,West,Maharashtra,T1,Retail Chemist,DePURA Kids 10 ml,223,20705.2,0.0175,1.0,14,post_relaunch
2026-05-01,TR13,Mumbai Thane,West,Maharashtra,T1,Retail Chemist,DePURA Kids 15 ml,1097,140963.02,0.0338,0.949,14,post_relaunch
2026-05-01,TR14,Pune,West,Maharashtra,T1,E-Pharmacy,DePURA Kids 10 ml,60,4819.46,0.15,0.765,11,post_relaunch
2026-05-01,TR14,Pune,West,Maharashtra,T1,E-Pharmacy,DePURA Kids 15 ml,303,34058.75,0.1548,0.869,11,post_relaunch
2026-05-01,TR14,Pune,West,Maharashtra,T1,Hospital Pharmacy,DePURA Kids 10 ml,51,4729.88,0.0186,0.813,11,post_relaunch
2026-05-01,TR14,Pune,West,Maharashtra,T1,Hospital Pharmacy,DePURA Kids 15 ml,188,25004.0,0.0,0.721,11,post_relaunch
2026-05-01,TR14,Pune,West,Maharashtra,T1,Pharmacy Chain,DePURA Kids 10 ml,50,4333.8,0.0828,0.709,11,post_relaunch
2026-05-01,TR14,Pune,West,Maharashtra,T1,Pharmacy Chain,DePURA Kids 15 ml,297,36579.93,0.0739,0.754,11,post_relaunch
2026-05-01,TR14,Pune,West,Maharashtra,T1,Retail Chemist,DePURA Kids 10 ml,184,16740.69,0.0372,0.779,11,post_relaunch
2026-05-01,TR14,Pune,West,Maharashtra,T1,Retail Chemist,DePURA Kids 15 ml,752,96458.93,0.0356,0.736,11,post_relaunch
2026-05-01,TR15,Nagpur,West,Maharashtra,T2,E-Pharmacy,DePURA Kids 10 ml,22,1786.27,0.1408,0.88,10,post_relaunch
2026-05-01,TR15,Nagpur,West,Maharashtra,T2,E-Pharmacy,DePURA Kids 15 ml,62,6742.35,0.1823,0.851,10,post_relaunch
2026-05-01,TR15,Nagpur,West,Maharashtra,T2,Hospital Pharmacy,DePURA Kids 10 ml,19,1761.28,0.0191,0.793,10,post_relaunch
2026-05-01,TR15,Nagpur,West,Maharashtra,T2,Hospital Pharmacy,DePURA Kids 15 ml,67,8784.91,0.0142,0.793,10,post_relaunch
2026-05-01,TR15,Nagpur,West,Maharashtra,T2,Pharmacy Chain,DePURA Kids 10 ml,22,1885.98,0.0928,0.831,10,post_relaunch
2026-05-01,TR15,Nagpur,West,Maharashtra,T2,Pharmacy Chain,DePURA Kids 15 ml,64,7979.59,0.0625,0.849,10,post_relaunch
2026-05-01,TR15,Nagpur,West,Maharashtra,T2,Retail Chemist,DePURA Kids 10 ml,75,6821.5,0.0375,0.761,10,post_relaunch
2026-05-01,TR15,Nagpur,West,Maharashtra,T2,Retail Chemist,DePURA Kids 15 ml,305,39318.78,0.0307,0.819,10,post_relaunch
2026-05-01,TR16,Ahmedabad,West,Gujarat,T1,E-Pharmacy,DePURA Kids 10 ml,56,4543.91,0.1414,0.969,16,post_relaunch
2026-05-01,TR16,Ahmedabad,West,Gujarat,T1,E-Pharmacy,DePURA Kids 15 ml,357,40492.53,0.1472,0.982,16,post_relaunch
2026-05-01,TR16,Ahmedabad,West,Gujarat,T1,Hospital Pharmacy,DePURA Kids 10 ml,43,3961.6,0.0251,0.995,16,post_relaunch
2026-05-01,TR16,Ahmedabad,West,Gujarat,T1,Hospital Pharmacy,DePURA Kids 15 ml,179,23397.52,0.0172,0.883,16,post_relaunch
2026-05-01,TR16,Ahmedabad,West,Gujarat,T1,Pharmacy Chain,DePURA Kids 10 ml,59,5191.3,0.0689,0.93,16,post_relaunch
2026-05-01,TR16,Ahmedabad,West,Gujarat,T1,Pharmacy Chain,DePURA Kids 15 ml,286,35263.11,0.073,1.0,16,post_relaunch
2026-05-01,TR16,Ahmedabad,West,Gujarat,T1,Retail Chemist,DePURA Kids 10 ml,145,12980.24,0.0527,0.947,16,post_relaunch
2026-05-01,TR16,Ahmedabad,West,Gujarat,T1,Retail Chemist,DePURA Kids 15 ml,793,100356.39,0.0485,0.967,16,post_relaunch
2026-05-01,TR17,Surat-Vadodara,West,Gujarat,T2,E-Pharmacy,DePURA Kids 10 ml,21,1688.33,0.1492,0.744,5,post_relaunch
2026-05-01,TR17,Surat-Vadodara,West,Gujarat,T2,E-Pharmacy,DePURA Kids 15 ml,72,8197.48,0.144,0.714,5,post_relaunch
2026-05-01,TR17,Surat-Vadodara,West,Gujarat,T2,Hospital Pharmacy,DePURA Kids 10 ml,21,1924.47,0.0302,0.695,5,post_relaunch
2026-05-01,TR17,Surat-Vadodara,West,Gujarat,T2,Hospital Pharmacy,DePURA Kids 15 ml,68,8825.8,0.0241,0.639,5,post_relaunch
2026-05-01,TR17,Surat-Vadodara,West,Gujarat,T2,Pharmacy Chain,DePURA Kids 10 ml,17,1469.38,0.0854,0.65,5,post_relaunch
2026-05-01,TR17,Surat-Vadodara,West,Gujarat,T2,Pharmacy Chain,DePURA Kids 15 ml,73,9058.31,0.067,0.71,5,post_relaunch
2026-05-01,TR17,Surat-Vadodara,West,Gujarat,T2,Retail Chemist,DePURA Kids 10 ml,122,11050.88,0.0415,0.688,5,post_relaunch
2026-05-01,TR17,Surat-Vadodara,West,Gujarat,T2,Retail Chemist,DePURA Kids 15 ml,294,37649.28,0.0372,0.696,5,post_relaunch
2026-05-01,TR18,Rajkot,West,Gujarat,T3,E-Pharmacy,DePURA Kids 10 ml,11,881.35,0.1521,0.683,7,post_relaunch
2026-05-01,TR18,Rajkot,West,Gujarat,T3,E-Pharmacy,DePURA Kids 15 ml,29,3230.06,0.1625,0.713,7,post_relaunch
2026-05-01,TR18,Rajkot,West,Gujarat,T3,Hospital Pharmacy,DePURA Kids 10 ml,20,1874.73,0.0081,0.736,7,post_relaunch
2026-05-01,TR18,Rajkot,West,Gujarat,T3,Hospital Pharmacy,DePURA Kids 15 ml,46,6118.0,0.0,0.725,7,post_relaunch
2026-05-01,TR18,Rajkot,West,Gujarat,T3,Pharmacy Chain,DePURA Kids 10 ml,12,1041.81,0.0813,0.704,7,post_relaunch
2026-05-01,TR18,Rajkot,West,Gujarat,T3,Pharmacy Chain,DePURA Kids 15 ml,26,3202.35,0.0739,0.739,7,post_relaunch
2026-05-01,TR18,Rajkot,West,Gujarat,T3,Retail Chemist,DePURA Kids 10 ml,99,9005.74,0.0374,0.736,7,post_relaunch
2026-05-01,TR18,Rajkot,West,Gujarat,T3,Retail Chemist,DePURA Kids 15 ml,264,33647.68,0.0417,0.793,7,post_relaunch
2026-05-01,TR19,Indore,Central,Madhya Pradesh,T2,E-Pharmacy,DePURA Kids 10 ml,45,3539.19,0.1677,0.825,6,post_relaunch
2026-05-01,TR19,Indore,Central,Madhya Pradesh,T2,E-Pharmacy,DePURA Kids 15 ml,86,9922.52,0.1325,0.705,6,post_relaunch
2026-05-01,TR19,Indore,Central,Madhya Pradesh,T2,Hospital Pharmacy,DePURA Kids 10 ml,34,3131.97,0.0252,0.686,6,post_relaunch
2026-05-01,TR19,Indore,Central,Madhya Pradesh,T2,Hospital Pharmacy,DePURA Kids 15 ml,108,14212.39,0.0106,0.674,6,post_relaunch
2026-05-01,TR19,Indore,Central,Madhya Pradesh,T2,Pharmacy Chain,DePURA Kids 10 ml,33,2863.07,0.0819,0.687,6,post_relaunch
2026-05-01,TR19,Indore,Central,Madhya Pradesh,T2,Pharmacy Chain,DePURA Kids 15 ml,123,15328.0,0.063,0.633,6,post_relaunch
2026-05-01,TR19,Indore,Central,Madhya Pradesh,T2,Retail Chemist,DePURA Kids 10 ml,140,12306.53,0.0698,0.692,6,post_relaunch
2026-05-01,TR19,Indore,Central,Madhya Pradesh,T2,Retail Chemist,DePURA Kids 15 ml,525,66099.42,0.0534,0.713,6,post_relaunch
2026-05-01,TR20,Bhopal,Central,Madhya Pradesh,T2,E-Pharmacy,DePURA Kids 10 ml,11,869.17,0.1639,0.696,3,post_relaunch
2026-05-01,TR20,Bhopal,Central,Madhya Pradesh,T2,E-Pharmacy,DePURA Kids 15 ml,48,5424.98,0.1502,0.731,3,post_relaunch
2026-05-01,TR20,Bhopal,Central,Madhya Pradesh,T2,Hospital Pharmacy,DePURA Kids 10 ml,12,1108.51,0.0225,0.724,3,post_relaunch
2026-05-01,TR20,Bhopal,Central,Madhya Pradesh,T2,Hospital Pharmacy,DePURA Kids 15 ml,47,6039.87,0.0338,0.693,3,post_relaunch
2026-05-01,TR20,Bhopal,Central,Madhya Pradesh,T2,Pharmacy Chain,DePURA Kids 10 ml,13,1108.17,0.098,0.712,3,post_relaunch
2026-05-01,TR20,Bhopal,Central,Madhya Pradesh,T2,Pharmacy Chain,DePURA Kids 15 ml,40,4880.95,0.0825,0.702,3,post_relaunch
2026-05-01,TR20,Bhopal,Central,Madhya Pradesh,T2,Retail Chemist,DePURA Kids 10 ml,41,3700.54,0.0486,0.724,3,post_relaunch
2026-05-01,TR20,Bhopal,Central,Madhya Pradesh,T2,Retail Chemist,DePURA Kids 15 ml,129,16377.08,0.0455,0.615,3,post_relaunch
2026-05-01,TR21,Jabalpur,Central,Madhya Pradesh,T3,E-Pharmacy,DePURA Kids 10 ml,7,570.04,0.1383,0.951,5,post_relaunch
2026-05-01,TR21,Jabalpur,Central,Madhya Pradesh,T3,E-Pharmacy,DePURA Kids 15 ml,19,2136.11,0.1547,0.904,5,post_relaunch
2026-05-01,TR21,Jabalpur,Central,Madhya Pradesh,T3,Hospital Pharmacy,DePURA Kids 10 ml,11,1025.68,0.0133,0.958,5,post_relaunch
2026-05-01,TR21,Jabalpur,Central,Madhya Pradesh,T3,Hospital Pharmacy,DePURA Kids 15 ml,26,3458.0,0.02805,0.928,5,post_relaunch
2026-05-01,TR21,Jabalpur,Central,Madhya Pradesh,T3,Pharmacy Chain,DePURA Kids 10 ml,7,612.05,0.0748,0.837,5,post_relaunch
2026-05-01,TR21,Jabalpur,Central,Madhya Pradesh,T3,Pharmacy Chain,DePURA Kids 15 ml,24,2864.76,0.1025,0.954,5,post_relaunch
2026-05-01,TR21,Jabalpur,Central,Madhya Pradesh,T3,Retail Chemist,DePURA Kids 10 ml,71,6430.41,0.0416,0.902,5,post_relaunch
2026-05-01,TR21,Jabalpur,Central,Madhya Pradesh,T3,Retail Chemist,DePURA Kids 15 ml,183,23086.03,0.0515,0.931,5,post_relaunch
2026-05-01,TR22,Raipur,Central,Chhattisgarh,T3,E-Pharmacy,DePURA Kids 10 ml,16,1308.06,0.1349,0.785,6,post_relaunch
2026-05-01,TR22,Raipur,Central,Chhattisgarh,T3,E-Pharmacy,DePURA Kids 15 ml,39,4436.83,0.1446,0.795,6,post_relaunch
2026-05-01,TR22,Raipur,Central,Chhattisgarh,T3,Hospital Pharmacy,DePURA Kids 10 ml,28,2646.0,0.0,0.841,6,post_relaunch
2026-05-01,TR22,Raipur,Central,Chhattisgarh,T3,Hospital Pharmacy,DePURA Kids 15 ml,56,7095.27,0.0474,0.806,6,post_relaunch
2026-05-01,TR22,Raipur,Central,Chhattisgarh,T3,Pharmacy Chain,DePURA Kids 10 ml,20,1765.14,0.0661,0.801,6,post_relaunch
2026-05-01,TR22,Raipur,Central,Chhattisgarh,T3,Pharmacy Chain,DePURA Kids 15 ml,30,3655.18,0.0839,0.712,6,post_relaunch
2026-05-01,TR22,Raipur,Central,Chhattisgarh,T3,Retail Chemist,DePURA Kids 10 ml,154,13985.24,0.039,0.864,6,post_relaunch
2026-05-01,TR22,Raipur,Central,Chhattisgarh,T3,Retail Chemist,DePURA Kids 15 ml,335,41875.31,0.0601,0.845,6,post_relaunch
2026-05-01,TR23,Bengaluru North,South,Karnataka,T1,E-Pharmacy,DePURA Kids 10 ml,73,5847.64,0.1523,0.927,11,post_relaunch
2026-05-01,TR23,Bengaluru North,South,Karnataka,T1,E-Pharmacy,DePURA Kids 15 ml,329,36867.52,0.1574,0.917,11,post_relaunch
2026-05-01,TR23,Bengaluru North,South,Karnataka,T1,Hospital Pharmacy,DePURA Kids 10 ml,59,5532.64,0.0077,0.985,11,post_relaunch
2026-05-01,TR23,Bengaluru North,South,Karnataka,T1,Hospital Pharmacy,DePURA Kids 15 ml,200,26185.49,0.0156,0.929,11,post_relaunch
2026-05-01,TR23,Bengaluru North,South,Karnataka,T1,Pharmacy Chain,DePURA Kids 10 ml,83,7266.82,0.0735,1.0,11,post_relaunch
2026-05-01,TR23,Bengaluru North,South,Karnataka,T1,Pharmacy Chain,DePURA Kids 15 ml,412,49810.0,0.091,0.972,11,post_relaunch
2026-05-01,TR23,Bengaluru North,South,Karnataka,T1,Retail Chemist,DePURA Kids 10 ml,228,20505.67,0.0483,0.937,11,post_relaunch
2026-05-01,TR23,Bengaluru North,South,Karnataka,T1,Retail Chemist,DePURA Kids 15 ml,1132,143572.81,0.0464,0.981,11,post_relaunch
2026-05-01,TR24,Bengaluru South,South,Karnataka,T1,E-Pharmacy,DePURA Kids 10 ml,75,6085.01,0.1414,0.984,16,post_relaunch
2026-05-01,TR24,Bengaluru South,South,Karnataka,T1,E-Pharmacy,DePURA Kids 15 ml,359,41772.97,0.1251,1.0,16,post_relaunch
2026-05-01,TR24,Bengaluru South,South,Karnataka,T1,Hospital Pharmacy,DePURA Kids 10 ml,63,5835.09,0.02805,1.0,16,post_relaunch
2026-05-01,TR24,Bengaluru South,South,Karnataka,T1,Hospital Pharmacy,DePURA Kids 15 ml,288,37660.68,0.0168,0.931,16,post_relaunch
2026-05-01,TR24,Bengaluru South,South,Karnataka,T1,Pharmacy Chain,DePURA Kids 10 ml,97,8526.72,0.0698,0.954,16,post_relaunch
2026-05-01,TR24,Bengaluru South,South,Karnataka,T1,Pharmacy Chain,DePURA Kids 15 ml,394,48218.37,0.0798,0.993,16,post_relaunch
2026-05-01,TR24,Bengaluru South,South,Karnataka,T1,Retail Chemist,DePURA Kids 10 ml,198,17839.37,0.0466,0.91,16,post_relaunch
2026-05-01,TR24,Bengaluru South,South,Karnataka,T1,Retail Chemist,DePURA Kids 15 ml,1188,152746.82,0.0333,0.999,16,post_relaunch
2026-05-01,TR25,Mysuru-Mangaluru,South,Karnataka,T3,E-Pharmacy,DePURA Kids 10 ml,7,557.03,0.1579,0.803,4,post_relaunch
2026-05-01,TR25,Mysuru-Mangaluru,South,Karnataka,T3,E-Pharmacy,DePURA Kids 15 ml,21,2361.7,0.1544,0.811,4,post_relaunch
2026-05-01,TR25,Mysuru-Mangaluru,South,Karnataka,T3,Hospital Pharmacy,DePURA Kids 10 ml,10,929.3,0.0166,0.728,4,post_relaunch
2026-05-01,TR25,Mysuru-Mangaluru,South,Karnataka,T3,Hospital Pharmacy,DePURA Kids 15 ml,32,4192.6,0.0149,0.804,4,post_relaunch
2026-05-01,TR25,Mysuru-Mangaluru,South,Karnataka,T3,Pharmacy Chain,DePURA Kids 10 ml,6,521.92,0.0795,0.69,4,post_relaunch
2026-05-01,TR25,Mysuru-Mangaluru,South,Karnataka,T3,Pharmacy Chain,DePURA Kids 15 ml,18,2243.91,0.0627,0.842,4,post_relaunch
2026-05-01,TR25,Mysuru-Mangaluru,South,Karnataka,T3,Retail Chemist,DePURA Kids 10 ml,54,4866.19,0.0464,0.74,4,post_relaunch
2026-05-01,TR25,Mysuru-Mangaluru,South,Karnataka,T3,Retail Chemist,DePURA Kids 15 ml,175,22738.65,0.023,0.772,4,post_relaunch
2026-05-01,TR26,Chennai,South,Tamil Nadu,T1,E-Pharmacy,DePURA Kids 10 ml,64,5096.01,0.1574,0.87,16,post_relaunch
2026-05-01,TR26,Chennai,South,Tamil Nadu,T1,E-Pharmacy,DePURA Kids 15 ml,300,34547.44,0.1341,0.851,16,post_relaunch
2026-05-01,TR26,Chennai,South,Tamil Nadu,T1,Hospital Pharmacy,DePURA Kids 10 ml,40,3732.09,0.0127,0.843,16,post_relaunch
2026-05-01,TR26,Chennai,South,Tamil Nadu,T1,Hospital Pharmacy,DePURA Kids 15 ml,227,29937.6,0.0084,0.879,16,post_relaunch
2026-05-01,TR26,Chennai,South,Tamil Nadu,T1,Pharmacy Chain,DePURA Kids 10 ml,68,5963.71,0.0719,0.833,16,post_relaunch
2026-05-01,TR26,Chennai,South,Tamil Nadu,T1,Pharmacy Chain,DePURA Kids 15 ml,253,30381.74,0.0971,0.78,16,post_relaunch
2026-05-01,TR26,Chennai,South,Tamil Nadu,T1,Retail Chemist,DePURA Kids 10 ml,137,12449.9,0.0384,0.851,16,post_relaunch
2026-05-01,TR26,Chennai,South,Tamil Nadu,T1,Retail Chemist,DePURA Kids 15 ml,692,89024.61,0.0327,0.774,16,post_relaunch
2026-05-01,TR27,Coimbatore-Madurai,South,Tamil Nadu,T2,E-Pharmacy,DePURA Kids 10 ml,33,2698.42,0.1347,0.909,8,post_relaunch
2026-05-01,TR27,Coimbatore-Madurai,South,Tamil Nadu,T2,E-Pharmacy,DePURA Kids 15 ml,90,9929.16,0.1705,0.913,8,post_relaunch
2026-05-01,TR27,Coimbatore-Madurai,South,Tamil Nadu,T2,Hospital Pharmacy,DePURA Kids 10 ml,29,2672.64,0.0248,0.849,8,post_relaunch
2026-05-01,TR27,Coimbatore-Madurai,South,Tamil Nadu,T2,Hospital Pharmacy,DePURA Kids 15 ml,114,14841.11,0.0212,0.899,8,post_relaunch
2026-05-01,TR27,Coimbatore-Madurai,South,Tamil Nadu,T2,Pharmacy Chain,DePURA Kids 10 ml,33,2889.43,0.0735,0.865,8,post_relaunch
2026-05-01,TR27,Coimbatore-Madurai,South,Tamil Nadu,T2,Pharmacy Chain,DePURA Kids 15 ml,137,16624.2,0.0876,0.893,8,post_relaunch
2026-05-01,TR27,Coimbatore-Madurai,South,Tamil Nadu,T2,Retail Chemist,DePURA Kids 10 ml,117,10592.58,0.042,0.9,8,post_relaunch
2026-05-01,TR27,Coimbatore-Madurai,South,Tamil Nadu,T2,Retail Chemist,DePURA Kids 15 ml,451,58432.81,0.0258,0.911,8,post_relaunch
2026-05-01,TR28,Hyderabad,South,Telangana,T1,E-Pharmacy,DePURA Kids 10 ml,101,8067.46,0.1548,0.933,9,post_relaunch
2026-05-01,TR28,Hyderabad,South,Telangana,T1,E-Pharmacy,DePURA Kids 15 ml,442,49918.0,0.1509,0.901,9,post_relaunch
2026-05-01,TR28,Hyderabad,South,Telangana,T1,Hospital Pharmacy,DePURA Kids 10 ml,69,6410.01,0.0169,0.953,9,post_relaunch
2026-05-01,TR28,Hyderabad,South,Telangana,T1,Hospital Pharmacy,DePURA Kids 15 ml,322,42564.94,0.0061,0.882,9,post_relaunch
2026-05-01,TR28,Hyderabad,South,Telangana,T1,Pharmacy Chain,DePURA Kids 10 ml,85,7425.05,0.0756,0.888,9,post_relaunch
2026-05-01,TR28,Hyderabad,South,Telangana,T1,Pharmacy Chain,DePURA Kids 15 ml,350,43226.93,0.0714,0.813,9,post_relaunch
2026-05-01,TR28,Hyderabad,South,Telangana,T1,Retail Chemist,DePURA Kids 10 ml,220,19435.67,0.0651,0.832,9,post_relaunch
2026-05-01,TR28,Hyderabad,South,Telangana,T1,Retail Chemist,DePURA Kids 15 ml,1154,149722.75,0.0245,0.926,9,post_relaunch
2026-05-01,TR29,Vijayawada-Vizag,South,Andhra Pradesh,T2,E-Pharmacy,DePURA Kids 10 ml,10,807.14,0.1459,0.871,5,post_relaunch
2026-05-01,TR29,Vijayawada-Vizag,South,Andhra Pradesh,T2,E-Pharmacy,DePURA Kids 15 ml,44,4960.08,0.1524,0.91,5,post_relaunch
2026-05-01,TR29,Vijayawada-Vizag,South,Andhra Pradesh,T2,Hospital Pharmacy,DePURA Kids 10 ml,13,1198.12,0.0247,0.839,5,post_relaunch
2026-05-01,TR29,Vijayawada-Vizag,South,Andhra Pradesh,T2,Hospital Pharmacy,DePURA Kids 15 ml,44,5850.71,0.0002,0.831,5,post_relaunch
2026-05-01,TR29,Vijayawada-Vizag,South,Andhra Pradesh,T2,Pharmacy Chain,DePURA Kids 10 ml,14,1232.96,0.0681,0.859,5,post_relaunch
2026-05-01,TR29,Vijayawada-Vizag,South,Andhra Pradesh,T2,Pharmacy Chain,DePURA Kids 15 ml,38,4693.4,0.0713,0.847,5,post_relaunch
2026-05-01,TR29,Vijayawada-Vizag,South,Andhra Pradesh,T2,Retail Chemist,DePURA Kids 10 ml,45,4059.44,0.0454,0.826,5,post_relaunch
2026-05-01,TR29,Vijayawada-Vizag,South,Andhra Pradesh,T2,Retail Chemist,DePURA Kids 15 ml,168,21519.21,0.0369,0.861,5,post_relaunch
2026-05-01,TR30,Kochi-Trivandrum,South,Kerala,T2,E-Pharmacy,DePURA Kids 10 ml,28,2289.82,0.1346,0.852,5,post_relaunch
2026-05-01,TR30,Kochi-Trivandrum,South,Kerala,T2,E-Pharmacy,DePURA Kids 15 ml,89,10150.67,0.1425,0.848,5,post_relaunch
2026-05-01,TR30,Kochi-Trivandrum,South,Kerala,T2,Hospital Pharmacy,DePURA Kids 10 ml,35,3226.96,0.0244,0.824,5,post_relaunch
2026-05-01,TR30,Kochi-Trivandrum,South,Kerala,T2,Hospital Pharmacy,DePURA Kids 15 ml,98,12909.29,0.0096,0.888,5,post_relaunch
2026-05-01,TR30,Kochi-Trivandrum,South,Kerala,T2,Pharmacy Chain,DePURA Kids 10 ml,34,2874.85,0.1052,0.742,5,post_relaunch
2026-05-01,TR30,Kochi-Trivandrum,South,Kerala,T2,Pharmacy Chain,DePURA Kids 15 ml,123,15089.07,0.0776,0.829,5,post_relaunch
2026-05-01,TR30,Kochi-Trivandrum,South,Kerala,T2,Retail Chemist,DePURA Kids 10 ml,174,15680.08,0.0464,0.842,5,post_relaunch
2026-05-01,TR30,Kochi-Trivandrum,South,Kerala,T2,Retail Chemist,DePURA Kids 15 ml,436,55722.42,0.0391,0.823,5,post_relaunch
2026-05-01,TR31,Kolkata,East,West Bengal,T1,E-Pharmacy,DePURA Kids 10 ml,53,4211.23,0.1592,0.966,16,post_relaunch
2026-05-01,TR31,Kolkata,East,West Bengal,T1,E-Pharmacy,DePURA Kids 15 ml,253,28861.95,0.1423,0.984,16,post_relaunch
2026-05-01,TR31,Kolkata,East,West Bengal,T1,Hospital Pharmacy,DePURA Kids 10 ml,40,3644.54,0.0358,0.939,16,post_relaunch
2026-05-01,TR31,Kolkata,East,West Bengal,T1,Hospital Pharmacy,DePURA Kids 15 ml,171,22366.5,0.0166,0.951,16,post_relaunch
2026-05-01,TR31,Kolkata,East,West Bengal,T1,Pharmacy Chain,DePURA Kids 10 ml,54,4707.64,0.0775,0.934,16,post_relaunch
2026-05-01,TR31,Kolkata,East,West Bengal,T1,Pharmacy Chain,DePURA Kids 15 ml,285,35559.29,0.0619,0.989,16,post_relaunch
2026-05-01,TR31,Kolkata,East,West Bengal,T1,Retail Chemist,DePURA Kids 10 ml,131,12019.98,0.029,0.937,16,post_relaunch
2026-05-01,TR31,Kolkata,East,West Bengal,T1,Retail Chemist,DePURA Kids 15 ml,627,79105.81,0.0514,0.941,16,post_relaunch
2026-05-01,TR32,Siliguri-Durgapur,East,West Bengal,T3,E-Pharmacy,DePURA Kids 10 ml,7,564.15,0.1472,0.779,3,post_relaunch
2026-05-01,TR32,Siliguri-Durgapur,East,West Bengal,T3,E-Pharmacy,DePURA Kids 15 ml,20,2248.01,0.1549,0.833,3,post_relaunch
2026-05-01,TR32,Siliguri-Durgapur,East,West Bengal,T3,Hospital Pharmacy,DePURA Kids 10 ml,12,1115.96,0.0159,0.77,3,post_relaunch
2026-05-01,TR32,Siliguri-Durgapur,East,West Bengal,T3,Hospital Pharmacy,DePURA Kids 15 ml,33,4285.82,0.0235,0.813,3,post_relaunch
2026-05-01,TR32,Siliguri-Durgapur,East,West Bengal,T3,Pharmacy Chain,DePURA Kids 10 ml,8,694.69,0.0811,0.794,3,post_relaunch
2026-05-01,TR32,Siliguri-Durgapur,East,West Bengal,T3,Pharmacy Chain,DePURA Kids 15 ml,18,2170.6,0.0933,0.819,3,post_relaunch
2026-05-01,TR32,Siliguri-Durgapur,East,West Bengal,T3,Retail Chemist,DePURA Kids 10 ml,92,8406.33,0.0331,0.852,3,post_relaunch
2026-05-01,TR32,Siliguri-Durgapur,East,West Bengal,T3,Retail Chemist,DePURA Kids 15 ml,157,20456.38,0.0203,0.774,3,post_relaunch
2026-05-01,TR33,Patna,East,Bihar,T2,E-Pharmacy,DePURA Kids 10 ml,18,1446.0,0.1499,0.886,6,post_relaunch
2026-05-01,TR33,Patna,East,Bihar,T2,E-Pharmacy,DePURA Kids 15 ml,73,8255.98,0.1497,0.928,6,post_relaunch
2026-05-01,TR33,Patna,East,Bihar,T2,Hospital Pharmacy,DePURA Kids 10 ml,19,1792.56,0.0016,0.9,6,post_relaunch
2026-05-01,TR33,Patna,East,Bihar,T2,Hospital Pharmacy,DePURA Kids 15 ml,52,6859.52,0.0082,0.867,6,post_relaunch
2026-05-01,TR33,Patna,East,Bihar,T2,Pharmacy Chain,DePURA Kids 10 ml,17,1468.81,0.0857,0.815,6,post_relaunch
2026-05-01,TR33,Patna,East,Bihar,T2,Pharmacy Chain,DePURA Kids 15 ml,55,6697.31,0.0844,0.829,6,post_relaunch
2026-05-01,TR33,Patna,East,Bihar,T2,Retail Chemist,DePURA Kids 10 ml,70,6299.69,0.0477,0.798,6,post_relaunch
2026-05-01,TR33,Patna,East,Bihar,T2,Retail Chemist,DePURA Kids 15 ml,258,32191.59,0.0619,0.849,6,post_relaunch
2026-05-01,TR34,Ranchi,East,Jharkhand,T3,E-Pharmacy,DePURA Kids 10 ml,7,545.39,0.1755,0.724,6,post_relaunch
2026-05-01,TR34,Ranchi,East,Jharkhand,T3,E-Pharmacy,DePURA Kids 15 ml,23,2551.46,0.1659,0.812,6,post_relaunch
2026-05-01,TR34,Ranchi,East,Jharkhand,T3,Hospital Pharmacy,DePURA Kids 10 ml,9,833.46,0.02,0.786,6,post_relaunch
2026-05-01,TR34,Ranchi,East,Jharkhand,T3,Hospital Pharmacy,DePURA Kids 15 ml,30,3955.32,0.0087,0.809,6,post_relaunch
2026-05-01,TR34,Ranchi,East,Jharkhand,T3,Pharmacy Chain,DePURA Kids 10 ml,6,524.52,0.0749,0.798,6,post_relaunch
2026-05-01,TR34,Ranchi,East,Jharkhand,T3,Pharmacy Chain,DePURA Kids 15 ml,16,1978.22,0.0704,0.763,6,post_relaunch
2026-05-01,TR34,Ranchi,East,Jharkhand,T3,Retail Chemist,DePURA Kids 10 ml,73,6579.56,0.0462,0.778,6,post_relaunch
2026-05-01,TR34,Ranchi,East,Jharkhand,T3,Retail Chemist,DePURA Kids 15 ml,164,20970.24,0.0386,0.779,6,post_relaunch
2026-05-01,TR35,Bhubaneswar,East,Odisha,T2,E-Pharmacy,DePURA Kids 10 ml,18,1439.44,0.1538,0.968,6,post_relaunch
2026-05-01,TR35,Bhubaneswar,East,Odisha,T2,E-Pharmacy,DePURA Kids 15 ml,52,5937.8,0.1414,0.924,6,post_relaunch
2026-05-01,TR35,Bhubaneswar,East,Odisha,T2,Hospital Pharmacy,DePURA Kids 10 ml,19,1738.51,0.0317,0.881,6,post_relaunch
2026-05-01,TR35,Bhubaneswar,East,Odisha,T2,Hospital Pharmacy,DePURA Kids 15 ml,57,7427.08,0.0203,0.835,6,post_relaunch
2026-05-01,TR35,Bhubaneswar,East,Odisha,T2,Pharmacy Chain,DePURA Kids 10 ml,18,1566.88,0.0788,0.865,6,post_relaunch
2026-05-01,TR35,Bhubaneswar,East,Odisha,T2,Pharmacy Chain,DePURA Kids 15 ml,59,7256.78,0.0752,0.795,6,post_relaunch
2026-05-01,TR35,Bhubaneswar,East,Odisha,T2,Retail Chemist,DePURA Kids 10 ml,65,5968.44,0.0283,0.883,6,post_relaunch
2026-05-01,TR35,Bhubaneswar,East,Odisha,T2,Retail Chemist,DePURA Kids 15 ml,216,27626.07,0.0384,0.86,6,post_relaunch
2026-05-01,TR36,Guwahati,East,Assam,T2,E-Pharmacy,DePURA Kids 10 ml,26,2077.47,0.1545,0.822,8,post_relaunch
2026-05-01,TR36,Guwahati,East,Assam,T2,E-Pharmacy,DePURA Kids 15 ml,76,8364.99,0.1724,0.806,8,post_relaunch
2026-05-01,TR36,Guwahati,East,Assam,T2,Hospital Pharmacy,DePURA Kids 10 ml,26,2391.88,0.0265,0.859,8,post_relaunch
2026-05-01,TR36,Guwahati,East,Assam,T2,Hospital Pharmacy,DePURA Kids 15 ml,95,12491.28,0.0114,0.864,8,post_relaunch
2026-05-01,TR36,Guwahati,East,Assam,T2,Pharmacy Chain,DePURA Kids 10 ml,26,2286.16,0.0695,0.82,8,post_relaunch
2026-05-01,TR36,Guwahati,East,Assam,T2,Pharmacy Chain,DePURA Kids 15 ml,106,13012.7,0.077,0.807,8,post_relaunch
2026-05-01,TR36,Guwahati,East,Assam,T2,Retail Chemist,DePURA Kids 10 ml,127,11406.01,0.0496,0.831,8,post_relaunch
2026-05-01,TR36,Guwahati,East,Assam,T2,Retail Chemist,DePURA Kids 15 ml,366,47324.07,0.0278,0.859,8,post_relaunch
2026-06-01,TR01,Delhi North,North,Delhi,T1,E-Pharmacy,DePURA Kids 10 ml,116,9396.11,0.1428,0.989,16,post_relaunch
2026-06-01,TR01,Delhi North,North,Delhi,T1,E-Pharmacy,DePURA Kids 15 ml,547,63185.95,0.1315,0.95,16,post_relaunch
2026-06-01,TR01,Delhi North,North,Delhi,T1,Hospital Pharmacy,DePURA Kids 10 ml,76,7028.85,0.0213,0.971,16,post_relaunch
2026-06-01,TR01,Delhi North,North,Delhi,T1,Hospital Pharmacy,DePURA Kids 15 ml,387,50535.0,0.0182,0.977,16,post_relaunch
2026-06-01,TR01,Delhi North,North,Delhi,T1,Pharmacy Chain,DePURA Kids 10 ml,139,12177.12,0.073,1.0,16,post_relaunch
2026-06-01,TR01,Delhi North,North,Delhi,T1,Pharmacy Chain,DePURA Kids 15 ml,595,72588.84,0.0827,0.937,16,post_relaunch
2026-06-01,TR01,Delhi North,North,Delhi,T1,Retail Chemist,DePURA Kids 10 ml,227,20652.46,0.0372,0.93,16,post_relaunch
2026-06-01,TR01,Delhi North,North,Delhi,T1,Retail Chemist,DePURA Kids 15 ml,1312,167678.14,0.0391,1.0,16,post_relaunch
2026-06-01,TR02,Delhi South,North,Delhi,T1,E-Pharmacy,DePURA Kids 10 ml,64,5104.03,0.1561,0.812,12,post_relaunch
2026-06-01,TR02,Delhi South,North,Delhi,T1,E-Pharmacy,DePURA Kids 15 ml,296,33410.2,0.1513,0.732,12,post_relaunch
2026-06-01,TR02,Delhi South,North,Delhi,T1,Hospital Pharmacy,DePURA Kids 10 ml,47,4425.6,0.0036,0.763,12,post_relaunch
2026-06-01,TR02,Delhi South,North,Delhi,T1,Hospital Pharmacy,DePURA Kids 15 ml,199,26395.64,0.0027,0.723,12,post_relaunch
2026-06-01,TR02,Delhi South,North,Delhi,T1,Pharmacy Chain,DePURA Kids 10 ml,67,5831.88,0.0789,0.732,12,post_relaunch
2026-06-01,TR02,Delhi South,North,Delhi,T1,Pharmacy Chain,DePURA Kids 15 ml,298,36715.01,0.0736,0.698,12,post_relaunch
2026-06-01,TR02,Delhi South,North,Delhi,T1,Retail Chemist,DePURA Kids 10 ml,188,16815.02,0.0535,0.798,12,post_relaunch
2026-06-01,TR02,Delhi South,North,Delhi,T1,Retail Chemist,DePURA Kids 15 ml,737,95744.19,0.0232,0.767,12,post_relaunch
2026-06-01,TR03,Noida-Ghaziabad,North,Uttar Pradesh,T2,E-Pharmacy,DePURA Kids 10 ml,20,1626.63,0.1394,0.914,5,post_relaunch
2026-06-01,TR03,Noida-Ghaziabad,North,Uttar Pradesh,T2,E-Pharmacy,DePURA Kids 15 ml,56,6267.7,0.1585,0.835,5,post_relaunch
2026-06-01,TR03,Noida-Ghaziabad,North,Uttar Pradesh,T2,Hospital Pharmacy,DePURA Kids 10 ml,23,2100.74,0.0335,0.897,5,post_relaunch
2026-06-01,TR03,Noida-Ghaziabad,North,Uttar Pradesh,T2,Hospital Pharmacy,DePURA Kids 15 ml,61,8010.52,0.0126,0.897,5,post_relaunch
2026-06-01,TR03,Noida-Ghaziabad,North,Uttar Pradesh,T2,Pharmacy Chain,DePURA Kids 10 ml,23,2039.6,0.0616,0.901,5,post_relaunch
2026-06-01,TR03,Noida-Ghaziabad,North,Uttar Pradesh,T2,Pharmacy Chain,DePURA Kids 15 ml,76,9309.88,0.079,0.875,5,post_relaunch
2026-06-01,TR03,Noida-Ghaziabad,North,Uttar Pradesh,T2,Retail Chemist,DePURA Kids 10 ml,83,7482.28,0.0461,0.788,5,post_relaunch
2026-06-01,TR03,Noida-Ghaziabad,North,Uttar Pradesh,T2,Retail Chemist,DePURA Kids 15 ml,304,38041.86,0.0591,0.87,5,post_relaunch
2026-06-01,TR04,Gurugram-Faridabad,North,Haryana,T2,E-Pharmacy,DePURA Kids 10 ml,24,1914.59,0.1558,0.906,8,post_relaunch
2026-06-01,TR04,Gurugram-Faridabad,North,Haryana,T2,E-Pharmacy,DePURA Kids 15 ml,73,8310.0,0.1441,0.888,8,post_relaunch
2026-06-01,TR04,Gurugram-Faridabad,North,Haryana,T2,Hospital Pharmacy,DePURA Kids 10 ml,23,2097.17,0.0351,0.887,8,post_relaunch
2026-06-01,TR04,Gurugram-Faridabad,North,Haryana,T2,Hospital Pharmacy,DePURA Kids 15 ml,66,8612.54,0.0188,0.894,8,post_relaunch
2026-06-01,TR04,Gurugram-Faridabad,North,Haryana,T2,Pharmacy Chain,DePURA Kids 10 ml,27,2313.96,0.0931,0.902,8,post_relaunch
2026-06-01,TR04,Gurugram-Faridabad,North,Haryana,T2,Pharmacy Chain,DePURA Kids 15 ml,68,8258.42,0.0869,0.886,8,post_relaunch
2026-06-01,TR04,Gurugram-Faridabad,North,Haryana,T2,Retail Chemist,DePURA Kids 10 ml,97,8892.34,0.0299,0.842,8,post_relaunch
2026-06-01,TR04,Gurugram-Faridabad,North,Haryana,T2,Retail Chemist,DePURA Kids 15 ml,343,43786.99,0.0402,0.884,8,post_relaunch
2026-06-01,TR05,Lucknow,North,Uttar Pradesh,T2,E-Pharmacy,DePURA Kids 10 ml,20,1630.59,0.1373,0.801,6,post_relaunch
2026-06-01,TR05,Lucknow,North,Uttar Pradesh,T2,E-Pharmacy,DePURA Kids 15 ml,73,8344.66,0.1405,0.852,6,post_relaunch
2026-06-01,TR05,Lucknow,North,Uttar Pradesh,T2,Hospital Pharmacy,DePURA Kids 10 ml,19,1795.5,0.0,0.774,6,post_relaunch
2026-06-01,TR05,Lucknow,North,Uttar Pradesh,T2,Hospital Pharmacy,DePURA Kids 15 ml,91,11664.85,0.0362,0.869,6,post_relaunch
2026-06-01,TR05,Lucknow,North,Uttar Pradesh,T2,Pharmacy Chain,DePURA Kids 10 ml,26,2296.2,0.0654,0.786,6,post_relaunch
2026-06-01,TR05,Lucknow,North,Uttar Pradesh,T2,Pharmacy Chain,DePURA Kids 15 ml,70,8615.28,0.0746,0.782,6,post_relaunch
2026-06-01,TR05,Lucknow,North,Uttar Pradesh,T2,Retail Chemist,DePURA Kids 10 ml,108,9875.32,0.0324,0.78,6,post_relaunch
2026-06-01,TR05,Lucknow,North,Uttar Pradesh,T2,Retail Chemist,DePURA Kids 15 ml,285,36110.95,0.0473,0.74,6,post_relaunch
2026-06-01,TR06,Kanpur-Agra,North,Uttar Pradesh,T2,E-Pharmacy,DePURA Kids 10 ml,22,1772.13,0.1476,0.742,5,post_relaunch
2026-06-01,TR06,Kanpur-Agra,North,Uttar Pradesh,T2,E-Pharmacy,DePURA Kids 15 ml,78,9098.64,0.1229,0.693,5,post_relaunch
2026-06-01,TR06,Kanpur-Agra,North,Uttar Pradesh,T2,Hospital Pharmacy,DePURA Kids 10 ml,24,2237.89,0.0133,0.677,5,post_relaunch
2026-06-01,TR06,Kanpur-Agra,North,Uttar Pradesh,T2,Hospital Pharmacy,DePURA Kids 15 ml,70,8998.47,0.0335,0.623,5,post_relaunch
2026-06-01,TR06,Kanpur-Agra,North,Uttar Pradesh,T2,Pharmacy Chain,DePURA Kids 10 ml,25,2172.68,0.0803,0.678,5,post_relaunch
2026-06-01,TR06,Kanpur-Agra,North,Uttar Pradesh,T2,Pharmacy Chain,DePURA Kids 15 ml,86,10640.31,0.0697,0.714,5,post_relaunch
2026-06-01,TR06,Kanpur-Agra,North,Uttar Pradesh,T2,Retail Chemist,DePURA Kids 10 ml,114,10144.47,0.0583,0.652,5,post_relaunch
2026-06-01,TR06,Kanpur-Agra,North,Uttar Pradesh,T2,Retail Chemist,DePURA Kids 15 ml,419,54682.37,0.0187,0.714,5,post_relaunch
2026-06-01,TR07,Varanasi-Gorakhpur,North,Uttar Pradesh,T3,E-Pharmacy,DePURA Kids 10 ml,4,324.46,0.1416,0.672,3,post_relaunch
2026-06-01,TR07,Varanasi-Gorakhpur,North,Uttar Pradesh,T3,E-Pharmacy,DePURA Kids 15 ml,8,915.8,0.1393,0.684,3,post_relaunch
2026-06-01,TR07,Varanasi-Gorakhpur,North,Uttar Pradesh,T3,Hospital Pharmacy,DePURA Kids 10 ml,6,558.0,0.0159,0.69,3,post_relaunch
2026-06-01,TR07,Varanasi-Gorakhpur,North,Uttar Pradesh,T3,Hospital Pharmacy,DePURA Kids 15 ml,13,1708.47,0.0119,0.633,3,post_relaunch
2026-06-01,TR07,Varanasi-Gorakhpur,North,Uttar Pradesh,T3,Pharmacy Chain,DePURA Kids 10 ml,3,266.13,0.0613,0.682,3,post_relaunch
2026-06-01,TR07,Varanasi-Gorakhpur,North,Uttar Pradesh,T3,Pharmacy Chain,DePURA Kids 15 ml,7,853.44,0.0833,0.666,3,post_relaunch
2026-06-01,TR07,Varanasi-Gorakhpur,North,Uttar Pradesh,T3,Retail Chemist,DePURA Kids 10 ml,35,3232.3,0.0227,0.719,3,post_relaunch
2026-06-01,TR07,Varanasi-Gorakhpur,North,Uttar Pradesh,T3,Retail Chemist,DePURA Kids 15 ml,60,7642.05,0.0423,0.673,3,post_relaunch
2026-06-01,TR08,Chandigarh-Mohali,North,Chandigarh,T2,E-Pharmacy,DePURA Kids 10 ml,20,1618.93,0.1434,0.775,7,post_relaunch
2026-06-01,TR08,Chandigarh-Mohali,North,Chandigarh,T2,E-Pharmacy,DePURA Kids 15 ml,72,8303.95,0.1328,0.767,7,post_relaunch
2026-06-01,TR08,Chandigarh-Mohali,North,Chandigarh,T2,Hospital Pharmacy,DePURA Kids 10 ml,19,1793.91,0.0009,0.694,7,post_relaunch
2026-06-01,TR08,Chandigarh-Mohali,North,Chandigarh,T2,Hospital Pharmacy,DePURA Kids 15 ml,55,7315.0,0.0,0.763,7,post_relaunch
2026-06-01,TR08,Chandigarh-Mohali,North,Chandigarh,T2,Pharmacy Chain,DePURA Kids 10 ml,25,2153.89,0.0883,0.658,7,post_relaunch
2026-06-01,TR08,Chandigarh-Mohali,North,Chandigarh,T2,Pharmacy Chain,DePURA Kids 15 ml,67,8135.58,0.087,0.736,7,post_relaunch
2026-06-01,TR08,Chandigarh-Mohali,North,Chandigarh,T2,Retail Chemist,DePURA Kids 10 ml,90,8119.27,0.0454,0.641,7,post_relaunch
2026-06-01,TR08,Chandigarh-Mohali,North,Chandigarh,T2,Retail Chemist,DePURA Kids 15 ml,246,31041.01,0.0513,0.627,7,post_relaunch
2026-06-01,TR09,Ludhiana-Amritsar,North,Punjab,T2,E-Pharmacy,DePURA Kids 10 ml,17,1399.49,0.1289,0.896,6,post_relaunch
2026-06-01,TR09,Ludhiana-Amritsar,North,Punjab,T2,E-Pharmacy,DePURA Kids 15 ml,61,7001.15,0.137,0.814,6,post_relaunch
2026-06-01,TR09,Ludhiana-Amritsar,North,Punjab,T2,Hospital Pharmacy,DePURA Kids 10 ml,15,1362.44,0.0388,0.773,6,post_relaunch
2026-06-01,TR09,Ludhiana-Amritsar,North,Punjab,T2,Hospital Pharmacy,DePURA Kids 15 ml,58,7549.36,0.0213,0.748,6,post_relaunch
2026-06-01,TR09,Ludhiana-Amritsar,North,Punjab,T2,Pharmacy Chain,DePURA Kids 10 ml,14,1235.34,0.0663,0.773,6,post_relaunch
2026-06-01,TR09,Ludhiana-Amritsar,North,Punjab,T2,Pharmacy Chain,DePURA Kids 15 ml,59,7079.3,0.0978,0.773,6,post_relaunch
2026-06-01,TR09,Ludhiana-Amritsar,North,Punjab,T2,Retail Chemist,DePURA Kids 10 ml,64,5800.69,0.0409,0.759,6,post_relaunch
2026-06-01,TR09,Ludhiana-Amritsar,North,Punjab,T2,Retail Chemist,DePURA Kids 15 ml,272,35284.92,0.0246,0.802,6,post_relaunch
2026-06-01,TR10,Jaipur,North,Rajasthan,T2,E-Pharmacy,DePURA Kids 10 ml,7,567.99,0.1414,0.743,7,post_relaunch
2026-06-01,TR10,Jaipur,North,Rajasthan,T2,E-Pharmacy,DePURA Kids 15 ml,23,2601.67,0.1495,0.714,7,post_relaunch
2026-06-01,TR10,Jaipur,North,Rajasthan,T2,Hospital Pharmacy,DePURA Kids 10 ml,9,823.78,0.0314,0.756,7,post_relaunch
2026-06-01,TR10,Jaipur,North,Rajasthan,T2,Hospital Pharmacy,DePURA Kids 15 ml,31,4002.6,0.0292,0.74,7,post_relaunch
2026-06-01,TR10,Jaipur,North,Rajasthan,T2,Pharmacy Chain,DePURA Kids 10 ml,9,762.5,0.1035,0.733,7,post_relaunch
2026-06-01,TR10,Jaipur,North,Rajasthan,T2,Pharmacy Chain,DePURA Kids 15 ml,25,3044.64,0.0843,0.672,7,post_relaunch
2026-06-01,TR10,Jaipur,North,Rajasthan,T2,Retail Chemist,DePURA Kids 10 ml,25,2291.55,0.03,0.688,7,post_relaunch
2026-06-01,TR10,Jaipur,North,Rajasthan,T2,Retail Chemist,DePURA Kids 15 ml,97,12469.76,0.0334,0.666,7,post_relaunch
2026-06-01,TR11,Dehradun,North,Uttarakhand,T3,E-Pharmacy,DePURA Kids 10 ml,8,643.34,0.149,0.838,6,post_relaunch
2026-06-01,TR11,Dehradun,North,Uttarakhand,T3,E-Pharmacy,DePURA Kids 15 ml,25,2872.76,0.136,0.833,6,post_relaunch
2026-06-01,TR11,Dehradun,North,Uttarakhand,T3,Hospital Pharmacy,DePURA Kids 10 ml,14,1305.15,0.0135,0.808,6,post_relaunch
2026-06-01,TR11,Dehradun,North,Uttarakhand,T3,Hospital Pharmacy,DePURA Kids 15 ml,33,4379.28,0.0022,0.817,6,post_relaunch
2026-06-01,TR11,Dehradun,North,Uttarakhand,T3,Pharmacy Chain,DePURA Kids 10 ml,8,699.11,0.0753,0.77,6,post_relaunch
2026-06-01,TR11,Dehradun,North,Uttarakhand,T3,Pharmacy Chain,DePURA Kids 15 ml,18,2239.86,0.0644,0.807,6,post_relaunch
2026-06-01,TR11,Dehradun,North,Uttarakhand,T3,Retail Chemist,DePURA Kids 10 ml,71,6431.59,0.0414,0.849,6,post_relaunch
2026-06-01,TR11,Dehradun,North,Uttarakhand,T3,Retail Chemist,DePURA Kids 15 ml,145,18056.22,0.0637,0.767,6,post_relaunch
2026-06-01,TR12,Mumbai West,West,Maharashtra,T1,E-Pharmacy,DePURA Kids 10 ml,28,2250.55,0.1495,0.956,10,post_relaunch
2026-06-01,TR12,Mumbai West,West,Maharashtra,T1,E-Pharmacy,DePURA Kids 15 ml,106,11936.87,0.1533,0.954,10,post_relaunch
2026-06-01,TR12,Mumbai West,West,Maharashtra,T1,Hospital Pharmacy,DePURA Kids 10 ml,17,1563.31,0.0269,0.922,10,post_relaunch
2026-06-01,TR12,Mumbai West,West,Maharashtra,T1,Hospital Pharmacy,DePURA Kids 15 ml,84,10772.71,0.0357,0.898,10,post_relaunch
2026-06-01,TR12,Mumbai West,West,Maharashtra,T1,Pharmacy Chain,DePURA Kids 10 ml,26,2280.18,0.072,0.923,10,post_relaunch
2026-06-01,TR12,Mumbai West,West,Maharashtra,T1,Pharmacy Chain,DePURA Kids 15 ml,144,17881.11,0.0664,0.925,10,post_relaunch
2026-06-01,TR12,Mumbai West,West,Maharashtra,T1,Retail Chemist,DePURA Kids 10 ml,68,6157.21,0.0418,0.968,10,post_relaunch
2026-06-01,TR12,Mumbai West,West,Maharashtra,T1,Retail Chemist,DePURA Kids 15 ml,308,39816.48,0.028,0.876,10,post_relaunch
2026-06-01,TR13,Mumbai Thane,West,Maharashtra,T1,E-Pharmacy,DePURA Kids 10 ml,85,6725.28,0.1627,1.0,14,post_relaunch
2026-06-01,TR13,Mumbai Thane,West,Maharashtra,T1,E-Pharmacy,DePURA Kids 15 ml,334,38583.47,0.1314,1.0,14,post_relaunch
2026-06-01,TR13,Mumbai Thane,West,Maharashtra,T1,Hospital Pharmacy,DePURA Kids 10 ml,43,4006.59,0.014,0.899,14,post_relaunch
2026-06-01,TR13,Mumbai Thane,West,Maharashtra,T1,Hospital Pharmacy,DePURA Kids 15 ml,312,40571.69,0.0223,1.0,14,post_relaunch
2026-06-01,TR13,Mumbai Thane,West,Maharashtra,T1,Pharmacy Chain,DePURA Kids 10 ml,84,7438.84,0.0629,0.915,14,post_relaunch
2026-06-01,TR13,Mumbai Thane,West,Maharashtra,T1,Pharmacy Chain,DePURA Kids 15 ml,488,60383.57,0.0696,0.965,14,post_relaunch
2026-06-01,TR13,Mumbai Thane,West,Maharashtra,T1,Retail Chemist,DePURA Kids 10 ml,255,22876.23,0.0486,1.0,14,post_relaunch
2026-06-01,TR13,Mumbai Thane,West,Maharashtra,T1,Retail Chemist,DePURA Kids 15 ml,994,125785.51,0.0485,0.925,14,post_relaunch
2026-06-01,TR14,Pune,West,Maharashtra,T1,E-Pharmacy,DePURA Kids 10 ml,56,4630.99,0.1249,0.778,11,post_relaunch
2026-06-01,TR14,Pune,West,Maharashtra,T1,E-Pharmacy,DePURA Kids 15 ml,277,31312.42,0.1501,0.832,11,post_relaunch
2026-06-01,TR14,Pune,West,Maharashtra,T1,Hospital Pharmacy,DePURA Kids 10 ml,39,3606.34,0.0215,0.666,11,post_relaunch
2026-06-01,TR14,Pune,West,Maharashtra,T1,Hospital Pharmacy,DePURA Kids 15 ml,191,24937.91,0.0183,0.733,11,post_relaunch
2026-06-01,TR14,Pune,West,Maharashtra,T1,Pharmacy Chain,DePURA Kids 10 ml,68,5943.98,0.075,0.741,11,post_relaunch
2026-06-01,TR14,Pune,West,Maharashtra,T1,Pharmacy Chain,DePURA Kids 15 ml,424,51107.12,0.0937,0.778,11,post_relaunch
2026-06-01,TR14,Pune,West,Maharashtra,T1,Retail Chemist,DePURA Kids 10 ml,142,13013.99,0.0302,0.7,11,post_relaunch
2026-06-01,TR14,Pune,West,Maharashtra,T1,Retail Chemist,DePURA Kids 15 ml,826,104164.82,0.0518,0.738,11,post_relaunch
2026-06-01,TR15,Nagpur,West,Maharashtra,T2,E-Pharmacy,DePURA Kids 10 ml,19,1516.26,0.1555,0.801,10,post_relaunch
2026-06-01,TR15,Nagpur,West,Maharashtra,T2,E-Pharmacy,DePURA Kids 15 ml,66,7511.99,0.1442,0.876,10,post_relaunch
2026-06-01,TR15,Nagpur,West,Maharashtra,T2,Hospital Pharmacy,DePURA Kids 10 ml,20,1855.97,0.018,0.778,10,post_relaunch
2026-06-01,TR15,Nagpur,West,Maharashtra,T2,Hospital Pharmacy,DePURA Kids 15 ml,55,7183.04,0.018,0.831,10,post_relaunch
2026-06-01,TR15,Nagpur,West,Maharashtra,T2,Pharmacy Chain,DePURA Kids 10 ml,25,2180.48,0.077,0.807,10,post_relaunch
2026-06-01,TR15,Nagpur,West,Maharashtra,T2,Pharmacy Chain,DePURA Kids 15 ml,82,10349.39,0.0883,0.816,10,post_relaunch
2026-06-01,TR15,Nagpur,West,Maharashtra,T2,Retail Chemist,DePURA Kids 10 ml,95,8741.69,0.0263,0.804,10,post_relaunch
2026-06-01,TR15,Nagpur,West,Maharashtra,T2,Retail Chemist,DePURA Kids 15 ml,284,36527.62,0.0329,0.866,10,post_relaunch
2026-06-01,TR16,Ahmedabad,West,Gujarat,T1,E-Pharmacy,DePURA Kids 10 ml,49,3898.77,0.158,0.898,16,post_relaunch
2026-06-01,TR16,Ahmedabad,West,Gujarat,T1,E-Pharmacy,DePURA Kids 15 ml,334,38350.58,0.1367,1.0,16,post_relaunch
2026-06-01,TR16,Ahmedabad,West,Gujarat,T1,Hospital Pharmacy,DePURA Kids 10 ml,53,4949.4,0.0118,0.973,16,post_relaunch
2026-06-01,TR16,Ahmedabad,West,Gujarat,T1,Hospital Pharmacy,DePURA Kids 15 ml,208,26994.0,0.0242,0.929,16,post_relaunch
2026-06-01,TR16,Ahmedabad,West,Gujarat,T1,Pharmacy Chain,DePURA Kids 10 ml,73,6336.81,0.0814,0.993,16,post_relaunch
2026-06-01,TR16,Ahmedabad,West,Gujarat,T1,Pharmacy Chain,DePURA Kids 15 ml,256,31430.61,0.0769,0.966,16,post_relaunch
2026-06-01,TR16,Ahmedabad,West,Gujarat,T1,Retail Chemist,DePURA Kids 10 ml,229,20504.44,0.0525,1.0,16,post_relaunch
2026-06-01,TR16,Ahmedabad,West,Gujarat,T1,Retail Chemist,DePURA Kids 15 ml,737,93739.05,0.0437,0.917,16,post_relaunch
2026-06-01,TR17,Surat-Vadodara,West,Gujarat,T2,E-Pharmacy,DePURA Kids 10 ml,21,1687.06,0.1499,0.753,5,post_relaunch
2026-06-01,TR17,Surat-Vadodara,West,Gujarat,T2,E-Pharmacy,DePURA Kids 15 ml,67,7512.77,0.1569,0.677,5,post_relaunch
2026-06-01,TR17,Surat-Vadodara,West,Gujarat,T2,Hospital Pharmacy,DePURA Kids 10 ml,20,1854.45,0.0188,0.685,5,post_relaunch
2026-06-01,TR17,Surat-Vadodara,West,Gujarat,T2,Hospital Pharmacy,DePURA Kids 15 ml,62,7951.51,0.0357,0.689,5,post_relaunch
2026-06-01,TR17,Surat-Vadodara,West,Gujarat,T2,Pharmacy Chain,DePURA Kids 10 ml,24,2102.77,0.0729,0.706,5,post_relaunch
2026-06-01,TR17,Surat-Vadodara,West,Gujarat,T2,Pharmacy Chain,DePURA Kids 15 ml,88,10773.12,0.0795,0.692,5,post_relaunch
2026-06-01,TR17,Surat-Vadodara,West,Gujarat,T2,Retail Chemist,DePURA Kids 10 ml,81,7357.3,0.0388,0.695,5,post_relaunch
2026-06-01,TR17,Surat-Vadodara,West,Gujarat,T2,Retail Chemist,DePURA Kids 15 ml,300,38313.78,0.0398,0.734,5,post_relaunch
2026-06-01,TR18,Rajkot,West,Gujarat,T3,E-Pharmacy,DePURA Kids 10 ml,11,883.65,0.1499,0.705,7,post_relaunch
2026-06-01,TR18,Rajkot,West,Gujarat,T3,E-Pharmacy,DePURA Kids 15 ml,33,3735.44,0.1489,0.735,7,post_relaunch
2026-06-01,TR18,Rajkot,West,Gujarat,T3,Hospital Pharmacy,DePURA Kids 10 ml,19,1759.4,0.0201,0.711,7,post_relaunch
2026-06-01,TR18,Rajkot,West,Gujarat,T3,Hospital Pharmacy,DePURA Kids 15 ml,38,4984.79,0.0137,0.712,7,post_relaunch
2026-06-01,TR18,Rajkot,West,Gujarat,T3,Pharmacy Chain,DePURA Kids 10 ml,12,1060.95,0.0644,0.76,7,post_relaunch
2026-06-01,TR18,Rajkot,West,Gujarat,T3,Pharmacy Chain,DePURA Kids 15 ml,23,2841.15,0.0712,0.724,7,post_relaunch
2026-06-01,TR18,Rajkot,West,Gujarat,T3,Retail Chemist,DePURA Kids 10 ml,119,11046.23,0.0177,0.716,7,post_relaunch
2026-06-01,TR18,Rajkot,West,Gujarat,T3,Retail Chemist,DePURA Kids 15 ml,236,30410.35,0.0311,0.713,7,post_relaunch
2026-06-01,TR19,Indore,Central,Madhya Pradesh,T2,E-Pharmacy,DePURA Kids 10 ml,35,2800.54,0.1533,0.672,6,post_relaunch
2026-06-01,TR19,Indore,Central,Madhya Pradesh,T2,E-Pharmacy,DePURA Kids 15 ml,112,12682.11,0.1486,0.666,6,post_relaunch
2026-06-01,TR19,Indore,Central,Madhya Pradesh,T2,Hospital Pharmacy,DePURA Kids 10 ml,28,2610.57,0.0134,0.667,6,post_relaunch
2026-06-01,TR19,Indore,Central,Madhya Pradesh,T2,Hospital Pharmacy,DePURA Kids 15 ml,112,14528.2,0.0247,0.704,6,post_relaunch
2026-06-01,TR19,Indore,Central,Madhya Pradesh,T2,Pharmacy Chain,DePURA Kids 10 ml,37,3240.74,0.0731,0.716,6,post_relaunch
2026-06-01,TR19,Indore,Central,Madhya Pradesh,T2,Pharmacy Chain,DePURA Kids 15 ml,113,14001.63,0.0684,0.72,6,post_relaunch
2026-06-01,TR19,Indore,Central,Madhya Pradesh,T2,Retail Chemist,DePURA Kids 10 ml,158,14439.25,0.0329,0.644,6,post_relaunch
2026-06-01,TR19,Indore,Central,Madhya Pradesh,T2,Retail Chemist,DePURA Kids 15 ml,403,51448.92,0.0401,0.667,6,post_relaunch
2026-06-01,TR20,Bhopal,Central,Madhya Pradesh,T2,E-Pharmacy,DePURA Kids 10 ml,10,807.07,0.146,0.693,3,post_relaunch
2026-06-01,TR20,Bhopal,Central,Madhya Pradesh,T2,E-Pharmacy,DePURA Kids 15 ml,43,4836.18,0.1544,0.714,3,post_relaunch
2026-06-01,TR20,Bhopal,Central,Madhya Pradesh,T2,Hospital Pharmacy,DePURA Kids 10 ml,10,924.65,0.0215,0.642,3,post_relaunch
2026-06-01,TR20,Bhopal,Central,Madhya Pradesh,T2,Hospital Pharmacy,DePURA Kids 15 ml,34,4424.5,0.0216,0.673,3,post_relaunch
2026-06-01,TR20,Bhopal,Central,Madhya Pradesh,T2,Pharmacy Chain,DePURA Kids 10 ml,13,1130.75,0.0796,0.701,3,post_relaunch
2026-06-01,TR20,Bhopal,Central,Madhya Pradesh,T2,Pharmacy Chain,DePURA Kids 15 ml,51,6151.63,0.0931,0.744,3,post_relaunch
2026-06-01,TR20,Bhopal,Central,Madhya Pradesh,T2,Retail Chemist,DePURA Kids 10 ml,44,3987.12,0.0411,0.713,3,post_relaunch
2026-06-01,TR20,Bhopal,Central,Madhya Pradesh,T2,Retail Chemist,DePURA Kids 15 ml,136,17405.36,0.0377,0.641,3,post_relaunch
2026-06-01,TR21,Jabalpur,Central,Madhya Pradesh,T3,E-Pharmacy,DePURA Kids 10 ml,9,716.93,0.157,0.962,5,post_relaunch
2026-06-01,TR21,Jabalpur,Central,Madhya Pradesh,T3,E-Pharmacy,DePURA Kids 15 ml,21,2386.28,0.1456,0.959,5,post_relaunch
2026-06-01,TR21,Jabalpur,Central,Madhya Pradesh,T3,Hospital Pharmacy,DePURA Kids 10 ml,13,1199.35,0.0237,0.933,5,post_relaunch
2026-06-01,TR21,Jabalpur,Central,Madhya Pradesh,T3,Hospital Pharmacy,DePURA Kids 15 ml,27,3501.98,0.0248,0.893,5,post_relaunch
2026-06-01,TR21,Jabalpur,Central,Madhya Pradesh,T3,Pharmacy Chain,DePURA Kids 10 ml,8,700.51,0.0734,0.927,5,post_relaunch
2026-06-01,TR21,Jabalpur,Central,Madhya Pradesh,T3,Pharmacy Chain,DePURA Kids 15 ml,20,2465.83,0.073,0.953,5,post_relaunch
2026-06-01,TR21,Jabalpur,Central,Madhya Pradesh,T3,Retail Chemist,DePURA Kids 10 ml,82,7302.82,0.0576,0.895,5,post_relaunch
2026-06-01,TR21,Jabalpur,Central,Madhya Pradesh,T3,Retail Chemist,DePURA Kids 15 ml,182,23122.1,0.0448,0.963,5,post_relaunch
2026-06-01,TR22,Raipur,Central,Chhattisgarh,T3,E-Pharmacy,DePURA Kids 10 ml,15,1215.29,0.1427,0.836,6,post_relaunch
2026-06-01,TR22,Raipur,Central,Chhattisgarh,T3,E-Pharmacy,DePURA Kids 15 ml,50,5632.98,0.1529,0.856,6,post_relaunch
2026-06-01,TR22,Raipur,Central,Chhattisgarh,T3,Hospital Pharmacy,DePURA Kids 10 ml,24,2251.76,0.0072,0.768,6,post_relaunch
2026-06-01,TR22,Raipur,Central,Chhattisgarh,T3,Hospital Pharmacy,DePURA Kids 15 ml,59,7689.48,0.0201,0.805,6,post_relaunch
2026-06-01,TR22,Raipur,Central,Chhattisgarh,T3,Pharmacy Chain,DePURA Kids 10 ml,15,1313.14,0.0736,0.821,6,post_relaunch
2026-06-01,TR22,Raipur,Central,Chhattisgarh,T3,Pharmacy Chain,DePURA Kids 15 ml,35,4263.43,0.0841,0.813,6,post_relaunch
2026-06-01,TR22,Raipur,Central,Chhattisgarh,T3,Retail Chemist,DePURA Kids 10 ml,145,13397.46,0.0223,0.829,6,post_relaunch
2026-06-01,TR22,Raipur,Central,Chhattisgarh,T3,Retail Chemist,DePURA Kids 15 ml,364,45799.48,0.054,0.792,6,post_relaunch
2026-06-01,TR23,Bengaluru North,South,Karnataka,T1,E-Pharmacy,DePURA Kids 10 ml,99,7913.35,0.1541,0.948,11,post_relaunch
2026-06-01,TR23,Bengaluru North,South,Karnataka,T1,E-Pharmacy,DePURA Kids 15 ml,465,53540.07,0.1343,1.0,11,post_relaunch
2026-06-01,TR23,Bengaluru North,South,Karnataka,T1,Hospital Pharmacy,DePURA Kids 10 ml,57,5327.85,0.0109,0.917,11,post_relaunch
2026-06-01,TR23,Bengaluru North,South,Karnataka,T1,Hospital Pharmacy,DePURA Kids 15 ml,261,34326.5,0.0111,0.903,11,post_relaunch
2026-06-01,TR23,Bengaluru North,South,Karnataka,T1,Pharmacy Chain,DePURA Kids 10 ml,103,8817.49,0.0941,0.927,11,post_relaunch
2026-06-01,TR23,Bengaluru North,South,Karnataka,T1,Pharmacy Chain,DePURA Kids 15 ml,337,40448.57,0.0976,0.957,11,post_relaunch
2026-06-01,TR23,Bengaluru North,South,Karnataka,T1,Retail Chemist,DePURA Kids 10 ml,196,18001.43,0.0281,0.909,11,post_relaunch
2026-06-01,TR23,Bengaluru North,South,Karnataka,T1,Retail Chemist,DePURA Kids 15 ml,1004,127915.45,0.0421,0.918,11,post_relaunch
2026-06-01,TR24,Bengaluru South,South,Karnataka,T1,E-Pharmacy,DePURA Kids 10 ml,103,8353.66,0.1418,1.0,16,post_relaunch
2026-06-01,TR24,Bengaluru South,South,Karnataka,T1,E-Pharmacy,DePURA Kids 15 ml,505,57177.53,0.1487,0.993,16,post_relaunch
2026-06-01,TR24,Bengaluru South,South,Karnataka,T1,Hospital Pharmacy,DePURA Kids 10 ml,52,4914.0,0.0,0.953,16,post_relaunch
2026-06-01,TR24,Bengaluru South,South,Karnataka,T1,Hospital Pharmacy,DePURA Kids 15 ml,303,39354.92,0.0234,1.0,16,post_relaunch
2026-06-01,TR24,Bengaluru South,South,Karnataka,T1,Pharmacy Chain,DePURA Kids 10 ml,107,9163.95,0.0937,0.972,16,post_relaunch
2026-06-01,TR24,Bengaluru South,South,Karnataka,T1,Pharmacy Chain,DePURA Kids 15 ml,378,45983.87,0.0853,0.959,16,post_relaunch
2026-06-01,TR24,Bengaluru South,South,Karnataka,T1,Retail Chemist,DePURA Kids 10 ml,238,21569.93,0.041,0.944,16,post_relaunch
2026-06-01,TR24,Bengaluru South,South,Karnataka,T1,Retail Chemist,DePURA Kids 15 ml,1095,139355.64,0.0431,0.999,16,post_relaunch
2026-06-01,TR25,Mysuru-Mangaluru,South,Karnataka,T3,E-Pharmacy,DePURA Kids 10 ml,9,716.57,0.1575,0.764,4,post_relaunch
2026-06-01,TR25,Mysuru-Mangaluru,South,Karnataka,T3,E-Pharmacy,DePURA Kids 15 ml,19,2242.98,0.1124,0.762,4,post_relaunch
2026-06-01,TR25,Mysuru-Mangaluru,South,Karnataka,T3,Hospital Pharmacy,DePURA Kids 10 ml,13,1186.84,0.0339,0.774,4,post_relaunch
2026-06-01,TR25,Mysuru-Mangaluru,South,Karnataka,T3,Hospital Pharmacy,DePURA Kids 15 ml,26,3370.16,0.0254,0.817,4,post_relaunch
2026-06-01,TR25,Mysuru-Mangaluru,South,Karnataka,T3,Pharmacy Chain,DePURA Kids 10 ml,6,524.28,0.0753,0.739,4,post_relaunch
2026-06-01,TR25,Mysuru-Mangaluru,South,Karnataka,T3,Pharmacy Chain,DePURA Kids 15 ml,18,2199.6,0.0812,0.79,4,post_relaunch
2026-06-01,TR25,Mysuru-Mangaluru,South,Karnataka,T3,Retail Chemist,DePURA Kids 10 ml,81,7286.16,0.0481,0.782,4,post_relaunch
2026-06-01,TR25,Mysuru-Mangaluru,South,Karnataka,T3,Retail Chemist,DePURA Kids 15 ml,130,16264.73,0.0593,0.778,4,post_relaunch
2026-06-01,TR26,Chennai,South,Tamil Nadu,T1,E-Pharmacy,DePURA Kids 10 ml,56,4656.3,0.1201,0.892,16,post_relaunch
2026-06-01,TR26,Chennai,South,Tamil Nadu,T1,E-Pharmacy,DePURA Kids 15 ml,263,29294.31,0.1625,0.872,16,post_relaunch
2026-06-01,TR26,Chennai,South,Tamil Nadu,T1,Hospital Pharmacy,DePURA Kids 10 ml,49,4513.74,0.0252,0.801,16,post_relaunch
2026-06-01,TR26,Chennai,South,Tamil Nadu,T1,Hospital Pharmacy,DePURA Kids 15 ml,228,28699.72,0.0536,0.913,16,post_relaunch
2026-06-01,TR26,Chennai,South,Tamil Nadu,T1,Pharmacy Chain,DePURA Kids 10 ml,69,6143.67,0.0578,0.876,16,post_relaunch
2026-06-01,TR26,Chennai,South,Tamil Nadu,T1,Pharmacy Chain,DePURA Kids 15 ml,323,39513.8,0.0802,0.8,16,post_relaunch
2026-06-01,TR26,Chennai,South,Tamil Nadu,T1,Retail Chemist,DePURA Kids 10 ml,162,14930.84,0.0247,0.869,16,post_relaunch
2026-06-01,TR26,Chennai,South,Tamil Nadu,T1,Retail Chemist,DePURA Kids 15 ml,633,82888.43,0.0154,0.868,16,post_relaunch
2026-06-01,TR27,Coimbatore-Madurai,South,Tamil Nadu,T2,E-Pharmacy,DePURA Kids 10 ml,36,2884.37,0.15685,0.909,8,post_relaunch
2026-06-01,TR27,Coimbatore-Madurai,South,Tamil Nadu,T2,E-Pharmacy,DePURA Kids 15 ml,107,12115.53,0.1487,0.93,8,post_relaunch
2026-06-01,TR27,Coimbatore-Madurai,South,Tamil Nadu,T2,Hospital Pharmacy,DePURA Kids 10 ml,31,2844.11,0.0291,0.851,8,post_relaunch
2026-06-01,TR27,Coimbatore-Madurai,South,Tamil Nadu,T2,Hospital Pharmacy,DePURA Kids 15 ml,90,11458.75,0.0427,0.876,8,post_relaunch
2026-06-01,TR27,Coimbatore-Madurai,South,Tamil Nadu,T2,Pharmacy Chain,DePURA Kids 10 ml,41,3603.1,0.07,0.852,8,post_relaunch
2026-06-01,TR27,Coimbatore-Madurai,South,Tamil Nadu,T2,Pharmacy Chain,DePURA Kids 15 ml,113,14345.4,0.0455,0.914,8,post_relaunch
2026-06-01,TR27,Coimbatore-Madurai,South,Tamil Nadu,T2,Retail Chemist,DePURA Kids 10 ml,167,15087.65,0.044,0.936,8,post_relaunch
2026-06-01,TR27,Coimbatore-Madurai,South,Tamil Nadu,T2,Retail Chemist,DePURA Kids 15 ml,470,59882.34,0.042,0.926,8,post_relaunch
2026-06-01,TR28,Hyderabad,South,Telangana,T1,E-Pharmacy,DePURA Kids 10 ml,122,9822.53,0.148,0.939,9,post_relaunch
2026-06-01,TR28,Hyderabad,South,Telangana,T1,E-Pharmacy,DePURA Kids 15 ml,523,58125.53,0.1644,0.959,9,post_relaunch
2026-06-01,TR28,Hyderabad,South,Telangana,T1,Hospital Pharmacy,DePURA Kids 10 ml,77,7216.15,0.0083,0.941,9,post_relaunch
2026-06-01,TR28,Hyderabad,South,Telangana,T1,Hospital Pharmacy,DePURA Kids 15 ml,305,39348.18,0.03,0.891,9,post_relaunch
2026-06-01,TR28,Hyderabad,South,Telangana,T1,Pharmacy Chain,DePURA Kids 10 ml,96,8288.21,0.0864,0.887,9,post_relaunch
2026-06-01,TR28,Hyderabad,South,Telangana,T1,Pharmacy Chain,DePURA Kids 15 ml,420,51238.91,0.0827,0.953,9,post_relaunch
2026-06-01,TR28,Hyderabad,South,Telangana,T1,Retail Chemist,DePURA Kids 10 ml,324,29238.81,0.045,0.97,9,post_relaunch
2026-06-01,TR28,Hyderabad,South,Telangana,T1,Retail Chemist,DePURA Kids 15 ml,1045,131435.81,0.0543,0.875,9,post_relaunch
2026-06-01,TR29,Vijayawada-Vizag,South,Andhra Pradesh,T2,E-Pharmacy,DePURA Kids 10 ml,12,963.38,0.1505,0.848,5,post_relaunch
2026-06-01,TR29,Vijayawada-Vizag,South,Andhra Pradesh,T2,E-Pharmacy,DePURA Kids 15 ml,32,3665.41,0.1388,0.879,5,post_relaunch
2026-06-01,TR29,Vijayawada-Vizag,South,Andhra Pradesh,T2,Hospital Pharmacy,DePURA Kids 10 ml,12,1072.0,0.0547,0.837,5,post_relaunch
2026-06-01,TR29,Vijayawada-Vizag,South,Andhra Pradesh,T2,Hospital Pharmacy,DePURA Kids 15 ml,45,5691.21,0.0491,0.845,5,post_relaunch
2026-06-01,TR29,Vijayawada-Vizag,South,Andhra Pradesh,T2,Pharmacy Chain,DePURA Kids 10 ml,13,1113.3,0.0938,0.891,5,post_relaunch
2026-06-01,TR29,Vijayawada-Vizag,South,Andhra Pradesh,T2,Pharmacy Chain,DePURA Kids 15 ml,34,4105.0,0.0922,0.755,5,post_relaunch
2026-06-01,TR29,Vijayawada-Vizag,South,Andhra Pradesh,T2,Retail Chemist,DePURA Kids 10 ml,49,4384.3,0.0532,0.791,5,post_relaunch
2026-06-01,TR29,Vijayawada-Vizag,South,Andhra Pradesh,T2,Retail Chemist,DePURA Kids 15 ml,182,22837.22,0.0565,0.836,5,post_relaunch
2026-06-01,TR30,Kochi-Trivandrum,South,Kerala,T2,E-Pharmacy,DePURA Kids 10 ml,30,2349.71,0.1712,0.809,5,post_relaunch
2026-06-01,TR30,Kochi-Trivandrum,South,Kerala,T2,E-Pharmacy,DePURA Kids 15 ml,99,11108.18,0.1564,0.841,5,post_relaunch
2026-06-01,TR30,Kochi-Trivandrum,South,Kerala,T2,Hospital Pharmacy,DePURA Kids 10 ml,42,3851.75,0.0295,0.841,5,post_relaunch
2026-06-01,TR30,Kochi-Trivandrum,South,Kerala,T2,Hospital Pharmacy,DePURA Kids 15 ml,110,14203.37,0.0292,0.778,5,post_relaunch
2026-06-01,TR30,Kochi-Trivandrum,South,Kerala,T2,Pharmacy Chain,DePURA Kids 10 ml,39,3405.48,0.076,0.798,5,post_relaunch
2026-06-01,TR30,Kochi-Trivandrum,South,Kerala,T2,Pharmacy Chain,DePURA Kids 15 ml,101,11954.44,0.1101,0.825,5,post_relaunch
2026-06-01,TR30,Kochi-Trivandrum,South,Kerala,T2,Retail Chemist,DePURA Kids 10 ml,163,14522.44,0.0572,0.847,5,post_relaunch
2026-06-01,TR30,Kochi-Trivandrum,South,Kerala,T2,Retail Chemist,DePURA Kids 15 ml,572,72639.81,0.0452,0.799,5,post_relaunch
2026-06-01,TR31,Kolkata,East,West Bengal,T1,E-Pharmacy,DePURA Kids 10 ml,57,4607.92,0.1445,0.977,16,post_relaunch
2026-06-01,TR31,Kolkata,East,West Bengal,T1,E-Pharmacy,DePURA Kids 15 ml,215,24051.46,0.1589,1.0,16,post_relaunch
2026-06-01,TR31,Kolkata,East,West Bengal,T1,Hospital Pharmacy,DePURA Kids 10 ml,42,3882.15,0.0219,0.993,16,post_relaunch
2026-06-01,TR31,Kolkata,East,West Bengal,T1,Hospital Pharmacy,DePURA Kids 15 ml,230,30571.69,0.0006,0.938,16,post_relaunch
2026-06-01,TR31,Kolkata,East,West Bengal,T1,Pharmacy Chain,DePURA Kids 10 ml,61,5268.45,0.0861,0.944,16,post_relaunch
2026-06-01,TR31,Kolkata,East,West Bengal,T1,Pharmacy Chain,DePURA Kids 15 ml,257,31013.92,0.0927,1.0,16,post_relaunch
2026-06-01,TR31,Kolkata,East,West Bengal,T1,Retail Chemist,DePURA Kids 10 ml,103,9237.69,0.0509,0.939,16,post_relaunch
2026-06-01,TR31,Kolkata,East,West Bengal,T1,Retail Chemist,DePURA Kids 15 ml,592,75531.47,0.0407,0.881,16,post_relaunch
2026-06-01,TR32,Siliguri-Durgapur,East,West Bengal,T3,E-Pharmacy,DePURA Kids 10 ml,9,712.05,0.1628,0.886,3,post_relaunch
2026-06-01,TR32,Siliguri-Durgapur,East,West Bengal,T3,E-Pharmacy,DePURA Kids 15 ml,23,2589.04,0.1536,0.867,3,post_relaunch
2026-06-01,TR32,Siliguri-Durgapur,East,West Bengal,T3,Hospital Pharmacy,DePURA Kids 10 ml,13,1191.58,0.0301,0.782,3,post_relaunch
2026-06-01,TR32,Siliguri-Durgapur,East,West Bengal,T3,Hospital Pharmacy,DePURA Kids 15 ml,34,4334.12,0.0415,0.89,3,post_relaunch
2026-06-01,TR32,Siliguri-Durgapur,East,West Bengal,T3,Pharmacy Chain,DePURA Kids 10 ml,8,716.48,0.0523,0.793,3,post_relaunch
2026-06-01,TR32,Siliguri-Durgapur,East,West Bengal,T3,Pharmacy Chain,DePURA Kids 15 ml,20,2413.71,0.0926,0.848,3,post_relaunch
2026-06-01,TR32,Siliguri-Durgapur,East,West Bengal,T3,Retail Chemist,DePURA Kids 10 ml,62,5599.8,0.0442,0.793,3,post_relaunch
2026-06-01,TR32,Siliguri-Durgapur,East,West Bengal,T3,Retail Chemist,DePURA Kids 15 ml,141,17821.57,0.0497,0.838,3,post_relaunch
2026-06-01,TR33,Patna,East,Bihar,T2,E-Pharmacy,DePURA Kids 10 ml,17,1363.28,0.1514,0.862,6,post_relaunch
2026-06-01,TR33,Patna,East,Bihar,T2,E-Pharmacy,DePURA Kids 15 ml,60,6606.51,0.1721,0.856,6,post_relaunch
2026-06-01,TR33,Patna,East,Bihar,T2,Hospital Pharmacy,DePURA Kids 10 ml,21,1941.31,0.0218,0.799,6,post_relaunch
2026-06-01,TR33,Patna,East,Bihar,T2,Hospital Pharmacy,DePURA Kids 15 ml,63,8228.55,0.018,0.85,6,post_relaunch
2026-06-01,TR33,Patna,East,Bihar,T2,Pharmacy Chain,DePURA Kids 10 ml,18,1566.58,0.079,0.831,6,post_relaunch
2026-06-01,TR33,Patna,East,Bihar,T2,Pharmacy Chain,DePURA Kids 15 ml,69,8314.55,0.094,0.856,6,post_relaunch
2026-06-01,TR33,Patna,East,Bihar,T2,Retail Chemist,DePURA Kids 10 ml,84,7385.59,0.0696,0.842,6,post_relaunch
2026-06-01,TR33,Patna,East,Bihar,T2,Retail Chemist,DePURA Kids 15 ml,235,30124.49,0.0362,0.76,6,post_relaunch
2026-06-01,TR34,Ranchi,East,Jharkhand,T3,E-Pharmacy,DePURA Kids 10 ml,9,731.87,0.1395,0.794,6,post_relaunch
2026-06-01,TR34,Ranchi,East,Jharkhand,T3,E-Pharmacy,DePURA Kids 15 ml,18,2036.99,0.1491,0.696,6,post_relaunch
2026-06-01,TR34,Ranchi,East,Jharkhand,T3,Hospital Pharmacy,DePURA Kids 10 ml,14,1301.36,0.0164,0.794,6,post_relaunch
2026-06-01,TR34,Ranchi,East,Jharkhand,T3,Hospital Pharmacy,DePURA Kids 15 ml,33,4317.55,0.0163,0.853,6,post_relaunch
2026-06-01,TR34,Ranchi,East,Jharkhand,T3,Pharmacy Chain,DePURA Kids 10 ml,8,685.4,0.0934,0.777,6,post_relaunch
2026-06-01,TR34,Ranchi,East,Jharkhand,T3,Pharmacy Chain,DePURA Kids 15 ml,21,2622.04,0.0612,0.768,6,post_relaunch
2026-06-01,TR34,Ranchi,East,Jharkhand,T3,Retail Chemist,DePURA Kids 10 ml,83,7583.35,0.0332,0.772,6,post_relaunch
2026-06-01,TR34,Ranchi,East,Jharkhand,T3,Retail Chemist,DePURA Kids 15 ml,170,21493.46,0.0494,0.731,6,post_relaunch
2026-06-01,TR35,Bhubaneswar,East,Odisha,T2,E-Pharmacy,DePURA Kids 10 ml,20,1599.78,0.1536,0.926,6,post_relaunch
2026-06-01,TR35,Bhubaneswar,East,Odisha,T2,E-Pharmacy,DePURA Kids 15 ml,55,6346.32,0.1324,0.932,6,post_relaunch
2026-06-01,TR35,Bhubaneswar,East,Odisha,T2,Hospital Pharmacy,DePURA Kids 10 ml,17,1558.41,0.0299,0.89,6,post_relaunch
2026-06-01,TR35,Bhubaneswar,East,Odisha,T2,Hospital Pharmacy,DePURA Kids 15 ml,63,8237.66,0.0169,0.909,6,post_relaunch
2026-06-01,TR35,Bhubaneswar,East,Odisha,T2,Pharmacy Chain,DePURA Kids 10 ml,19,1677.35,0.0658,0.887,6,post_relaunch
2026-06-01,TR35,Bhubaneswar,East,Odisha,T2,Pharmacy Chain,DePURA Kids 15 ml,64,7762.83,0.088,0.913,6,post_relaunch
2026-06-01,TR35,Bhubaneswar,East,Odisha,T2,Retail Chemist,DePURA Kids 10 ml,70,6391.63,0.0338,0.872,6,post_relaunch
2026-06-01,TR35,Bhubaneswar,East,Odisha,T2,Retail Chemist,DePURA Kids 15 ml,244,31189.54,0.0389,0.841,6,post_relaunch
2026-06-01,TR36,Guwahati,East,Assam,T2,E-Pharmacy,DePURA Kids 10 ml,30,2362.59,0.1666,0.882,8,post_relaunch
2026-06-01,TR36,Guwahati,East,Assam,T2,E-Pharmacy,DePURA Kids 15 ml,95,10593.29,0.1616,0.861,8,post_relaunch
2026-06-01,TR36,Guwahati,East,Assam,T2,Hospital Pharmacy,DePURA Kids 10 ml,29,2712.09,0.0104,0.83,8,post_relaunch
2026-06-01,TR36,Guwahati,East,Assam,T2,Hospital Pharmacy,DePURA Kids 15 ml,70,9194.53,0.0124,0.775,8,post_relaunch
2026-06-01,TR36,Guwahati,East,Assam,T2,Pharmacy Chain,DePURA Kids 10 ml,29,2516.08,0.0819,0.857,8,post_relaunch
2026-06-01,TR36,Guwahati,East,Assam,T2,Pharmacy Chain,DePURA Kids 15 ml,78,9517.48,0.0826,0.776,8,post_relaunch
2026-06-01,TR36,Guwahati,East,Assam,T2,Retail Chemist,DePURA Kids 10 ml,115,10343.98,0.0482,0.836,8,post_relaunch
2026-06-01,TR36,Guwahati,East,Assam,T2,Retail Chemist,DePURA Kids 15 ml,374,48628.44,0.0224,0.832,8,post_relaunch
2026-07-01,TR01,Delhi North,North,Delhi,T1,E-Pharmacy,DePURA Kids 10 ml,118,9464.7,0.1512,0.991,16,post_relaunch
2026-07-01,TR01,Delhi North,North,Delhi,T1,E-Pharmacy,DePURA Kids 15 ml,466,52883.35,0.1467,1.0,16,post_relaunch
2026-07-01,TR01,Delhi North,North,Delhi,T1,Hospital Pharmacy,DePURA Kids 10 ml,87,7928.46,0.0356,0.941,16,post_relaunch
2026-07-01,TR01,Delhi North,North,Delhi,T1,Hospital Pharmacy,DePURA Kids 15 ml,301,38895.72,0.0284,0.931,16,post_relaunch
2026-07-01,TR01,Delhi North,North,Delhi,T1,Pharmacy Chain,DePURA Kids 10 ml,125,10782.68,0.0872,0.991,16,post_relaunch
2026-07-01,TR01,Delhi North,North,Delhi,T1,Pharmacy Chain,DePURA Kids 15 ml,623,74995.39,0.0949,1.0,16,post_relaunch
2026-07-01,TR01,Delhi North,North,Delhi,T1,Retail Chemist,DePURA Kids 10 ml,317,28190.56,0.059,1.0,16,post_relaunch
2026-07-01,TR01,Delhi North,North,Delhi,T1,Retail Chemist,DePURA Kids 15 ml,1241,158093.64,0.0422,0.997,16,post_relaunch
2026-07-01,TR02,Delhi South,North,Delhi,T1,E-Pharmacy,DePURA Kids 10 ml,76,6209.56,0.1354,0.756,12,post_relaunch
2026-07-01,TR02,Delhi South,North,Delhi,T1,E-Pharmacy,DePURA Kids 15 ml,272,31208.52,0.1373,0.739,12,post_relaunch
2026-07-01,TR02,Delhi South,North,Delhi,T1,Hospital Pharmacy,DePURA Kids 10 ml,42,3945.64,0.0059,0.734,12,post_relaunch
2026-07-01,TR02,Delhi South,North,Delhi,T1,Hospital Pharmacy,DePURA Kids 15 ml,210,26611.38,0.0472,0.791,12,post_relaunch
2026-07-01,TR02,Delhi South,North,Delhi,T1,Pharmacy Chain,DePURA Kids 10 ml,72,6169.93,0.0932,0.711,12,post_relaunch
2026-07-01,TR02,Delhi South,North,Delhi,T1,Pharmacy Chain,DePURA Kids 15 ml,274,33797.31,0.0726,0.704,12,post_relaunch
2026-07-01,TR02,Delhi South,North,Delhi,T1,Retail Chemist,DePURA Kids 10 ml,190,17342.75,0.0341,0.742,12,post_relaunch
2026-07-01,TR02,Delhi South,North,Delhi,T1,Retail Chemist,DePURA Kids 15 ml,737,95011.35,0.0307,0.755,12,post_relaunch
2026-07-01,TR03,Noida-Ghaziabad,North,Uttar Pradesh,T2,E-Pharmacy,DePURA Kids 10 ml,17,1353.65,0.1574,0.882,5,post_relaunch
2026-07-01,TR03,Noida-Ghaziabad,North,Uttar Pradesh,T2,E-Pharmacy,DePURA Kids 15 ml,71,7872.81,0.1663,0.943,5,post_relaunch
2026-07-01,TR03,Noida-Ghaziabad,North,Uttar Pradesh,T2,Hospital Pharmacy,DePURA Kids 10 ml,20,1890.0,0.0,0.929,5,post_relaunch
2026-07-01,TR03,Noida-Ghaziabad,North,Uttar Pradesh,T2,Hospital Pharmacy,DePURA Kids 15 ml,59,7740.51,0.0136,0.791,5,post_relaunch
2026-07-01,TR03,Noida-Ghaziabad,North,Uttar Pradesh,T2,Pharmacy Chain,DePURA Kids 10 ml,22,1905.43,0.0835,0.816,5,post_relaunch
2026-07-01,TR03,Noida-Ghaziabad,North,Uttar Pradesh,T2,Pharmacy Chain,DePURA Kids 15 ml,71,8766.6,0.0716,0.884,5,post_relaunch
2026-07-01,TR03,Noida-Ghaziabad,North,Uttar Pradesh,T2,Retail Chemist,DePURA Kids 10 ml,113,10308.52,0.0346,0.895,5,post_relaunch
2026-07-01,TR03,Noida-Ghaziabad,North,Uttar Pradesh,T2,Retail Chemist,DePURA Kids 15 ml,285,36472.17,0.0378,0.859,5,post_relaunch
2026-07-01,TR04,Gurugram-Faridabad,North,Haryana,T2,E-Pharmacy,DePURA Kids 10 ml,23,1825.07,0.1603,0.89,8,post_relaunch
2026-07-01,TR04,Gurugram-Faridabad,North,Haryana,T2,E-Pharmacy,DePURA Kids 15 ml,97,10898.47,0.1552,0.929,8,post_relaunch
2026-07-01,TR04,Gurugram-Faridabad,North,Haryana,T2,Hospital Pharmacy,DePURA Kids 10 ml,23,2137.6,0.0165,0.896,8,post_relaunch
2026-07-01,TR04,Gurugram-Faridabad,North,Haryana,T2,Hospital Pharmacy,DePURA Kids 15 ml,103,13392.27,0.0224,0.931,8,post_relaunch
2026-07-01,TR04,Gurugram-Faridabad,North,Haryana,T2,Pharmacy Chain,DePURA Kids 10 ml,23,2017.14,0.0719,0.873,8,post_relaunch
2026-07-01,TR04,Gurugram-Faridabad,North,Haryana,T2,Pharmacy Chain,DePURA Kids 15 ml,72,8940.73,0.0663,0.874,8,post_relaunch
2026-07-01,TR04,Gurugram-Faridabad,North,Haryana,T2,Retail Chemist,DePURA Kids 10 ml,94,8623.99,0.0292,0.857,8,post_relaunch
2026-07-01,TR04,Gurugram-Faridabad,North,Haryana,T2,Retail Chemist,DePURA Kids 15 ml,372,46651.78,0.0571,0.921,8,post_relaunch
2026-07-01,TR05,Lucknow,North,Uttar Pradesh,T2,E-Pharmacy,DePURA Kids 10 ml,27,2140.14,0.1612,0.832,6,post_relaunch
2026-07-01,TR05,Lucknow,North,Uttar Pradesh,T2,E-Pharmacy,DePURA Kids 15 ml,78,8782.94,0.1534,0.823,6,post_relaunch
2026-07-01,TR05,Lucknow,North,Uttar Pradesh,T2,Hospital Pharmacy,DePURA Kids 10 ml,24,2201.71,0.0292,0.747,6,post_relaunch
2026-07-01,TR05,Lucknow,North,Uttar Pradesh,T2,Hospital Pharmacy,DePURA Kids 15 ml,68,8854.37,0.021,0.772,6,post_relaunch
2026-07-01,TR05,Lucknow,North,Uttar Pradesh,T2,Pharmacy Chain,DePURA Kids 10 ml,27,2332.98,0.0856,0.767,6,post_relaunch
2026-07-01,TR05,Lucknow,North,Uttar Pradesh,T2,Pharmacy Chain,DePURA Kids 15 ml,79,9591.17,0.0872,0.771,6,post_relaunch
2026-07-01,TR05,Lucknow,North,Uttar Pradesh,T2,Retail Chemist,DePURA Kids 10 ml,96,8652.25,0.0463,0.75,6,post_relaunch
2026-07-01,TR05,Lucknow,North,Uttar Pradesh,T2,Retail Chemist,DePURA Kids 15 ml,291,37568.94,0.0293,0.775,6,post_relaunch
2026-07-01,TR06,Kanpur-Agra,North,Uttar Pradesh,T2,E-Pharmacy,DePURA Kids 10 ml,20,1586.64,0.1605,0.786,5,post_relaunch
2026-07-01,TR06,Kanpur-Agra,North,Uttar Pradesh,T2,E-Pharmacy,DePURA Kids 15 ml,64,7295.45,0.1429,0.67,5,post_relaunch
2026-07-01,TR06,Kanpur-Agra,North,Uttar Pradesh,T2,Hospital Pharmacy,DePURA Kids 10 ml,26,2411.91,0.0184,0.688,5,post_relaunch
2026-07-01,TR06,Kanpur-Agra,North,Uttar Pradesh,T2,Hospital Pharmacy,DePURA Kids 15 ml,74,9530.75,0.0316,0.618,5,post_relaunch
2026-07-01,TR06,Kanpur-Agra,North,Uttar Pradesh,T2,Pharmacy Chain,DePURA Kids 10 ml,24,2096.62,0.0756,0.706,5,post_relaunch
2026-07-01,TR06,Kanpur-Agra,North,Uttar Pradesh,T2,Pharmacy Chain,DePURA Kids 15 ml,87,10373.91,0.1035,0.679,5,post_relaunch
2026-07-01,TR06,Kanpur-Agra,North,Uttar Pradesh,T2,Retail Chemist,DePURA Kids 10 ml,98,8796.77,0.0501,0.668,5,post_relaunch
2026-07-01,TR06,Kanpur-Agra,North,Uttar Pradesh,T2,Retail Chemist,DePURA Kids 15 ml,293,38095.1,0.0224,0.698,5,post_relaunch
2026-07-01,TR07,Varanasi-Gorakhpur,North,Uttar Pradesh,T3,E-Pharmacy,DePURA Kids 10 ml,3,241.39,0.1486,0.591,3,post_relaunch
2026-07-01,TR07,Varanasi-Gorakhpur,North,Uttar Pradesh,T3,E-Pharmacy,DePURA Kids 15 ml,8,917.72,0.1375,0.669,3,post_relaunch
2026-07-01,TR07,Varanasi-Gorakhpur,North,Uttar Pradesh,T3,Hospital Pharmacy,DePURA Kids 10 ml,6,560.95,0.0107,0.684,3,post_relaunch
2026-07-01,TR07,Varanasi-Gorakhpur,North,Uttar Pradesh,T3,Hospital Pharmacy,DePURA Kids 15 ml,10,1311.55,0.0139,0.62,3,post_relaunch
2026-07-01,TR07,Varanasi-Gorakhpur,North,Uttar Pradesh,T3,Pharmacy Chain,DePURA Kids 10 ml,3,259.62,0.0842,0.712,3,post_relaunch
2026-07-01,TR07,Varanasi-Gorakhpur,North,Uttar Pradesh,T3,Pharmacy Chain,DePURA Kids 15 ml,6,746.33,0.0647,0.68,3,post_relaunch
2026-07-01,TR07,Varanasi-Gorakhpur,North,Uttar Pradesh,T3,Retail Chemist,DePURA Kids 10 ml,32,2932.63,0.0302,0.668,3,post_relaunch
2026-07-01,TR07,Varanasi-Gorakhpur,North,Uttar Pradesh,T3,Retail Chemist,DePURA Kids 15 ml,59,7682.9,0.0209,0.661,3,post_relaunch
2026-07-01,TR08,Chandigarh-Mohali,North,Chandigarh,T2,E-Pharmacy,DePURA Kids 10 ml,23,1841.44,0.1528,0.767,7,post_relaunch
2026-07-01,TR08,Chandigarh-Mohali,North,Chandigarh,T2,E-Pharmacy,DePURA Kids 15 ml,53,6034.63,0.1439,0.743,7,post_relaunch
2026-07-01,TR08,Chandigarh-Mohali,North,Chandigarh,T2,Hospital Pharmacy,DePURA Kids 10 ml,20,1851.56,0.0203,0.738,7,post_relaunch
2026-07-01,TR08,Chandigarh-Mohali,North,Chandigarh,T2,Hospital Pharmacy,DePURA Kids 15 ml,59,7640.82,0.0263,0.701,7,post_relaunch
2026-07-01,TR08,Chandigarh-Mohali,North,Chandigarh,T2,Pharmacy Chain,DePURA Kids 10 ml,21,1818.18,0.0838,0.721,7,post_relaunch
2026-07-01,TR08,Chandigarh-Mohali,North,Chandigarh,T2,Pharmacy Chain,DePURA Kids 15 ml,77,9386.55,0.0834,0.715,7,post_relaunch
2026-07-01,TR08,Chandigarh-Mohali,North,Chandigarh,T2,Retail Chemist,DePURA Kids 10 ml,91,8216.42,0.0445,0.73,7,post_relaunch
2026-07-01,TR08,Chandigarh-Mohali,North,Chandigarh,T2,Retail Chemist,DePURA Kids 15 ml,253,32437.2,0.036,0.656,7,post_relaunch
2026-07-01,TR09,Ludhiana-Amritsar,North,Punjab,T2,E-Pharmacy,DePURA Kids 10 ml,18,1416.47,0.1673,0.831,6,post_relaunch
2026-07-01,TR09,Ludhiana-Amritsar,North,Punjab,T2,E-Pharmacy,DePURA Kids 15 ml,62,7052.18,0.1448,0.818,6,post_relaunch
2026-07-01,TR09,Ludhiana-Amritsar,North,Punjab,T2,Hospital Pharmacy,DePURA Kids 10 ml,23,2122.73,0.0234,0.775,6,post_relaunch
2026-07-01,TR09,Ludhiana-Amritsar,North,Punjab,T2,Hospital Pharmacy,DePURA Kids 15 ml,52,6798.64,0.017,0.745,6,post_relaunch
2026-07-01,TR09,Ludhiana-Amritsar,North,Punjab,T2,Pharmacy Chain,DePURA Kids 10 ml,20,1759.67,0.069,0.774,6,post_relaunch
2026-07-01,TR09,Ludhiana-Amritsar,North,Punjab,T2,Pharmacy Chain,DePURA Kids 15 ml,63,7512.77,0.1034,0.854,6,post_relaunch
2026-07-01,TR09,Ludhiana-Amritsar,North,Punjab,T2,Retail Chemist,DePURA Kids 10 ml,83,7522.4,0.0409,0.835,6,post_relaunch
2026-07-01,TR09,Ludhiana-Amritsar,North,Punjab,T2,Retail Chemist,DePURA Kids 15 ml,261,33927.21,0.0226,0.837,6,post_relaunch
2026-07-01,TR10,Jaipur,North,Rajasthan,T2,E-Pharmacy,DePURA Kids 10 ml,6,484.99,0.1446,0.702,7,post_relaunch
2026-07-01,TR10,Jaipur,North,Rajasthan,T2,E-Pharmacy,DePURA Kids 15 ml,32,3698.44,0.131,0.791,7,post_relaunch
2026-07-01,TR10,Jaipur,North,Rajasthan,T2,Hospital Pharmacy,DePURA Kids 10 ml,7,643.82,0.0267,0.626,7,post_relaunch
2026-07-01,TR10,Jaipur,North,Rajasthan,T2,Hospital Pharmacy,DePURA Kids 15 ml,27,3531.62,0.0165,0.651,7,post_relaunch
2026-07-01,TR10,Jaipur,North,Rajasthan,T2,Pharmacy Chain,DePURA Kids 10 ml,10,867.03,0.0825,0.73,7,post_relaunch
2026-07-01,TR10,Jaipur,North,Rajasthan,T2,Pharmacy Chain,DePURA Kids 15 ml,36,4476.31,0.0651,0.742,7,post_relaunch
2026-07-01,TR10,Jaipur,North,Rajasthan,T2,Retail Chemist,DePURA Kids 10 ml,35,3117.34,0.0575,0.708,7,post_relaunch
2026-07-01,TR10,Jaipur,North,Rajasthan,T2,Retail Chemist,DePURA Kids 15 ml,91,11368.63,0.0607,0.609,7,post_relaunch
2026-07-01,TR11,Dehradun,North,Uttarakhand,T3,E-Pharmacy,DePURA Kids 10 ml,8,633.89,0.1615,0.822,6,post_relaunch
2026-07-01,TR11,Dehradun,North,Uttarakhand,T3,E-Pharmacy,DePURA Kids 15 ml,20,2319.88,0.1279,0.875,6,post_relaunch
2026-07-01,TR11,Dehradun,North,Uttarakhand,T3,Hospital Pharmacy,DePURA Kids 10 ml,11,1021.07,0.0177,0.75,6,post_relaunch
2026-07-01,TR11,Dehradun,North,Uttarakhand,T3,Hospital Pharmacy,DePURA Kids 15 ml,30,3909.98,0.0201,0.78,6,post_relaunch
2026-07-01,TR11,Dehradun,North,Uttarakhand,T3,Pharmacy Chain,DePURA Kids 10 ml,8,697.03,0.078,0.8,6,post_relaunch
2026-07-01,TR11,Dehradun,North,Uttarakhand,T3,Pharmacy Chain,DePURA Kids 15 ml,20,2403.37,0.0965,0.8,6,post_relaunch
2026-07-01,TR11,Dehradun,North,Uttarakhand,T3,Retail Chemist,DePURA Kids 10 ml,78,6958.8,0.0559,0.785,6,post_relaunch
2026-07-01,TR11,Dehradun,North,Uttarakhand,T3,Retail Chemist,DePURA Kids 15 ml,145,18635.07,0.0337,0.85,6,post_relaunch
2026-07-01,TR12,Mumbai West,West,Maharashtra,T1,E-Pharmacy,DePURA Kids 10 ml,31,2525.45,0.1379,0.977,10,post_relaunch
2026-07-01,TR12,Mumbai West,West,Maharashtra,T1,E-Pharmacy,DePURA Kids 15 ml,137,15527.18,0.1478,0.934,10,post_relaunch
2026-07-01,TR12,Mumbai West,West,Maharashtra,T1,Hospital Pharmacy,DePURA Kids 10 ml,18,1658.75,0.0248,0.932,10,post_relaunch
2026-07-01,TR12,Mumbai West,West,Maharashtra,T1,Hospital Pharmacy,DePURA Kids 15 ml,91,11906.59,0.0162,0.883,10,post_relaunch
2026-07-01,TR12,Mumbai West,West,Maharashtra,T1,Pharmacy Chain,DePURA Kids 10 ml,27,2312.75,0.0936,0.939,10,post_relaunch
2026-07-01,TR12,Mumbai West,West,Maharashtra,T1,Pharmacy Chain,DePURA Kids 15 ml,176,21406.31,0.0855,0.934,10,post_relaunch
2026-07-01,TR12,Mumbai West,West,Maharashtra,T1,Retail Chemist,DePURA Kids 10 ml,70,6377.56,0.0359,0.876,10,post_relaunch
2026-07-01,TR12,Mumbai West,West,Maharashtra,T1,Retail Chemist,DePURA Kids 15 ml,366,46579.49,0.0431,0.919,10,post_relaunch
2026-07-01,TR13,Mumbai Thane,West,Maharashtra,T1,E-Pharmacy,DePURA Kids 10 ml,76,5988.4,0.1662,1.0,14,post_relaunch
2026-07-01,TR13,Mumbai Thane,West,Maharashtra,T1,E-Pharmacy,DePURA Kids 15 ml,329,36639.86,0.1627,1.0,14,post_relaunch
2026-07-01,TR13,Mumbai Thane,West,Maharashtra,T1,Hospital Pharmacy,DePURA Kids 10 ml,53,4968.04,0.0081,0.919,14,post_relaunch
2026-07-01,TR13,Mumbai Thane,West,Maharashtra,T1,Hospital Pharmacy,DePURA Kids 15 ml,295,38775.29,0.0117,0.959,14,post_relaunch
2026-07-01,TR13,Mumbai Thane,West,Maharashtra,T1,Pharmacy Chain,DePURA Kids 10 ml,81,7042.27,0.08,0.993,14,post_relaunch
2026-07-01,TR13,Mumbai Thane,West,Maharashtra,T1,Pharmacy Chain,DePURA Kids 15 ml,345,42042.37,0.0837,1.0,14,post_relaunch
2026-07-01,TR13,Mumbai Thane,West,Maharashtra,T1,Retail Chemist,DePURA Kids 10 ml,220,19817.47,0.0468,0.931,14,post_relaunch
2026-07-01,TR13,Mumbai Thane,West,Maharashtra,T1,Retail Chemist,DePURA Kids 15 ml,961,121875.64,0.0465,0.989,14,post_relaunch
2026-07-01,TR14,Pune,West,Maharashtra,T1,E-Pharmacy,DePURA Kids 10 ml,62,5026.74,0.142,0.806,11,post_relaunch
2026-07-01,TR14,Pune,West,Maharashtra,T1,E-Pharmacy,DePURA Kids 15 ml,322,36432.65,0.1493,0.825,11,post_relaunch
2026-07-01,TR14,Pune,West,Maharashtra,T1,Hospital Pharmacy,DePURA Kids 10 ml,43,3954.3,0.0269,0.705,11,post_relaunch
2026-07-01,TR14,Pune,West,Maharashtra,T1,Hospital Pharmacy,DePURA Kids 15 ml,215,28393.99,0.007,0.721,11,post_relaunch
2026-07-01,TR14,Pune,West,Maharashtra,T1,Pharmacy Chain,DePURA Kids 10 ml,81,7075.95,0.0756,0.812,11,post_relaunch
2026-07-01,TR14,Pune,West,Maharashtra,T1,Pharmacy Chain,DePURA Kids 15 ml,335,40630.9,0.0881,0.791,11,post_relaunch
2026-07-01,TR14,Pune,West,Maharashtra,T1,Retail Chemist,DePURA Kids 10 ml,140,12739.29,0.0371,0.689,11,post_relaunch
2026-07-01,TR14,Pune,West,Maharashtra,T1,Retail Chemist,DePURA Kids 15 ml,848,108607.39,0.037,0.78,11,post_relaunch
2026-07-01,TR15,Nagpur,West,Maharashtra,T2,E-Pharmacy,DePURA Kids 10 ml,20,1609.19,0.1486,0.859,10,post_relaunch
2026-07-01,TR15,Nagpur,West,Maharashtra,T2,E-Pharmacy,DePURA Kids 15 ml,64,7158.77,0.159,0.885,10,post_relaunch
2026-07-01,TR15,Nagpur,West,Maharashtra,T2,Hospital Pharmacy,DePURA Kids 10 ml,23,2124.94,0.0223,0.807,10,post_relaunch
2026-07-01,TR15,Nagpur,West,Maharashtra,T2,Hospital Pharmacy,DePURA Kids 15 ml,70,9010.65,0.0322,0.864,10,post_relaunch
2026-07-01,TR15,Nagpur,West,Maharashtra,T2,Pharmacy Chain,DePURA Kids 10 ml,22,1878.17,0.0966,0.845,10,post_relaunch
2026-07-01,TR15,Nagpur,West,Maharashtra,T2,Pharmacy Chain,DePURA Kids 15 ml,56,6964.77,0.0649,0.837,10,post_relaunch
2026-07-01,TR15,Nagpur,West,Maharashtra,T2,Retail Chemist,DePURA Kids 10 ml,92,8380.44,0.0361,0.834,10,post_relaunch
2026-07-01,TR15,Nagpur,West,Maharashtra,T2,Retail Chemist,DePURA Kids 15 ml,267,34087.37,0.0401,0.905,10,post_relaunch
2026-07-01,TR16,Ahmedabad,West,Gujarat,T1,E-Pharmacy,DePURA Kids 10 ml,88,7054.58,0.1517,0.996,16,post_relaunch
2026-07-01,TR16,Ahmedabad,West,Gujarat,T1,E-Pharmacy,DePURA Kids 15 ml,294,32584.85,0.1667,0.975,16,post_relaunch
2026-07-01,TR16,Ahmedabad,West,Gujarat,T1,Hospital Pharmacy,DePURA Kids 10 ml,37,3449.14,0.0135,0.961,16,post_relaunch
2026-07-01,TR16,Ahmedabad,West,Gujarat,T1,Hospital Pharmacy,DePURA Kids 15 ml,208,27415.54,0.009,0.994,16,post_relaunch
2026-07-01,TR16,Ahmedabad,West,Gujarat,T1,Pharmacy Chain,DePURA Kids 10 ml,76,6648.06,0.0743,0.928,16,post_relaunch
2026-07-01,TR16,Ahmedabad,West,Gujarat,T1,Pharmacy Chain,DePURA Kids 15 ml,318,38108.05,0.099,0.951,16,post_relaunch
2026-07-01,TR16,Ahmedabad,West,Gujarat,T1,Retail Chemist,DePURA Kids 10 ml,160,14852.19,0.0177,0.998,16,post_relaunch
2026-07-01,TR16,Ahmedabad,West,Gujarat,T1,Retail Chemist,DePURA Kids 15 ml,715,92789.54,0.0242,0.951,16,post_relaunch
2026-07-01,TR17,Surat-Vadodara,West,Gujarat,T2,E-Pharmacy,DePURA Kids 10 ml,23,1832.95,0.1567,0.751,5,post_relaunch
2026-07-01,TR17,Surat-Vadodara,West,Gujarat,T2,E-Pharmacy,DePURA Kids 15 ml,84,9360.86,0.1621,0.773,5,post_relaunch
2026-07-01,TR17,Surat-Vadodara,West,Gujarat,T2,Hospital Pharmacy,DePURA Kids 10 ml,23,2151.68,0.01,0.641,5,post_relaunch
2026-07-01,TR17,Surat-Vadodara,West,Gujarat,T2,Hospital Pharmacy,DePURA Kids 15 ml,63,8022.1,0.0426,0.648,5,post_relaunch
2026-07-01,TR17,Surat-Vadodara,West,Gujarat,T2,Pharmacy Chain,DePURA Kids 10 ml,23,1964.85,0.096,0.659,5,post_relaunch
2026-07-01,TR17,Surat-Vadodara,West,Gujarat,T2,Pharmacy Chain,DePURA Kids 15 ml,71,8675.19,0.0813,0.662,5,post_relaunch
2026-07-01,TR17,Surat-Vadodara,West,Gujarat,T2,Retail Chemist,DePURA Kids 10 ml,97,8661.54,0.0551,0.717,5,post_relaunch
2026-07-01,TR17,Surat-Vadodara,West,Gujarat,T2,Retail Chemist,DePURA Kids 15 ml,324,41779.01,0.0305,0.706,5,post_relaunch
2026-07-01,TR18,Rajkot,West,Gujarat,T3,E-Pharmacy,DePURA Kids 10 ml,12,956.41,0.1566,0.756,7,post_relaunch
2026-07-01,TR18,Rajkot,West,Gujarat,T3,E-Pharmacy,DePURA Kids 15 ml,39,4358.86,0.1597,0.734,7,post_relaunch
2026-07-01,TR18,Rajkot,West,Gujarat,T3,Hospital Pharmacy,DePURA Kids 10 ml,19,1731.47,0.0357,0.689,7,post_relaunch
2026-07-01,TR18,Rajkot,West,Gujarat,T3,Hospital Pharmacy,DePURA Kids 15 ml,47,6202.63,0.0077,0.744,7,post_relaunch
2026-07-01,TR18,Rajkot,West,Gujarat,T3,Pharmacy Chain,DePURA Kids 10 ml,12,1022.86,0.098,0.723,7,post_relaunch
2026-07-01,TR18,Rajkot,West,Gujarat,T3,Pharmacy Chain,DePURA Kids 15 ml,26,3242.54,0.0623,0.666,7,post_relaunch
2026-07-01,TR18,Rajkot,West,Gujarat,T3,Retail Chemist,DePURA Kids 10 ml,114,10170.88,0.0559,0.691,7,post_relaunch
2026-07-01,TR18,Rajkot,West,Gujarat,T3,Retail Chemist,DePURA Kids 15 ml,222,28252.48,0.0431,0.696,7,post_relaunch
2026-07-01,TR19,Indore,Central,Madhya Pradesh,T2,E-Pharmacy,DePURA Kids 10 ml,41,3278.06,0.1539,0.747,6,post_relaunch
2026-07-01,TR19,Indore,Central,Madhya Pradesh,T2,E-Pharmacy,DePURA Kids 15 ml,116,13146.44,0.1479,0.755,6,post_relaunch
2026-07-01,TR19,Indore,Central,Madhya Pradesh,T2,Hospital Pharmacy,DePURA Kids 10 ml,28,2587.51,0.0221,0.708,6,post_relaunch
2026-07-01,TR19,Indore,Central,Madhya Pradesh,T2,Hospital Pharmacy,DePURA Kids 15 ml,90,11762.71,0.0173,0.671,6,post_relaunch
2026-07-01,TR19,Indore,Central,Madhya Pradesh,T2,Pharmacy Chain,DePURA Kids 10 ml,35,3064.24,0.0735,0.689,6,post_relaunch
2026-07-01,TR19,Indore,Central,Madhya Pradesh,T2,Pharmacy Chain,DePURA Kids 15 ml,102,12368.18,0.0883,0.664,6,post_relaunch
2026-07-01,TR19,Indore,Central,Madhya Pradesh,T2,Retail Chemist,DePURA Kids 10 ml,157,14576.05,0.0176,0.71,6,post_relaunch
2026-07-01,TR19,Indore,Central,Madhya Pradesh,T2,Retail Chemist,DePURA Kids 15 ml,510,65337.04,0.0368,0.626,6,post_relaunch
2026-07-01,TR20,Bhopal,Central,Madhya Pradesh,T2,E-Pharmacy,DePURA Kids 10 ml,13,1049.35,0.1458,0.74,3,post_relaunch
2026-07-01,TR20,Bhopal,Central,Madhya Pradesh,T2,E-Pharmacy,DePURA Kids 15 ml,41,4659.5,0.1455,0.742,3,post_relaunch
2026-07-01,TR20,Bhopal,Central,Madhya Pradesh,T2,Hospital Pharmacy,DePURA Kids 10 ml,9,836.93,0.016,0.7,3,post_relaunch
2026-07-01,TR20,Bhopal,Central,Madhya Pradesh,T2,Hospital Pharmacy,DePURA Kids 15 ml,39,5084.86,0.0197,0.706,3,post_relaunch
2026-07-01,TR20,Bhopal,Central,Madhya Pradesh,T2,Pharmacy Chain,DePURA Kids 10 ml,12,1038.83,0.0839,0.736,3,post_relaunch
2026-07-01,TR20,Bhopal,Central,Madhya Pradesh,T2,Pharmacy Chain,DePURA Kids 15 ml,37,4471.55,0.0913,0.739,3,post_relaunch
2026-07-01,TR20,Bhopal,Central,Madhya Pradesh,T2,Retail Chemist,DePURA Kids 10 ml,44,3975.69,0.0438,0.714,3,post_relaunch
2026-07-01,TR20,Bhopal,Central,Madhya Pradesh,T2,Retail Chemist,DePURA Kids 15 ml,146,18779.82,0.0329,0.664,3,post_relaunch
2026-07-01,TR21,Jabalpur,Central,Madhya Pradesh,T3,E-Pharmacy,DePURA Kids 10 ml,6,487.69,0.1399,0.831,5,post_relaunch
2026-07-01,TR21,Jabalpur,Central,Madhya Pradesh,T3,E-Pharmacy,DePURA Kids 15 ml,21,2406.74,0.1383,0.845,5,post_relaunch
2026-07-01,TR21,Jabalpur,Central,Madhya Pradesh,T3,Hospital Pharmacy,DePURA Kids 10 ml,11,1016.71,0.0219,0.902,5,post_relaunch
2026-07-01,TR21,Jabalpur,Central,Madhya Pradesh,T3,Hospital Pharmacy,DePURA Kids 15 ml,30,3917.75,0.0181,0.826,5,post_relaunch
2026-07-01,TR21,Jabalpur,Central,Madhya Pradesh,T3,Pharmacy Chain,DePURA Kids 10 ml,8,688.51,0.0893,0.891,5,post_relaunch
2026-07-01,TR21,Jabalpur,Central,Madhya Pradesh,T3,Pharmacy Chain,DePURA Kids 15 ml,18,2181.25,0.0889,0.881,5,post_relaunch
2026-07-01,TR21,Jabalpur,Central,Madhya Pradesh,T3,Retail Chemist,DePURA Kids 10 ml,82,7409.61,0.0438,0.967,5,post_relaunch
2026-07-01,TR21,Jabalpur,Central,Madhya Pradesh,T3,Retail Chemist,DePURA Kids 15 ml,165,21115.38,0.0378,0.893,5,post_relaunch
2026-07-01,TR22,Raipur,Central,Chhattisgarh,T3,E-Pharmacy,DePURA Kids 10 ml,18,1435.98,0.1558,0.847,6,post_relaunch
2026-07-01,TR22,Raipur,Central,Chhattisgarh,T3,E-Pharmacy,DePURA Kids 15 ml,35,3933.17,0.1551,0.781,6,post_relaunch
2026-07-01,TR22,Raipur,Central,Chhattisgarh,T3,Hospital Pharmacy,DePURA Kids 10 ml,22,2035.66,0.0208,0.706,6,post_relaunch
2026-07-01,TR22,Raipur,Central,Chhattisgarh,T3,Hospital Pharmacy,DePURA Kids 15 ml,57,7441.79,0.0184,0.786,6,post_relaunch
2026-07-01,TR22,Raipur,Central,Chhattisgarh,T3,Pharmacy Chain,DePURA Kids 10 ml,19,1641.66,0.0857,0.78,6,post_relaunch
2026-07-01,TR22,Raipur,Central,Chhattisgarh,T3,Pharmacy Chain,DePURA Kids 15 ml,45,5391.47,0.0992,0.762,6,post_relaunch
2026-07-01,TR22,Raipur,Central,Chhattisgarh,T3,Retail Chemist,DePURA Kids 10 ml,203,18192.73,0.0516,0.823,6,post_relaunch
2026-07-01,TR22,Raipur,Central,Chhattisgarh,T3,Retail Chemist,DePURA Kids 15 ml,303,39011.64,0.0319,0.756,6,post_relaunch
2026-07-01,TR23,Bengaluru North,South,Karnataka,T1,E-Pharmacy,DePURA Kids 10 ml,91,7218.95,0.1605,1.0,11,post_relaunch
2026-07-01,TR23,Bengaluru North,South,Karnataka,T1,E-Pharmacy,DePURA Kids 15 ml,391,44274.98,0.1486,1.0,11,post_relaunch
2026-07-01,TR23,Bengaluru North,South,Karnataka,T1,Hospital Pharmacy,DePURA Kids 10 ml,56,5267.86,0.0046,0.904,11,post_relaunch
2026-07-01,TR23,Bengaluru North,South,Karnataka,T1,Hospital Pharmacy,DePURA Kids 15 ml,300,39632.28,0.0067,0.914,11,post_relaunch
2026-07-01,TR23,Bengaluru North,South,Karnataka,T1,Pharmacy Chain,DePURA Kids 10 ml,64,5568.26,0.0793,0.889,11,post_relaunch
2026-07-01,TR23,Bengaluru North,South,Karnataka,T1,Pharmacy Chain,DePURA Kids 15 ml,334,41611.45,0.0633,0.968,11,post_relaunch
2026-07-01,TR23,Bengaluru North,South,Karnataka,T1,Retail Chemist,DePURA Kids 10 ml,198,17845.5,0.0463,0.932,11,post_relaunch
2026-07-01,TR23,Bengaluru North,South,Karnataka,T1,Retail Chemist,DePURA Kids 15 ml,1020,130717.89,0.0364,0.95,11,post_relaunch
2026-07-01,TR24,Bengaluru South,South,Karnataka,T1,E-Pharmacy,DePURA Kids 10 ml,124,9976.67,0.1486,1.0,16,post_relaunch
2026-07-01,TR24,Bengaluru South,South,Karnataka,T1,E-Pharmacy,DePURA Kids 15 ml,507,57270.67,0.1507,0.967,16,post_relaunch
2026-07-01,TR24,Bengaluru South,South,Karnataka,T1,Hospital Pharmacy,DePURA Kids 10 ml,66,6032.73,0.0328,0.97,16,post_relaunch
2026-07-01,TR24,Bengaluru South,South,Karnataka,T1,Hospital Pharmacy,DePURA Kids 15 ml,327,42843.87,0.0149,1.0,16,post_relaunch
2026-07-01,TR24,Bengaluru South,South,Karnataka,T1,Pharmacy Chain,DePURA Kids 10 ml,86,7675.54,0.0556,0.969,16,post_relaunch
2026-07-01,TR24,Bengaluru South,South,Karnataka,T1,Pharmacy Chain,DePURA Kids 15 ml,397,47755.62,0.0956,0.904,16,post_relaunch
2026-07-01,TR24,Bengaluru South,South,Karnataka,T1,Retail Chemist,DePURA Kids 10 ml,266,24280.12,0.0341,1.0,16,post_relaunch
2026-07-01,TR24,Bengaluru South,South,Karnataka,T1,Retail Chemist,DePURA Kids 15 ml,1145,144946.17,0.0482,0.952,16,post_relaunch
2026-07-01,TR25,Mysuru-Mangaluru,South,Karnataka,T3,E-Pharmacy,DePURA Kids 10 ml,8,636.19,0.1585,0.877,4,post_relaunch
2026-07-01,TR25,Mysuru-Mangaluru,South,Karnataka,T3,E-Pharmacy,DePURA Kids 15 ml,21,2351.93,0.1579,0.757,4,post_relaunch
2026-07-01,TR25,Mysuru-Mangaluru,South,Karnataka,T3,Hospital Pharmacy,DePURA Kids 10 ml,13,1197.11,0.0256,0.762,4,post_relaunch
2026-07-01,TR25,Mysuru-Mangaluru,South,Karnataka,T3,Hospital Pharmacy,DePURA Kids 15 ml,27,3591.0,0.0,0.799,4,post_relaunch
2026-07-01,TR25,Mysuru-Mangaluru,South,Karnataka,T3,Pharmacy Chain,DePURA Kids 10 ml,6,513.28,0.0947,0.767,4,post_relaunch
2026-07-01,TR25,Mysuru-Mangaluru,South,Karnataka,T3,Pharmacy Chain,DePURA Kids 15 ml,22,2737.19,0.0645,0.764,4,post_relaunch
2026-07-01,TR25,Mysuru-Mangaluru,South,Karnataka,T3,Retail Chemist,DePURA Kids 10 ml,85,7578.27,0.0565,0.826,4,post_relaunch
2026-07-01,TR25,Mysuru-Mangaluru,South,Karnataka,T3,Retail Chemist,DePURA Kids 15 ml,190,23730.12,0.0609,0.804,4,post_relaunch
2026-07-01,TR26,Chennai,South,Tamil Nadu,T1,E-Pharmacy,DePURA Kids 10 ml,54,4248.52,0.1674,0.873,16,post_relaunch
2026-07-01,TR26,Chennai,South,Tamil Nadu,T1,E-Pharmacy,DePURA Kids 15 ml,215,24155.65,0.1552,0.832,16,post_relaunch
2026-07-01,TR26,Chennai,South,Tamil Nadu,T1,Hospital Pharmacy,DePURA Kids 10 ml,50,4596.56,0.0272,0.857,16,post_relaunch
2026-07-01,TR26,Chennai,South,Tamil Nadu,T1,Hospital Pharmacy,DePURA Kids 15 ml,197,25788.91,0.0157,0.888,16,post_relaunch
2026-07-01,TR26,Chennai,South,Tamil Nadu,T1,Pharmacy Chain,DePURA Kids 10 ml,81,7133.01,0.0681,0.897,16,post_relaunch
2026-07-01,TR26,Chennai,South,Tamil Nadu,T1,Pharmacy Chain,DePURA Kids 15 ml,273,33085.36,0.0888,0.851,16,post_relaunch
2026-07-01,TR26,Chennai,South,Tamil Nadu,T1,Retail Chemist,DePURA Kids 10 ml,150,13551.93,0.044,0.832,16,post_relaunch
2026-07-01,TR26,Chennai,South,Tamil Nadu,T1,Retail Chemist,DePURA Kids 15 ml,601,77084.21,0.0356,0.849,16,post_relaunch
2026-07-01,TR27,Coimbatore-Madurai,South,Tamil Nadu,T2,E-Pharmacy,DePURA Kids 10 ml,33,2660.47,0.1469,0.86,8,post_relaunch
2026-07-01,TR27,Coimbatore-Madurai,South,Tamil Nadu,T2,E-Pharmacy,DePURA Kids 15 ml,116,13088.34,0.1517,0.917,8,post_relaunch
2026-07-01,TR27,Coimbatore-Madurai,South,Tamil Nadu,T2,Hospital Pharmacy,DePURA Kids 10 ml,28,2556.71,0.0337,0.893,8,post_relaunch
2026-07-01,TR27,Coimbatore-Madurai,South,Tamil Nadu,T2,Hospital Pharmacy,DePURA Kids 15 ml,118,15116.95,0.0368,0.884,8,post_relaunch
2026-07-01,TR27,Coimbatore-Madurai,South,Tamil Nadu,T2,Pharmacy Chain,DePURA Kids 10 ml,39,3392.14,0.0796,0.898,8,post_relaunch
2026-07-01,TR27,Coimbatore-Madurai,South,Tamil Nadu,T2,Pharmacy Chain,DePURA Kids 15 ml,95,11918.82,0.0567,0.823,8,post_relaunch
2026-07-01,TR27,Coimbatore-Madurai,South,Tamil Nadu,T2,Retail Chemist,DePURA Kids 10 ml,157,13981.36,0.0576,0.872,8,post_relaunch
2026-07-01,TR27,Coimbatore-Madurai,South,Tamil Nadu,T2,Retail Chemist,DePURA Kids 15 ml,464,59393.49,0.0376,0.946,8,post_relaunch
2026-07-01,TR28,Hyderabad,South,Telangana,T1,E-Pharmacy,DePURA Kids 10 ml,120,9834.01,0.1328,0.944,9,post_relaunch
2026-07-01,TR28,Hyderabad,South,Telangana,T1,E-Pharmacy,DePURA Kids 15 ml,491,54425.44,0.1666,0.992,9,post_relaunch
2026-07-01,TR28,Hyderabad,South,Telangana,T1,Hospital Pharmacy,DePURA Kids 10 ml,65,6064.24,0.0127,0.915,9,post_relaunch
2026-07-01,TR28,Hyderabad,South,Telangana,T1,Hospital Pharmacy,DePURA Kids 15 ml,325,42659.04,0.0131,0.918,9,post_relaunch
2026-07-01,TR28,Hyderabad,South,Telangana,T1,Pharmacy Chain,DePURA Kids 10 ml,104,9133.19,0.0707,0.926,9,post_relaunch
2026-07-01,TR28,Hyderabad,South,Telangana,T1,Pharmacy Chain,DePURA Kids 15 ml,518,63044.17,0.0849,0.937,9,post_relaunch
2026-07-01,TR28,Hyderabad,South,Telangana,T1,Retail Chemist,DePURA Kids 10 ml,234,21554.16,0.0253,0.847,9,post_relaunch
2026-07-01,TR28,Hyderabad,South,Telangana,T1,Retail Chemist,DePURA Kids 15 ml,1046,132303.83,0.049,0.902,9,post_relaunch
2026-07-01,TR29,Vijayawada-Vizag,South,Andhra Pradesh,T2,E-Pharmacy,DePURA Kids 10 ml,10,808.99,0.1439,0.813,5,post_relaunch
2026-07-01,TR29,Vijayawada-Vizag,South,Andhra Pradesh,T2,E-Pharmacy,DePURA Kids 15 ml,37,4195.5,0.1474,0.901,5,post_relaunch
2026-07-01,TR29,Vijayawada-Vizag,South,Andhra Pradesh,T2,Hospital Pharmacy,DePURA Kids 10 ml,12,1092.41,0.0367,0.856,5,post_relaunch
2026-07-01,TR29,Vijayawada-Vizag,South,Andhra Pradesh,T2,Hospital Pharmacy,DePURA Kids 15 ml,37,4881.73,0.008,0.807,5,post_relaunch
2026-07-01,TR29,Vijayawada-Vizag,South,Andhra Pradesh,T2,Pharmacy Chain,DePURA Kids 10 ml,13,1108.57,0.0976,0.834,5,post_relaunch
2026-07-01,TR29,Vijayawada-Vizag,South,Andhra Pradesh,T2,Pharmacy Chain,DePURA Kids 15 ml,45,5395.34,0.0985,0.795,5,post_relaunch
2026-07-01,TR29,Vijayawada-Vizag,South,Andhra Pradesh,T2,Retail Chemist,DePURA Kids 10 ml,52,4662.31,0.0512,0.85,5,post_relaunch
2026-07-01,TR29,Vijayawada-Vizag,South,Andhra Pradesh,T2,Retail Chemist,DePURA Kids 15 ml,144,18234.08,0.0479,0.779,5,post_relaunch
2026-07-01,TR30,Kochi-Trivandrum,South,Kerala,T2,E-Pharmacy,DePURA Kids 10 ml,40,3225.81,0.1466,0.871,5,post_relaunch
2026-07-01,TR30,Kochi-Trivandrum,South,Kerala,T2,E-Pharmacy,DePURA Kids 15 ml,94,10785.88,0.1373,0.869,5,post_relaunch
2026-07-01,TR30,Kochi-Trivandrum,South,Kerala,T2,Hospital Pharmacy,DePURA Kids 10 ml,36,3224.51,0.0522,0.809,5,post_relaunch
2026-07-01,TR30,Kochi-Trivandrum,South,Kerala,T2,Hospital Pharmacy,DePURA Kids 15 ml,88,11364.16,0.029,0.775,5,post_relaunch
2026-07-01,TR30,Kochi-Trivandrum,South,Kerala,T2,Pharmacy Chain,DePURA Kids 10 ml,32,2786.72,0.0785,0.838,5,post_relaunch
2026-07-01,TR30,Kochi-Trivandrum,South,Kerala,T2,Pharmacy Chain,DePURA Kids 15 ml,125,15345.04,0.077,0.792,5,post_relaunch
2026-07-01,TR30,Kochi-Trivandrum,South,Kerala,T2,Retail Chemist,DePURA Kids 10 ml,134,12021.06,0.0507,0.755,5,post_relaunch
2026-07-01,TR30,Kochi-Trivandrum,South,Kerala,T2,Retail Chemist,DePURA Kids 15 ml,541,68616.36,0.0464,0.835,5,post_relaunch
2026-07-01,TR31,Kolkata,East,West Bengal,T1,E-Pharmacy,DePURA Kids 10 ml,52,4128.51,0.1598,0.981,16,post_relaunch
2026-07-01,TR31,Kolkata,East,West Bengal,T1,E-Pharmacy,DePURA Kids 15 ml,245,27775.65,0.1476,1.0,16,post_relaunch
2026-07-01,TR31,Kolkata,East,West Bengal,T1,Hospital Pharmacy,DePURA Kids 10 ml,39,3614.2,0.0193,0.972,16,post_relaunch
2026-07-01,TR31,Kolkata,East,West Bengal,T1,Hospital Pharmacy,DePURA Kids 15 ml,157,20730.34,0.0072,0.946,16,post_relaunch
2026-07-01,TR31,Kolkata,East,West Bengal,T1,Pharmacy Chain,DePURA Kids 10 ml,59,5093.22,0.0865,0.985,16,post_relaunch
2026-07-01,TR31,Kolkata,East,West Bengal,T1,Pharmacy Chain,DePURA Kids 15 ml,302,37090.74,0.0766,1.0,16,post_relaunch
2026-07-01,TR31,Kolkata,East,West Bengal,T1,Retail Chemist,DePURA Kids 10 ml,157,14215.56,0.0419,0.936,16,post_relaunch
2026-07-01,TR31,Kolkata,East,West Bengal,T1,Retail Chemist,DePURA Kids 15 ml,566,73883.92,0.0185,0.987,16,post_relaunch
2026-07-01,TR32,Siliguri-Durgapur,East,West Bengal,T3,E-Pharmacy,DePURA Kids 10 ml,10,783.63,0.1708,0.923,3,post_relaunch
2026-07-01,TR32,Siliguri-Durgapur,East,West Bengal,T3,E-Pharmacy,DePURA Kids 15 ml,28,3112.61,0.1642,0.895,3,post_relaunch
2026-07-01,TR32,Siliguri-Durgapur,East,West Bengal,T3,Hospital Pharmacy,DePURA Kids 10 ml,15,1408.22,0.0065,0.828,3,post_relaunch
2026-07-01,TR32,Siliguri-Durgapur,East,West Bengal,T3,Hospital Pharmacy,DePURA Kids 15 ml,34,4451.71,0.0155,0.806,3,post_relaunch
2026-07-01,TR32,Siliguri-Durgapur,East,West Bengal,T3,Pharmacy Chain,DePURA Kids 10 ml,9,765.25,0.1002,0.817,3,post_relaunch
2026-07-01,TR32,Siliguri-Durgapur,East,West Bengal,T3,Pharmacy Chain,DePURA Kids 15 ml,20,2421.28,0.0897,0.813,3,post_relaunch
2026-07-01,TR32,Siliguri-Durgapur,East,West Bengal,T3,Retail Chemist,DePURA Kids 10 ml,70,6317.12,0.045,0.783,3,post_relaunch
2026-07-01,TR32,Siliguri-Durgapur,East,West Bengal,T3,Retail Chemist,DePURA Kids 15 ml,161,21198.64,0.01,0.789,3,post_relaunch
2026-07-01,TR33,Patna,East,Bihar,T2,E-Pharmacy,DePURA Kids 10 ml,16,1276.48,0.1558,0.863,6,post_relaunch
2026-07-01,TR33,Patna,East,Bihar,T2,E-Pharmacy,DePURA Kids 15 ml,59,6823.45,0.1304,0.896,6,post_relaunch
2026-07-01,TR33,Patna,East,Bihar,T2,Hospital Pharmacy,DePURA Kids 10 ml,16,1471.16,0.027,0.783,6,post_relaunch
2026-07-01,TR33,Patna,East,Bihar,T2,Hospital Pharmacy,DePURA Kids 15 ml,50,6442.39,0.0312,0.866,6,post_relaunch
2026-07-01,TR33,Patna,East,Bihar,T2,Pharmacy Chain,DePURA Kids 10 ml,19,1663.27,0.0736,0.78,6,post_relaunch
2026-07-01,TR33,Patna,East,Bihar,T2,Pharmacy Chain,DePURA Kids 15 ml,67,8202.32,0.0795,0.875,6,post_relaunch
2026-07-01,TR33,Patna,East,Bihar,T2,Retail Chemist,DePURA Kids 10 ml,79,7118.39,0.0465,0.851,6,post_relaunch
2026-07-01,TR33,Patna,East,Bihar,T2,Retail Chemist,DePURA Kids 15 ml,303,38261.4,0.0506,0.765,6,post_relaunch
2026-07-01,TR34,Ranchi,East,Jharkhand,T3,E-Pharmacy,DePURA Kids 10 ml,8,640.61,0.1526,0.807,6,post_relaunch
2026-07-01,TR34,Ranchi,East,Jharkhand,T3,E-Pharmacy,DePURA Kids 15 ml,20,2217.96,0.1662,0.863,6,post_relaunch
2026-07-01,TR34,Ranchi,East,Jharkhand,T3,Hospital Pharmacy,DePURA Kids 10 ml,12,1113.83,0.0178,0.716,6,post_relaunch
2026-07-01,TR34,Ranchi,East,Jharkhand,T3,Hospital Pharmacy,DePURA Kids 15 ml,29,3816.62,0.0105,0.773,6,post_relaunch
2026-07-01,TR34,Ranchi,East,Jharkhand,T3,Pharmacy Chain,DePURA Kids 10 ml,8,698.09,0.0766,0.765,6,post_relaunch
2026-07-01,TR34,Ranchi,East,Jharkhand,T3,Pharmacy Chain,DePURA Kids 15 ml,18,2198.32,0.0817,0.799,6,post_relaunch
2026-07-01,TR34,Ranchi,East,Jharkhand,T3,Retail Chemist,DePURA Kids 10 ml,76,6771.39,0.0572,0.787,6,post_relaunch
2026-07-01,TR34,Ranchi,East,Jharkhand,T3,Retail Chemist,DePURA Kids 15 ml,163,20759.74,0.0424,0.752,6,post_relaunch
2026-07-01,TR35,Bhubaneswar,East,Odisha,T2,E-Pharmacy,DePURA Kids 10 ml,15,1198.29,0.1546,0.846,6,post_relaunch
2026-07-01,TR35,Bhubaneswar,East,Odisha,T2,E-Pharmacy,DePURA Kids 15 ml,66,7392.16,0.1579,0.97,6,post_relaunch
2026-07-01,TR35,Bhubaneswar,East,Odisha,T2,Hospital Pharmacy,DePURA Kids 10 ml,18,1678.75,0.0131,0.886,6,post_relaunch
2026-07-01,TR35,Bhubaneswar,East,Odisha,T2,Hospital Pharmacy,DePURA Kids 15 ml,68,8789.54,0.0281,0.875,6,post_relaunch
2026-07-01,TR35,Bhubaneswar,East,Odisha,T2,Pharmacy Chain,DePURA Kids 10 ml,19,1664.12,0.0732,0.868,6,post_relaunch
2026-07-01,TR35,Bhubaneswar,East,Odisha,T2,Pharmacy Chain,DePURA Kids 15 ml,49,5903.72,0.0941,0.823,6,post_relaunch
2026-07-01,TR35,Bhubaneswar,East,Odisha,T2,Retail Chemist,DePURA Kids 10 ml,80,7210.71,0.0462,0.862,6,post_relaunch
2026-07-01,TR35,Bhubaneswar,East,Odisha,T2,Retail Chemist,DePURA Kids 15 ml,188,24168.1,0.0334,0.866,6,post_relaunch
2026-07-01,TR36,Guwahati,East,Assam,T2,E-Pharmacy,DePURA Kids 10 ml,25,2061.82,0.1273,0.896,8,post_relaunch
2026-07-01,TR36,Guwahati,East,Assam,T2,E-Pharmacy,DePURA Kids 15 ml,92,10386.34,0.1512,0.784,8,post_relaunch
2026-07-01,TR36,Guwahati,East,Assam,T2,Hospital Pharmacy,DePURA Kids 10 ml,25,2336.03,0.0112,0.846,8,post_relaunch
2026-07-01,TR36,Guwahati,East,Assam,T2,Hospital Pharmacy,DePURA Kids 15 ml,119,15653.12,0.011,0.774,8,post_relaunch
2026-07-01,TR36,Guwahati,East,Assam,T2,Pharmacy Chain,DePURA Kids 10 ml,34,2978.08,0.0731,0.785,8,post_relaunch
2026-07-01,TR36,Guwahati,East,Assam,T2,Pharmacy Chain,DePURA Kids 15 ml,91,10898.91,0.0995,0.792,8,post_relaunch
2026-07-01,TR36,Guwahati,East,Assam,T2,Retail Chemist,DePURA Kids 10 ml,137,12334.53,0.0473,0.858,8,post_relaunch
2026-07-01,TR36,Guwahati,East,Assam,T2,Retail Chemist,DePURA Kids 15 ml,340,43713.71,0.0333,0.824,8,post_relaunch
2026-08-01,TR01,Delhi North,North,Delhi,T1,E-Pharmacy,DePURA Kids 10 ml,120,9651.08,0.1489,1.0,16,post_relaunch
2026-08-01,TR01,Delhi North,North,Delhi,T1,E-Pharmacy,DePURA Kids 15 ml,555,61601.47,0.1655,0.994,16,post_relaunch
2026-08-01,TR01,Delhi North,North,Delhi,T1,Hospital Pharmacy,DePURA Kids 10 ml,95,8871.84,0.0118,0.96,16,post_relaunch
2026-08-01,TR01,Delhi North,North,Delhi,T1,Hospital Pharmacy,DePURA Kids 15 ml,327,43491.0,0.0,0.961,16,post_relaunch
2026-08-01,TR01,Delhi North,North,Delhi,T1,Pharmacy Chain,DePURA Kids 10 ml,116,9852.03,0.1013,0.96,16,post_relaunch
2026-08-01,TR01,Delhi North,North,Delhi,T1,Pharmacy Chain,DePURA Kids 15 ml,507,62227.35,0.0772,0.943,16,post_relaunch
2026-08-01,TR01,Delhi North,North,Delhi,T1,Retail Chemist,DePURA Kids 10 ml,284,25619.45,0.0454,0.935,16,post_relaunch
2026-08-01,TR01,Delhi North,North,Delhi,T1,Retail Chemist,DePURA Kids 15 ml,1424,182637.38,0.0357,1.0,16,post_relaunch
2026-08-01,TR02,Delhi South,North,Delhi,T1,E-Pharmacy,DePURA Kids 10 ml,73,6001.01,0.1301,0.797,12,post_relaunch
2026-08-01,TR02,Delhi South,North,Delhi,T1,E-Pharmacy,DePURA Kids 15 ml,349,40341.21,0.1309,0.8,12,post_relaunch
2026-08-01,TR02,Delhi South,North,Delhi,T1,Hospital Pharmacy,DePURA Kids 10 ml,54,4958.82,0.0283,0.697,12,post_relaunch
2026-08-01,TR02,Delhi South,North,Delhi,T1,Hospital Pharmacy,DePURA Kids 15 ml,170,22131.91,0.0211,0.76,12,post_relaunch
2026-08-01,TR02,Delhi South,North,Delhi,T1,Pharmacy Chain,DePURA Kids 10 ml,82,7233.36,0.0665,0.739,12,post_relaunch
2026-08-01,TR02,Delhi South,North,Delhi,T1,Pharmacy Chain,DePURA Kids 15 ml,282,34371.89,0.0836,0.771,12,post_relaunch
2026-08-01,TR02,Delhi South,North,Delhi,T1,Retail Chemist,DePURA Kids 10 ml,210,19359.67,0.0245,0.734,12,post_relaunch
2026-08-01,TR02,Delhi South,North,Delhi,T1,Retail Chemist,DePURA Kids 15 ml,737,90795.4,0.0737,0.699,12,post_relaunch
2026-08-01,TR03,Noida-Ghaziabad,North,Uttar Pradesh,T2,E-Pharmacy,DePURA Kids 10 ml,26,2117.1,0.1383,0.924,5,post_relaunch
2026-08-01,TR03,Noida-Ghaziabad,North,Uttar Pradesh,T2,E-Pharmacy,DePURA Kids 15 ml,79,8947.31,0.1484,0.939,5,post_relaunch
2026-08-01,TR03,Noida-Ghaziabad,North,Uttar Pradesh,T2,Hospital Pharmacy,DePURA Kids 10 ml,23,2155.67,0.0082,0.841,5,post_relaunch
2026-08-01,TR03,Noida-Ghaziabad,North,Uttar Pradesh,T2,Hospital Pharmacy,DePURA Kids 15 ml,70,9112.35,0.0212,0.839,5,post_relaunch
2026-08-01,TR03,Noida-Ghaziabad,North,Uttar Pradesh,T2,Pharmacy Chain,DePURA Kids 10 ml,30,2659.99,0.0617,0.938,5,post_relaunch
2026-08-01,TR03,Noida-Ghaziabad,North,Uttar Pradesh,T2,Pharmacy Chain,DePURA Kids 15 ml,85,10478.86,0.0731,0.948,5,post_relaunch
2026-08-01,TR03,Noida-Ghaziabad,North,Uttar Pradesh,T2,Retail Chemist,DePURA Kids 10 ml,114,10329.03,0.0412,0.859,5,post_relaunch
2026-08-01,TR03,Noida-Ghaziabad,North,Uttar Pradesh,T2,Retail Chemist,DePURA Kids 15 ml,359,45997.97,0.0366,0.809,5,post_relaunch
2026-08-01,TR04,Gurugram-Faridabad,North,Haryana,T2,E-Pharmacy,DePURA Kids 10 ml,20,1565.08,0.1719,0.893,8,post_relaunch
2026-08-01,TR04,Gurugram-Faridabad,North,Haryana,T2,E-Pharmacy,DePURA Kids 15 ml,88,10041.81,0.142,0.964,8,post_relaunch
2026-08-01,TR04,Gurugram-Faridabad,North,Haryana,T2,Hospital Pharmacy,DePURA Kids 10 ml,25,2310.88,0.0218,0.859,8,post_relaunch
2026-08-01,TR04,Gurugram-Faridabad,North,Haryana,T2,Hospital Pharmacy,DePURA Kids 15 ml,64,8266.24,0.0289,0.874,8,post_relaunch
2026-08-01,TR04,Gurugram-Faridabad,North,Haryana,T2,Pharmacy Chain,DePURA Kids 10 ml,23,1993.64,0.0828,0.852,8,post_relaunch
2026-08-01,TR04,Gurugram-Faridabad,North,Haryana,T2,Pharmacy Chain,DePURA Kids 15 ml,73,8810.18,0.0926,0.846,8,post_relaunch
2026-08-01,TR04,Gurugram-Faridabad,North,Haryana,T2,Retail Chemist,DePURA Kids 10 ml,80,7258.41,0.0399,0.86,8,post_relaunch
2026-08-01,TR04,Gurugram-Faridabad,North,Haryana,T2,Retail Chemist,DePURA Kids 15 ml,357,45142.64,0.0492,0.835,8,post_relaunch
2026-08-01,TR05,Lucknow,North,Uttar Pradesh,T2,E-Pharmacy,DePURA Kids 10 ml,26,2137.59,0.13,0.795,6,post_relaunch
2026-08-01,TR05,Lucknow,North,Uttar Pradesh,T2,E-Pharmacy,DePURA Kids 15 ml,102,11428.25,0.1576,0.748,6,post_relaunch
2026-08-01,TR05,Lucknow,North,Uttar Pradesh,T2,Hospital Pharmacy,DePURA Kids 10 ml,21,1982.61,0.001,0.761,6,post_relaunch
2026-08-01,TR05,Lucknow,North,Uttar Pradesh,T2,Hospital Pharmacy,DePURA Kids 15 ml,70,8951.25,0.0385,0.76,6,post_relaunch
2026-08-01,TR05,Lucknow,North,Uttar Pradesh,T2,Pharmacy Chain,DePURA Kids 10 ml,24,2084.63,0.0809,0.764,6,post_relaunch
2026-08-01,TR05,Lucknow,North,Uttar Pradesh,T2,Pharmacy Chain,DePURA Kids 15 ml,112,13578.95,0.0884,0.752,6,post_relaunch
2026-08-01,TR05,Lucknow,North,Uttar Pradesh,T2,Retail Chemist,DePURA Kids 10 ml,109,9853.61,0.0434,0.8,6,post_relaunch
2026-08-01,TR05,Lucknow,North,Uttar Pradesh,T2,Retail Chemist,DePURA Kids 15 ml,340,42658.56,0.0566,0.774,6,post_relaunch
2026-08-01,TR06,Kanpur-Agra,North,Uttar Pradesh,T2,E-Pharmacy,DePURA Kids 10 ml,21,1710.97,0.1378,0.708,5,post_relaunch
2026-08-01,TR06,Kanpur-Agra,North,Uttar Pradesh,T2,E-Pharmacy,DePURA Kids 15 ml,78,8786.74,0.153,0.684,5,post_relaunch
2026-08-01,TR06,Kanpur-Agra,North,Uttar Pradesh,T2,Hospital Pharmacy,DePURA Kids 10 ml,23,2158.08,0.0071,0.74,5,post_relaunch
2026-08-01,TR06,Kanpur-Agra,North,Uttar Pradesh,T2,Hospital Pharmacy,DePURA Kids 15 ml,76,9712.13,0.0392,0.638,5,post_relaunch
2026-08-01,TR06,Kanpur-Agra,North,Uttar Pradesh,T2,Pharmacy Chain,DePURA Kids 10 ml,28,2443.32,0.0766,0.681,5,post_relaunch
2026-08-01,TR06,Kanpur-Agra,North,Uttar Pradesh,T2,Pharmacy Chain,DePURA Kids 15 ml,94,11605.66,0.0717,0.711,5,post_relaunch
2026-08-01,TR06,Kanpur-Agra,North,Uttar Pradesh,T2,Retail Chemist,DePURA Kids 10 ml,107,9471.07,0.0633,0.648,5,post_relaunch
2026-08-01,TR06,Kanpur-Agra,North,Uttar Pradesh,T2,Retail Chemist,DePURA Kids 15 ml,301,38495.26,0.0384,0.642,5,post_relaunch
2026-08-01,TR07,Varanasi-Gorakhpur,North,Uttar Pradesh,T3,E-Pharmacy,DePURA Kids 10 ml,4,319.4,0.155,0.719,3,post_relaunch
2026-08-01,TR07,Varanasi-Gorakhpur,North,Uttar Pradesh,T3,E-Pharmacy,DePURA Kids 15 ml,9,1032.52,0.1374,0.715,3,post_relaunch
2026-08-01,TR07,Varanasi-Gorakhpur,North,Uttar Pradesh,T3,Hospital Pharmacy,DePURA Kids 10 ml,6,567.0,0.0,0.59,3,post_relaunch
2026-08-01,TR07,Varanasi-Gorakhpur,North,Uttar Pradesh,T3,Hospital Pharmacy,DePURA Kids 15 ml,13,1711.52,0.0101,0.654,3,post_relaunch
2026-08-01,TR07,Varanasi-Gorakhpur,North,Uttar Pradesh,T3,Pharmacy Chain,DePURA Kids 10 ml,2,177.63,0.0602,0.626,3,post_relaunch
2026-08-01,TR07,Varanasi-Gorakhpur,North,Uttar Pradesh,T3,Pharmacy Chain,DePURA Kids 15 ml,9,1122.37,0.0623,0.689,3,post_relaunch
2026-08-01,TR07,Varanasi-Gorakhpur,North,Uttar Pradesh,T3,Retail Chemist,DePURA Kids 10 ml,33,2946.91,0.055,0.682,3,post_relaunch
2026-08-01,TR07,Varanasi-Gorakhpur,North,Uttar Pradesh,T3,Retail Chemist,DePURA Kids 15 ml,87,11370.08,0.0174,0.682,3,post_relaunch
2026-08-01,TR08,Chandigarh-Mohali,North,Chandigarh,T2,E-Pharmacy,DePURA Kids 10 ml,22,1752.21,0.1572,0.794,7,post_relaunch
2026-08-01,TR08,Chandigarh-Mohali,North,Chandigarh,T2,E-Pharmacy,DePURA Kids 15 ml,62,7191.86,0.1278,0.733,7,post_relaunch
2026-08-01,TR08,Chandigarh-Mohali,North,Chandigarh,T2,Hospital Pharmacy,DePURA Kids 10 ml,21,1938.89,0.023,0.801,7,post_relaunch
2026-08-01,TR08,Chandigarh-Mohali,North,Chandigarh,T2,Hospital Pharmacy,DePURA Kids 15 ml,71,9091.28,0.0372,0.715,7,post_relaunch
2026-08-01,TR08,Chandigarh-Mohali,North,Chandigarh,T2,Pharmacy Chain,DePURA Kids 10 ml,20,1697.72,0.1017,0.693,7,post_relaunch
2026-08-01,TR08,Chandigarh-Mohali,North,Chandigarh,T2,Pharmacy Chain,DePURA Kids 15 ml,82,9854.09,0.0965,0.778,7,post_relaunch
2026-08-01,TR08,Chandigarh-Mohali,North,Chandigarh,T2,Retail Chemist,DePURA Kids 10 ml,69,6337.43,0.0281,0.694,7,post_relaunch
2026-08-01,TR08,Chandigarh-Mohali,North,Chandigarh,T2,Retail Chemist,DePURA Kids 15 ml,269,33532.19,0.0627,0.706,7,post_relaunch
2026-08-01,TR09,Ludhiana-Amritsar,North,Punjab,T2,E-Pharmacy,DePURA Kids 10 ml,17,1335.53,0.1687,0.803,6,post_relaunch
2026-08-01,TR09,Ludhiana-Amritsar,North,Punjab,T2,E-Pharmacy,DePURA Kids 15 ml,73,8347.82,0.1402,0.836,6,post_relaunch
2026-08-01,TR09,Ludhiana-Amritsar,North,Punjab,T2,Hospital Pharmacy,DePURA Kids 10 ml,17,1562.0,0.0277,0.785,6,post_relaunch
2026-08-01,TR09,Ludhiana-Amritsar,North,Punjab,T2,Hospital Pharmacy,DePURA Kids 15 ml,56,7192.83,0.0343,0.758,6,post_relaunch
2026-08-01,TR09,Ludhiana-Amritsar,North,Punjab,T2,Pharmacy Chain,DePURA Kids 10 ml,16,1379.75,0.0875,0.763,6,post_relaunch
2026-08-01,TR09,Ludhiana-Amritsar,North,Punjab,T2,Pharmacy Chain,DePURA Kids 15 ml,61,7461.02,0.0804,0.837,6,post_relaunch
2026-08-01,TR09,Ludhiana-Amritsar,North,Punjab,T2,Retail Chemist,DePURA Kids 10 ml,59,5327.1,0.0446,0.729,6,post_relaunch
2026-08-01,TR09,Ludhiana-Amritsar,North,Punjab,T2,Retail Chemist,DePURA Kids 15 ml,192,25061.15,0.0186,0.784,6,post_relaunch
2026-08-01,TR10,Jaipur,North,Rajasthan,T2,E-Pharmacy,DePURA Kids 10 ml,6,492.87,0.1307,0.747,7,post_relaunch
2026-08-01,TR10,Jaipur,North,Rajasthan,T2,E-Pharmacy,DePURA Kids 15 ml,22,2494.4,0.1475,0.697,7,post_relaunch
2026-08-01,TR10,Jaipur,North,Rajasthan,T2,Hospital Pharmacy,DePURA Kids 10 ml,7,659.87,0.0025,0.708,7,post_relaunch
2026-08-01,TR10,Jaipur,North,Rajasthan,T2,Hospital Pharmacy,DePURA Kids 15 ml,24,3168.16,0.0075,0.681,7,post_relaunch
2026-08-01,TR10,Jaipur,North,Rajasthan,T2,Pharmacy Chain,DePURA Kids 10 ml,9,775.35,0.0884,0.693,7,post_relaunch
2026-08-01,TR10,Jaipur,North,Rajasthan,T2,Pharmacy Chain,DePURA Kids 15 ml,25,3045.57,0.084,0.673,7,post_relaunch
2026-08-01,TR10,Jaipur,North,Rajasthan,T2,Retail Chemist,DePURA Kids 10 ml,29,2652.68,0.032,0.718,7,post_relaunch
2026-08-01,TR10,Jaipur,North,Rajasthan,T2,Retail Chemist,DePURA Kids 15 ml,88,11179.17,0.0448,0.654,7,post_relaunch
2026-08-01,TR11,Dehradun,North,Uttarakhand,T3,E-Pharmacy,DePURA Kids 10 ml,9,722.58,0.1504,0.825,6,post_relaunch
2026-08-01,TR11,Dehradun,North,Uttarakhand,T3,E-Pharmacy,DePURA Kids 15 ml,19,2164.61,0.1434,0.861,6,post_relaunch
2026-08-01,TR11,Dehradun,North,Uttarakhand,T3,Hospital Pharmacy,DePURA Kids 10 ml,12,1111.59,0.0198,0.756,6,post_relaunch
2026-08-01,TR11,Dehradun,North,Uttarakhand,T3,Hospital Pharmacy,DePURA Kids 15 ml,21,2793.0,0.0,0.804,6,post_relaunch
2026-08-01,TR11,Dehradun,North,Uttarakhand,T3,Pharmacy Chain,DePURA Kids 10 ml,9,804.93,0.0536,0.852,6,post_relaunch
2026-08-01,TR11,Dehradun,North,Uttarakhand,T3,Pharmacy Chain,DePURA Kids 15 ml,18,2226.14,0.0701,0.763,6,post_relaunch
2026-08-01,TR11,Dehradun,North,Uttarakhand,T3,Retail Chemist,DePURA Kids 10 ml,82,7471.96,0.0358,0.818,6,post_relaunch
2026-08-01,TR11,Dehradun,North,Uttarakhand,T3,Retail Chemist,DePURA Kids 15 ml,176,22285.67,0.0479,0.872,6,post_relaunch
2026-08-01,TR12,Mumbai West,West,Maharashtra,T1,E-Pharmacy,DePURA Kids 10 ml,28,2290.2,0.1345,0.948,10,post_relaunch
2026-08-01,TR12,Mumbai West,West,Maharashtra,T1,E-Pharmacy,DePURA Kids 15 ml,118,13221.61,0.1575,0.898,10,post_relaunch
2026-08-01,TR12,Mumbai West,West,Maharashtra,T1,Hospital Pharmacy,DePURA Kids 10 ml,20,1883.88,0.0032,0.929,10,post_relaunch
2026-08-01,TR12,Mumbai West,West,Maharashtra,T1,Hospital Pharmacy,DePURA Kids 15 ml,98,12866.94,0.0128,0.957,10,post_relaunch
2026-08-01,TR12,Mumbai West,West,Maharashtra,T1,Pharmacy Chain,DePURA Kids 10 ml,26,2275.59,0.0738,0.908,10,post_relaunch
2026-08-01,TR12,Mumbai West,West,Maharashtra,T1,Pharmacy Chain,DePURA Kids 15 ml,127,15716.86,0.0695,0.939,10,post_relaunch
2026-08-01,TR12,Mumbai West,West,Maharashtra,T1,Retail Chemist,DePURA Kids 10 ml,74,6748.36,0.035,0.973,10,post_relaunch
2026-08-01,TR12,Mumbai West,West,Maharashtra,T1,Retail Chemist,DePURA Kids 15 ml,305,38714.14,0.0456,0.895,10,post_relaunch
2026-08-01,TR13,Mumbai Thane,West,Maharashtra,T1,E-Pharmacy,DePURA Kids 10 ml,73,5870.58,0.149,1.0,14,post_relaunch
2026-08-01,TR13,Mumbai Thane,West,Maharashtra,T1,E-Pharmacy,DePURA Kids 15 ml,388,44659.25,0.1346,0.993,14,post_relaunch
2026-08-01,TR13,Mumbai Thane,West,Maharashtra,T1,Hospital Pharmacy,DePURA Kids 10 ml,63,5953.5,0.0,0.911,14,post_relaunch
2026-08-01,TR13,Mumbai Thane,West,Maharashtra,T1,Hospital Pharmacy,DePURA Kids 15 ml,282,36367.64,0.0304,0.922,14,post_relaunch
2026-08-01,TR13,Mumbai Thane,West,Maharashtra,T1,Pharmacy Chain,DePURA Kids 10 ml,101,8632.24,0.0956,1.0,14,post_relaunch
2026-08-01,TR13,Mumbai Thane,West,Maharashtra,T1,Pharmacy Chain,DePURA Kids 15 ml,346,42539.8,0.0756,0.891,14,post_relaunch
2026-08-01,TR13,Mumbai Thane,West,Maharashtra,T1,Retail Chemist,DePURA Kids 10 ml,272,24944.44,0.0296,1.0,14,post_relaunch
2026-08-01,TR13,Mumbai Thane,West,Maharashtra,T1,Retail Chemist,DePURA Kids 15 ml,1034,132140.3,0.0391,0.881,14,post_relaunch
2026-08-01,TR14,Pune,West,Maharashtra,T1,E-Pharmacy,DePURA Kids 10 ml,93,7335.1,0.1654,0.843,11,post_relaunch
2026-08-01,TR14,Pune,West,Maharashtra,T1,E-Pharmacy,DePURA Kids 15 ml,327,36620.96,0.158,0.742,11,post_relaunch
2026-08-01,TR14,Pune,West,Maharashtra,T1,Hospital Pharmacy,DePURA Kids 10 ml,48,4359.82,0.0388,0.792,11,post_relaunch
2026-08-01,TR14,Pune,West,Maharashtra,T1,Hospital Pharmacy,DePURA Kids 15 ml,253,32680.76,0.0288,0.791,11,post_relaunch
2026-08-01,TR14,Pune,West,Maharashtra,T1,Pharmacy Chain,DePURA Kids 10 ml,69,5933.43,0.09,0.781,11,post_relaunch
2026-08-01,TR14,Pune,West,Maharashtra,T1,Pharmacy Chain,DePURA Kids 15 ml,290,36274.67,0.0595,0.741,11,post_relaunch
2026-08-01,TR14,Pune,West,Maharashtra,T1,Retail Chemist,DePURA Kids 10 ml,159,14136.97,0.0591,0.755,11,post_relaunch
2026-08-01,TR14,Pune,West,Maharashtra,T1,Retail Chemist,DePURA Kids 15 ml,734,93751.43,0.0396,0.775,11,post_relaunch
2026-08-01,TR15,Nagpur,West,Maharashtra,T2,E-Pharmacy,DePURA Kids 10 ml,22,1753.91,0.1564,0.857,10,post_relaunch
2026-08-01,TR15,Nagpur,West,Maharashtra,T2,E-Pharmacy,DePURA Kids 15 ml,69,7957.81,0.1329,0.864,10,post_relaunch
2026-08-01,TR15,Nagpur,West,Maharashtra,T2,Hospital Pharmacy,DePURA Kids 10 ml,21,1978.15,0.0032,0.81,10,post_relaunch
2026-08-01,TR15,Nagpur,West,Maharashtra,T2,Hospital Pharmacy,DePURA Kids 15 ml,74,9409.03,0.044,0.83,10,post_relaunch
2026-08-01,TR15,Nagpur,West,Maharashtra,T2,Pharmacy Chain,DePURA Kids 10 ml,24,2070.92,0.0869,0.872,10,post_relaunch
2026-08-01,TR15,Nagpur,West,Maharashtra,T2,Pharmacy Chain,DePURA Kids 15 ml,86,10571.96,0.0757,0.811,10,post_relaunch
2026-08-01,TR15,Nagpur,West,Maharashtra,T2,Retail Chemist,DePURA Kids 10 ml,96,8858.43,0.0235,0.833,10,post_relaunch
2026-08-01,TR15,Nagpur,West,Maharashtra,T2,Retail Chemist,DePURA Kids 15 ml,291,38244.99,0.0118,0.877,10,post_relaunch
2026-08-01,TR16,Ahmedabad,West,Gujarat,T1,E-Pharmacy,DePURA Kids 10 ml,77,6196.1,0.1485,0.957,16,post_relaunch
2026-08-01,TR16,Ahmedabad,West,Gujarat,T1,E-Pharmacy,DePURA Kids 15 ml,366,41044.58,0.1568,1.0,16,post_relaunch
2026-08-01,TR16,Ahmedabad,West,Gujarat,T1,Hospital Pharmacy,DePURA Kids 10 ml,46,4279.55,0.0155,0.899,16,post_relaunch
2026-08-01,TR16,Ahmedabad,West,Gujarat,T1,Hospital Pharmacy,DePURA Kids 15 ml,218,28388.76,0.0209,1.0,16,post_relaunch
2026-08-01,TR16,Ahmedabad,West,Gujarat,T1,Pharmacy Chain,DePURA Kids 10 ml,62,5340.45,0.0885,0.969,16,post_relaunch
2026-08-01,TR16,Ahmedabad,West,Gujarat,T1,Pharmacy Chain,DePURA Kids 15 ml,281,33984.89,0.0907,0.962,16,post_relaunch
2026-08-01,TR16,Ahmedabad,West,Gujarat,T1,Retail Chemist,DePURA Kids 10 ml,153,13877.98,0.0402,0.96,16,post_relaunch
2026-08-01,TR16,Ahmedabad,West,Gujarat,T1,Retail Chemist,DePURA Kids 15 ml,728,91680.0,0.0531,0.97,16,post_relaunch
2026-08-01,TR17,Surat-Vadodara,West,Gujarat,T2,E-Pharmacy,DePURA Kids 10 ml,23,1841.95,0.1525,0.713,5,post_relaunch
2026-08-01,TR17,Surat-Vadodara,West,Gujarat,T2,E-Pharmacy,DePURA Kids 15 ml,68,7625.52,0.1568,0.697,5,post_relaunch
2026-08-01,TR17,Surat-Vadodara,West,Gujarat,T2,Hospital Pharmacy,DePURA Kids 10 ml,18,1671.89,0.0171,0.709,5,post_relaunch
2026-08-01,TR17,Surat-Vadodara,West,Gujarat,T2,Hospital Pharmacy,DePURA Kids 15 ml,76,9979.85,0.0127,0.68,5,post_relaunch
2026-08-01,TR17,Surat-Vadodara,West,Gujarat,T2,Pharmacy Chain,DePURA Kids 10 ml,20,1712.77,0.0938,0.633,5,post_relaunch
2026-08-01,TR17,Surat-Vadodara,West,Gujarat,T2,Pharmacy Chain,DePURA Kids 15 ml,64,7782.36,0.0857,0.668,5,post_relaunch
2026-08-01,TR17,Surat-Vadodara,West,Gujarat,T2,Retail Chemist,DePURA Kids 10 ml,91,8105.0,0.0575,0.705,5,post_relaunch
2026-08-01,TR17,Surat-Vadodara,West,Gujarat,T2,Retail Chemist,DePURA Kids 15 ml,266,33650.41,0.0488,0.698,5,post_relaunch
2026-08-01,TR18,Rajkot,West,Gujarat,T3,E-Pharmacy,DePURA Kids 10 ml,14,1123.19,0.151,0.726,7,post_relaunch
2026-08-01,TR18,Rajkot,West,Gujarat,T3,E-Pharmacy,DePURA Kids 15 ml,29,3280.68,0.1494,0.748,7,post_relaunch
2026-08-01,TR18,Rajkot,West,Gujarat,T3,Hospital Pharmacy,DePURA Kids 10 ml,18,1683.06,0.0105,0.738,7,post_relaunch
2026-08-01,TR18,Rajkot,West,Gujarat,T3,Hospital Pharmacy,DePURA Kids 15 ml,37,4859.74,0.0124,0.67,7,post_relaunch
2026-08-01,TR18,Rajkot,West,Gujarat,T3,Pharmacy Chain,DePURA Kids 10 ml,10,878.85,0.07,0.728,7,post_relaunch
2026-08-01,TR18,Rajkot,West,Gujarat,T3,Pharmacy Chain,DePURA Kids 15 ml,27,3248.21,0.0955,0.724,7,post_relaunch
2026-08-01,TR18,Rajkot,West,Gujarat,T3,Retail Chemist,DePURA Kids 10 ml,89,7892.51,0.0486,0.735,7,post_relaunch
2026-08-01,TR18,Rajkot,West,Gujarat,T3,Retail Chemist,DePURA Kids 15 ml,250,32521.39,0.0219,0.736,7,post_relaunch
2026-08-01,TR19,Indore,Central,Madhya Pradesh,T2,E-Pharmacy,DePURA Kids 10 ml,39,3063.79,0.1687,0.787,6,post_relaunch
2026-08-01,TR19,Indore,Central,Madhya Pradesh,T2,E-Pharmacy,DePURA Kids 15 ml,109,12583.5,0.132,0.719,6,post_relaunch
2026-08-01,TR19,Indore,Central,Madhya Pradesh,T2,Hospital Pharmacy,DePURA Kids 10 ml,35,3165.8,0.0428,0.668,6,post_relaunch
2026-08-01,TR19,Indore,Central,Madhya Pradesh,T2,Hospital Pharmacy,DePURA Kids 15 ml,123,16335.95,0.0014,0.616,6,post_relaunch
2026-08-01,TR19,Indore,Central,Madhya Pradesh,T2,Pharmacy Chain,DePURA Kids 10 ml,32,2809.66,0.0883,0.689,6,post_relaunch
2026-08-01,TR19,Indore,Central,Madhya Pradesh,T2,Pharmacy Chain,DePURA Kids 15 ml,111,13660.43,0.0747,0.716,6,post_relaunch
2026-08-01,TR19,Indore,Central,Madhya Pradesh,T2,Retail Chemist,DePURA Kids 10 ml,176,15886.16,0.0448,0.709,6,post_relaunch
2026-08-01,TR19,Indore,Central,Madhya Pradesh,T2,Retail Chemist,DePURA Kids 15 ml,473,59611.74,0.0524,0.681,6,post_relaunch
2026-08-01,TR20,Bhopal,Central,Madhya Pradesh,T2,E-Pharmacy,DePURA Kids 10 ml,9,727.58,0.1445,0.78,3,post_relaunch
2026-08-01,TR20,Bhopal,Central,Madhya Pradesh,T2,E-Pharmacy,DePURA Kids 15 ml,38,4217.09,0.1656,0.718,3,post_relaunch
2026-08-01,TR20,Bhopal,Central,Madhya Pradesh,T2,Hospital Pharmacy,DePURA Kids 10 ml,12,1099.7,0.0302,0.62,3,post_relaunch
2026-08-01,TR20,Bhopal,Central,Madhya Pradesh,T2,Hospital Pharmacy,DePURA Kids 15 ml,36,4788.0,0.02805,0.65,3,post_relaunch
2026-08-01,TR20,Bhopal,Central,Madhya Pradesh,T2,Pharmacy Chain,DePURA Kids 10 ml,12,1050.31,0.0738,0.677,3,post_relaunch
2026-08-01,TR20,Bhopal,Central,Madhya Pradesh,T2,Pharmacy Chain,DePURA Kids 15 ml,35,4242.0,0.0887,0.65,3,post_relaunch
2026-08-01,TR20,Bhopal,Central,Madhya Pradesh,T2,Retail Chemist,DePURA Kids 10 ml,52,4759.5,0.0314,0.752,3,post_relaunch
2026-08-01,TR20,Bhopal,Central,Madhya Pradesh,T2,Retail Chemist,DePURA Kids 15 ml,159,20259.59,0.042,0.701,3,post_relaunch
2026-08-01,TR21,Jabalpur,Central,Madhya Pradesh,T3,E-Pharmacy,DePURA Kids 10 ml,9,727.89,0.1442,0.945,5,post_relaunch
2026-08-01,TR21,Jabalpur,Central,Madhya Pradesh,T3,E-Pharmacy,DePURA Kids 15 ml,20,2244.75,0.1561,0.91,5,post_relaunch
2026-08-01,TR21,Jabalpur,Central,Madhya Pradesh,T3,Hospital Pharmacy,DePURA Kids 10 ml,14,1273.78,0.0372,0.877,5,post_relaunch
2026-08-01,TR21,Jabalpur,Central,Madhya Pradesh,T3,Hospital Pharmacy,DePURA Kids 15 ml,39,5104.2,0.016,0.946,5,post_relaunch
2026-08-01,TR21,Jabalpur,Central,Madhya Pradesh,T3,Pharmacy Chain,DePURA Kids 10 ml,8,696.78,0.0783,0.924,5,post_relaunch
2026-08-01,TR21,Jabalpur,Central,Madhya Pradesh,T3,Pharmacy Chain,DePURA Kids 15 ml,21,2538.5,0.0911,0.906,5,post_relaunch
2026-08-01,TR21,Jabalpur,Central,Madhya Pradesh,T3,Retail Chemist,DePURA Kids 10 ml,80,7181.46,0.0501,0.91,5,post_relaunch
2026-08-01,TR21,Jabalpur,Central,Madhya Pradesh,T3,Retail Chemist,DePURA Kids 15 ml,182,22669.05,0.0635,0.905,5,post_relaunch
2026-08-01,TR22,Raipur,Central,Chhattisgarh,T3,E-Pharmacy,DePURA Kids 10 ml,18,1456.7,0.1436,0.797,6,post_relaunch
2026-08-01,TR22,Raipur,Central,Chhattisgarh,T3,E-Pharmacy,DePURA Kids 15 ml,43,4911.14,0.1413,0.87,6,post_relaunch
2026-08-01,TR22,Raipur,Central,Chhattisgarh,T3,Hospital Pharmacy,DePURA Kids 10 ml,24,2258.49,0.0042,0.736,6,post_relaunch
2026-08-01,TR22,Raipur,Central,Chhattisgarh,T3,Hospital Pharmacy,DePURA Kids 15 ml,63,8096.93,0.0337,0.833,6,post_relaunch
2026-08-01,TR22,Raipur,Central,Chhattisgarh,T3,Pharmacy Chain,DePURA Kids 10 ml,18,1575.85,0.0736,0.813,6,post_relaunch
2026-08-01,TR22,Raipur,Central,Chhattisgarh,T3,Pharmacy Chain,DePURA Kids 15 ml,42,5240.95,0.0618,0.766,6,post_relaunch
2026-08-01,TR22,Raipur,Central,Chhattisgarh,T3,Retail Chemist,DePURA Kids 10 ml,162,14648.54,0.0431,0.795,6,post_relaunch
2026-08-01,TR22,Raipur,Central,Chhattisgarh,T3,Retail Chemist,DePURA Kids 15 ml,382,49499.4,0.0257,0.786,6,post_relaunch
2026-08-01,TR23,Bengaluru North,South,Karnataka,T1,E-Pharmacy,DePURA Kids 10 ml,87,7083.51,0.1384,0.982,11,post_relaunch
2026-08-01,TR23,Bengaluru North,South,Karnataka,T1,E-Pharmacy,DePURA Kids 15 ml,371,42935.94,0.1298,0.926,11,post_relaunch
2026-08-01,TR23,Bengaluru North,South,Karnataka,T1,Hospital Pharmacy,DePURA Kids 10 ml,47,4406.9,0.0078,0.946,11,post_relaunch
2026-08-01,TR23,Bengaluru North,South,Karnataka,T1,Hospital Pharmacy,DePURA Kids 15 ml,280,35705.43,0.0412,0.93,11,post_relaunch
2026-08-01,TR23,Bengaluru North,South,Karnataka,T1,Pharmacy Chain,DePURA Kids 10 ml,69,6012.29,0.0779,0.915,11,post_relaunch
2026-08-01,TR23,Bengaluru North,South,Karnataka,T1,Pharmacy Chain,DePURA Kids 15 ml,326,40893.2,0.0568,0.954,11,post_relaunch
2026-08-01,TR23,Bengaluru North,South,Karnataka,T1,Retail Chemist,DePURA Kids 10 ml,241,21472.31,0.0572,0.917,11,post_relaunch
2026-08-01,TR23,Bengaluru North,South,Karnataka,T1,Retail Chemist,DePURA Kids 15 ml,792,100546.21,0.0455,0.918,11,post_relaunch
2026-08-01,TR24,Bengaluru South,South,Karnataka,T1,E-Pharmacy,DePURA Kids 10 ml,81,6547.48,0.1446,0.994,16,post_relaunch
2026-08-01,TR24,Bengaluru South,South,Karnataka,T1,E-Pharmacy,DePURA Kids 15 ml,378,42099.6,0.1626,1.0,16,post_relaunch
2026-08-01,TR24,Bengaluru South,South,Karnataka,T1,Hospital Pharmacy,DePURA Kids 10 ml,63,5771.52,0.0306,0.949,16,post_relaunch
2026-08-01,TR24,Bengaluru South,South,Karnataka,T1,Hospital Pharmacy,DePURA Kids 15 ml,232,30067.76,0.0255,1.0,16,post_relaunch
2026-08-01,TR24,Bengaluru South,South,Karnataka,T1,Pharmacy Chain,DePURA Kids 10 ml,74,6564.12,0.0613,0.963,16,post_relaunch
2026-08-01,TR24,Bengaluru South,South,Karnataka,T1,Pharmacy Chain,DePURA Kids 15 ml,408,50027.59,0.0781,0.983,16,post_relaunch
2026-08-01,TR24,Bengaluru South,South,Karnataka,T1,Retail Chemist,DePURA Kids 10 ml,186,16713.04,0.0492,0.995,16,post_relaunch
2026-08-01,TR24,Bengaluru South,South,Karnataka,T1,Retail Chemist,DePURA Kids 15 ml,1155,145964.85,0.0498,1.0,16,post_relaunch
2026-08-01,TR25,Mysuru-Mangaluru,South,Karnataka,T3,E-Pharmacy,DePURA Kids 10 ml,9,728.06,0.144,0.855,4,post_relaunch
2026-08-01,TR25,Mysuru-Mangaluru,South,Karnataka,T3,E-Pharmacy,DePURA Kids 15 ml,20,2270.11,0.1466,0.8,4,post_relaunch
2026-08-01,TR25,Mysuru-Mangaluru,South,Karnataka,T3,Hospital Pharmacy,DePURA Kids 10 ml,12,1093.29,0.0359,0.778,4,post_relaunch
2026-08-01,TR25,Mysuru-Mangaluru,South,Karnataka,T3,Hospital Pharmacy,DePURA Kids 15 ml,32,4194.55,0.0144,0.773,4,post_relaunch
2026-08-01,TR25,Mysuru-Mangaluru,South,Karnataka,T3,Pharmacy Chain,DePURA Kids 10 ml,8,709.75,0.0612,0.788,4,post_relaunch
2026-08-01,TR25,Mysuru-Mangaluru,South,Karnataka,T3,Pharmacy Chain,DePURA Kids 15 ml,14,1705.13,0.0842,0.787,4,post_relaunch
2026-08-01,TR25,Mysuru-Mangaluru,South,Karnataka,T3,Retail Chemist,DePURA Kids 10 ml,59,5460.86,0.0206,0.765,4,post_relaunch
2026-08-01,TR25,Mysuru-Mangaluru,South,Karnataka,T3,Retail Chemist,DePURA Kids 15 ml,165,20585.5,0.062,0.721,4,post_relaunch
2026-08-01,TR26,Chennai,South,Tamil Nadu,T1,E-Pharmacy,DePURA Kids 10 ml,61,4884.99,0.1526,0.854,16,post_relaunch
2026-08-01,TR26,Chennai,South,Tamil Nadu,T1,E-Pharmacy,DePURA Kids 15 ml,372,42440.73,0.1422,0.903,16,post_relaunch
2026-08-01,TR26,Chennai,South,Tamil Nadu,T1,Hospital Pharmacy,DePURA Kids 10 ml,42,3898.88,0.0177,0.844,16,post_relaunch
2026-08-01,TR26,Chennai,South,Tamil Nadu,T1,Hospital Pharmacy,DePURA Kids 15 ml,233,29918.67,0.0345,0.87,16,post_relaunch
2026-08-01,TR26,Chennai,South,Tamil Nadu,T1,Pharmacy Chain,DePURA Kids 10 ml,78,6824.64,0.0741,0.856,16,post_relaunch
2026-08-01,TR26,Chennai,South,Tamil Nadu,T1,Pharmacy Chain,DePURA Kids 15 ml,290,36030.2,0.0658,0.853,16,post_relaunch
2026-08-01,TR26,Chennai,South,Tamil Nadu,T1,Retail Chemist,DePURA Kids 10 ml,128,11888.62,0.0171,0.861,16,post_relaunch
2026-08-01,TR26,Chennai,South,Tamil Nadu,T1,Retail Chemist,DePURA Kids 15 ml,802,102116.74,0.0426,0.794,16,post_relaunch
2026-08-01,TR27,Coimbatore-Madurai,South,Tamil Nadu,T2,E-Pharmacy,DePURA Kids 10 ml,40,3129.07,0.1722,0.973,8,post_relaunch
2026-08-01,TR27,Coimbatore-Madurai,South,Tamil Nadu,T2,E-Pharmacy,DePURA Kids 15 ml,94,10402.41,0.1679,0.942,8,post_relaunch
2026-08-01,TR27,Coimbatore-Madurai,South,Tamil Nadu,T2,Hospital Pharmacy,DePURA Kids 10 ml,36,3313.07,0.0261,0.874,8,post_relaunch
2026-08-01,TR27,Coimbatore-Madurai,South,Tamil Nadu,T2,Hospital Pharmacy,DePURA Kids 15 ml,127,16081.22,0.0479,0.933,8,post_relaunch
2026-08-01,TR27,Coimbatore-Madurai,South,Tamil Nadu,T2,Pharmacy Chain,DePURA Kids 10 ml,41,3519.84,0.0915,0.903,8,post_relaunch
2026-08-01,TR27,Coimbatore-Madurai,South,Tamil Nadu,T2,Pharmacy Chain,DePURA Kids 15 ml,118,14288.8,0.0895,0.895,8,post_relaunch
2026-08-01,TR27,Coimbatore-Madurai,South,Tamil Nadu,T2,Retail Chemist,DePURA Kids 10 ml,146,13133.37,0.0481,0.888,8,post_relaunch
2026-08-01,TR27,Coimbatore-Madurai,South,Tamil Nadu,T2,Retail Chemist,DePURA Kids 15 ml,532,66918.65,0.0542,0.907,8,post_relaunch
2026-08-01,TR28,Hyderabad,South,Telangana,T1,E-Pharmacy,DePURA Kids 10 ml,101,8117.18,0.1495,0.971,9,post_relaunch
2026-08-01,TR28,Hyderabad,South,Telangana,T1,E-Pharmacy,DePURA Kids 15 ml,524,57438.68,0.1758,1.0,9,post_relaunch
2026-08-01,TR28,Hyderabad,South,Telangana,T1,Hospital Pharmacy,DePURA Kids 10 ml,56,5091.22,0.0379,0.915,9,post_relaunch
2026-08-01,TR28,Hyderabad,South,Telangana,T1,Hospital Pharmacy,DePURA Kids 15 ml,376,48522.68,0.0297,0.959,9,post_relaunch
2026-08-01,TR28,Hyderabad,South,Telangana,T1,Pharmacy Chain,DePURA Kids 10 ml,97,8496.32,0.0731,0.885,9,post_relaunch
2026-08-01,TR28,Hyderabad,South,Telangana,T1,Pharmacy Chain,DePURA Kids 15 ml,474,58173.93,0.0772,0.897,9,post_relaunch
2026-08-01,TR28,Hyderabad,South,Telangana,T1,Retail Chemist,DePURA Kids 10 ml,267,24260.73,0.0385,0.914,9,post_relaunch
2026-08-01,TR28,Hyderabad,South,Telangana,T1,Retail Chemist,DePURA Kids 15 ml,889,112440.62,0.049,0.949,9,post_relaunch
2026-08-01,TR29,Vijayawada-Vizag,South,Andhra Pradesh,T2,E-Pharmacy,DePURA Kids 10 ml,11,898.76,0.1354,0.784,5,post_relaunch
2026-08-01,TR29,Vijayawada-Vizag,South,Andhra Pradesh,T2,E-Pharmacy,DePURA Kids 15 ml,57,6389.88,0.1571,0.918,5,post_relaunch
2026-08-01,TR29,Vijayawada-Vizag,South,Andhra Pradesh,T2,Hospital Pharmacy,DePURA Kids 10 ml,12,1112.22,0.0192,0.795,5,post_relaunch
2026-08-01,TR29,Vijayawada-Vizag,South,Andhra Pradesh,T2,Hospital Pharmacy,DePURA Kids 15 ml,39,5113.65,0.0141,0.829,5,post_relaunch
2026-08-01,TR29,Vijayawada-Vizag,South,Andhra Pradesh,T2,Pharmacy Chain,DePURA Kids 10 ml,16,1367.35,0.0957,0.857,5,post_relaunch
2026-08-01,TR29,Vijayawada-Vizag,South,Andhra Pradesh,T2,Pharmacy Chain,DePURA Kids 15 ml,61,7477.98,0.0783,0.899,5,post_relaunch
2026-08-01,TR29,Vijayawada-Vizag,South,Andhra Pradesh,T2,Retail Chemist,DePURA Kids 10 ml,56,5163.02,0.0244,0.89,5,post_relaunch
2026-08-01,TR29,Vijayawada-Vizag,South,Andhra Pradesh,T2,Retail Chemist,DePURA Kids 15 ml,183,23237.14,0.0453,0.9,5,post_relaunch
2026-08-01,TR30,Kochi-Trivandrum,South,Kerala,T2,E-Pharmacy,DePURA Kids 10 ml,36,2858.23,0.1598,0.882,5,post_relaunch
2026-08-01,TR30,Kochi-Trivandrum,South,Kerala,T2,E-Pharmacy,DePURA Kids 15 ml,124,14062.47,0.1473,0.814,5,post_relaunch
2026-08-01,TR30,Kochi-Trivandrum,South,Kerala,T2,Hospital Pharmacy,DePURA Kids 10 ml,30,2739.96,0.0335,0.823,5,post_relaunch
2026-08-01,TR30,Kochi-Trivandrum,South,Kerala,T2,Hospital Pharmacy,DePURA Kids 15 ml,108,13745.53,0.0431,0.8,5,post_relaunch
2026-08-01,TR30,Kochi-Trivandrum,South,Kerala,T2,Pharmacy Chain,DePURA Kids 10 ml,33,2818.44,0.0962,0.865,5,post_relaunch
2026-08-01,TR30,Kochi-Trivandrum,South,Kerala,T2,Pharmacy Chain,DePURA Kids 15 ml,114,14105.73,0.0697,0.832,5,post_relaunch
2026-08-01,TR30,Kochi-Trivandrum,South,Kerala,T2,Retail Chemist,DePURA Kids 10 ml,169,15483.87,0.0305,0.827,5,post_relaunch
2026-08-01,TR30,Kochi-Trivandrum,South,Kerala,T2,Retail Chemist,DePURA Kids 15 ml,457,55755.85,0.0827,0.818,5,post_relaunch
2026-08-01,TR31,Kolkata,East,West Bengal,T1,E-Pharmacy,DePURA Kids 10 ml,54,4312.59,0.1549,0.987,16,post_relaunch
2026-08-01,TR31,Kolkata,East,West Bengal,T1,E-Pharmacy,DePURA Kids 15 ml,275,31315.09,0.1438,0.993,16,post_relaunch
2026-08-01,TR31,Kolkata,East,West Bengal,T1,Hospital Pharmacy,DePURA Kids 10 ml,38,3591.0,0.0,1.0,16,post_relaunch
2026-08-01,TR31,Kolkata,East,West Bengal,T1,Hospital Pharmacy,DePURA Kids 15 ml,211,28063.0,0.0,0.935,16,post_relaunch
2026-08-01,TR31,Kolkata,East,West Bengal,T1,Pharmacy Chain,DePURA Kids 10 ml,51,4366.82,0.0939,0.941,16,post_relaunch
2026-08-01,TR31,Kolkata,East,West Bengal,T1,Pharmacy Chain,DePURA Kids 15 ml,257,31006.64,0.0929,0.913,16,post_relaunch
2026-08-01,TR31,Kolkata,East,West Bengal,T1,Retail Chemist,DePURA Kids 10 ml,146,13505.33,0.0211,0.95,16,post_relaunch
2026-08-01,TR31,Kolkata,East,West Bengal,T1,Retail Chemist,DePURA Kids 15 ml,619,79088.68,0.0393,0.968,16,post_relaunch
2026-08-01,TR32,Siliguri-Durgapur,East,West Bengal,T3,E-Pharmacy,DePURA Kids 10 ml,7,564.14,0.1472,0.868,3,post_relaunch
2026-08-01,TR32,Siliguri-Durgapur,East,West Bengal,T3,E-Pharmacy,DePURA Kids 15 ml,24,2802.5,0.122,0.901,3,post_relaunch
2026-08-01,TR32,Siliguri-Durgapur,East,West Bengal,T3,Hospital Pharmacy,DePURA Kids 10 ml,15,1378.1,0.0278,0.829,3,post_relaunch
2026-08-01,TR32,Siliguri-Durgapur,East,West Bengal,T3,Hospital Pharmacy,DePURA Kids 15 ml,35,4583.01,0.0155,0.881,3,post_relaunch
2026-08-01,TR32,Siliguri-Durgapur,East,West Bengal,T3,Pharmacy Chain,DePURA Kids 10 ml,10,864.51,0.0852,0.827,3,post_relaunch
2026-08-01,TR32,Siliguri-Durgapur,East,West Bengal,T3,Pharmacy Chain,DePURA Kids 15 ml,17,2062.61,0.0877,0.811,3,post_relaunch
2026-08-01,TR32,Siliguri-Durgapur,East,West Bengal,T3,Retail Chemist,DePURA Kids 10 ml,63,5712.25,0.0405,0.839,3,post_relaunch
2026-08-01,TR32,Siliguri-Durgapur,East,West Bengal,T3,Retail Chemist,DePURA Kids 15 ml,177,23116.21,0.018,0.814,3,post_relaunch
2026-08-01,TR33,Patna,East,Bihar,T2,E-Pharmacy,DePURA Kids 10 ml,19,1531.03,0.1473,0.901,6,post_relaunch
2026-08-01,TR33,Patna,East,Bihar,T2,E-Pharmacy,DePURA Kids 15 ml,74,8492.07,0.1372,0.932,6,post_relaunch
2026-08-01,TR33,Patna,East,Bihar,T2,Hospital Pharmacy,DePURA Kids 10 ml,18,1669.1,0.0188,0.865,6,post_relaunch
2026-08-01,TR33,Patna,East,Bihar,T2,Hospital Pharmacy,DePURA Kids 15 ml,57,7568.81,0.0016,0.853,6,post_relaunch
2026-08-01,TR33,Patna,East,Bihar,T2,Pharmacy Chain,DePURA Kids 10 ml,19,1653.32,0.0792,0.774,6,post_relaunch
2026-08-01,TR33,Patna,East,Bihar,T2,Pharmacy Chain,DePURA Kids 15 ml,65,7816.21,0.0959,0.852,6,post_relaunch
2026-08-01,TR33,Patna,East,Bihar,T2,Retail Chemist,DePURA Kids 10 ml,91,8292.52,0.0357,0.87,6,post_relaunch
2026-08-01,TR33,Patna,East,Bihar,T2,Retail Chemist,DePURA Kids 15 ml,252,32106.48,0.0421,0.766,6,post_relaunch
2026-08-01,TR34,Ranchi,East,Jharkhand,T3,E-Pharmacy,DePURA Kids 10 ml,7,579.1,0.1246,0.821,6,post_relaunch
2026-08-01,TR34,Ranchi,East,Jharkhand,T3,E-Pharmacy,DePURA Kids 15 ml,24,2753.05,0.1375,0.829,6,post_relaunch
2026-08-01,TR34,Ranchi,East,Jharkhand,T3,Hospital Pharmacy,DePURA Kids 10 ml,15,1343.37,0.0523,0.747,6,post_relaunch
2026-08-01,TR34,Ranchi,East,Jharkhand,T3,Hospital Pharmacy,DePURA Kids 15 ml,39,5101.14,0.0166,0.786,6,post_relaunch
2026-08-01,TR34,Ranchi,East,Jharkhand,T3,Pharmacy Chain,DePURA Kids 10 ml,8,691.42,0.0854,0.752,6,post_relaunch
2026-08-01,TR34,Ranchi,East,Jharkhand,T3,Pharmacy Chain,DePURA Kids 15 ml,17,2047.99,0.0942,0.799,6,post_relaunch
2026-08-01,TR34,Ranchi,East,Jharkhand,T3,Retail Chemist,DePURA Kids 10 ml,53,4787.67,0.0441,0.755,6,post_relaunch
2026-08-01,TR34,Ranchi,East,Jharkhand,T3,Retail Chemist,DePURA Kids 15 ml,212,27187.92,0.0358,0.764,6,post_relaunch
2026-08-01,TR35,Bhubaneswar,East,Odisha,T2,E-Pharmacy,DePURA Kids 10 ml,15,1200.75,0.1529,0.914,6,post_relaunch
2026-08-01,TR35,Bhubaneswar,East,Odisha,T2,E-Pharmacy,DePURA Kids 15 ml,50,5726.01,0.1389,0.967,6,post_relaunch
2026-08-01,TR35,Bhubaneswar,East,Odisha,T2,Hospital Pharmacy,DePURA Kids 10 ml,20,1843.78,0.0245,0.869,6,post_relaunch
2026-08-01,TR35,Bhubaneswar,East,Odisha,T2,Hospital Pharmacy,DePURA Kids 15 ml,46,5957.92,0.0262,0.799,6,post_relaunch
2026-08-01,TR35,Bhubaneswar,East,Odisha,T2,Pharmacy Chain,DePURA Kids 10 ml,19,1639.9,0.0867,0.906,6,post_relaunch
2026-08-01,TR35,Bhubaneswar,East,Odisha,T2,Pharmacy Chain,DePURA Kids 15 ml,63,7685.8,0.0827,0.897,6,post_relaunch
2026-08-01,TR35,Bhubaneswar,East,Odisha,T2,Retail Chemist,DePURA Kids 10 ml,71,6425.95,0.0423,0.85,6,post_relaunch
2026-08-01,TR35,Bhubaneswar,East,Odisha,T2,Retail Chemist,DePURA Kids 15 ml,234,29885.45,0.0486,0.848,6,post_relaunch
2026-08-01,TR36,Guwahati,East,Assam,T2,E-Pharmacy,DePURA Kids 10 ml,33,2687.0,0.1384,0.9,8,post_relaunch
2026-08-01,TR36,Guwahati,East,Assam,T2,E-Pharmacy,DePURA Kids 15 ml,92,10485.71,0.143,0.877,8,post_relaunch
2026-08-01,TR36,Guwahati,East,Assam,T2,Hospital Pharmacy,DePURA Kids 10 ml,25,2295.23,0.0285,0.812,8,post_relaunch
2026-08-01,TR36,Guwahati,East,Assam,T2,Hospital Pharmacy,DePURA Kids 15 ml,91,11989.7,0.0094,0.862,8,post_relaunch
2026-08-01,TR36,Guwahati,East,Assam,T2,Pharmacy Chain,DePURA Kids 10 ml,26,2282.5,0.071,0.8,8,post_relaunch
2026-08-01,TR36,Guwahati,East,Assam,T2,Pharmacy Chain,DePURA Kids 15 ml,93,11394.23,0.0788,0.814,8,post_relaunch
2026-08-01,TR36,Guwahati,East,Assam,T2,Retail Chemist,DePURA Kids 10 ml,95,8750.36,0.0253,0.826,8,post_relaunch
2026-08-01,TR36,Guwahati,East,Assam,T2,Retail Chemist,DePURA Kids 15 ml,440,54221.59,0.0735,0.809,8,post_relaunch
