consumer_id,child_age_group,region,city_tier,parent_age_group,income_band,awareness,purchase_channel,purchase_frequency,price_sensitivity,brand_trust,recommendation_source,adherence_score,aware_of_recall,current_brand
CON00001,0-12 months,North,T1,25-29,>1L,3,Retail Chemist,Every 2-3 months,2,4,Gynecologist,0.556,False,Other brand
CON00002,6-12 years,South,T1,25-29,25k-50k,2,Pharmacy Chain,Every 2-3 months,3,4,Family/Friends,0.51,False,Other brand
CON00003,0-12 months,West,T1,18-24,25k-50k,4,Pharmacy Chain,Every 2-3 months,4,4,Pediatrician,0.61,False,Other brand
CON00004,0-12 months,West,T2,30-34,25k-50k,3,Retail Chemist,Every 2-3 months,3,5,Family/Friends,0.581,False,Not currently buying
CON00005,6-12 years,West,T1,25-29,>1L,4,E-Pharmacy,Occasionally,3,5,Family/Friends,0.434,False,Not currently buying
CON00006,6-12 years,West,T1,35-39,50k-1L,4,E-Pharmacy,Occasionally,1,5,Family/Friends,0.476,False,Other brand
CON00007,0-12 months,Central,T2,35-39,25k-50k,5,Retail Chemist,Every 2-3 months,4,5,Pediatrician,0.647,False,DePURA Kids
CON00008,1-5 years,North,T2,18-24,50k-1L,5,Retail Chemist,Every 2-3 months,4,3,Pediatrician,0.695,False,Other brand
CON00009,0-12 months,East,T1,35-39,50k-1L,4,Quick Commerce,Every 2-3 months,3,3,Pediatrician,0.69,True,DePURA Kids
CON00010,1-5 years,South,T2,35-39,>1L,4,Retail Chemist,Every 2-3 months,2,4,Pharmacist,0.69,False,Other brand
CON00011,0-12 months,North,T2,40+,25k-50k,2,E-Pharmacy,Every 2-3 months,5,4,Pediatrician,0.644,False,Not currently buying
CON00012,0-12 months,North,T1,30-34,>1L,3,Pharmacy Chain,Every 2-3 months,3,3,Online/Social media,0.653,True,Other brand
CON00013,1-5 years,West,T1,25-29,50k-1L,3,E-Pharmacy,Every 2-3 months,4,5,Pediatrician,0.617,False,Not currently buying
CON00014,1-5 years,South,T3,30-34,<25k,3,Retail Chemist,Occasionally,4,5,Pediatrician,0.454,False,DePURA Kids
CON00015,1-5 years,South,T1,30-34,>1L,5,E-Pharmacy,One-time,3,4,Pediatrician,0.203,False,Other brand
CON00016,0-12 months,North,T2,25-29,>1L,4,E-Pharmacy,Occasionally,2,3,Pharmacist,0.494,False,Other brand
CON00017,0-12 months,Central,T3,25-29,<25k,4,E-Pharmacy,Occasionally,4,4,Pediatrician,0.452,False,DePURA Kids
CON00018,1-5 years,North,T1,25-29,50k-1L,5,Pharmacy Chain,Monthly,3,2,Online/Social media,0.723,True,Not currently buying
CON00019,1-5 years,North,T2,25-29,50k-1L,3,Hospital Pharmacy,Every 2-3 months,3,4,Pharmacist,0.577,False,Not currently buying
CON00020,13-18 years,West,T1,40+,>1L,3,Retail Chemist,Monthly,1,3,Pediatrician,0.717,True,Other brand
CON00021,6-12 years,South,T2,35-39,50k-1L,5,Pharmacy Chain,Every 2-3 months,4,4,Pediatrician,0.562,False,Not currently buying
CON00022,0-12 months,South,T1,18-24,50k-1L,2,Pharmacy Chain,Every 2-3 months,3,4,Family/Friends,0.619,False,Other brand
CON00023,6-12 years,North,T2,40+,>1L,5,Retail Chemist,Monthly,3,3,Pediatrician,0.809,False,Other brand
CON00024,6-12 years,North,T2,35-39,25k-50k,4,Quick Commerce,Occasionally,3,4,Family/Friends,0.422,False,Other brand
CON00025,0-12 months,North,T2,25-29,<25k,5,Retail Chemist,Occasionally,3,4,Pediatrician,0.499,False,Other brand
CON00026,6-12 years,Central,T3,35-39,50k-1L,5,Hospital Pharmacy,Every 2-3 months,3,3,Pediatrician,0.573,True,Other brand
CON00027,6-12 years,North,T1,30-34,<25k,3,E-Pharmacy,Monthly,4,3,Pediatrician,0.706,False,Other brand
CON00028,1-5 years,South,T1,30-34,50k-1L,4,Retail Chemist,Occasionally,3,4,Pediatrician,0.359,False,Other brand
CON00029,1-5 years,South,T1,30-34,>1L,3,E-Pharmacy,Every 2-3 months,4,5,Pediatrician,0.648,False,Other brand
CON00030,1-5 years,South,T1,35-39,25k-50k,3,Retail Chemist,Every 2-3 months,4,3,Family/Friends,0.552,True,Not currently buying
CON00031,1-5 years,West,T1,30-34,>1L,5,E-Pharmacy,Every 2-3 months,1,4,Pediatrician,0.664,False,DePURA Kids
CON00032,1-5 years,Central,T3,30-34,<25k,5,Retail Chemist,Every 2-3 months,3,5,Pediatrician,0.651,False,Not currently buying
CON00033,1-5 years,West,T1,30-34,>1L,4,Quick Commerce,Every 2-3 months,2,4,Pediatrician,0.573,False,Not currently buying
CON00034,6-12 years,West,T1,30-34,>1L,4,Pharmacy Chain,Occasionally,2,3,Online/Social media,0.478,False,Other brand
CON00035,1-5 years,North,T1,35-39,25k-50k,4,Hospital Pharmacy,Occasionally,5,3,Online/Social media,0.415,False,Not currently buying
CON00036,6-12 years,North,T2,25-29,>1L,4,Retail Chemist,Every 2-3 months,3,4,Online/Social media,0.658,False,Not currently buying
CON00037,0-12 months,North,T1,35-39,25k-50k,2,E-Pharmacy,Every 2-3 months,2,3,Gynecologist,0.575,True,Other brand
CON00038,13-18 years,South,T1,30-34,>1L,5,Retail Chemist,Every 2-3 months,2,5,Pediatrician,0.683,False,Other brand
CON00039,0-12 months,South,T2,30-34,>1L,4,Retail Chemist,Monthly,1,4,Pediatrician,0.963,False,Other brand
CON00040,0-12 months,East,T2,40+,<25k,4,Retail Chemist,Every 2-3 months,3,4,Gynecologist,0.61,False,Other brand
CON00041,0-12 months,South,T1,18-24,50k-1L,2,Retail Chemist,Monthly,3,4,Pediatrician,0.824,True,Other brand
CON00042,1-5 years,East,T1,40+,>1L,2,E-Pharmacy,One-time,3,4,Family/Friends,0.249,False,Other brand
CON00043,1-5 years,West,T1,35-39,>1L,5,Retail Chemist,Occasionally,2,4,Pediatrician,0.447,False,DePURA Kids
CON00044,1-5 years,South,T2,25-29,<25k,5,Retail Chemist,Occasionally,3,5,Pediatrician,0.457,True,Other brand
CON00045,1-5 years,North,T2,40+,50k-1L,1,Retail Chemist,Monthly,3,4,Pharmacist,0.786,False,DePURA Kids
CON00046,0-12 months,Central,T3,35-39,50k-1L,5,Retail Chemist,Monthly,4,3,Pediatrician,0.817,False,Other brand
CON00047,6-12 years,West,T1,30-34,50k-1L,4,Retail Chemist,Occasionally,2,3,Gynecologist,0.44,False,Other brand
CON00048,0-12 months,South,T1,25-29,<25k,4,Quick Commerce,Monthly,4,4,Pediatrician,0.817,False,DePURA Kids
CON00049,1-5 years,South,T1,30-34,50k-1L,4,Pharmacy Chain,Monthly,3,3,Pediatrician,0.855,False,Other brand
CON00050,0-12 months,South,T1,35-39,>1L,2,Pharmacy Chain,Monthly,1,3,Pediatrician,0.94,False,DePURA Kids
CON00051,1-5 years,North,T2,35-39,25k-50k,4,Retail Chemist,Monthly,4,5,Pediatrician,0.745,False,Other brand
CON00052,1-5 years,East,T3,35-39,25k-50k,3,Hospital Pharmacy,Occasionally,4,5,Online/Social media,0.364,False,Other brand
CON00053,0-12 months,West,T1,30-34,>1L,2,Hospital Pharmacy,Monthly,2,5,Pediatrician,0.765,False,Other brand
CON00054,1-5 years,North,T1,35-39,>1L,5,Pharmacy Chain,Occasionally,2,5,Pediatrician,0.374,False,Not currently buying
CON00055,0-12 months,West,T2,40+,25k-50k,4,E-Pharmacy,Monthly,4,3,Gynecologist,0.758,False,Other brand
CON00056,0-12 months,North,T1,25-29,>1L,4,Hospital Pharmacy,Monthly,2,3,Pediatrician,0.861,False,DePURA Kids
CON00057,6-12 years,South,T1,40+,50k-1L,5,Quick Commerce,Every 2-3 months,3,2,Online/Social media,0.556,True,DePURA Kids
CON00058,0-12 months,North,T3,35-39,25k-50k,4,Pharmacy Chain,Monthly,4,4,Pediatrician,0.723,False,Other brand
CON00059,13-18 years,South,T2,30-34,50k-1L,4,Hospital Pharmacy,Monthly,3,2,Pharmacist,0.86,False,Other brand
CON00060,6-12 years,East,T3,30-34,25k-50k,4,Retail Chemist,Monthly,3,4,Pediatrician,0.854,False,Other brand
CON00061,13-18 years,South,T1,35-39,25k-50k,5,Retail Chemist,Occasionally,5,3,Pediatrician,0.473,True,DePURA Kids
CON00062,1-5 years,South,T3,25-29,<25k,3,Quick Commerce,Occasionally,4,3,Family/Friends,0.437,True,Other brand
CON00063,0-12 months,West,T1,30-34,>1L,2,Pharmacy Chain,Every 2-3 months,,4,Pediatrician,0.579,True,Other brand
CON00064,0-12 months,North,T1,30-34,50k-1L,4,E-Pharmacy,Every 2-3 months,3,3,Gynecologist,0.586,True,Other brand
CON00065,1-5 years,West,T1,30-34,50k-1L,4,Pharmacy Chain,Monthly,5,3,Pediatrician,0.792,True,Other brand
CON00066,1-5 years,West,T1,30-34,50k-1L,3,Retail Chemist,Occasionally,3,5,Pediatrician,0.423,False,Not currently buying
CON00067,0-12 months,West,T2,25-29,25k-50k,3,Retail Chemist,Monthly,2,3,Gynecologist,0.71,False,Other brand
CON00068,0-12 months,South,T1,40+,25k-50k,3,Retail Chemist,Every 2-3 months,4,3,Online/Social media,0.524,False,Other brand
CON00069,1-5 years,Central,T2,30-34,50k-1L,2,Retail Chemist,Every 2-3 months,3,3,Family/Friends,0.623,False,Not currently buying
CON00070,0-12 months,East,T3,25-29,<25k,4,Hospital Pharmacy,Every 2-3 months,5,5,Pediatrician,0.505,False,DePURA Kids
CON00071,1-5 years,South,T1,30-34,50k-1L,3,Retail Chemist,Every 2-3 months,5,2,Pediatrician,0.671,True,Other brand
CON00072,0-12 months,South,T1,30-34,25k-50k,4,E-Pharmacy,Monthly,3,4,Pediatrician,0.861,False,DePURA Kids
CON00073,1-5 years,East,T3,25-29,<25k,5,Retail Chemist,Occasionally,5,4,Pediatrician,0.45,False,DePURA Kids
CON00074,0-12 months,West,T3,35-39,<25k,3,Retail Chemist,Monthly,5,4,Family/Friends,0.777,True,Other brand
CON00075,0-12 months,East,T2,30-34,50k-1L,2,Pharmacy Chain,Monthly,4,4,Pediatrician,0.875,False,Not currently buying
CON00076,0-12 months,West,T1,25-29,<25k,4,Retail Chemist,Occasionally,5,3,Pediatrician,0.441,False,Not currently buying
CON00077,0-12 months,West,T1,18-24,<25k,5,Quick Commerce,Monthly,4,3,Pediatrician,0.973,True,Other brand
CON00078,6-12 years,South,T1,40+,25k-50k,3,Pharmacy Chain,Occasionally,3,2,Pharmacist,0.489,True,Other brand
CON00079,0-12 months,South,T2,30-34,<25k,3,Quick Commerce,Every 2-3 months,4,5,Pediatrician,0.548,False,Other brand
CON00080,0-12 months,West,T1,25-29,50k-1L,4,E-Pharmacy,Monthly,3,3,Pediatrician,0.813,False,Other brand
CON00081,0-12 months,South,T1,18-24,>1L,4,Quick Commerce,Monthly,2,5,Pediatrician,0.732,False,Other brand
CON00082,1-5 years,East,T1,35-39,25k-50k,3,Retail Chemist,Occasionally,4,4,Pediatrician,0.319,False,Other brand
CON00083,6-12 years,North,T1,25-29,50k-1L,4,Quick Commerce,Every 2-3 months,3,2,Pharmacist,0.608,False,Other brand
CON00084,6-12 years,South,T1,40+,>1L,4,Quick Commerce,Monthly,2,2,Online/Social media,0.749,True,DePURA Kids
CON00085,6-12 years,West,T1,35-39,>1L,3,E-Pharmacy,Monthly,2,3,Pediatrician,0.742,False,Other brand
CON00086,0-12 months,East,T3,35-39,25k-50k,3,Retail Chemist,Monthly,4,4,Pediatrician,1.0,False,Other brand
CON00087,0-12 months,North,T2,40+,>1L,5,Quick Commerce,Monthly,2,4,Pediatrician,0.959,False,Other brand
CON00088,1-5 years,South,T1,30-34,25k-50k,5,Hospital Pharmacy,Every 2-3 months,4,5,Pediatrician,0.589,False,Other brand
CON00089,6-12 years,South,T1,35-39,50k-1L,4,Quick Commerce,Every 2-3 months,3,4,Pharmacist,0.642,False,Other brand
CON00090,0-12 months,North,T2,30-34,25k-50k,3,Pharmacy Chain,Monthly,4,4,Pediatrician,0.908,False,Other brand
CON00091,13-18 years,East,T1,30-34,<25k,3,Hospital Pharmacy,Occasionally,4,3,Online/Social media,0.352,True,Other brand
CON00092,0-12 months,West,T1,35-39,>1L,5,Retail Chemist,Monthly,1,4,Pediatrician,0.886,True,DePURA Kids
CON00093,0-12 months,North,T1,25-29,<25k,3,Pharmacy Chain,Monthly,5,3,Pediatrician,0.76,True,Other brand
CON00094,13-18 years,South,T1,30-34,<25k,3,Hospital Pharmacy,Occasionally,4,4,Family/Friends,0.396,False,Other brand
CON00095,1-5 years,North,T1,35-39,25k-50k,5,Retail Chemist,Every 2-3 months,4,5,Gynecologist,0.623,False,Other brand
CON00096,6-12 years,East,T3,30-34,25k-50k,4,Hospital Pharmacy,Every 2-3 months,4,5,Gynecologist,0.546,False,DePURA Kids
CON00097,6-12 years,Central,T2,30-34,<25k,4,Quick Commerce,Occasionally,4,4,Pediatrician,0.46,False,Other brand
CON00098,6-12 years,East,T1,25-29,50k-1L,3,Quick Commerce,Every 2-3 months,3,5,Pediatrician,0.54,True,DePURA Kids
CON00099,0-12 months,South,T3,25-29,25k-50k,4,Pharmacy Chain,Every 2-3 months,4,5,Pediatrician,0.597,False,Other brand
CON00100,0-12 months,East,T3,30-34,>1L,4,Retail Chemist,Every 2-3 months,2,4,Pediatrician,0.647,False,DePURA Kids
CON00101,6-12 years,Central,T3,25-29,50k-1L,4,Retail Chemist,Every 2-3 months,3,1,Online/Social media,0.699,True,Other brand
CON00102,0-12 months,West,T1,30-34,25k-50k,4,E-Pharmacy,Monthly,4,3,Family/Friends,0.79,False,Other brand
CON00103,0-12 months,North,T1,35-39,25k-50k,4,Pharmacy Chain,Monthly,3,5,Pediatrician,0.796,False,Other brand
CON00104,0-12 months,North,T3,25-29,25k-50k,2,Retail Chemist,Monthly,5,5,Pediatrician,0.76,False,DePURA Kids
CON00105,1-5 years,East,T3,35-39,25k-50k,5,Retail Chemist,Monthly,3,3,Pediatrician,0.855,False,Not currently buying
CON00106,6-12 years,East,T2,30-34,50k-1L,5,Pharmacy Chain,Every 2-3 months,3,3,Pediatrician,0.563,False,Not currently buying
CON00107,0-12 months,North,T1,35-39,50k-1L,3,Pharmacy Chain,Every 2-3 months,3,4,Family/Friends,0.65,False,Other brand
CON00108,0-12 months,North,T3,35-39,<25k,3,Retail Chemist,Monthly,5,4,Pediatrician,0.727,False,Not currently buying
CON00109,6-12 years,North,T2,25-29,>1L,4,Retail Chemist,Every 2-3 months,2,4,Pediatrician,0.646,False,Not currently buying
CON00110,0-12 months,Central,T2,35-39,<25k,4,Retail Chemist,Every 2-3 months,5,4,Pediatrician,0.661,False,Other brand
CON00111,6-12 years,West,T2,35-39,25k-50k,3,Hospital Pharmacy,Every 2-3 months,4,4,Pediatrician,0.533,False,DePURA Kids
CON00112,1-5 years,East,T2,25-29,50k-1L,3,Retail Chemist,Monthly,3,4,Pediatrician,0.749,True,DePURA Kids
CON00113,1-5 years,West,T1,30-34,25k-50k,4,Quick Commerce,Occasionally,4,5,Pediatrician,0.429,False,DePURA Kids
CON00114,6-12 years,South,T1,30-34,50k-1L,4,E-Pharmacy,Occasionally,3,4,Pediatrician,0.49,False,Other brand
CON00115,0-12 months,South,T2,35-39,25k-50k,2,Hospital Pharmacy,Occasionally,4,3,Pharmacist,0.418,False,Other brand
CON00116,6-12 years,North,T1,25-29,>1L,3,Retail Chemist,Every 2-3 months,3,4,Pediatrician,0.681,False,DePURA Kids
CON00117,1-5 years,South,T1,30-34,50k-1L,5,Pharmacy Chain,Monthly,3,3,Pediatrician,0.786,False,DePURA Kids
CON00118,1-5 years,South,T1,35-39,50k-1L,5,Pharmacy Chain,Occasionally,,3,Gynecologist,0.457,False,DePURA Kids
CON00119,0-12 months,East,T3,30-34,50k-1L,5,Retail Chemist,Monthly,3,4,Pediatrician,0.797,False,DePURA Kids
CON00120,6-12 years,East,T2,25-29,50k-1L,4,Retail Chemist,Monthly,3,5,Pediatrician,0.867,False,Not currently buying
CON00121,0-12 months,Central,T3,40+,25k-50k,3,Pharmacy Chain,Every 2-3 months,5,4,Family/Friends,0.53,False,Other brand
CON00122,0-12 months,South,T2,25-29,<25k,4,E-Pharmacy,Monthly,4,4,Family/Friends,0.762,False,DePURA Kids
CON00123,0-12 months,East,T2,30-34,25k-50k,4,Pharmacy Chain,Occasionally,2,4,Pediatrician,0.484,False,Other brand
CON00124,0-12 months,East,T1,30-34,50k-1L,5,Retail Chemist,Monthly,4,4,Pediatrician,0.782,True,Not currently buying
CON00125,13-18 years,South,T1,30-34,>1L,5,Retail Chemist,Every 2-3 months,3,3,Family/Friends,0.585,True,Other brand
CON00126,1-5 years,North,T2,25-29,<25k,4,Retail Chemist,Occasionally,5,5,Pediatrician,0.483,False,Not currently buying
CON00127,1-5 years,West,T1,30-34,<25k,3,Pharmacy Chain,Every 2-3 months,5,4,Family/Friends,0.512,True,Other brand
CON00128,1-5 years,East,T1,25-29,<25k,4,Hospital Pharmacy,Every 2-3 months,5,5,Pediatrician,0.596,False,Other brand
CON00129,1-5 years,North,T1,18-24,<25k,5,Pharmacy Chain,Occasionally,4,4,Gynecologist,0.468,False,Other brand
CON00130,6-12 years,East,T1,25-29,25k-50k,4,E-Pharmacy,Every 2-3 months,3,3,Pharmacist,0.612,False,Other brand
CON00131,0-12 months,South,T1,25-29,>1L,3,E-Pharmacy,Monthly,2,4,Pharmacist,0.703,False,DePURA Kids
CON00132,6-12 years,South,T2,40+,25k-50k,4,Retail Chemist,Monthly,3,3,Pediatrician,0.768,False,Other brand
CON00133,0-12 months,West,T2,30-34,>1L,3,Retail Chemist,Occasionally,3,5,Pharmacist,0.449,False,Not currently buying
CON00134,6-12 years,West,T1,40+,50k-1L,5,Quick Commerce,Every 2-3 months,4,4,Pediatrician,0.583,True,DePURA Kids
CON00135,13-18 years,East,T2,30-34,25k-50k,3,Retail Chemist,Monthly,3,4,Pediatrician,0.858,False,Other brand
CON00136,0-12 months,South,T1,25-29,25k-50k,4,Retail Chemist,One-time,4,3,Family/Friends,0.289,False,Other brand
CON00137,0-12 months,South,T1,35-39,50k-1L,3,Retail Chemist,Every 2-3 months,3,5,Pediatrician,0.557,False,Not currently buying
CON00138,0-12 months,East,T2,30-34,25k-50k,3,Retail Chemist,Monthly,3,4,Pediatrician,0.854,True,Other brand
CON00139,0-12 months,West,T3,18-24,25k-50k,4,Retail Chemist,Every 2-3 months,5,4,Pediatrician,0.647,False,Other brand
CON00140,1-5 years,North,T1,35-39,50k-1L,3,Hospital Pharmacy,Every 2-3 months,4,4,Pharmacist,0.627,False,Not currently buying
CON00141,1-5 years,North,T3,18-24,25k-50k,3,E-Pharmacy,Occasionally,4,4,Gynecologist,0.376,False,Other brand
CON00142,1-5 years,South,T1,40+,25k-50k,5,Retail Chemist,Monthly,4,4,Pediatrician,0.755,False,Other brand
CON00143,1-5 years,South,T1,35-39,50k-1L,3,Pharmacy Chain,Occasionally,5,3,Family/Friends,0.457,True,Not currently buying
CON00144,1-5 years,Central,T2,30-34,50k-1L,5,Hospital Pharmacy,Every 2-3 months,4,3,Pharmacist,0.558,False,Not currently buying
CON00145,6-12 years,South,T1,25-29,50k-1L,5,E-Pharmacy,Occasionally,3,4,Pediatrician,0.407,False,Other brand
CON00146,0-12 months,South,T1,30-34,>1L,3,E-Pharmacy,Monthly,2,3,Pediatrician,0.846,False,Not currently buying
CON00147,0-12 months,North,T1,30-34,>1L,1,E-Pharmacy,Every 2-3 months,2,4,Online/Social media,0.66,False,DePURA Kids
CON00148,1-5 years,West,T3,25-29,25k-50k,3,Quick Commerce,Monthly,4,3,Pediatrician,0.711,False,Other brand
CON00149,6-12 years,East,T1,30-34,25k-50k,4,E-Pharmacy,Occasionally,2,3,Online/Social media,0.499,False,Not currently buying
CON00150,13-18 years,North,T1,18-24,>1L,2,Retail Chemist,Occasionally,2,4,Online/Social media,0.471,False,Other brand
CON00151,1-5 years,South,T3,30-34,25k-50k,3,Retail Chemist,Occasionally,3,4,Pediatrician,0.472,False,Other brand
CON00152,0-12 months,Central,T3,35-39,<25k,4,Retail Chemist,Monthly,3,4,Pediatrician,0.893,False,Other brand
CON00153,1-5 years,South,T1,30-34,25k-50k,3,Retail Chemist,Occasionally,4,3,Pediatrician,0.49,True,Other brand
CON00154,1-5 years,East,T3,40+,25k-50k,3,Retail Chemist,Every 2-3 months,3,2,Online/Social media,0.513,False,Other brand
CON00155,1-5 years,East,T1,30-34,25k-50k,4,E-Pharmacy,Occasionally,4,3,Pediatrician,0.316,False,Other brand
CON00156,0-12 months,South,T2,25-29,>1L,4,E-Pharmacy,Monthly,3,4,Pediatrician,0.978,False,DePURA Kids
CON00157,6-12 years,West,T1,30-34,25k-50k,3,Pharmacy Chain,Every 2-3 months,3,3,Online/Social media,0.519,True,Other brand
CON00158,1-5 years,North,T3,25-29,<25k,3,Retail Chemist,Occasionally,4,4,Gynecologist,0.387,False,Other brand
CON00159,1-5 years,South,T1,35-39,25k-50k,3,Retail Chemist,Every 2-3 months,3,3,Pharmacist,0.638,False,Other brand
CON00160,0-12 months,South,T1,35-39,>1L,5,Pharmacy Chain,Monthly,1,3,Pediatrician,0.829,False,Other brand
CON00161,0-12 months,North,T2,25-29,25k-50k,4,Retail Chemist,Every 2-3 months,5,3,Pediatrician,0.564,False,Other brand
CON00162,1-5 years,South,T2,25-29,<25k,4,Quick Commerce,Monthly,4,4,Pediatrician,0.763,True,Not currently buying
CON00163,13-18 years,South,T2,18-24,50k-1L,3,Retail Chemist,Occasionally,2,4,Family/Friends,0.397,False,Other brand
CON00164,0-12 months,Central,T3,40+,25k-50k,5,Quick Commerce,Occasionally,4,2,Family/Friends,0.445,False,Not currently buying
CON00165,13-18 years,East,T1,25-29,<25k,5,Hospital Pharmacy,Every 2-3 months,3,5,Pediatrician,0.677,False,Other brand
CON00166,6-12 years,East,T3,30-34,<25k,5,Quick Commerce,Every 2-3 months,,5,Pediatrician,0.661,False,Not currently buying
CON00167,1-5 years,North,T3,40+,50k-1L,4,Quick Commerce,Occasionally,4,2,Family/Friends,0.38,True,Other brand
CON00168,1-5 years,North,T2,30-34,25k-50k,4,Retail Chemist,Monthly,4,4,Pediatrician,0.832,False,DePURA Kids
CON00169,1-5 years,North,T2,25-29,50k-1L,4,Hospital Pharmacy,Occasionally,3,4,Online/Social media,0.436,False,Not currently buying
CON00170,0-12 months,East,T2,25-29,25k-50k,4,E-Pharmacy,Every 2-3 months,4,3,Pharmacist,0.663,False,Not currently buying
CON00171,0-12 months,North,T2,35-39,50k-1L,4,Retail Chemist,Occasionally,2,5,Gynecologist,0.468,False,Not currently buying
CON00172,1-5 years,Central,T3,30-34,<25k,3,Hospital Pharmacy,Monthly,4,5,Gynecologist,0.799,False,DePURA Kids
CON00173,1-5 years,North,T2,25-29,25k-50k,2,E-Pharmacy,One-time,3,4,Gynecologist,0.22,False,DePURA Kids
CON00174,1-5 years,South,T1,30-34,25k-50k,3,E-Pharmacy,Every 2-3 months,3,4,Family/Friends,0.631,True,Other brand
CON00175,0-12 months,West,T1,35-39,25k-50k,5,E-Pharmacy,Monthly,3,3,Pediatrician,0.916,True,Other brand
CON00176,0-12 months,North,T2,25-29,>1L,4,Quick Commerce,Monthly,2,5,Pediatrician,0.934,False,Other brand
CON00177,0-12 months,South,T1,30-34,50k-1L,5,Retail Chemist,Every 2-3 months,4,5,Pediatrician,0.661,False,Other brand
CON00178,6-12 years,West,T3,30-34,25k-50k,3,E-Pharmacy,Occasionally,5,3,Pediatrician,0.417,False,Other brand
CON00179,0-12 months,West,T3,40+,25k-50k,3,Quick Commerce,Every 2-3 months,3,4,Pediatrician,0.658,False,Other brand
CON00180,1-5 years,East,T2,25-29,25k-50k,2,Pharmacy Chain,Every 2-3 months,4,3,Gynecologist,0.507,False,Other brand
CON00181,0-12 months,West,T1,18-24,50k-1L,3,Hospital Pharmacy,Every 2-3 months,5,5,Pediatrician,0.634,False,Not currently buying
CON00182,1-5 years,East,T2,25-29,25k-50k,4,E-Pharmacy,Every 2-3 months,3,5,Online/Social media,0.584,False,DePURA Kids
CON00183,1-5 years,South,T2,40+,<25k,3,Pharmacy Chain,Every 2-3 months,4,4,Pediatrician,0.678,False,Not currently buying
CON00184,1-5 years,North,T2,18-24,<25k,4,Hospital Pharmacy,Every 2-3 months,4,4,Family/Friends,0.596,False,Not currently buying
CON00185,6-12 years,West,T1,18-24,50k-1L,4,Pharmacy Chain,Occasionally,2,4,Pediatrician,0.487,False,Other brand
CON00186,0-12 months,West,T1,30-34,<25k,4,Pharmacy Chain,Monthly,,4,Pediatrician,0.777,False,Not currently buying
CON00187,1-5 years,South,T2,35-39,25k-50k,3,Retail Chemist,Occasionally,5,5,Pediatrician,0.448,False,Not currently buying
CON00188,0-12 months,West,T1,30-34,>1L,2,Pharmacy Chain,Every 2-3 months,3,4,Family/Friends,0.548,False,Other brand
CON00189,0-12 months,West,T1,35-39,50k-1L,4,E-Pharmacy,Every 2-3 months,4,4,Gynecologist,0.578,False,Other brand
CON00190,1-5 years,South,T2,35-39,25k-50k,3,Retail Chemist,Every 2-3 months,4,3,Pediatrician,0.509,False,Other brand
CON00191,0-12 months,South,T1,35-39,>1L,3,Retail Chemist,Monthly,2,4,Pediatrician,0.804,False,Other brand
CON00192,0-12 months,South,T2,35-39,<25k,3,Pharmacy Chain,Every 2-3 months,4,5,Family/Friends,0.504,False,Not currently buying
CON00193,1-5 years,Central,T2,30-34,>1L,3,E-Pharmacy,Monthly,3,5,Pediatrician,0.875,False,Other brand
CON00194,13-18 years,South,T2,25-29,25k-50k,5,Pharmacy Chain,Every 2-3 months,3,4,Pediatrician,0.601,False,Other brand
CON00195,0-12 months,South,T1,30-34,25k-50k,4,Retail Chemist,Monthly,2,4,Family/Friends,0.881,False,DePURA Kids
CON00196,1-5 years,East,T1,40+,50k-1L,5,Pharmacy Chain,Every 2-3 months,2,5,Pediatrician,0.671,False,DePURA Kids
CON00197,0-12 months,South,T1,25-29,50k-1L,4,E-Pharmacy,Monthly,3,4,Pediatrician,0.971,False,DePURA Kids
CON00198,6-12 years,South,T1,40+,>1L,3,Retail Chemist,Monthly,1,5,Pediatrician,0.788,False,Other brand
CON00199,0-12 months,South,T1,35-39,>1L,3,Hospital Pharmacy,Occasionally,3,5,Online/Social media,0.409,False,DePURA Kids
CON00200,0-12 months,West,T1,35-39,50k-1L,5,E-Pharmacy,Monthly,2,5,Pediatrician,0.997,False,Other brand
CON00201,0-12 months,South,T1,25-29,25k-50k,5,Quick Commerce,Monthly,2,5,Pediatrician,0.728,False,DePURA Kids
CON00202,1-5 years,East,T2,25-29,>1L,3,E-Pharmacy,Monthly,3,2,Online/Social media,0.731,True,Other brand
CON00203,1-5 years,East,T3,30-34,>1L,3,Retail Chemist,Occasionally,3,4,Family/Friends,0.355,False,DePURA Kids
CON00204,6-12 years,North,T2,40+,25k-50k,3,Retail Chemist,Every 2-3 months,3,4,Pharmacist,0.66,False,Other brand
CON00205,6-12 years,West,T2,25-29,25k-50k,4,Retail Chemist,Every 2-3 months,2,3,Gynecologist,0.594,True,Other brand
CON00206,0-12 months,North,T2,18-24,50k-1L,3,Quick Commerce,Occasionally,5,4,Gynecologist,0.451,False,Not currently buying
CON00207,0-12 months,South,T1,18-24,>1L,3,Retail Chemist,Every 2-3 months,1,3,Gynecologist,0.698,False,Other brand
CON00208,1-5 years,Central,T3,25-29,25k-50k,5,Retail Chemist,Every 2-3 months,3,3,Pediatrician,0.688,False,Other brand
CON00209,1-5 years,East,T1,35-39,25k-50k,5,Retail Chemist,Every 2-3 months,2,3,Online/Social media,0.562,False,DePURA Kids
CON00210,0-12 months,North,T2,30-34,<25k,3,Pharmacy Chain,Monthly,4,4,Pharmacist,0.905,False,DePURA Kids
CON00211,1-5 years,South,T1,25-29,>1L,4,Hospital Pharmacy,Every 2-3 months,3,4,Family/Friends,0.544,False,Not currently buying
CON00212,6-12 years,West,T3,18-24,<25k,4,Hospital Pharmacy,Occasionally,4,4,Online/Social media,0.378,True,DePURA Kids
CON00213,6-12 years,South,T1,25-29,50k-1L,3,Retail Chemist,Every 2-3 months,3,3,Pediatrician,0.67,True,Other brand
CON00214,6-12 years,South,T2,30-34,25k-50k,5,Retail Chemist,Monthly,2,5,Pediatrician,1.0,False,Not currently buying
CON00215,13-18 years,East,T1,30-34,>1L,4,Quick Commerce,Every 2-3 months,2,2,Gynecologist,0.536,False,Other brand
CON00216,1-5 years,North,T1,35-39,>1L,3,E-Pharmacy,Every 2-3 months,2,5,Pediatrician,0.654,False,Other brand
CON00217,0-12 months,East,T1,30-34,50k-1L,4,Retail Chemist,One-time,4,2,Pharmacist,0.228,False,Other brand
CON00218,0-12 months,East,T2,35-39,>1L,5,Retail Chemist,Every 2-3 months,4,4,Pediatrician,0.674,False,Other brand
CON00219,1-5 years,South,T1,25-29,50k-1L,4,Quick Commerce,Monthly,3,4,Pediatrician,0.917,False,DePURA Kids
CON00220,1-5 years,North,T2,40+,<25k,3,Hospital Pharmacy,Every 2-3 months,5,4,Pediatrician,0.609,False,DePURA Kids
CON00221,1-5 years,West,T1,30-34,>1L,3,Retail Chemist,Occasionally,,4,Pharmacist,0.4,False,Other brand
CON00222,6-12 years,North,T2,25-29,>1L,4,Retail Chemist,Every 2-3 months,2,4,Online/Social media,0.536,False,Other brand
CON00223,0-12 months,East,T2,40+,25k-50k,3,Quick Commerce,Every 2-3 months,3,5,Pediatrician,0.653,False,Other brand
CON00224,1-5 years,West,T1,30-34,25k-50k,4,Pharmacy Chain,Every 2-3 months,5,3,Pediatrician,0.525,False,Other brand
CON00225,1-5 years,East,T3,40+,<25k,4,Hospital Pharmacy,One-time,4,4,Online/Social media,0.264,False,Not currently buying
CON00226,6-12 years,South,T1,25-29,50k-1L,5,Retail Chemist,Monthly,3,4,Pediatrician,0.767,False,DePURA Kids
CON00227,0-12 months,West,T1,30-34,<25k,3,Retail Chemist,Monthly,4,4,Pediatrician,0.854,False,Other brand
CON00228,1-5 years,North,T3,25-29,<25k,4,Retail Chemist,Monthly,5,2,Pediatrician,0.761,True,Other brand
CON00229,0-12 months,West,T2,30-34,50k-1L,5,Retail Chemist,Monthly,3,5,Pediatrician,0.767,False,DePURA Kids
CON00230,1-5 years,West,T1,40+,25k-50k,4,Pharmacy Chain,Every 2-3 months,4,4,Pediatrician,0.503,False,Other brand
CON00231,0-12 months,Central,T3,35-39,<25k,5,Pharmacy Chain,Occasionally,5,3,Pharmacist,0.486,True,Other brand
CON00232,1-5 years,North,T1,18-24,25k-50k,3,E-Pharmacy,Monthly,3,4,Pediatrician,0.888,False,Not currently buying
CON00233,0-12 months,South,T1,35-39,50k-1L,4,Hospital Pharmacy,Every 2-3 months,3,4,Family/Friends,0.611,False,DePURA Kids
CON00234,1-5 years,East,T1,25-29,25k-50k,5,Retail Chemist,Every 2-3 months,4,4,Pediatrician,0.696,False,Other brand
CON00235,6-12 years,North,T2,30-34,<25k,5,Retail Chemist,Every 2-3 months,3,4,Pediatrician,0.555,False,DePURA Kids
CON00236,1-5 years,West,T1,25-29,>1L,4,Retail Chemist,Every 2-3 months,2,5,Pharmacist,0.591,False,Not currently buying
CON00237,6-12 years,East,T3,30-34,25k-50k,4,Retail Chemist,Every 2-3 months,3,4,Pediatrician,0.65,False,DePURA Kids
CON00238,6-12 years,South,T1,25-29,50k-1L,4,Retail Chemist,Occasionally,3,5,Pediatrician,0.476,False,Not currently buying
CON00239,6-12 years,North,T1,25-29,50k-1L,5,Retail Chemist,Monthly,3,4,Pediatrician,0.76,False,Other brand
CON00240,0-12 months,West,T1,25-29,>1L,3,Retail Chemist,Every 2-3 months,2,3,Pediatrician,0.526,False,Not currently buying
CON00241,1-5 years,North,T2,40+,50k-1L,4,E-Pharmacy,Every 2-3 months,3,4,Pediatrician,0.6,False,Not currently buying
CON00242,1-5 years,North,T2,30-34,>1L,3,Retail Chemist,Every 2-3 months,2,5,Pediatrician,0.58,False,DePURA Kids
CON00243,1-5 years,South,T1,18-24,50k-1L,5,E-Pharmacy,One-time,2,4,Family/Friends,0.228,False,Not currently buying
CON00244,1-5 years,North,T1,25-29,25k-50k,4,Quick Commerce,Every 2-3 months,2,5,Pediatrician,0.62,False,Other brand
CON00245,0-12 months,West,T1,25-29,25k-50k,5,Retail Chemist,Monthly,3,4,Pediatrician,0.897,False,Other brand
CON00246,0-12 months,North,T2,30-34,25k-50k,2,Retail Chemist,Monthly,3,4,Pharmacist,0.966,False,Not currently buying
CON00247,6-12 years,South,T1,30-34,25k-50k,4,E-Pharmacy,Monthly,4,5,Pediatrician,0.806,False,DePURA Kids
CON00248,0-12 months,West,T2,35-39,<25k,4,Pharmacy Chain,Every 2-3 months,4,4,Pharmacist,0.668,False,Other brand
CON00249,0-12 months,West,T3,30-34,>1L,3,E-Pharmacy,Monthly,2,5,Pediatrician,0.855,False,Not currently buying
CON00250,0-12 months,North,T2,40+,<25k,2,Hospital Pharmacy,Every 2-3 months,3,4,Pharmacist,0.669,False,Not currently buying
CON00251,0-12 months,East,T3,30-34,50k-1L,2,Retail Chemist,Monthly,4,3,Pharmacist,0.99,False,Other brand
CON00252,1-5 years,East,T1,30-34,25k-50k,2,Retail Chemist,Monthly,3,3,Pediatrician,0.837,False,Other brand
CON00253,1-5 years,South,T1,25-29,>1L,5,Retail Chemist,Monthly,2,4,Pediatrician,0.977,False,Other brand
CON00254,0-12 months,South,T2,25-29,50k-1L,3,Hospital Pharmacy,Every 2-3 months,3,3,Family/Friends,0.586,False,Not currently buying
CON00255,0-12 months,East,T2,18-24,25k-50k,3,Hospital Pharmacy,Monthly,4,4,Pediatrician,0.912,False,Other brand
CON00256,0-12 months,Central,T3,35-39,<25k,4,Retail Chemist,Occasionally,4,4,Online/Social media,0.445,True,Other brand
CON00257,0-12 months,East,T1,30-34,50k-1L,5,Quick Commerce,Monthly,3,3,Pediatrician,0.854,True,DePURA Kids
CON00258,6-12 years,East,T1,18-24,50k-1L,5,Retail Chemist,Occasionally,2,2,Pharmacist,0.45,False,Other brand
CON00259,13-18 years,West,T3,35-39,25k-50k,4,Retail Chemist,Every 2-3 months,3,5,Gynecologist,0.546,False,Other brand
CON00260,0-12 months,North,T2,30-34,25k-50k,3,Hospital Pharmacy,Every 2-3 months,2,3,Pharmacist,0.568,False,Other brand
CON00261,0-12 months,Central,T3,30-34,50k-1L,4,Quick Commerce,Monthly,4,3,Pediatrician,0.89,True,Not currently buying
CON00262,13-18 years,South,T1,35-39,50k-1L,4,E-Pharmacy,Every 2-3 months,3,5,Pediatrician,0.604,False,Other brand
CON00263,13-18 years,South,T3,18-24,<25k,3,Hospital Pharmacy,Occasionally,3,3,Pediatrician,0.42,False,Other brand
CON00264,0-12 months,South,T1,25-29,>1L,3,Retail Chemist,Monthly,3,4,Pediatrician,0.784,False,Not currently buying
CON00265,0-12 months,North,T3,40+,<25k,4,Retail Chemist,Monthly,4,4,Pediatrician,1.0,False,Other brand
CON00266,0-12 months,North,T2,35-39,25k-50k,3,Pharmacy Chain,Monthly,2,3,Pediatrician,0.844,False,Other brand
CON00267,0-12 months,West,T1,30-34,>1L,4,Retail Chemist,Monthly,3,5,Pediatrician,0.865,False,Not currently buying
CON00268,0-12 months,Central,T3,30-34,25k-50k,3,Retail Chemist,Every 2-3 months,3,3,Pediatrician,0.672,True,Other brand
CON00269,6-12 years,North,T2,30-34,50k-1L,5,E-Pharmacy,Monthly,4,4,Pediatrician,0.779,False,DePURA Kids
CON00270,1-5 years,North,T2,30-34,50k-1L,4,Hospital Pharmacy,Every 2-3 months,3,3,Pediatrician,0.622,False,Not currently buying
CON00271,1-5 years,East,T2,30-34,>1L,5,Retail Chemist,Every 2-3 months,1,5,Gynecologist,0.531,False,Other brand
CON00272,0-12 months,South,T1,30-34,>1L,4,Quick Commerce,Every 2-3 months,3,3,Pharmacist,0.553,False,Not currently buying
CON00273,0-12 months,West,T1,30-34,>1L,5,Hospital Pharmacy,Monthly,2,5,Pediatrician,0.97,True,DePURA Kids
CON00274,1-5 years,North,T2,18-24,50k-1L,4,Retail Chemist,Occasionally,4,4,Gynecologist,0.316,False,Other brand
CON00275,0-12 months,North,T2,25-29,<25k,4,E-Pharmacy,Every 2-3 months,4,2,Online/Social media,0.66,True,Other brand
CON00276,0-12 months,West,T2,25-29,>1L,4,Hospital Pharmacy,Monthly,3,5,Gynecologist,0.706,False,DePURA Kids
CON00277,0-12 months,North,T2,30-34,25k-50k,3,Pharmacy Chain,Monthly,3,4,Online/Social media,0.833,False,Other brand
CON00278,6-12 years,North,T1,30-34,25k-50k,4,Retail Chemist,Monthly,4,3,Pediatrician,0.757,False,Other brand
CON00279,1-5 years,South,T2,18-24,25k-50k,3,E-Pharmacy,Occasionally,3,3,Online/Social media,0.422,True,Other brand
CON00280,0-12 months,North,T3,30-34,<25k,4,Retail Chemist,Every 2-3 months,3,4,Pediatrician,0.681,False,Other brand
CON00281,0-12 months,East,T1,25-29,>1L,5,E-Pharmacy,Every 2-3 months,3,3,Pharmacist,0.636,True,DePURA Kids
CON00282,0-12 months,East,T3,18-24,<25k,3,Retail Chemist,Every 2-3 months,5,4,Pediatrician,0.672,False,Other brand
CON00283,0-12 months,West,T3,25-29,25k-50k,4,Retail Chemist,Monthly,2,5,Pediatrician,0.925,False,Not currently buying
CON00284,6-12 years,North,T3,25-29,<25k,5,Retail Chemist,Every 2-3 months,4,5,Pediatrician,0.619,False,DePURA Kids
CON00285,0-12 months,South,T1,25-29,50k-1L,5,Retail Chemist,Every 2-3 months,3,4,Gynecologist,0.583,False,DePURA Kids
CON00286,13-18 years,East,T3,40+,<25k,2,Retail Chemist,Occasionally,4,4,Family/Friends,0.328,True,Other brand
CON00287,0-12 months,South,T1,40+,>1L,5,E-Pharmacy,Occasionally,2,4,Online/Social media,0.373,False,DePURA Kids
CON00288,6-12 years,North,T2,30-34,<25k,3,E-Pharmacy,Occasionally,4,5,Gynecologist,0.437,False,Other brand
CON00289,0-12 months,South,T2,25-29,50k-1L,4,Quick Commerce,Every 2-3 months,3,3,Pediatrician,0.608,True,Not currently buying
CON00290,1-5 years,Central,T3,40+,<25k,3,Hospital Pharmacy,Monthly,3,4,Pediatrician,0.786,False,Other brand
CON00291,0-12 months,West,T2,35-39,50k-1L,5,Retail Chemist,Every 2-3 months,3,3,Online/Social media,0.55,False,Other brand
CON00292,1-5 years,North,T3,35-39,>1L,3,Hospital Pharmacy,Occasionally,3,2,Online/Social media,0.337,True,Not currently buying
CON00293,0-12 months,Central,T3,18-24,<25k,3,Hospital Pharmacy,Occasionally,5,4,Pediatrician,0.318,False,Other brand
CON00294,6-12 years,South,T2,35-39,<25k,4,Hospital Pharmacy,Monthly,4,5,Pediatrician,0.788,False,Other brand
CON00295,6-12 years,West,T2,30-34,<25k,3,Pharmacy Chain,Occasionally,4,5,Pharmacist,0.464,False,Other brand
CON00296,1-5 years,East,T3,35-39,<25k,4,Retail Chemist,Every 2-3 months,5,4,Pediatrician,0.669,False,Other brand
CON00297,1-5 years,North,T2,25-29,50k-1L,4,Quick Commerce,Occasionally,3,4,Gynecologist,0.437,False,Other brand
CON00298,1-5 years,North,T1,35-39,>1L,4,Quick Commerce,Occasionally,1,4,Pediatrician,0.385,True,Other brand
CON00299,0-12 months,Central,T2,35-39,>1L,4,Retail Chemist,Monthly,2,3,Pediatrician,0.719,True,Other brand
CON00300,1-5 years,North,T2,30-34,25k-50k,4,E-Pharmacy,Occasionally,3,3,Gynecologist,0.448,True,Other brand
CON00301,0-12 months,South,T1,30-34,50k-1L,5,Quick Commerce,Every 2-3 months,3,3,Pediatrician,0.694,False,Other brand
CON00302,0-12 months,West,T1,30-34,50k-1L,5,Quick Commerce,Monthly,3,4,Pediatrician,0.848,False,DePURA Kids
CON00303,1-5 years,West,T1,30-34,50k-1L,4,E-Pharmacy,Monthly,2,5,Online/Social media,0.715,False,Other brand
CON00304,6-12 years,West,T2,35-39,50k-1L,5,Pharmacy Chain,Every 2-3 months,3,5,Pediatrician,0.533,False,DePURA Kids
CON00305,0-12 months,North,T2,18-24,<25k,5,Retail Chemist,Occasionally,5,1,Family/Friends,0.487,True,Other brand
CON00306,0-12 months,West,T1,30-34,50k-1L,4,Pharmacy Chain,Every 2-3 months,3,5,Gynecologist,0.681,False,Other brand
CON00307,0-12 months,West,T1,25-29,25k-50k,4,Retail Chemist,Occasionally,5,4,Family/Friends,0.361,False,Other brand
CON00308,0-12 months,South,T1,25-29,25k-50k,3,Retail Chemist,Monthly,3,5,Pediatrician,0.82,False,Not currently buying
CON00309,0-12 months,East,T1,30-34,50k-1L,4,Pharmacy Chain,Occasionally,3,3,Pharmacist,0.305,False,Other brand
CON00310,1-5 years,West,T1,40+,>1L,4,Pharmacy Chain,Monthly,3,4,Family/Friends,0.75,False,Other brand
CON00311,0-12 months,North,T2,35-39,<25k,4,Pharmacy Chain,Every 2-3 months,3,3,Gynecologist,0.578,False,Other brand
CON00312,0-12 months,West,T1,30-34,25k-50k,3,E-Pharmacy,Every 2-3 months,4,4,Gynecologist,0.647,False,Not currently buying
CON00313,6-12 years,West,T1,35-39,50k-1L,3,Retail Chemist,Monthly,2,4,Online/Social media,0.73,True,DePURA Kids
CON00314,1-5 years,West,T2,25-29,<25k,4,Retail Chemist,Every 2-3 months,3,4,Gynecologist,0.539,False,DePURA Kids
CON00315,0-12 months,South,T1,25-29,50k-1L,5,Pharmacy Chain,Every 2-3 months,2,2,Online/Social media,0.601,False,Other brand
CON00316,0-12 months,West,T1,30-34,50k-1L,3,E-Pharmacy,Monthly,3,3,Pediatrician,0.842,True,Other brand
CON00317,6-12 years,North,T3,35-39,50k-1L,5,Retail Chemist,Monthly,4,4,Pediatrician,0.858,False,Not currently buying
CON00318,0-12 months,North,T1,30-34,>1L,4,Retail Chemist,Every 2-3 months,3,3,Pharmacist,0.649,False,Other brand
CON00319,6-12 years,South,T2,25-29,>1L,2,Quick Commerce,Monthly,2,4,Pediatrician,0.815,False,Other brand
CON00320,6-12 years,South,T2,18-24,25k-50k,3,E-Pharmacy,Monthly,4,3,Pharmacist,1.0,False,Other brand
CON00321,0-12 months,East,T1,25-29,<25k,4,Quick Commerce,Every 2-3 months,3,4,Pharmacist,0.66,False,DePURA Kids
CON00322,6-12 years,North,T2,40+,25k-50k,3,Retail Chemist,Occasionally,3,4,Pharmacist,0.405,False,Not currently buying
CON00323,6-12 years,East,T1,18-24,50k-1L,4,Quick Commerce,Occasionally,4,4,Gynecologist,0.486,False,Other brand
CON00324,1-5 years,East,T3,30-34,>1L,2,Retail Chemist,Every 2-3 months,3,4,Family/Friends,0.625,False,Other brand
CON00325,6-12 years,East,T1,40+,>1L,3,Quick Commerce,Monthly,2,3,Pediatrician,0.812,True,Other brand
CON00326,1-5 years,North,T1,30-34,>1L,4,Pharmacy Chain,Every 2-3 months,2,5,Pediatrician,0.564,False,DePURA Kids
CON00327,0-12 months,West,T1,25-29,>1L,3,Quick Commerce,Every 2-3 months,3,4,Pharmacist,0.593,False,DePURA Kids
CON00328,1-5 years,East,T2,35-39,25k-50k,4,Retail Chemist,Monthly,5,4,Pediatrician,0.798,False,Not currently buying
CON00329,6-12 years,Central,T3,25-29,25k-50k,3,Retail Chemist,Occasionally,4,3,Pharmacist,0.449,False,Not currently buying
CON00330,0-12 months,South,T1,30-34,25k-50k,5,E-Pharmacy,Every 2-3 months,2,4,Pediatrician,0.65,False,DePURA Kids
CON00331,0-12 months,West,T1,25-29,<25k,4,Retail Chemist,Every 2-3 months,4,3,Gynecologist,0.612,False,DePURA Kids
CON00332,6-12 years,West,T1,18-24,>1L,4,Quick Commerce,Monthly,1,3,Online/Social media,0.738,False,Other brand
CON00333,6-12 years,West,T2,25-29,25k-50k,3,Retail Chemist,Occasionally,4,4,Pharmacist,0.412,False,Other brand
CON00334,13-18 years,South,T2,30-34,25k-50k,3,E-Pharmacy,Every 2-3 months,3,4,Pharmacist,0.565,False,Other brand
CON00335,6-12 years,North,T2,25-29,<25k,5,Pharmacy Chain,Occasionally,4,5,Family/Friends,0.327,False,DePURA Kids
CON00336,1-5 years,West,T2,25-29,>1L,5,Retail Chemist,Every 2-3 months,3,5,Pediatrician,0.652,False,Not currently buying
CON00337,0-12 months,East,T1,25-29,>1L,5,E-Pharmacy,Monthly,3,4,Pediatrician,1.0,False,Other brand
CON00338,0-12 months,East,T1,35-39,25k-50k,5,E-Pharmacy,Monthly,2,5,Pediatrician,0.873,False,DePURA Kids
CON00339,6-12 years,South,T2,40+,>1L,3,Pharmacy Chain,Monthly,2,5,Pediatrician,0.821,False,Other brand
CON00340,0-12 months,North,T2,30-34,50k-1L,3,Retail Chemist,Occasionally,3,3,Pharmacist,0.477,False,Other brand
CON00341,6-12 years,South,T1,40+,50k-1L,5,Retail Chemist,Monthly,3,3,Pediatrician,0.718,False,Other brand
CON00342,0-12 months,West,T1,35-39,50k-1L,2,E-Pharmacy,Occasionally,3,5,Pharmacist,0.479,False,Other brand
CON00343,1-5 years,East,T2,40+,<25k,3,E-Pharmacy,Occasionally,4,2,Online/Social media,0.39,False,Other brand
CON00344,1-5 years,South,T1,18-24,>1L,4,E-Pharmacy,Monthly,3,4,Pediatrician,0.836,False,Other brand
CON00345,1-5 years,East,T3,30-34,25k-50k,3,Retail Chemist,Occasionally,3,3,Pharmacist,0.423,False,Other brand
CON00346,0-12 months,North,T3,18-24,<25k,4,Retail Chemist,Every 2-3 months,4,4,Pediatrician,0.699,False,Other brand
CON00347,1-5 years,South,T2,30-34,<25k,3,Retail Chemist,Every 2-3 months,4,4,Gynecologist,0.525,False,Other brand
CON00348,6-12 years,West,T1,25-29,>1L,4,Pharmacy Chain,Every 2-3 months,3,5,Pediatrician,0.616,False,DePURA Kids
CON00349,13-18 years,West,T3,30-34,<25k,3,E-Pharmacy,Occasionally,5,3,Pharmacist,0.39,False,Other brand
CON00350,0-12 months,South,T2,30-34,>1L,3,Quick Commerce,Occasionally,3,3,Family/Friends,0.475,False,Other brand
CON00351,1-5 years,North,T2,35-39,>1L,3,Quick Commerce,Every 2-3 months,1,3,Pediatrician,0.642,False,Other brand
CON00352,0-12 months,North,T2,25-29,50k-1L,4,Hospital Pharmacy,Every 2-3 months,4,5,Pharmacist,0.647,True,DePURA Kids
CON00353,1-5 years,North,T1,25-29,25k-50k,4,Retail Chemist,Every 2-3 months,3,3,Gynecologist,0.687,False,Other brand
CON00354,1-5 years,Central,T3,30-34,25k-50k,5,Retail Chemist,Monthly,3,5,Pediatrician,0.853,False,Other brand
CON00355,1-5 years,South,T1,25-29,>1L,3,Pharmacy Chain,Every 2-3 months,1,3,Pediatrician,0.538,True,Other brand
CON00356,6-12 years,East,T2,25-29,50k-1L,3,Hospital Pharmacy,Every 2-3 months,4,5,Gynecologist,0.611,False,Other brand
CON00357,0-12 months,South,T1,40+,>1L,3,Retail Chemist,Monthly,3,5,Pediatrician,0.834,False,Other brand
CON00358,0-12 months,South,T1,40+,50k-1L,4,Pharmacy Chain,Monthly,3,5,Pediatrician,0.789,False,DePURA Kids
CON00359,0-12 months,Central,T2,30-34,<25k,4,Hospital Pharmacy,Occasionally,3,3,Pharmacist,0.405,False,DePURA Kids
CON00360,0-12 months,West,T2,25-29,25k-50k,5,E-Pharmacy,Every 2-3 months,3,4,Online/Social media,0.603,False,Other brand
CON00361,1-5 years,West,T1,30-34,50k-1L,4,Hospital Pharmacy,One-time,3,3,Family/Friends,0.27,False,Other brand
CON00362,0-12 months,South,T2,30-34,50k-1L,3,Retail Chemist,Monthly,2,4,Pediatrician,0.778,False,Not currently buying
CON00363,0-12 months,West,T1,35-39,50k-1L,4,E-Pharmacy,Monthly,3,4,Pediatrician,0.77,False,Other brand
CON00364,6-12 years,West,T1,35-39,50k-1L,3,Pharmacy Chain,Occasionally,5,4,Pediatrician,0.476,False,Not currently buying
CON00365,0-12 months,East,T3,25-29,25k-50k,4,Retail Chemist,Occasionally,5,3,Pediatrician,0.436,False,Not currently buying
CON00366,1-5 years,East,T1,25-29,50k-1L,5,E-Pharmacy,Occasionally,2,4,Family/Friends,0.39,False,DePURA Kids
CON00367,0-12 months,South,T2,30-34,25k-50k,4,E-Pharmacy,Monthly,4,4,Pediatrician,0.778,True,Other brand
CON00368,0-12 months,South,T1,30-34,>1L,4,Retail Chemist,Monthly,2,2,Family/Friends,0.85,True,Other brand
CON00369,0-12 months,West,T1,18-24,>1L,5,Quick Commerce,Every 2-3 months,2,3,Pediatrician,0.682,True,DePURA Kids
CON00370,0-12 months,South,T1,30-34,25k-50k,4,E-Pharmacy,Every 2-3 months,2,4,Pediatrician,0.601,False,Not currently buying
CON00371,6-12 years,South,T1,25-29,25k-50k,5,Hospital Pharmacy,Monthly,,5,Pediatrician,0.739,False,DePURA Kids
CON00372,1-5 years,Central,T2,30-34,50k-1L,4,Retail Chemist,Every 2-3 months,3,4,Pediatrician,0.655,False,Other brand
CON00373,1-5 years,West,T2,25-29,25k-50k,3,Retail Chemist,Every 2-3 months,4,3,Pharmacist,0.699,False,Not currently buying
CON00374,6-12 years,North,T2,30-34,50k-1L,4,Hospital Pharmacy,Monthly,2,5,Pediatrician,0.809,False,DePURA Kids
CON00375,0-12 months,South,T1,18-24,50k-1L,5,Quick Commerce,Monthly,5,4,Pediatrician,0.873,False,DePURA Kids
CON00376,0-12 months,Central,T2,35-39,50k-1L,3,Retail Chemist,Every 2-3 months,3,3,Family/Friends,0.573,True,Other brand
CON00377,0-12 months,South,T1,18-24,50k-1L,3,Pharmacy Chain,Monthly,4,5,Pediatrician,0.836,False,Other brand
CON00378,1-5 years,North,T1,40+,50k-1L,4,E-Pharmacy,Every 2-3 months,3,4,Pediatrician,0.64,False,Not currently buying
CON00379,1-5 years,South,T1,25-29,25k-50k,3,Retail Chemist,Monthly,3,3,Family/Friends,0.784,False,Not currently buying
CON00380,0-12 months,South,T2,30-34,25k-50k,3,Pharmacy Chain,Every 2-3 months,2,3,Pediatrician,0.628,False,Other brand
CON00381,6-12 years,South,T1,25-29,50k-1L,3,Pharmacy Chain,Monthly,2,4,Pediatrician,0.787,True,Other brand
CON00382,0-12 months,West,T2,25-29,25k-50k,5,Quick Commerce,Monthly,,5,Pediatrician,0.737,False,Other brand
CON00383,1-5 years,East,T2,18-24,50k-1L,3,Hospital Pharmacy,Every 2-3 months,4,3,Online/Social media,0.534,False,Other brand
CON00384,0-12 months,South,T1,25-29,25k-50k,3,Pharmacy Chain,Occasionally,4,3,Online/Social media,0.35,True,Other brand
CON00385,6-12 years,South,T2,25-29,>1L,4,Quick Commerce,Every 2-3 months,3,3,Family/Friends,0.672,False,Other brand
CON00386,0-12 months,North,T2,25-29,50k-1L,2,E-Pharmacy,Every 2-3 months,3,3,Online/Social media,0.689,True,Other brand
CON00387,13-18 years,North,T2,35-39,25k-50k,4,Pharmacy Chain,Every 2-3 months,4,5,Pediatrician,0.664,False,Other brand
CON00388,1-5 years,East,T2,30-34,25k-50k,4,E-Pharmacy,Monthly,4,4,Pediatrician,0.786,False,DePURA Kids
CON00389,0-12 months,East,T2,25-29,50k-1L,4,Retail Chemist,Every 2-3 months,4,3,Pediatrician,0.638,False,Other brand
CON00390,0-12 months,North,T2,35-39,>1L,2,Retail Chemist,Every 2-3 months,3,5,Pharmacist,0.621,False,Other brand
CON00391,0-12 months,East,T2,25-29,50k-1L,5,Hospital Pharmacy,Monthly,2,5,Pediatrician,0.795,False,DePURA Kids
CON00392,1-5 years,South,T2,18-24,25k-50k,4,Pharmacy Chain,Monthly,3,4,Pediatrician,0.839,False,DePURA Kids
CON00393,1-5 years,West,T1,30-34,25k-50k,3,E-Pharmacy,Every 2-3 months,3,4,Pharmacist,0.58,False,Not currently buying
CON00394,0-12 months,North,T2,25-29,50k-1L,3,Retail Chemist,Monthly,3,4,Pediatrician,0.818,False,Other brand
CON00395,1-5 years,South,T1,35-39,<25k,4,Hospital Pharmacy,Monthly,4,5,Pediatrician,0.88,False,Other brand
CON00396,1-5 years,North,T2,30-34,>1L,5,Retail Chemist,Every 2-3 months,2,3,Pediatrician,0.64,True,Other brand
CON00397,0-12 months,South,T1,35-39,>1L,4,Retail Chemist,Monthly,3,4,Pediatrician,0.786,True,DePURA Kids
CON00398,6-12 years,South,T2,35-39,<25k,5,Retail Chemist,Occasionally,5,5,Pediatrician,0.457,False,Other brand
CON00399,6-12 years,Central,T2,40+,<25k,4,Retail Chemist,Every 2-3 months,4,4,Pediatrician,0.522,False,DePURA Kids
CON00400,6-12 years,South,T2,25-29,25k-50k,3,E-Pharmacy,Occasionally,5,3,Family/Friends,0.48,False,Other brand
CON00401,1-5 years,South,T3,40+,25k-50k,4,Retail Chemist,Occasionally,3,4,Pediatrician,0.415,False,DePURA Kids
CON00402,0-12 months,South,T1,30-34,50k-1L,4,E-Pharmacy,Every 2-3 months,2,4,Gynecologist,0.519,False,DePURA Kids
CON00403,0-12 months,West,T1,25-29,50k-1L,2,Pharmacy Chain,Every 2-3 months,3,5,Pediatrician,0.648,False,Not currently buying
CON00404,0-12 months,South,T1,40+,25k-50k,5,Pharmacy Chain,Every 2-3 months,4,4,Pediatrician,0.699,False,Other brand
CON00405,1-5 years,East,T2,25-29,>1L,3,Retail Chemist,Monthly,2,5,Pediatrician,0.737,False,Other brand
CON00406,0-12 months,North,T2,25-29,25k-50k,4,E-Pharmacy,Every 2-3 months,5,4,Online/Social media,0.622,False,Not currently buying
CON00407,0-12 months,North,T2,30-34,50k-1L,3,Retail Chemist,Monthly,3,4,Pediatrician,0.721,False,Other brand
CON00408,1-5 years,South,T3,25-29,25k-50k,3,Retail Chemist,Every 2-3 months,3,5,Pediatrician,0.64,False,Other brand
CON00409,0-12 months,East,T2,25-29,50k-1L,5,Retail Chemist,Every 2-3 months,4,4,Pediatrician,0.641,False,Other brand
CON00410,1-5 years,Central,T2,25-29,>1L,4,Retail Chemist,Every 2-3 months,1,4,Pediatrician,0.698,False,DePURA Kids
CON00411,6-12 years,West,T2,40+,<25k,3,Quick Commerce,Occasionally,,3,Pharmacist,0.362,False,Other brand
CON00412,0-12 months,East,T2,30-34,25k-50k,3,Retail Chemist,Every 2-3 months,3,4,Pharmacist,0.666,False,DePURA Kids
CON00413,1-5 years,West,T1,30-34,>1L,5,Retail Chemist,Every 2-3 months,3,5,Pediatrician,0.674,False,Other brand
CON00414,0-12 months,West,T1,30-34,>1L,3,Quick Commerce,Monthly,3,3,Pediatrician,0.704,True,Not currently buying
CON00415,6-12 years,West,T1,40+,>1L,3,Quick Commerce,Every 2-3 months,2,4,Pediatrician,0.601,False,Other brand
CON00416,0-12 months,Central,T2,40+,25k-50k,3,E-Pharmacy,Every 2-3 months,4,4,Online/Social media,0.658,False,Other brand
CON00417,6-12 years,North,T1,35-39,>1L,4,E-Pharmacy,Monthly,3,4,Pediatrician,0.775,False,Other brand
CON00418,1-5 years,West,T2,25-29,>1L,2,Pharmacy Chain,Occasionally,2,2,Pediatrician,0.434,False,Other brand
CON00419,0-12 months,South,T1,25-29,50k-1L,5,Retail Chemist,Monthly,4,4,Pediatrician,0.806,False,Other brand
CON00420,1-5 years,North,T2,30-34,50k-1L,4,E-Pharmacy,Every 2-3 months,3,4,Pediatrician,0.579,False,DePURA Kids
CON00421,0-12 months,West,T2,30-34,>1L,4,Pharmacy Chain,Every 2-3 months,3,5,Online/Social media,0.671,False,Other brand
CON00422,6-12 years,West,T1,25-29,<25k,3,Pharmacy Chain,One-time,4,3,Pharmacist,0.132,False,Not currently buying
CON00423,0-12 months,North,T2,18-24,50k-1L,4,Retail Chemist,Every 2-3 months,1,4,Family/Friends,0.64,False,DePURA Kids
CON00424,0-12 months,East,T2,18-24,<25k,3,Quick Commerce,Occasionally,3,5,Family/Friends,0.392,False,Other brand
CON00425,0-12 months,West,T1,40+,25k-50k,5,Retail Chemist,Occasionally,3,3,Family/Friends,0.459,False,DePURA Kids
CON00426,1-5 years,Central,T2,30-34,50k-1L,5,Pharmacy Chain,Every 2-3 months,3,4,Pediatrician,0.647,False,Other brand
CON00427,6-12 years,Central,T2,30-34,>1L,1,Quick Commerce,Occasionally,1,4,Family/Friends,0.308,False,Other brand
CON00428,0-12 months,North,T2,40+,50k-1L,4,E-Pharmacy,Every 2-3 months,2,3,Pharmacist,0.51,False,Other brand
CON00429,1-5 years,Central,T3,35-39,<25k,3,Retail Chemist,Monthly,5,5,Pediatrician,0.748,False,Not currently buying
CON00430,1-5 years,North,T2,30-34,<25k,2,Retail Chemist,Monthly,3,5,Pediatrician,0.783,False,Other brand
CON00431,0-12 months,South,T1,35-39,50k-1L,3,Pharmacy Chain,Monthly,2,4,Pediatrician,0.905,False,Not currently buying
CON00432,0-12 months,North,T2,25-29,>1L,4,Retail Chemist,Occasionally,3,4,Online/Social media,0.442,False,Not currently buying
CON00433,0-12 months,South,T1,30-34,50k-1L,2,Pharmacy Chain,Monthly,2,2,Family/Friends,0.786,True,Other brand
CON00434,1-5 years,East,T1,25-29,>1L,5,Quick Commerce,Occasionally,2,4,Pediatrician,0.445,False,Other brand
CON00435,0-12 months,East,T2,30-34,50k-1L,2,Pharmacy Chain,Every 2-3 months,,3,Family/Friends,0.672,False,Not currently buying
CON00436,1-5 years,East,T3,30-34,50k-1L,4,Retail Chemist,Every 2-3 months,2,5,Pediatrician,0.664,False,Other brand
CON00437,0-12 months,South,T3,40+,25k-50k,4,Retail Chemist,Every 2-3 months,3,4,Pharmacist,0.528,False,Other brand
CON00438,0-12 months,North,T2,18-24,25k-50k,3,E-Pharmacy,Monthly,2,4,Pediatrician,0.777,False,DePURA Kids
CON00439,6-12 years,North,T1,30-34,25k-50k,3,Pharmacy Chain,Every 2-3 months,4,4,Family/Friends,0.564,False,Other brand
CON00440,1-5 years,North,T1,30-34,25k-50k,5,Pharmacy Chain,Every 2-3 months,3,3,Pediatrician,0.537,False,Other brand
CON00441,0-12 months,East,T1,30-34,50k-1L,3,Retail Chemist,Every 2-3 months,3,3,Pharmacist,0.527,False,Other brand
CON00442,0-12 months,South,T1,18-24,50k-1L,3,E-Pharmacy,Occasionally,2,3,Family/Friends,0.466,True,DePURA Kids
CON00443,1-5 years,North,T2,40+,>1L,3,Hospital Pharmacy,Every 2-3 months,3,5,Pediatrician,0.601,False,Other brand
CON00444,1-5 years,North,T2,25-29,50k-1L,3,Retail Chemist,Every 2-3 months,3,5,Online/Social media,0.636,False,Other brand
CON00445,0-12 months,North,T2,25-29,<25k,3,Retail Chemist,Every 2-3 months,4,5,Gynecologist,0.591,False,Not currently buying
CON00446,6-12 years,East,T2,35-39,>1L,1,E-Pharmacy,Every 2-3 months,2,4,Pharmacist,0.604,False,Other brand
CON00447,6-12 years,North,T3,30-34,25k-50k,3,Retail Chemist,Occasionally,2,3,Online/Social media,0.435,False,Other brand
CON00448,13-18 years,East,T1,35-39,>1L,3,Retail Chemist,Occasionally,3,4,Online/Social media,0.445,False,Not currently buying
CON00449,13-18 years,South,T1,25-29,>1L,4,Retail Chemist,Every 2-3 months,1,2,Pediatrician,0.539,True,Other brand
CON00450,6-12 years,South,T2,35-39,50k-1L,3,Retail Chemist,Occasionally,2,3,Gynecologist,0.473,True,Other brand
CON00451,0-12 months,South,T1,30-34,50k-1L,3,Quick Commerce,Every 2-3 months,3,4,Pediatrician,0.687,True,Other brand
CON00452,6-12 years,North,T2,30-34,25k-50k,4,E-Pharmacy,Every 2-3 months,4,4,Pediatrician,0.594,False,Other brand
CON00453,6-12 years,North,T2,30-34,25k-50k,3,E-Pharmacy,Monthly,4,5,Pediatrician,0.707,False,Other brand
CON00454,1-5 years,East,T3,30-34,>1L,4,Hospital Pharmacy,Occasionally,4,3,Pediatrician,0.45,True,DePURA Kids
CON00455,0-12 months,Central,T3,25-29,25k-50k,3,Retail Chemist,Monthly,3,4,Pediatrician,0.949,False,DePURA Kids
CON00456,0-12 months,South,T3,25-29,25k-50k,3,E-Pharmacy,Occasionally,3,5,Pediatrician,0.4,False,Other brand
CON00457,0-12 months,Central,T2,35-39,50k-1L,4,Retail Chemist,Every 2-3 months,3,4,Pediatrician,0.689,False,DePURA Kids
CON00458,0-12 months,West,T1,30-34,25k-50k,4,Pharmacy Chain,Every 2-3 months,2,4,Family/Friends,0.697,True,Other brand
CON00459,6-12 years,South,T1,30-34,25k-50k,3,E-Pharmacy,Every 2-3 months,3,4,Pharmacist,0.549,False,Other brand
CON00460,0-12 months,East,T1,30-34,25k-50k,3,Pharmacy Chain,Monthly,3,3,Gynecologist,0.748,True,Other brand
CON00461,1-5 years,North,T2,35-39,25k-50k,3,E-Pharmacy,Every 2-3 months,5,4,Pediatrician,0.647,False,Not currently buying
CON00462,0-12 months,North,T2,18-24,<25k,5,Retail Chemist,Monthly,3,5,Family/Friends,0.76,False,DePURA Kids
CON00463,1-5 years,North,T1,25-29,>1L,4,E-Pharmacy,Every 2-3 months,2,4,Pediatrician,0.581,False,Other brand
CON00464,1-5 years,East,T3,40+,<25k,4,Retail Chemist,Every 2-3 months,4,4,Online/Social media,0.697,False,DePURA Kids
CON00465,0-12 months,South,T1,25-29,>1L,1,Pharmacy Chain,Every 2-3 months,3,4,Online/Social media,0.542,False,Other brand
CON00466,1-5 years,South,T1,25-29,50k-1L,4,E-Pharmacy,Occasionally,3,4,Online/Social media,0.497,False,Not currently buying
CON00467,6-12 years,North,T1,40+,25k-50k,4,Quick Commerce,One-time,3,4,Pharmacist,0.298,False,DePURA Kids
CON00468,6-12 years,West,T2,25-29,<25k,2,Retail Chemist,Occasionally,5,4,Online/Social media,0.489,False,Other brand
CON00469,6-12 years,North,T1,18-24,25k-50k,3,Pharmacy Chain,Every 2-3 months,4,5,Family/Friends,0.547,False,Other brand
CON00470,6-12 years,South,T1,30-34,>1L,4,Quick Commerce,Every 2-3 months,3,4,Family/Friends,0.602,False,DePURA Kids
CON00471,0-12 months,West,T1,35-39,>1L,5,Retail Chemist,Monthly,4,3,Pediatrician,0.883,False,Not currently buying
CON00472,0-12 months,East,T2,25-29,25k-50k,5,Retail Chemist,Monthly,2,3,Pediatrician,0.719,False,DePURA Kids
CON00473,1-5 years,South,T2,30-34,>1L,4,Pharmacy Chain,Monthly,3,5,Pediatrician,0.743,False,DePURA Kids
CON00474,1-5 years,North,T2,35-39,25k-50k,2,Retail Chemist,Occasionally,4,2,Gynecologist,0.429,False,Other brand
CON00475,1-5 years,North,T3,30-34,<25k,3,Retail Chemist,Every 2-3 months,5,4,Family/Friends,0.546,False,DePURA Kids
CON00476,0-12 months,North,T2,30-34,25k-50k,3,Quick Commerce,Every 2-3 months,4,3,Family/Friends,0.693,False,Not currently buying
CON00477,0-12 months,North,T3,25-29,25k-50k,4,Retail Chemist,Every 2-3 months,3,1,Pediatrician,0.656,False,Other brand
CON00478,1-5 years,East,T2,30-34,50k-1L,3,E-Pharmacy,Monthly,2,4,Pediatrician,0.839,False,Other brand
CON00479,6-12 years,East,T2,25-29,<25k,3,Pharmacy Chain,Occasionally,4,3,Online/Social media,0.368,False,Other brand
CON00480,1-5 years,West,T1,25-29,50k-1L,5,E-Pharmacy,Monthly,3,4,Pediatrician,0.953,False,Other brand
CON00481,6-12 years,North,T2,30-34,50k-1L,2,Retail Chemist,Monthly,1,3,Pediatrician,0.762,False,DePURA Kids
CON00482,0-12 months,North,T3,25-29,50k-1L,2,Retail Chemist,Monthly,2,3,Pediatrician,0.874,False,Other brand
CON00483,6-12 years,Central,T2,25-29,50k-1L,4,Retail Chemist,Every 2-3 months,5,4,Pediatrician,0.662,True,Other brand
CON00484,13-18 years,West,T3,40+,25k-50k,4,Retail Chemist,Every 2-3 months,3,5,Pediatrician,0.687,False,Other brand
CON00485,1-5 years,West,T1,35-39,>1L,3,E-Pharmacy,Every 2-3 months,2,5,Pediatrician,0.687,False,Not currently buying
CON00486,1-5 years,North,T1,18-24,<25k,4,Retail Chemist,Occasionally,2,2,Pharmacist,0.372,False,Other brand
CON00487,0-12 months,North,T3,30-34,50k-1L,3,Hospital Pharmacy,Every 2-3 months,4,4,Family/Friends,0.684,False,Other brand
CON00488,0-12 months,West,T2,25-29,>1L,4,E-Pharmacy,Every 2-3 months,2,5,Online/Social media,0.671,False,Other brand
CON00489,0-12 months,North,T2,25-29,25k-50k,2,Retail Chemist,Every 2-3 months,3,4,Family/Friends,0.586,False,DePURA Kids
CON00490,1-5 years,South,T1,25-29,25k-50k,3,Quick Commerce,Occasionally,,2,Pharmacist,0.402,True,Not currently buying
CON00491,6-12 years,North,T2,35-39,25k-50k,4,Retail Chemist,Occasionally,2,3,Family/Friends,0.38,False,Other brand
CON00492,6-12 years,West,T1,35-39,<25k,5,Retail Chemist,Monthly,4,3,Pediatrician,0.91,False,Other brand
CON00493,0-12 months,South,T1,30-34,50k-1L,5,Retail Chemist,Monthly,3,5,Pediatrician,0.747,False,DePURA Kids
CON00494,0-12 months,South,T1,18-24,>1L,5,Retail Chemist,Monthly,2,4,Pediatrician,0.786,False,DePURA Kids
CON00495,13-18 years,East,T2,40+,50k-1L,2,Pharmacy Chain,Occasionally,4,4,Online/Social media,0.382,False,Other brand
CON00496,1-5 years,West,T1,18-24,50k-1L,3,E-Pharmacy,Monthly,2,4,Online/Social media,0.767,False,Other brand
CON00497,6-12 years,North,T1,30-34,50k-1L,4,Retail Chemist,Monthly,2,3,Pediatrician,0.837,False,Other brand
CON00498,1-5 years,Central,T2,25-29,25k-50k,5,Retail Chemist,Occasionally,4,5,Pediatrician,0.353,False,DePURA Kids
CON00499,0-12 months,North,T2,30-34,25k-50k,3,Pharmacy Chain,Every 2-3 months,3,3,Online/Social media,0.652,False,Other brand
CON00500,0-12 months,North,T2,18-24,25k-50k,5,E-Pharmacy,Occasionally,3,3,Family/Friends,0.442,False,Other brand
CON00501,0-12 months,North,T1,25-29,25k-50k,4,E-Pharmacy,Every 2-3 months,4,4,Family/Friends,0.69,True,Other brand
CON00502,1-5 years,South,T1,18-24,>1L,3,Pharmacy Chain,Occasionally,1,5,Gynecologist,0.488,False,Other brand
CON00503,13-18 years,West,T2,35-39,50k-1L,5,Retail Chemist,Occasionally,5,4,Pediatrician,0.334,False,Other brand
CON00504,1-5 years,West,T1,35-39,50k-1L,4,Quick Commerce,Every 2-3 months,3,4,Pediatrician,0.586,False,Other brand
CON00505,0-12 months,West,T2,30-34,50k-1L,3,Hospital Pharmacy,Every 2-3 months,3,4,Pharmacist,0.648,False,Other brand
CON00506,0-12 months,South,T1,18-24,50k-1L,3,Pharmacy Chain,Monthly,3,3,Online/Social media,0.776,False,Not currently buying
CON00507,0-12 months,North,T2,30-34,50k-1L,3,Retail Chemist,Occasionally,4,3,Family/Friends,0.437,False,Not currently buying
CON00508,0-12 months,Central,T2,35-39,50k-1L,4,Pharmacy Chain,Every 2-3 months,3,5,Pediatrician,0.66,False,Other brand
CON00509,1-5 years,East,T2,25-29,50k-1L,4,Pharmacy Chain,Every 2-3 months,3,4,Pediatrician,0.57,False,Other brand
CON00510,0-12 months,North,T1,35-39,50k-1L,3,E-Pharmacy,Every 2-3 months,3,2,Gynecologist,0.591,True,Not currently buying
CON00511,1-5 years,South,T1,30-34,>1L,4,Pharmacy Chain,Occasionally,3,5,Pediatrician,0.449,False,Other brand
CON00512,6-12 years,South,T1,35-39,25k-50k,4,Retail Chemist,Every 2-3 months,3,4,Family/Friends,0.504,False,Other brand
CON00513,6-12 years,West,T1,30-34,25k-50k,3,Quick Commerce,Every 2-3 months,3,4,Family/Friends,0.538,False,Not currently buying
CON00514,6-12 years,South,T2,30-34,50k-1L,3,Retail Chemist,Every 2-3 months,3,3,Family/Friends,0.507,False,Other brand
CON00515,1-5 years,South,T3,35-39,>1L,2,Hospital Pharmacy,Every 2-3 months,2,3,Pediatrician,0.584,False,Other brand
CON00516,0-12 months,South,T1,30-34,>1L,2,Pharmacy Chain,Occasionally,4,3,Pharmacist,0.497,True,Other brand
CON00517,6-12 years,North,T2,30-34,<25k,4,Retail Chemist,Occasionally,5,3,Pediatrician,0.379,True,Other brand
CON00518,0-12 months,Central,T3,25-29,25k-50k,4,Retail Chemist,Every 2-3 months,5,4,Pediatrician,0.574,False,Other brand
CON00519,1-5 years,North,T2,18-24,<25k,2,Retail Chemist,Every 2-3 months,3,3,Family/Friends,0.613,False,Other brand
CON00520,1-5 years,North,T1,40+,<25k,3,Pharmacy Chain,Monthly,4,5,Pediatrician,0.91,False,Other brand
CON00521,6-12 years,West,T1,35-39,>1L,1,E-Pharmacy,Monthly,1,5,Pharmacist,1.0,False,Other brand
CON00522,0-12 months,North,T2,35-39,25k-50k,4,Retail Chemist,Monthly,2,3,Pediatrician,0.789,False,DePURA Kids
CON00523,1-5 years,North,T1,40+,25k-50k,5,Retail Chemist,Every 2-3 months,,3,Pediatrician,0.621,True,Other brand
CON00524,1-5 years,East,T2,35-39,<25k,5,Pharmacy Chain,Every 2-3 months,5,5,Pediatrician,0.609,False,DePURA Kids
CON00525,0-12 months,East,T1,25-29,50k-1L,3,Retail Chemist,Every 2-3 months,3,5,Pediatrician,0.672,False,Other brand
CON00526,0-12 months,North,T3,30-34,50k-1L,2,Retail Chemist,Monthly,4,4,Family/Friends,0.742,False,Other brand
CON00527,0-12 months,North,T2,18-24,<25k,4,Retail Chemist,Every 2-3 months,4,3,Pediatrician,0.657,False,Other brand
CON00528,1-5 years,West,T1,30-34,25k-50k,3,Retail Chemist,One-time,,4,Family/Friends,0.246,False,Other brand
CON00529,0-12 months,North,T2,30-34,25k-50k,4,E-Pharmacy,Every 2-3 months,3,3,Pediatrician,0.696,False,Other brand
CON00530,1-5 years,West,T1,35-39,50k-1L,4,Hospital Pharmacy,Monthly,4,4,Pediatrician,0.789,False,Other brand
CON00531,6-12 years,South,T1,35-39,50k-1L,3,Pharmacy Chain,Occasionally,4,5,Family/Friends,0.336,False,Other brand
CON00532,1-5 years,North,T2,30-34,<25k,3,Retail Chemist,Every 2-3 months,5,4,Family/Friends,0.607,False,Other brand
CON00533,1-5 years,South,T1,30-34,>1L,4,Retail Chemist,Every 2-3 months,2,5,Online/Social media,0.514,False,DePURA Kids
CON00534,1-5 years,East,T2,35-39,<25k,4,Retail Chemist,Every 2-3 months,2,5,Pediatrician,0.665,False,DePURA Kids
CON00535,1-5 years,North,T1,30-34,50k-1L,3,Retail Chemist,Occasionally,4,5,Pharmacist,0.465,False,Other brand
CON00536,1-5 years,Central,T3,40+,25k-50k,5,Hospital Pharmacy,Every 2-3 months,5,5,Pediatrician,0.554,False,DePURA Kids
CON00537,0-12 months,North,T1,25-29,<25k,3,Retail Chemist,Monthly,3,5,Pediatrician,0.731,False,Other brand
CON00538,6-12 years,Central,T3,30-34,25k-50k,3,Retail Chemist,Every 2-3 months,4,4,Pharmacist,0.507,False,Other brand
CON00539,1-5 years,North,T1,25-29,25k-50k,4,Pharmacy Chain,Every 2-3 months,2,5,Pediatrician,0.585,False,DePURA Kids
CON00540,0-12 months,Central,T2,25-29,25k-50k,1,Retail Chemist,Occasionally,3,5,Pediatrician,0.496,False,Other brand
CON00541,0-12 months,West,T1,35-39,>1L,3,E-Pharmacy,Every 2-3 months,3,3,Family/Friends,0.526,False,Other brand
CON00542,0-12 months,East,T2,18-24,25k-50k,3,Quick Commerce,Occasionally,4,1,Pharmacist,0.443,False,DePURA Kids
CON00543,0-12 months,North,T3,30-34,<25k,3,Retail Chemist,Every 2-3 months,4,4,Pharmacist,0.521,False,Other brand
CON00544,1-5 years,North,T2,35-39,<25k,3,Pharmacy Chain,Monthly,4,3,Pharmacist,0.796,False,Other brand
CON00545,6-12 years,North,T1,25-29,25k-50k,4,Pharmacy Chain,Occasionally,3,3,Pharmacist,0.406,False,Other brand
CON00546,0-12 months,North,T2,35-39,>1L,4,Retail Chemist,Monthly,4,5,Pediatrician,0.759,False,Not currently buying
CON00547,1-5 years,South,T1,35-39,<25k,2,Retail Chemist,Occasionally,3,5,Family/Friends,0.332,False,DePURA Kids
CON00548,6-12 years,East,T2,35-39,25k-50k,3,Pharmacy Chain,Monthly,4,4,Pharmacist,0.817,False,Not currently buying
CON00549,0-12 months,South,T1,30-34,25k-50k,4,Quick Commerce,Every 2-3 months,4,3,Pediatrician,0.648,False,Other brand
CON00550,0-12 months,South,T1,30-34,25k-50k,4,Pharmacy Chain,Every 2-3 months,3,3,Pediatrician,0.648,True,DePURA Kids
CON00551,6-12 years,South,T1,40+,50k-1L,4,E-Pharmacy,Monthly,2,4,Pediatrician,0.747,True,DePURA Kids
CON00552,1-5 years,North,T2,40+,25k-50k,2,Pharmacy Chain,Monthly,2,5,Pediatrician,0.836,False,Other brand
CON00553,0-12 months,East,T3,40+,25k-50k,4,Retail Chemist,Monthly,4,5,Pediatrician,0.758,True,DePURA Kids
CON00554,0-12 months,East,T2,40+,<25k,3,E-Pharmacy,Every 2-3 months,4,3,Gynecologist,0.509,False,Not currently buying
CON00555,0-12 months,North,T2,25-29,<25k,2,E-Pharmacy,Monthly,4,3,Pharmacist,0.801,False,Other brand
CON00556,0-12 months,North,T3,30-34,25k-50k,2,Retail Chemist,Every 2-3 months,4,5,Pediatrician,0.668,False,Other brand
CON00557,0-12 months,Central,T3,30-34,25k-50k,2,Retail Chemist,Monthly,4,5,Online/Social media,0.743,True,Other brand
CON00558,1-5 years,East,T2,30-34,25k-50k,3,Retail Chemist,Occasionally,4,2,Pharmacist,0.339,False,Other brand
CON00559,1-5 years,South,T1,25-29,50k-1L,3,Retail Chemist,Occasionally,3,3,Pharmacist,0.407,False,Not currently buying
CON00560,0-12 months,West,T1,30-34,50k-1L,4,Retail Chemist,Monthly,4,3,Family/Friends,0.813,False,Other brand
CON00561,1-5 years,West,T2,35-39,25k-50k,3,Retail Chemist,Occasionally,3,3,Pharmacist,0.481,False,Other brand
CON00562,6-12 years,West,T2,25-29,50k-1L,4,Retail Chemist,Occasionally,2,4,Pediatrician,0.416,False,Other brand
CON00563,13-18 years,East,T3,18-24,50k-1L,4,Retail Chemist,Every 2-3 months,2,4,Pediatrician,0.616,False,Other brand
CON00564,1-5 years,South,T1,30-34,50k-1L,5,Retail Chemist,Monthly,1,4,Pediatrician,0.832,False,DePURA Kids
CON00565,0-12 months,South,T2,30-34,<25k,2,Retail Chemist,Monthly,4,4,Pediatrician,0.907,False,Other brand
CON00566,0-12 months,North,T1,30-34,<25k,4,Quick Commerce,Monthly,3,4,Pediatrician,0.811,False,Not currently buying
CON00567,0-12 months,West,T1,30-34,50k-1L,3,Retail Chemist,Every 2-3 months,2,4,Pediatrician,0.629,False,Other brand
CON00568,0-12 months,South,T1,30-34,<25k,5,Retail Chemist,Every 2-3 months,4,2,Pediatrician,0.634,False,Other brand
CON00569,6-12 years,North,T2,40+,25k-50k,4,Retail Chemist,Every 2-3 months,4,4,Online/Social media,0.552,True,Other brand
CON00570,0-12 months,North,T3,30-34,25k-50k,3,Retail Chemist,Monthly,3,3,Pediatrician,0.737,False,Other brand
CON00571,6-12 years,South,T2,30-34,25k-50k,4,Pharmacy Chain,Occasionally,2,3,Pharmacist,0.479,False,Other brand
CON00572,0-12 months,Central,T3,35-39,50k-1L,3,Retail Chemist,Monthly,4,4,Online/Social media,0.84,False,DePURA Kids
CON00573,6-12 years,Central,T3,30-34,>1L,4,Retail Chemist,Every 2-3 months,3,5,Pediatrician,0.638,False,Other brand
CON00574,0-12 months,West,T1,25-29,50k-1L,4,Retail Chemist,Every 2-3 months,3,1,Online/Social media,0.541,True,Other brand
CON00575,1-5 years,North,T2,25-29,50k-1L,3,Retail Chemist,Every 2-3 months,3,5,Pediatrician,0.614,False,Other brand
CON00576,1-5 years,East,T1,30-34,25k-50k,5,Pharmacy Chain,Monthly,3,5,Pediatrician,0.739,False,Other brand
CON00577,0-12 months,North,T3,25-29,<25k,3,Retail Chemist,Monthly,4,3,Pediatrician,1.0,False,Other brand
CON00578,0-12 months,Central,T2,25-29,50k-1L,5,Pharmacy Chain,Monthly,3,3,Pharmacist,0.915,False,DePURA Kids
CON00579,1-5 years,South,T1,18-24,25k-50k,3,E-Pharmacy,Monthly,3,2,Pharmacist,0.723,True,Other brand
CON00580,6-12 years,West,T3,30-34,50k-1L,5,Retail Chemist,Every 2-3 months,3,5,Pediatrician,0.542,False,DePURA Kids
CON00581,1-5 years,South,T2,25-29,25k-50k,5,E-Pharmacy,Occasionally,3,5,Pediatrician,0.464,False,DePURA Kids
CON00582,0-12 months,North,T1,35-39,>1L,4,Retail Chemist,Occasionally,2,5,Pharmacist,0.387,False,Other brand
CON00583,6-12 years,West,T1,25-29,>1L,3,Retail Chemist,Every 2-3 months,2,4,Family/Friends,0.56,False,Other brand
CON00584,1-5 years,South,T1,30-34,25k-50k,5,Hospital Pharmacy,Every 2-3 months,4,4,Pediatrician,0.61,False,Other brand
CON00585,13-18 years,North,T1,18-24,25k-50k,3,E-Pharmacy,Occasionally,4,2,Gynecologist,0.444,True,Other brand
CON00586,1-5 years,East,T2,40+,25k-50k,5,E-Pharmacy,Every 2-3 months,3,4,Pediatrician,0.67,False,DePURA Kids
CON00587,0-12 months,West,T2,25-29,<25k,3,Retail Chemist,Occasionally,4,2,Pharmacist,0.476,False,Other brand
CON00588,13-18 years,South,T1,30-34,<25k,4,Hospital Pharmacy,Occasionally,3,3,Online/Social media,0.454,False,Other brand
CON00589,1-5 years,North,T1,35-39,>1L,4,Quick Commerce,Monthly,3,4,Pediatrician,0.78,False,DePURA Kids
CON00590,6-12 years,Central,T3,35-39,25k-50k,4,Retail Chemist,Every 2-3 months,5,5,Pediatrician,0.57,False,Not currently buying
CON00591,0-12 months,North,T2,30-34,25k-50k,3,Hospital Pharmacy,Monthly,3,4,Pediatrician,0.725,False,Not currently buying
CON00592,6-12 years,West,T1,30-34,50k-1L,4,Pharmacy Chain,Every 2-3 months,2,4,Pediatrician,0.571,False,DePURA Kids
CON00593,0-12 months,East,T3,18-24,<25k,2,Retail Chemist,Monthly,4,4,Pediatrician,0.754,False,Other brand
CON00594,1-5 years,South,T1,25-29,50k-1L,3,Pharmacy Chain,Monthly,2,5,Pediatrician,0.726,False,DePURA Kids
CON00595,13-18 years,South,T1,25-29,>1L,4,Retail Chemist,Monthly,2,5,Pediatrician,0.714,False,Other brand
CON00596,0-12 months,East,T2,18-24,>1L,3,Retail Chemist,Every 2-3 months,2,4,Pediatrician,0.658,False,Other brand
CON00597,0-12 months,North,T3,30-34,25k-50k,3,Retail Chemist,Every 2-3 months,3,5,Pharmacist,0.544,False,Not currently buying
CON00598,6-12 years,North,T1,30-34,<25k,4,Pharmacy Chain,Every 2-3 months,4,3,Family/Friends,0.671,False,Other brand
CON00599,1-5 years,South,T1,35-39,25k-50k,3,Retail Chemist,Monthly,3,4,Family/Friends,0.751,False,Not currently buying
CON00600,6-12 years,North,T1,30-34,>1L,5,Retail Chemist,Monthly,3,3,Pediatrician,0.9,False,Other brand
CON00601,6-12 years,South,T1,30-34,25k-50k,4,Quick Commerce,Every 2-3 months,4,4,Family/Friends,0.504,False,Other brand
CON00602,0-12 months,Central,T2,30-34,50k-1L,3,E-Pharmacy,Every 2-3 months,3,4,Pharmacist,0.575,False,Other brand
CON00603,0-12 months,North,T2,30-34,<25k,3,Hospital Pharmacy,Every 2-3 months,4,3,Online/Social media,0.505,False,Other brand
CON00604,0-12 months,South,T1,30-34,50k-1L,4,Quick Commerce,Monthly,3,5,Pediatrician,0.825,False,DePURA Kids
CON00605,0-12 months,Central,T2,25-29,<25k,4,Retail Chemist,Occasionally,3,3,Online/Social media,0.392,False,Not currently buying
CON00606,1-5 years,North,T2,30-34,<25k,3,Retail Chemist,Occasionally,4,4,Pharmacist,0.469,False,Other brand
CON00607,0-12 months,South,T2,30-34,25k-50k,4,E-Pharmacy,Monthly,3,4,Pediatrician,0.794,False,Other brand
CON00608,1-5 years,West,T1,35-39,50k-1L,5,Pharmacy Chain,Monthly,3,4,Pediatrician,0.86,False,Not currently buying
CON00609,13-18 years,North,T2,35-39,25k-50k,4,E-Pharmacy,Monthly,3,4,Pediatrician,0.739,False,Other brand
CON00610,0-12 months,South,T1,25-29,>1L,3,Pharmacy Chain,Monthly,1,4,Pediatrician,0.936,False,DePURA Kids
CON00611,0-12 months,West,T1,25-29,50k-1L,5,Retail Chemist,Every 2-3 months,2,4,Pediatrician,0.638,False,DePURA Kids
CON00612,6-12 years,West,T1,18-24,25k-50k,3,Pharmacy Chain,Occasionally,3,3,Family/Friends,0.369,True,Not currently buying
CON00613,1-5 years,Central,T3,35-39,<25k,5,Retail Chemist,Monthly,4,3,Pediatrician,0.793,False,DePURA Kids
CON00614,0-12 months,South,T1,25-29,50k-1L,4,Retail Chemist,Monthly,3,5,Pediatrician,0.738,False,DePURA Kids
CON00615,0-12 months,North,T2,35-39,25k-50k,4,Retail Chemist,Monthly,5,4,Online/Social media,0.871,False,Other brand
CON00616,1-5 years,East,T3,18-24,25k-50k,4,Retail Chemist,Monthly,5,5,Pediatrician,0.76,False,Other brand
CON00617,1-5 years,West,T1,30-34,50k-1L,4,Hospital Pharmacy,Occasionally,4,4,Pediatrician,0.436,False,Other brand
CON00618,0-12 months,North,T2,40+,50k-1L,4,Retail Chemist,Occasionally,3,4,Online/Social media,0.42,False,Other brand
CON00619,1-5 years,North,T2,25-29,25k-50k,3,Quick Commerce,Every 2-3 months,2,5,Pediatrician,0.569,False,DePURA Kids
CON00620,6-12 years,East,T3,40+,<25k,4,Retail Chemist,Monthly,4,5,Pediatrician,0.839,False,DePURA Kids
CON00621,6-12 years,North,T1,25-29,>1L,4,E-Pharmacy,Monthly,2,4,Pediatrician,0.992,False,Other brand
CON00622,0-12 months,South,T1,30-34,25k-50k,3,Retail Chemist,Every 2-3 months,3,5,Pediatrician,0.633,False,Other brand
CON00623,0-12 months,North,T1,40+,<25k,2,E-Pharmacy,Monthly,3,4,Pediatrician,0.927,False,Other brand
CON00624,0-12 months,East,T1,35-39,<25k,3,Retail Chemist,Every 2-3 months,5,4,Pharmacist,0.601,False,Other brand
CON00625,1-5 years,East,T3,30-34,25k-50k,3,Retail Chemist,Every 2-3 months,3,4,Online/Social media,0.541,False,Other brand
CON00626,1-5 years,West,T1,30-34,>1L,5,Quick Commerce,Monthly,3,5,Pediatrician,0.725,False,DePURA Kids
CON00627,0-12 months,North,T1,30-34,25k-50k,3,Retail Chemist,Occasionally,3,4,Gynecologist,0.389,False,Not currently buying
CON00628,0-12 months,North,T1,30-34,50k-1L,3,Retail Chemist,Occasionally,3,4,Family/Friends,0.432,False,Not currently buying
CON00629,1-5 years,East,T2,40+,<25k,5,Pharmacy Chain,Every 2-3 months,4,4,Gynecologist,0.599,True,Other brand
CON00630,0-12 months,South,T1,30-34,>1L,5,Quick Commerce,Monthly,3,4,Pediatrician,0.796,True,DePURA Kids
CON00631,0-12 months,East,T3,30-34,25k-50k,4,Retail Chemist,Occasionally,4,3,Family/Friends,0.463,False,Other brand
CON00632,1-5 years,West,T3,30-34,>1L,2,Retail Chemist,Every 2-3 months,3,4,Gynecologist,0.526,False,DePURA Kids
CON00633,0-12 months,South,T2,25-29,25k-50k,3,E-Pharmacy,Every 2-3 months,3,4,Pediatrician,0.622,False,DePURA Kids
CON00634,0-12 months,East,T3,30-34,50k-1L,3,Hospital Pharmacy,Occasionally,3,2,Family/Friends,0.468,False,Other brand
CON00635,13-18 years,North,T3,25-29,25k-50k,4,Retail Chemist,Monthly,2,5,Pediatrician,0.781,False,DePURA Kids
CON00636,0-12 months,North,T1,30-34,50k-1L,4,Quick Commerce,Monthly,2,3,Pediatrician,0.943,False,DePURA Kids
CON00637,13-18 years,West,T1,30-34,50k-1L,3,Retail Chemist,Every 2-3 months,2,4,Online/Social media,0.684,True,Other brand
CON00638,1-5 years,Central,T3,40+,25k-50k,3,Retail Chemist,Monthly,4,3,Pharmacist,0.893,False,Other brand
CON00639,0-12 months,South,T1,25-29,<25k,2,Pharmacy Chain,Monthly,4,3,Pediatrician,0.887,False,Other brand
CON00640,1-5 years,East,T2,40+,25k-50k,4,Retail Chemist,Monthly,3,3,Pediatrician,0.751,False,Other brand
CON00641,0-12 months,South,T1,30-34,>1L,5,Retail Chemist,Monthly,3,3,Online/Social media,0.726,False,Other brand
CON00642,6-12 years,North,T1,35-39,25k-50k,3,Retail Chemist,Occasionally,5,5,Online/Social media,0.378,False,Other brand
CON00643,1-5 years,East,T2,35-39,50k-1L,3,Retail Chemist,Occasionally,2,3,Pharmacist,0.466,True,Other brand
CON00644,1-5 years,East,T1,25-29,>1L,4,E-Pharmacy,Monthly,2,3,Pharmacist,0.736,False,Other brand
CON00645,6-12 years,North,T2,30-34,<25k,3,Hospital Pharmacy,Monthly,3,4,Pediatrician,0.813,False,DePURA Kids
CON00646,1-5 years,East,T3,18-24,50k-1L,5,Hospital Pharmacy,One-time,5,3,Family/Friends,0.225,False,Other brand
CON00647,6-12 years,North,T2,18-24,25k-50k,4,Retail Chemist,Every 2-3 months,4,4,Pediatrician,0.641,False,DePURA Kids
CON00648,1-5 years,Central,T2,40+,25k-50k,4,Quick Commerce,Occasionally,4,3,Gynecologist,0.343,False,Other brand
CON00649,0-12 months,South,T1,30-34,50k-1L,5,Retail Chemist,Monthly,4,3,Pediatrician,0.96,False,DePURA Kids
CON00650,0-12 months,North,T2,18-24,25k-50k,4,E-Pharmacy,Monthly,3,4,Gynecologist,0.717,False,Other brand
CON00651,0-12 months,South,T1,25-29,>1L,4,Retail Chemist,Every 2-3 months,3,3,Pediatrician,0.615,False,Other brand
CON00652,1-5 years,Central,T2,35-39,50k-1L,2,Retail Chemist,Every 2-3 months,3,3,Pediatrician,0.674,False,Other brand
CON00653,1-5 years,Central,T2,35-39,25k-50k,1,Quick Commerce,Every 2-3 months,4,4,Pediatrician,0.575,True,Other brand
CON00654,13-18 years,South,T1,30-34,>1L,2,E-Pharmacy,Every 2-3 months,2,4,Pediatrician,0.666,False,DePURA Kids
CON00655,0-12 months,North,T1,30-34,>1L,4,Retail Chemist,Every 2-3 months,3,5,Pediatrician,0.64,False,Other brand
CON00656,6-12 years,North,T2,30-34,<25k,4,Hospital Pharmacy,Every 2-3 months,5,3,Pediatrician,0.6,False,DePURA Kids
CON00657,13-18 years,North,T2,30-34,50k-1L,3,Retail Chemist,Occasionally,3,3,Family/Friends,0.443,False,Other brand
CON00658,1-5 years,North,T2,25-29,25k-50k,4,E-Pharmacy,Every 2-3 months,2,4,Gynecologist,0.625,False,Other brand
CON00659,1-5 years,West,T1,30-34,<25k,3,Pharmacy Chain,Every 2-3 months,5,3,Pediatrician,0.642,False,Other brand
CON00660,1-5 years,South,T1,35-39,25k-50k,4,Retail Chemist,Occasionally,5,4,Pediatrician,0.443,False,Other brand
CON00661,13-18 years,North,T2,30-34,50k-1L,4,Quick Commerce,Occasionally,2,5,Pharmacist,0.366,False,Other brand
CON00662,6-12 years,South,T2,30-34,>1L,4,Hospital Pharmacy,Occasionally,4,3,Family/Friends,0.398,False,Other brand
CON00663,0-12 months,East,T1,18-24,>1L,5,E-Pharmacy,Monthly,3,3,Pediatrician,0.82,False,Other brand
CON00664,6-12 years,North,T2,30-34,50k-1L,4,Retail Chemist,Every 2-3 months,5,4,Pediatrician,0.623,False,Other brand
CON00665,0-12 months,North,T2,30-34,>1L,3,Retail Chemist,Monthly,2,3,Pediatrician,0.914,False,Not currently buying
CON00666,0-12 months,West,T1,35-39,25k-50k,4,Retail Chemist,Occasionally,2,2,Pharmacist,0.495,True,Other brand
CON00667,6-12 years,South,T1,30-34,25k-50k,4,E-Pharmacy,Every 2-3 months,3,5,Family/Friends,0.674,False,DePURA Kids
CON00668,0-12 months,North,T1,35-39,<25k,4,E-Pharmacy,Monthly,4,2,Online/Social media,0.776,True,Other brand
CON00669,1-5 years,West,T1,25-29,50k-1L,4,Quick Commerce,Monthly,3,3,Pediatrician,0.953,False,Other brand
CON00670,0-12 months,East,T2,18-24,<25k,4,Retail Chemist,Occasionally,4,3,Pediatrician,0.43,False,Other brand
CON00671,6-12 years,Central,T2,25-29,25k-50k,4,Retail Chemist,Every 2-3 months,2,3,Pharmacist,0.664,False,Not currently buying
CON00672,1-5 years,North,T2,25-29,50k-1L,2,Hospital Pharmacy,Monthly,3,4,Gynecologist,0.887,False,Other brand
CON00673,0-12 months,South,T1,25-29,25k-50k,3,Retail Chemist,Every 2-3 months,,5,Pediatrician,0.557,False,Other brand
CON00674,0-12 months,West,T1,30-34,50k-1L,4,E-Pharmacy,Monthly,,4,Pediatrician,0.714,True,Other brand
CON00675,1-5 years,East,T1,30-34,25k-50k,5,Retail Chemist,Every 2-3 months,5,5,Pediatrician,0.666,False,Other brand
CON00676,0-12 months,East,T3,30-34,25k-50k,2,Retail Chemist,Monthly,4,4,Pediatrician,0.849,False,Not currently buying
CON00677,0-12 months,North,T2,35-39,25k-50k,3,Retail Chemist,Every 2-3 months,3,4,Pediatrician,0.67,False,DePURA Kids
CON00678,0-12 months,East,T2,30-34,25k-50k,4,Retail Chemist,Every 2-3 months,2,5,Online/Social media,0.597,False,DePURA Kids
CON00679,1-5 years,South,T1,25-29,50k-1L,4,E-Pharmacy,Monthly,4,3,Pediatrician,0.898,False,DePURA Kids
CON00680,1-5 years,North,T2,30-34,25k-50k,3,Pharmacy Chain,Every 2-3 months,2,5,Pediatrician,0.51,False,DePURA Kids
CON00681,1-5 years,South,T2,30-34,50k-1L,5,E-Pharmacy,Occasionally,4,4,Pediatrician,0.459,False,Other brand
CON00682,0-12 months,North,T3,30-34,<25k,4,Retail Chemist,Every 2-3 months,5,5,Pharmacist,0.696,False,Other brand
CON00683,1-5 years,North,T1,35-39,25k-50k,4,Pharmacy Chain,Monthly,2,4,Pediatrician,0.738,False,DePURA Kids
CON00684,6-12 years,South,T1,25-29,50k-1L,5,Retail Chemist,Monthly,3,3,Gynecologist,0.717,False,Other brand
CON00685,1-5 years,West,T1,30-34,25k-50k,4,Retail Chemist,Every 2-3 months,3,3,Pediatrician,0.622,True,DePURA Kids
CON00686,0-12 months,East,T2,30-34,25k-50k,5,Retail Chemist,Monthly,3,4,Pediatrician,0.802,False,Other brand
CON00687,0-12 months,West,T1,25-29,25k-50k,5,Hospital Pharmacy,Monthly,4,4,Pediatrician,0.851,False,DePURA Kids
CON00688,6-12 years,South,T1,40+,50k-1L,5,Hospital Pharmacy,Every 2-3 months,2,4,Pediatrician,0.598,False,Not currently buying
CON00689,0-12 months,South,T2,40+,<25k,3,Retail Chemist,Every 2-3 months,2,4,Gynecologist,0.592,False,Not currently buying
CON00690,1-5 years,East,T1,35-39,25k-50k,5,Pharmacy Chain,Every 2-3 months,3,4,Pharmacist,0.637,False,Other brand
CON00691,0-12 months,North,T3,30-34,25k-50k,4,E-Pharmacy,Monthly,2,5,Pediatrician,0.846,False,Not currently buying
CON00692,0-12 months,North,T2,18-24,>1L,4,Retail Chemist,Monthly,2,2,Pediatrician,0.927,False,Other brand
CON00693,0-12 months,East,T1,40+,>1L,4,Pharmacy Chain,Every 2-3 months,3,4,Pharmacist,0.526,False,DePURA Kids
CON00694,0-12 months,West,T1,35-39,>1L,5,E-Pharmacy,Occasionally,2,3,Pediatrician,0.467,True,DePURA Kids
CON00695,0-12 months,South,T1,35-39,50k-1L,5,Hospital Pharmacy,Monthly,3,4,Family/Friends,0.71,False,Not currently buying
CON00696,1-5 years,North,T1,40+,25k-50k,4,E-Pharmacy,Monthly,3,4,Pediatrician,0.752,True,DePURA Kids
CON00697,1-5 years,South,T3,40+,50k-1L,4,Retail Chemist,Occasionally,3,3,Family/Friends,0.451,False,Other brand
CON00698,0-12 months,North,T3,30-34,<25k,4,Retail Chemist,Every 2-3 months,4,3,Pediatrician,0.643,False,DePURA Kids
CON00699,1-5 years,South,T2,30-34,>1L,3,Retail Chemist,Every 2-3 months,2,3,Pharmacist,0.619,False,Other brand
CON00700,0-12 months,South,T2,25-29,25k-50k,3,Quick Commerce,Monthly,5,3,Pediatrician,0.762,True,Not currently buying
CON00701,6-12 years,South,T1,25-29,25k-50k,4,E-Pharmacy,One-time,5,3,Gynecologist,0.253,False,Other brand
CON00702,1-5 years,North,T2,35-39,>1L,4,Quick Commerce,One-time,4,4,Family/Friends,0.252,True,DePURA Kids
CON00703,0-12 months,North,T3,30-34,50k-1L,3,Retail Chemist,Monthly,4,4,Pediatrician,1.0,False,DePURA Kids
CON00704,6-12 years,North,T1,30-34,25k-50k,5,Quick Commerce,Monthly,4,5,Pediatrician,0.763,False,Other brand
CON00705,1-5 years,West,T1,35-39,50k-1L,4,Pharmacy Chain,Occasionally,4,4,Pediatrician,0.479,False,DePURA Kids
CON00706,0-12 months,West,T2,40+,50k-1L,5,Retail Chemist,Monthly,2,4,Pediatrician,0.896,False,Other brand
CON00707,0-12 months,West,T2,25-29,<25k,5,Retail Chemist,Every 2-3 months,4,4,Pediatrician,0.696,False,Other brand
CON00708,1-5 years,East,T2,30-34,25k-50k,2,E-Pharmacy,Occasionally,4,3,Pharmacist,0.404,False,Other brand
CON00709,6-12 years,South,T2,18-24,<25k,3,Pharmacy Chain,Every 2-3 months,4,4,Pharmacist,0.655,False,Other brand
CON00710,0-12 months,West,T2,25-29,50k-1L,3,Retail Chemist,Monthly,3,4,Gynecologist,0.807,False,Other brand
CON00711,0-12 months,East,T1,30-34,50k-1L,5,Hospital Pharmacy,Monthly,4,5,Pediatrician,0.786,False,DePURA Kids
CON00712,0-12 months,West,T1,25-29,25k-50k,4,Retail Chemist,Monthly,4,3,Family/Friends,0.937,False,Other brand
CON00713,0-12 months,West,T1,40+,50k-1L,5,Hospital Pharmacy,Every 2-3 months,3,4,Pediatrician,0.687,False,Other brand
CON00714,6-12 years,North,T1,25-29,50k-1L,2,Hospital Pharmacy,Every 2-3 months,3,3,Gynecologist,0.532,True,Other brand
CON00715,0-12 months,South,T2,18-24,<25k,3,Retail Chemist,Monthly,3,3,Pediatrician,0.722,False,Other brand
CON00716,13-18 years,North,T2,25-29,50k-1L,5,Quick Commerce,Every 2-3 months,3,4,Pediatrician,0.639,False,DePURA Kids
CON00717,0-12 months,North,T2,25-29,25k-50k,4,Retail Chemist,Every 2-3 months,4,4,Family/Friends,0.544,False,Other brand
CON00718,0-12 months,West,T1,25-29,<25k,5,Pharmacy Chain,Every 2-3 months,4,4,Pediatrician,0.585,False,DePURA Kids
CON00719,0-12 months,South,T2,35-39,50k-1L,5,Hospital Pharmacy,Every 2-3 months,3,5,Pediatrician,0.554,False,DePURA Kids
CON00720,0-12 months,East,T1,40+,<25k,4,E-Pharmacy,Monthly,3,3,Pediatrician,0.998,False,Not currently buying
CON00721,0-12 months,Central,T3,25-29,25k-50k,3,Hospital Pharmacy,Every 2-3 months,5,4,Online/Social media,0.608,False,Other brand
CON00722,6-12 years,East,T2,18-24,25k-50k,5,Retail Chemist,Every 2-3 months,2,5,Pediatrician,0.628,False,DePURA Kids
CON00723,6-12 years,West,T1,25-29,25k-50k,4,Pharmacy Chain,Occasionally,4,3,Pharmacist,0.365,False,Other brand
CON00724,0-12 months,South,T1,40+,>1L,1,E-Pharmacy,Monthly,2,5,Pharmacist,0.709,False,Other brand
CON00725,0-12 months,East,T2,30-34,25k-50k,5,Retail Chemist,Monthly,3,3,Pediatrician,0.822,False,Other brand
CON00726,0-12 months,Central,T2,25-29,25k-50k,4,Retail Chemist,Every 2-3 months,3,1,Online/Social media,0.518,True,Other brand
CON00727,6-12 years,West,T2,30-34,25k-50k,5,Retail Chemist,Every 2-3 months,3,4,Pediatrician,0.675,False,Other brand
CON00728,0-12 months,North,T1,18-24,>1L,4,Retail Chemist,Monthly,2,4,Pharmacist,0.895,False,DePURA Kids
CON00729,0-12 months,East,T1,18-24,<25k,3,Retail Chemist,Every 2-3 months,4,4,Gynecologist,0.607,False,Other brand
CON00730,0-12 months,North,T3,18-24,50k-1L,3,Retail Chemist,Monthly,3,4,Pediatrician,0.755,False,Not currently buying
CON00731,0-12 months,West,T2,30-34,50k-1L,4,Retail Chemist,Monthly,2,5,Pediatrician,0.894,False,Other brand
CON00732,1-5 years,South,T2,30-34,25k-50k,4,Pharmacy Chain,Every 2-3 months,4,3,Pediatrician,0.609,False,Other brand
CON00733,0-12 months,Central,T2,25-29,50k-1L,2,Retail Chemist,Monthly,2,4,Pharmacist,1.0,False,Not currently buying
CON00734,0-12 months,South,T1,40+,>1L,4,Quick Commerce,Monthly,4,3,Pediatrician,0.885,False,Other brand
CON00735,0-12 months,South,T2,18-24,50k-1L,5,Retail Chemist,Monthly,3,5,Pediatrician,0.765,False,Other brand
CON00736,1-5 years,East,T1,25-29,50k-1L,3,Pharmacy Chain,Monthly,2,2,Pediatrician,0.867,True,Other brand
CON00737,0-12 months,North,T1,30-34,50k-1L,3,Hospital Pharmacy,Every 2-3 months,2,4,Pediatrician,0.554,True,Other brand
CON00738,0-12 months,North,T2,25-29,25k-50k,3,E-Pharmacy,Every 2-3 months,4,3,Online/Social media,0.548,False,Other brand
CON00739,1-5 years,East,T3,30-34,>1L,5,Quick Commerce,Monthly,1,5,Pediatrician,0.713,False,DePURA Kids
CON00740,0-12 months,North,T3,18-24,25k-50k,4,E-Pharmacy,Monthly,3,5,Pediatrician,0.963,False,Other brand
CON00741,13-18 years,South,T1,25-29,50k-1L,3,Pharmacy Chain,Every 2-3 months,3,2,Family/Friends,0.583,True,Other brand
CON00742,0-12 months,Central,T2,25-29,<25k,1,Retail Chemist,Every 2-3 months,3,4,Family/Friends,0.586,False,Not currently buying
CON00743,0-12 months,East,T3,40+,<25k,2,Retail Chemist,Occasionally,5,5,Pharmacist,0.485,False,Other brand
CON00744,0-12 months,North,T3,25-29,25k-50k,2,Retail Chemist,Occasionally,5,5,Pharmacist,0.424,False,Other brand
CON00745,0-12 months,South,T2,40+,25k-50k,2,E-Pharmacy,Occasionally,2,2,Online/Social media,0.357,False,Other brand
CON00746,1-5 years,West,T1,40+,25k-50k,5,E-Pharmacy,Monthly,2,3,Pediatrician,0.935,False,Other brand
CON00747,0-12 months,North,T2,30-34,50k-1L,3,Retail Chemist,Every 2-3 months,2,4,Pediatrician,0.636,False,Other brand
CON00748,6-12 years,West,T3,25-29,25k-50k,3,Retail Chemist,Monthly,2,3,Pediatrician,0.725,False,Other brand
CON00749,6-12 years,Central,T3,30-34,25k-50k,5,Hospital Pharmacy,Monthly,3,3,Pediatrician,0.782,False,Other brand
CON00750,1-5 years,North,T2,40+,25k-50k,4,Pharmacy Chain,Monthly,2,3,Family/Friends,0.763,False,Other brand
CON00751,1-5 years,North,T2,35-39,25k-50k,4,Quick Commerce,Occasionally,5,4,Family/Friends,0.47,False,Other brand
CON00752,0-12 months,East,T3,25-29,<25k,3,Retail Chemist,One-time,5,3,Family/Friends,0.288,False,Other brand
CON00753,6-12 years,South,T3,40+,25k-50k,4,Retail Chemist,Occasionally,3,5,Pediatrician,0.429,False,Other brand
CON00754,0-12 months,South,T1,30-34,50k-1L,4,Quick Commerce,Monthly,3,4,Pediatrician,0.9,True,DePURA Kids
CON00755,0-12 months,West,T1,30-34,>1L,4,Hospital Pharmacy,Monthly,3,5,Pediatrician,0.75,False,Other brand
CON00756,1-5 years,Central,T3,25-29,25k-50k,2,Retail Chemist,Occasionally,4,5,Gynecologist,0.321,False,Other brand
CON00757,0-12 months,North,T1,35-39,>1L,3,Pharmacy Chain,Every 2-3 months,2,3,Pharmacist,0.618,True,DePURA Kids
CON00758,0-12 months,North,T2,30-34,25k-50k,4,Pharmacy Chain,Every 2-3 months,3,2,Pharmacist,0.586,True,Other brand
CON00759,6-12 years,East,T2,25-29,25k-50k,3,Retail Chemist,Every 2-3 months,4,2,Family/Friends,0.551,False,Other brand
CON00760,6-12 years,North,T2,25-29,25k-50k,4,Pharmacy Chain,Monthly,4,3,Pediatrician,0.718,False,Not currently buying
CON00761,1-5 years,West,T3,25-29,<25k,4,Retail Chemist,Every 2-3 months,4,4,Pediatrician,0.655,False,Other brand
CON00762,6-12 years,East,T3,30-34,25k-50k,2,Retail Chemist,Occasionally,5,3,Online/Social media,0.438,False,Other brand
CON00763,1-5 years,South,T1,30-34,>1L,4,Pharmacy Chain,Monthly,3,3,Pediatrician,0.779,False,DePURA Kids
CON00764,6-12 years,North,T2,30-34,>1L,4,Retail Chemist,Monthly,2,4,Family/Friends,0.724,False,DePURA Kids
CON00765,6-12 years,West,T1,30-34,25k-50k,3,Pharmacy Chain,One-time,3,4,Family/Friends,0.27,False,Not currently buying
CON00766,0-12 months,West,T2,25-29,50k-1L,4,Pharmacy Chain,Every 2-3 months,4,3,Pharmacist,0.531,True,Not currently buying
CON00767,0-12 months,West,T3,30-34,<25k,2,Retail Chemist,Occasionally,5,5,Online/Social media,0.436,False,Other brand
CON00768,1-5 years,East,T1,30-34,25k-50k,5,Quick Commerce,Monthly,3,3,Pediatrician,0.814,False,DePURA Kids
CON00769,1-5 years,Central,T3,18-24,>1L,4,Retail Chemist,Occasionally,1,4,Gynecologist,0.384,False,Other brand
CON00770,1-5 years,South,T1,35-39,50k-1L,5,Pharmacy Chain,Monthly,2,4,Pediatrician,0.793,False,Other brand
CON00771,0-12 months,West,T1,30-34,>1L,3,Hospital Pharmacy,Monthly,3,4,Pediatrician,0.78,False,Not currently buying
CON00772,1-5 years,South,T1,40+,>1L,4,Retail Chemist,Every 2-3 months,3,4,Online/Social media,0.605,False,Other brand
CON00773,1-5 years,West,T1,30-34,25k-50k,3,Pharmacy Chain,Occasionally,5,5,Online/Social media,0.456,False,Other brand
CON00774,0-12 months,South,T1,30-34,>1L,3,Retail Chemist,Occasionally,1,3,Pharmacist,0.489,False,Other brand
CON00775,0-12 months,South,T2,30-34,50k-1L,3,Retail Chemist,Every 2-3 months,3,5,Family/Friends,0.615,False,Other brand
CON00776,1-5 years,West,T1,30-34,>1L,5,E-Pharmacy,Every 2-3 months,4,4,Pediatrician,0.507,False,DePURA Kids
CON00777,1-5 years,West,T1,25-29,50k-1L,4,Pharmacy Chain,Monthly,4,4,Pediatrician,0.775,True,Other brand
CON00778,1-5 years,South,T2,40+,>1L,4,Quick Commerce,Occasionally,3,5,Pediatrician,0.421,False,Not currently buying
CON00779,0-12 months,South,T1,35-39,>1L,5,Retail Chemist,Monthly,4,4,Pediatrician,0.857,False,DePURA Kids
CON00780,13-18 years,South,T1,30-34,50k-1L,4,E-Pharmacy,Occasionally,3,5,Gynecologist,0.402,False,Other brand
CON00781,0-12 months,East,T2,30-34,<25k,4,Retail Chemist,Every 2-3 months,4,3,Online/Social media,0.607,False,Other brand
CON00782,6-12 years,North,T2,30-34,50k-1L,4,Retail Chemist,Every 2-3 months,2,3,Pediatrician,0.662,False,DePURA Kids
CON00783,0-12 months,Central,T2,30-34,25k-50k,4,Quick Commerce,Occasionally,3,3,Pharmacist,0.443,False,Other brand
CON00784,1-5 years,North,T2,40+,25k-50k,4,Retail Chemist,Every 2-3 months,3,4,Family/Friends,0.675,False,Other brand
CON00785,0-12 months,North,T2,25-29,<25k,2,Retail Chemist,Every 2-3 months,3,4,Family/Friends,0.695,False,DePURA Kids
CON00786,0-12 months,South,T1,25-29,>1L,4,Pharmacy Chain,Monthly,2,3,Online/Social media,0.791,True,Other brand
CON00787,0-12 months,North,T2,35-39,25k-50k,2,Hospital Pharmacy,Monthly,,4,Online/Social media,0.743,False,Other brand
CON00788,6-12 years,North,T2,30-34,<25k,4,E-Pharmacy,Monthly,5,3,Pediatrician,0.946,False,DePURA Kids
CON00789,1-5 years,North,T2,35-39,50k-1L,3,Quick Commerce,Occasionally,2,5,Online/Social media,0.394,False,Other brand
CON00790,0-12 months,Central,T2,25-29,25k-50k,4,Quick Commerce,Occasionally,4,2,Online/Social media,0.482,True,Other brand
CON00791,1-5 years,East,T2,18-24,>1L,4,Retail Chemist,Occasionally,2,2,Family/Friends,0.498,False,Other brand
CON00792,1-5 years,South,T1,30-34,50k-1L,3,Pharmacy Chain,Every 2-3 months,1,4,Pediatrician,0.519,False,Other brand
CON00793,1-5 years,South,T1,30-34,25k-50k,3,Retail Chemist,Monthly,4,4,Pediatrician,0.716,False,Other brand
CON00794,1-5 years,West,T1,35-39,25k-50k,5,Retail Chemist,Occasionally,3,3,Pediatrician,0.463,True,Other brand
CON00795,0-12 months,North,T1,30-34,>1L,2,E-Pharmacy,Every 2-3 months,2,3,Pharmacist,0.546,True,DePURA Kids
CON00796,13-18 years,South,T2,25-29,<25k,4,Retail Chemist,Occasionally,3,4,Gynecologist,0.41,False,Other brand
CON00797,6-12 years,North,T1,40+,50k-1L,4,Pharmacy Chain,Every 2-3 months,3,4,Pediatrician,0.515,False,Not currently buying
CON00798,0-12 months,South,T2,25-29,25k-50k,3,E-Pharmacy,Monthly,4,2,Pediatrician,0.811,False,Other brand
CON00799,1-5 years,West,T1,40+,25k-50k,3,E-Pharmacy,Every 2-3 months,2,3,Pediatrician,0.623,True,DePURA Kids
CON00800,6-12 years,West,T3,30-34,25k-50k,5,Retail Chemist,Every 2-3 months,4,3,Pediatrician,0.611,False,DePURA Kids
CON00801,0-12 months,Central,T2,25-29,25k-50k,3,Retail Chemist,Occasionally,,2,Online/Social media,0.452,True,Other brand
CON00802,0-12 months,North,T2,30-34,<25k,2,E-Pharmacy,Every 2-3 months,5,4,Family/Friends,0.59,False,Not currently buying
CON00803,0-12 months,South,T3,30-34,<25k,4,Retail Chemist,Monthly,5,5,Pediatrician,0.855,False,Other brand
CON00804,6-12 years,West,T1,18-24,<25k,5,Pharmacy Chain,Monthly,5,4,Pediatrician,0.868,False,Other brand
CON00805,0-12 months,North,T2,40+,50k-1L,4,Hospital Pharmacy,Every 2-3 months,2,5,Pediatrician,0.509,False,Other brand
CON00806,0-12 months,West,T1,35-39,50k-1L,3,Pharmacy Chain,Monthly,4,4,Pediatrician,0.809,False,DePURA Kids
CON00807,6-12 years,South,T2,25-29,<25k,5,Retail Chemist,Every 2-3 months,4,5,Pediatrician,0.698,False,Other brand
CON00808,1-5 years,West,T1,25-29,50k-1L,3,Retail Chemist,One-time,4,5,Gynecologist,0.286,False,Other brand
CON00809,0-12 months,East,T2,30-34,50k-1L,4,Quick Commerce,Occasionally,3,4,Gynecologist,0.44,False,Other brand
CON00810,0-12 months,North,T1,30-34,50k-1L,4,Retail Chemist,Every 2-3 months,4,3,Pediatrician,0.6,False,Other brand
CON00811,1-5 years,North,T1,30-34,>1L,3,Retail Chemist,Monthly,4,4,Pharmacist,0.753,False,Other brand
CON00812,1-5 years,East,T3,30-34,<25k,5,Retail Chemist,Every 2-3 months,5,3,Pharmacist,0.519,False,Other brand
CON00813,6-12 years,North,T2,25-29,25k-50k,4,Retail Chemist,Occasionally,5,4,Online/Social media,0.341,False,Other brand
CON00814,1-5 years,North,T2,30-34,<25k,1,E-Pharmacy,Monthly,4,2,Online/Social media,0.781,True,Not currently buying
CON00815,1-5 years,South,T1,25-29,50k-1L,4,E-Pharmacy,Every 2-3 months,4,4,Family/Friends,0.576,False,Not currently buying
CON00816,0-12 months,North,T3,30-34,25k-50k,2,Retail Chemist,Monthly,5,3,Online/Social media,0.779,False,Other brand
CON00817,1-5 years,South,T1,35-39,>1L,5,Quick Commerce,Every 2-3 months,2,4,Family/Friends,0.656,False,Other brand
CON00818,6-12 years,North,T1,40+,25k-50k,3,Hospital Pharmacy,Occasionally,5,4,Family/Friends,0.386,False,DePURA Kids
CON00819,0-12 months,East,T1,30-34,50k-1L,4,Pharmacy Chain,Every 2-3 months,2,4,Pediatrician,0.694,False,Not currently buying
CON00820,0-12 months,Central,T3,40+,50k-1L,4,Retail Chemist,Monthly,4,5,Pediatrician,0.759,False,Other brand
CON00821,6-12 years,West,T1,18-24,50k-1L,5,E-Pharmacy,Monthly,3,3,Pharmacist,0.742,False,DePURA Kids
CON00822,1-5 years,West,T1,40+,<25k,5,Hospital Pharmacy,Every 2-3 months,3,5,Pediatrician,0.623,False,Other brand
CON00823,0-12 months,West,T1,18-24,>1L,3,Retail Chemist,Every 2-3 months,1,3,Online/Social media,0.686,False,DePURA Kids
CON00824,1-5 years,North,T3,35-39,25k-50k,4,Retail Chemist,Every 2-3 months,4,5,Pediatrician,0.657,False,DePURA Kids
CON00825,6-12 years,East,T2,18-24,25k-50k,5,Pharmacy Chain,Occasionally,3,2,Pediatrician,0.39,False,Other brand
CON00826,0-12 months,West,T1,30-34,50k-1L,4,Retail Chemist,Monthly,3,5,Pediatrician,0.75,False,Other brand
CON00827,1-5 years,North,T2,18-24,>1L,3,Retail Chemist,Every 2-3 months,2,2,Pharmacist,0.641,False,Other brand
CON00828,0-12 months,West,T2,30-34,25k-50k,4,Quick Commerce,Every 2-3 months,2,4,Gynecologist,0.521,False,Not currently buying
CON00829,0-12 months,North,T3,30-34,<25k,3,Retail Chemist,Every 2-3 months,4,5,Pharmacist,0.634,False,Not currently buying
CON00830,1-5 years,West,T1,25-29,25k-50k,4,Quick Commerce,Every 2-3 months,4,4,Pediatrician,0.694,False,DePURA Kids
CON00831,1-5 years,North,T3,18-24,<25k,3,Retail Chemist,Occasionally,4,3,Gynecologist,0.371,False,Other brand
CON00832,6-12 years,North,T2,30-34,25k-50k,3,Retail Chemist,Occasionally,3,4,Online/Social media,0.418,False,Other brand
CON00833,13-18 years,East,T1,30-34,50k-1L,5,Retail Chemist,Every 2-3 months,4,3,Pediatrician,0.659,False,Other brand
CON00834,0-12 months,North,T3,25-29,25k-50k,3,Retail Chemist,Every 2-3 months,4,3,Online/Social media,0.635,True,DePURA Kids
CON00835,0-12 months,North,T1,30-34,25k-50k,2,Retail Chemist,Occasionally,2,5,Gynecologist,0.464,False,Other brand
CON00836,6-12 years,South,T1,35-39,25k-50k,4,Pharmacy Chain,Every 2-3 months,2,4,Gynecologist,0.569,False,DePURA Kids
CON00837,0-12 months,West,T2,25-29,25k-50k,2,Quick Commerce,Every 2-3 months,2,4,Pharmacist,0.505,False,Not currently buying
CON00838,0-12 months,West,T1,30-34,50k-1L,3,Retail Chemist,Every 2-3 months,3,4,Online/Social media,0.64,False,Other brand
CON00839,6-12 years,Central,T2,25-29,<25k,3,E-Pharmacy,Monthly,4,5,Pediatrician,0.88,False,Other brand
CON00840,0-12 months,Central,T3,30-34,50k-1L,4,Retail Chemist,Monthly,4,4,Pediatrician,0.882,False,Other brand
CON00841,0-12 months,West,T2,30-34,<25k,4,E-Pharmacy,Every 2-3 months,3,4,Pediatrician,0.672,False,DePURA Kids
CON00842,13-18 years,East,T1,25-29,25k-50k,4,Retail Chemist,Monthly,3,5,Pediatrician,0.927,False,Other brand
CON00843,0-12 months,East,T1,40+,>1L,5,Pharmacy Chain,Monthly,2,3,Pediatrician,0.755,False,DePURA Kids
CON00844,0-12 months,West,T1,18-24,<25k,3,Retail Chemist,Every 2-3 months,3,4,Family/Friends,0.628,False,Other brand
CON00845,6-12 years,North,T2,30-34,<25k,4,Pharmacy Chain,Occasionally,3,4,Pharmacist,0.317,False,Other brand
CON00846,0-12 months,West,T3,25-29,<25k,3,Retail Chemist,Monthly,3,3,Pediatrician,0.75,True,Other brand
CON00847,0-12 months,North,T2,25-29,50k-1L,4,Retail Chemist,Every 2-3 months,5,3,Family/Friends,0.638,False,Other brand
CON00848,1-5 years,West,T1,30-34,50k-1L,3,E-Pharmacy,Every 2-3 months,,3,Pediatrician,0.596,False,Not currently buying
CON00849,1-5 years,West,T2,30-34,>1L,3,Quick Commerce,Every 2-3 months,2,4,Pharmacist,0.584,False,Other brand
CON00850,0-12 months,West,T2,25-29,25k-50k,3,Hospital Pharmacy,Every 2-3 months,5,4,Pharmacist,0.591,False,Not currently buying
CON00851,0-12 months,North,T3,35-39,25k-50k,3,Retail Chemist,Every 2-3 months,2,4,Family/Friends,0.626,False,Not currently buying
CON00852,0-12 months,Central,T2,25-29,25k-50k,3,Quick Commerce,Every 2-3 months,3,5,Gynecologist,0.693,False,Other brand
CON00853,1-5 years,South,T1,25-29,50k-1L,3,Quick Commerce,Occasionally,2,3,Pharmacist,0.357,False,Other brand
CON00854,0-12 months,South,T1,30-34,50k-1L,3,Retail Chemist,Every 2-3 months,3,2,Pediatrician,0.503,True,Other brand
CON00855,13-18 years,South,T2,30-34,<25k,3,Quick Commerce,Monthly,2,4,Pediatrician,0.718,False,Other brand
CON00856,1-5 years,North,T1,35-39,50k-1L,3,E-Pharmacy,Monthly,3,3,Pharmacist,0.807,False,Not currently buying
CON00857,0-12 months,North,T2,25-29,25k-50k,5,E-Pharmacy,Monthly,3,5,Online/Social media,0.983,False,Other brand
CON00858,1-5 years,West,T1,40+,>1L,4,Retail Chemist,Monthly,2,3,Pediatrician,0.74,True,DePURA Kids
CON00859,1-5 years,West,T3,18-24,25k-50k,3,E-Pharmacy,One-time,4,3,Gynecologist,0.298,False,Other brand
CON00860,1-5 years,North,T2,30-34,<25k,5,E-Pharmacy,Occasionally,4,4,Pediatrician,0.493,False,Other brand
CON00861,1-5 years,West,T1,30-34,>1L,3,Retail Chemist,Every 2-3 months,3,3,Pediatrician,0.648,True,Other brand
CON00862,1-5 years,North,T2,40+,25k-50k,4,E-Pharmacy,Monthly,3,5,Pediatrician,0.724,False,Other brand
CON00863,6-12 years,Central,T3,25-29,25k-50k,5,Retail Chemist,Every 2-3 months,4,4,Pharmacist,0.631,False,Other brand
CON00864,13-18 years,West,T3,30-34,25k-50k,4,Quick Commerce,Every 2-3 months,3,3,Pediatrician,0.527,False,DePURA Kids
CON00865,0-12 months,South,T1,30-34,50k-1L,3,Pharmacy Chain,Monthly,2,4,Pediatrician,1.0,False,DePURA Kids
CON00866,0-12 months,South,T1,30-34,<25k,5,Quick Commerce,Every 2-3 months,4,3,Pediatrician,0.683,False,Other brand
CON00867,1-5 years,West,T1,30-34,50k-1L,5,E-Pharmacy,Every 2-3 months,2,5,Pediatrician,0.551,False,DePURA Kids
CON00868,1-5 years,South,T1,30-34,50k-1L,3,Quick Commerce,Occasionally,2,4,Pharmacist,0.412,True,Other brand
CON00869,6-12 years,North,T2,30-34,50k-1L,2,Pharmacy Chain,Every 2-3 months,3,3,Online/Social media,0.572,False,Not currently buying
CON00870,1-5 years,South,T1,40+,>1L,3,Retail Chemist,One-time,2,3,Pharmacist,0.165,True,Other brand
CON00871,1-5 years,South,T1,35-39,>1L,4,E-Pharmacy,Every 2-3 months,2,4,Online/Social media,0.63,False,Other brand
CON00872,0-12 months,North,T2,25-29,<25k,3,Hospital Pharmacy,Every 2-3 months,5,3,Pharmacist,0.668,True,Not currently buying
CON00873,1-5 years,North,T2,30-34,25k-50k,4,Retail Chemist,Every 2-3 months,3,4,Gynecologist,0.6,True,Other brand
CON00874,0-12 months,North,T2,35-39,<25k,4,Hospital Pharmacy,Monthly,3,5,Pediatrician,0.723,False,Not currently buying
CON00875,1-5 years,South,T1,30-34,25k-50k,5,Retail Chemist,Monthly,4,5,Pediatrician,0.762,False,Not currently buying
CON00876,1-5 years,West,T1,30-34,>1L,3,E-Pharmacy,Monthly,3,4,Gynecologist,0.803,False,Other brand
CON00877,0-12 months,East,T2,35-39,25k-50k,4,E-Pharmacy,Every 2-3 months,3,3,Pharmacist,0.583,True,Other brand
CON00878,1-5 years,South,T1,30-34,>1L,3,Retail Chemist,Every 2-3 months,3,3,Family/Friends,0.579,False,Other brand
CON00879,6-12 years,North,T1,18-24,25k-50k,4,Retail Chemist,Every 2-3 months,3,3,Online/Social media,0.522,True,DePURA Kids
CON00880,6-12 years,West,T1,25-29,25k-50k,4,Retail Chemist,Occasionally,4,3,Family/Friends,0.425,True,Other brand
CON00881,1-5 years,North,T1,30-34,50k-1L,5,Pharmacy Chain,Every 2-3 months,3,4,Pediatrician,0.538,False,DePURA Kids
CON00882,0-12 months,South,T1,30-34,<25k,4,Pharmacy Chain,Occasionally,4,5,Pediatrician,0.471,False,DePURA Kids
CON00883,6-12 years,East,T2,25-29,<25k,5,Retail Chemist,Monthly,4,4,Pediatrician,0.783,False,Other brand
CON00884,0-12 months,South,T2,30-34,50k-1L,3,Retail Chemist,Monthly,3,3,Pediatrician,0.865,False,Other brand
CON00885,0-12 months,North,T3,18-24,25k-50k,5,Hospital Pharmacy,Monthly,5,5,Pediatrician,1.0,False,Other brand
CON00886,0-12 months,North,T3,25-29,<25k,5,Hospital Pharmacy,Monthly,3,4,Pediatrician,0.931,False,DePURA Kids
CON00887,0-12 months,East,T1,25-29,25k-50k,4,E-Pharmacy,Monthly,3,4,Pediatrician,0.924,False,DePURA Kids
CON00888,6-12 years,North,T2,25-29,>1L,2,Retail Chemist,Every 2-3 months,2,4,Pediatrician,0.665,False,Other brand
CON00889,0-12 months,South,T1,25-29,50k-1L,2,Pharmacy Chain,Occasionally,4,3,Online/Social media,0.419,False,Other brand
CON00890,0-12 months,North,T2,25-29,>1L,3,Hospital Pharmacy,Every 2-3 months,3,5,Online/Social media,0.558,False,Other brand
CON00891,0-12 months,West,T1,35-39,25k-50k,4,Pharmacy Chain,Every 2-3 months,3,4,Pediatrician,0.628,False,DePURA Kids
CON00892,1-5 years,North,T1,25-29,>1L,5,E-Pharmacy,Every 2-3 months,2,3,Family/Friends,0.692,True,DePURA Kids
CON00893,0-12 months,North,T2,30-34,50k-1L,5,Pharmacy Chain,Monthly,4,3,Pharmacist,0.905,True,Other brand
CON00894,13-18 years,North,T1,25-29,50k-1L,4,Retail Chemist,Every 2-3 months,1,4,Online/Social media,0.569,False,Other brand
CON00895,6-12 years,Central,T2,18-24,25k-50k,5,Pharmacy Chain,Every 2-3 months,5,4,Family/Friends,0.583,False,DePURA Kids
CON00896,1-5 years,West,T1,25-29,25k-50k,3,Quick Commerce,Occasionally,4,4,Pediatrician,0.446,False,Other brand
CON00897,0-12 months,Central,T2,25-29,50k-1L,4,Pharmacy Chain,Monthly,3,5,Pharmacist,0.711,False,Other brand
CON00898,6-12 years,North,T1,35-39,50k-1L,5,Hospital Pharmacy,Occasionally,2,4,Online/Social media,0.327,False,Not currently buying
CON00899,1-5 years,South,T2,35-39,25k-50k,3,Quick Commerce,Occasionally,4,3,Pharmacist,0.329,True,Other brand
CON00900,1-5 years,North,T2,25-29,50k-1L,4,Quick Commerce,Every 2-3 months,3,4,Pharmacist,0.695,False,Other brand
CON00901,0-12 months,South,T2,30-34,25k-50k,4,Retail Chemist,Every 2-3 months,3,5,Pediatrician,0.649,False,DePURA Kids
CON00902,0-12 months,West,T1,30-34,50k-1L,3,Pharmacy Chain,Every 2-3 months,3,4,Family/Friends,0.662,False,Other brand
CON00903,0-12 months,West,T1,35-39,50k-1L,4,Retail Chemist,Every 2-3 months,2,5,Pediatrician,0.658,False,Other brand
CON00904,6-12 years,South,T1,25-29,50k-1L,5,E-Pharmacy,Monthly,4,5,Pediatrician,0.889,False,Other brand
CON00905,0-12 months,South,T1,30-34,25k-50k,5,E-Pharmacy,Monthly,4,5,Pediatrician,0.895,False,DePURA Kids
CON00906,1-5 years,Central,T3,35-39,50k-1L,5,Retail Chemist,Every 2-3 months,4,4,Family/Friends,0.642,False,Other brand
CON00907,1-5 years,West,T2,25-29,25k-50k,4,Retail Chemist,Occasionally,3,4,Pharmacist,0.415,False,Other brand
CON00908,0-12 months,West,T3,25-29,<25k,1,Retail Chemist,Occasionally,5,3,Online/Social media,0.326,False,Not currently buying
CON00909,1-5 years,North,T1,30-34,50k-1L,2,E-Pharmacy,Every 2-3 months,2,4,Pediatrician,0.631,True,Other brand
CON00910,6-12 years,North,T2,25-29,25k-50k,3,Hospital Pharmacy,Occasionally,4,2,Family/Friends,0.327,True,Other brand
CON00911,6-12 years,South,T2,25-29,25k-50k,5,Retail Chemist,Every 2-3 months,3,3,Pediatrician,0.593,False,DePURA Kids
CON00912,1-5 years,South,T3,30-34,25k-50k,4,Retail Chemist,Every 2-3 months,2,3,Family/Friends,0.575,False,Other brand
CON00913,0-12 months,West,T1,25-29,>1L,2,E-Pharmacy,Monthly,2,3,Pediatrician,1.0,True,Other brand
CON00914,0-12 months,South,T1,30-34,25k-50k,5,Retail Chemist,Monthly,1,5,Pediatrician,1.0,False,DePURA Kids
CON00915,6-12 years,South,T2,25-29,>1L,3,E-Pharmacy,Occasionally,4,3,Family/Friends,0.323,False,Other brand
CON00916,0-12 months,Central,T2,35-39,50k-1L,5,Retail Chemist,Monthly,2,4,Pediatrician,0.944,False,DePURA Kids
CON00917,6-12 years,East,T2,35-39,25k-50k,5,Pharmacy Chain,Every 2-3 months,3,5,Pediatrician,0.66,False,DePURA Kids
CON00918,0-12 months,West,T1,30-34,>1L,4,Retail Chemist,Occasionally,2,5,Family/Friends,0.437,False,DePURA Kids
CON00919,0-12 months,West,T1,30-34,<25k,4,Quick Commerce,Every 2-3 months,4,5,Pediatrician,0.52,False,Other brand
CON00920,1-5 years,North,T1,25-29,50k-1L,4,E-Pharmacy,Occasionally,3,3,Pediatrician,0.39,False,Other brand
CON00921,1-5 years,North,T2,30-34,<25k,4,Quick Commerce,Monthly,5,5,Pediatrician,0.831,False,DePURA Kids
CON00922,0-12 months,South,T2,30-34,50k-1L,4,Retail Chemist,Monthly,2,4,Pediatrician,0.821,False,Other brand
CON00923,6-12 years,South,T1,25-29,<25k,5,E-Pharmacy,Every 2-3 months,4,5,Pediatrician,0.657,True,DePURA Kids
CON00924,0-12 months,North,T2,25-29,>1L,3,Pharmacy Chain,Monthly,2,5,Family/Friends,0.882,False,Other brand
CON00925,6-12 years,South,T1,30-34,<25k,3,Quick Commerce,Every 2-3 months,3,5,Pharmacist,0.568,False,Other brand
CON00926,1-5 years,North,T2,25-29,25k-50k,2,Retail Chemist,Every 2-3 months,2,4,Pharmacist,0.611,False,Not currently buying
CON00927,6-12 years,West,T1,30-34,25k-50k,5,Pharmacy Chain,Occasionally,2,3,Gynecologist,0.372,True,Other brand
CON00928,0-12 months,East,T2,25-29,>1L,4,E-Pharmacy,Every 2-3 months,2,3,Pharmacist,0.577,True,Not currently buying
CON00929,1-5 years,West,T1,35-39,25k-50k,5,Retail Chemist,Occasionally,3,2,Family/Friends,0.458,True,Other brand
CON00930,1-5 years,South,T1,35-39,50k-1L,2,Quick Commerce,Occasionally,3,4,Gynecologist,0.395,True,Other brand
CON00931,0-12 months,North,T1,25-29,>1L,4,Hospital Pharmacy,Monthly,3,5,Gynecologist,0.741,False,Other brand
CON00932,1-5 years,West,T1,30-34,50k-1L,3,Quick Commerce,Monthly,3,4,Family/Friends,0.703,False,Other brand
CON00933,1-5 years,West,T1,18-24,25k-50k,5,Hospital Pharmacy,Occasionally,4,3,Pediatrician,0.391,False,DePURA Kids
CON00934,1-5 years,South,T2,30-34,>1L,3,E-Pharmacy,Monthly,2,3,Pediatrician,0.752,False,Other brand
CON00935,0-12 months,North,T2,40+,25k-50k,3,Retail Chemist,Every 2-3 months,3,2,Gynecologist,0.562,False,Not currently buying
CON00936,1-5 years,West,T1,30-34,50k-1L,2,E-Pharmacy,Monthly,4,4,Pediatrician,0.775,False,DePURA Kids
CON00937,0-12 months,North,T2,25-29,25k-50k,3,Retail Chemist,Monthly,3,4,Online/Social media,0.881,False,Not currently buying
CON00938,0-12 months,West,T3,30-34,50k-1L,3,Retail Chemist,Monthly,4,4,Pediatrician,0.75,False,Not currently buying
CON00939,0-12 months,West,T1,35-39,50k-1L,5,E-Pharmacy,Monthly,2,3,Pediatrician,0.959,False,DePURA Kids
CON00940,0-12 months,North,T3,25-29,<25k,4,Retail Chemist,Every 2-3 months,5,5,Pediatrician,0.502,False,DePURA Kids
CON00941,1-5 years,West,T1,40+,<25k,3,Pharmacy Chain,Every 2-3 months,4,4,Gynecologist,0.63,False,Not currently buying
CON00942,1-5 years,West,T3,35-39,<25k,2,Hospital Pharmacy,Monthly,4,3,Online/Social media,0.863,False,Other brand
CON00943,0-12 months,West,T1,30-34,50k-1L,2,Hospital Pharmacy,Monthly,3,2,Family/Friends,0.763,False,Other brand
CON00944,6-12 years,East,T2,25-29,50k-1L,3,E-Pharmacy,Every 2-3 months,3,5,Pediatrician,0.654,False,DePURA Kids
CON00945,0-12 months,North,T2,30-34,50k-1L,4,Retail Chemist,Every 2-3 months,2,3,Pharmacist,0.597,False,Other brand
CON00946,0-12 months,South,T1,30-34,50k-1L,4,Pharmacy Chain,Monthly,3,3,Pediatrician,0.831,False,DePURA Kids
CON00947,0-12 months,Central,T2,30-34,<25k,5,Hospital Pharmacy,Monthly,4,4,Pediatrician,0.803,True,Other brand
CON00948,1-5 years,West,T2,35-39,<25k,3,Hospital Pharmacy,Every 2-3 months,4,4,Pediatrician,0.594,False,Other brand
CON00949,13-18 years,South,T3,40+,<25k,4,Retail Chemist,Every 2-3 months,4,3,Pediatrician,0.688,True,Other brand
CON00950,0-12 months,North,T2,25-29,25k-50k,3,Retail Chemist,Every 2-3 months,3,4,Pharmacist,0.617,False,DePURA Kids
CON00951,1-5 years,East,T3,30-34,50k-1L,4,Pharmacy Chain,Monthly,4,4,Pediatrician,0.719,False,DePURA Kids
CON00952,6-12 years,South,T2,25-29,50k-1L,4,Hospital Pharmacy,Occasionally,3,4,Pediatrician,0.342,False,Other brand
CON00953,1-5 years,South,T2,35-39,<25k,3,Retail Chemist,One-time,4,4,Pharmacist,0.278,False,Other brand
CON00954,6-12 years,East,T2,30-34,25k-50k,3,Pharmacy Chain,One-time,5,2,Pharmacist,0.265,False,Other brand
CON00955,13-18 years,East,T3,35-39,<25k,3,Retail Chemist,Every 2-3 months,5,2,Gynecologist,0.564,False,Other brand
CON00956,0-12 months,North,T2,35-39,25k-50k,4,Retail Chemist,Every 2-3 months,4,3,Gynecologist,0.683,True,Other brand
CON00957,1-5 years,East,T1,18-24,>1L,3,Pharmacy Chain,Monthly,2,2,Family/Friends,0.821,True,Other brand
CON00958,0-12 months,South,T1,35-39,50k-1L,4,E-Pharmacy,Every 2-3 months,5,4,Pediatrician,0.61,False,Other brand
CON00959,0-12 months,West,T1,30-34,>1L,3,Hospital Pharmacy,Monthly,2,5,Gynecologist,0.8,False,Other brand
CON00960,6-12 years,Central,T2,30-34,25k-50k,5,Retail Chemist,Every 2-3 months,2,4,Pediatrician,0.546,False,Not currently buying
CON00961,0-12 months,Central,T3,30-34,25k-50k,3,Retail Chemist,Every 2-3 months,4,2,Pharmacist,0.607,True,Other brand
CON00962,1-5 years,Central,T2,25-29,25k-50k,5,Pharmacy Chain,Occasionally,4,5,Family/Friends,0.479,False,Other brand
CON00963,1-5 years,West,T1,35-39,25k-50k,4,Retail Chemist,Every 2-3 months,3,4,Gynecologist,0.62,True,DePURA Kids
CON00964,0-12 months,South,T1,30-34,25k-50k,3,Quick Commerce,Every 2-3 months,3,3,Pharmacist,0.561,False,Other brand
CON00965,1-5 years,South,T2,30-34,50k-1L,3,Retail Chemist,Occasionally,3,3,Family/Friends,0.412,False,Other brand
CON00966,6-12 years,East,T3,30-34,<25k,3,Hospital Pharmacy,Every 2-3 months,4,3,Family/Friends,0.521,True,Other brand
CON00967,6-12 years,South,T3,30-34,50k-1L,3,E-Pharmacy,Every 2-3 months,3,5,Pediatrician,0.59,False,Other brand
CON00968,6-12 years,East,T3,30-34,<25k,2,Retail Chemist,Occasionally,4,4,Gynecologist,0.394,False,Other brand
CON00969,13-18 years,East,T2,25-29,50k-1L,3,Retail Chemist,Occasionally,3,3,Online/Social media,0.335,False,Other brand
CON00970,6-12 years,South,T1,30-34,50k-1L,4,E-Pharmacy,Monthly,3,4,Pediatrician,0.818,False,Other brand
CON00971,6-12 years,West,T1,30-34,>1L,5,Retail Chemist,Every 2-3 months,2,4,Pediatrician,0.691,True,DePURA Kids
CON00972,6-12 years,Central,T2,35-39,25k-50k,3,Hospital Pharmacy,Occasionally,4,5,Pediatrician,0.49,False,Other brand
CON00973,1-5 years,East,T3,30-34,<25k,5,Retail Chemist,Every 2-3 months,5,5,Pediatrician,0.614,False,Other brand
CON00974,1-5 years,North,T2,35-39,50k-1L,3,Hospital Pharmacy,Every 2-3 months,3,2,Pharmacist,0.612,True,Other brand
CON00975,6-12 years,South,T2,25-29,<25k,3,Retail Chemist,Every 2-3 months,5,3,Online/Social media,0.534,False,Other brand
CON00976,0-12 months,East,T3,35-39,<25k,4,Retail Chemist,Every 2-3 months,4,5,Pediatrician,0.664,False,Other brand
CON00977,1-5 years,South,T1,35-39,<25k,4,Retail Chemist,Occasionally,4,4,Pediatrician,0.397,False,Other brand
CON00978,0-12 months,East,T3,35-39,>1L,4,Retail Chemist,Monthly,3,3,Pediatrician,0.889,False,Other brand
CON00979,6-12 years,South,T2,25-29,50k-1L,4,E-Pharmacy,Every 2-3 months,4,3,Pediatrician,0.657,False,Other brand
CON00980,6-12 years,East,T2,18-24,25k-50k,4,E-Pharmacy,Every 2-3 months,4,4,Pharmacist,0.641,False,Other brand
CON00981,13-18 years,East,T2,40+,<25k,4,E-Pharmacy,Every 2-3 months,3,5,Pharmacist,0.663,False,DePURA Kids
CON00982,0-12 months,South,T1,18-24,50k-1L,5,Retail Chemist,Monthly,2,4,Pediatrician,0.854,False,Other brand
CON00983,1-5 years,South,T1,30-34,50k-1L,2,Retail Chemist,Every 2-3 months,3,5,Pediatrician,0.648,False,DePURA Kids
CON00984,0-12 months,East,T3,25-29,50k-1L,5,Hospital Pharmacy,Monthly,3,4,Pediatrician,0.781,True,DePURA Kids
CON00985,1-5 years,South,T1,25-29,>1L,2,Quick Commerce,Every 2-3 months,1,3,Online/Social media,0.66,False,Other brand
CON00986,1-5 years,South,T1,30-34,25k-50k,4,E-Pharmacy,Every 2-3 months,3,5,Pediatrician,0.616,False,DePURA Kids
CON00987,0-12 months,South,T1,18-24,>1L,3,Quick Commerce,Every 2-3 months,3,3,Pediatrician,0.587,True,Other brand
CON00988,6-12 years,North,T1,25-29,25k-50k,2,Retail Chemist,Every 2-3 months,4,4,Family/Friends,0.582,False,Other brand
CON00989,1-5 years,East,T3,40+,<25k,5,Retail Chemist,Every 2-3 months,4,4,Pediatrician,0.669,False,DePURA Kids
CON00990,0-12 months,West,T1,30-34,50k-1L,3,Quick Commerce,Every 2-3 months,2,4,Family/Friends,0.549,True,Other brand
CON00991,6-12 years,North,T1,25-29,50k-1L,4,E-Pharmacy,Occasionally,4,4,Family/Friends,0.459,False,Other brand
CON00992,0-12 months,West,T2,35-39,25k-50k,4,E-Pharmacy,Monthly,3,5,Pediatrician,0.946,False,DePURA Kids
CON00993,6-12 years,Central,T2,30-34,<25k,2,Retail Chemist,Occasionally,2,4,Pharmacist,0.408,False,DePURA Kids
CON00994,13-18 years,East,T2,25-29,50k-1L,5,Retail Chemist,Occasionally,3,5,Pediatrician,0.464,False,Other brand
CON00995,1-5 years,South,T1,25-29,<25k,2,Retail Chemist,Every 2-3 months,3,4,Online/Social media,0.59,False,Other brand
CON00996,0-12 months,North,T1,35-39,>1L,5,Pharmacy Chain,Monthly,3,5,Pediatrician,1.0,False,Not currently buying
CON00997,6-12 years,North,T1,25-29,50k-1L,3,Retail Chemist,Every 2-3 months,3,2,Pediatrician,0.562,True,Other brand
CON00998,1-5 years,West,T1,40+,50k-1L,5,E-Pharmacy,Monthly,2,4,Pediatrician,0.834,False,Other brand
CON00999,0-12 months,East,T1,40+,50k-1L,4,Retail Chemist,Every 2-3 months,3,2,Family/Friends,0.621,False,Not currently buying
CON01000,0-12 months,West,T1,30-34,>1L,3,Pharmacy Chain,Every 2-3 months,2,3,Family/Friends,0.553,True,Other brand
CON01001,1-5 years,East,T2,30-34,<25k,4,Pharmacy Chain,Every 2-3 months,5,3,Gynecologist,0.504,False,Other brand
CON01002,1-5 years,North,T1,30-34,>1L,2,Hospital Pharmacy,One-time,1,4,Online/Social media,0.229,False,Other brand
CON01003,13-18 years,Central,T3,30-34,<25k,5,Quick Commerce,Monthly,5,3,Pediatrician,0.722,False,Other brand
CON01004,0-12 months,East,T2,25-29,<25k,5,Pharmacy Chain,Monthly,5,4,Pediatrician,0.741,False,Other brand
CON01005,0-12 months,West,T3,35-39,<25k,5,Quick Commerce,Every 2-3 months,4,5,Pharmacist,0.537,False,Other brand
CON01006,1-5 years,Central,T2,25-29,25k-50k,3,Quick Commerce,Every 2-3 months,4,3,Gynecologist,0.564,False,Other brand
CON01007,0-12 months,West,T1,35-39,50k-1L,2,E-Pharmacy,Occasionally,3,4,Family/Friends,0.498,False,Other brand
CON01008,0-12 months,South,T2,30-34,<25k,3,Pharmacy Chain,Monthly,4,4,Pediatrician,0.897,False,Other brand
CON01009,0-12 months,East,T3,30-34,<25k,2,Retail Chemist,Monthly,3,3,Pediatrician,0.812,False,Other brand
CON01010,0-12 months,West,T1,40+,>1L,4,Retail Chemist,Every 2-3 months,4,4,Pediatrician,0.688,False,Other brand
CON01011,0-12 months,East,T2,30-34,25k-50k,4,Retail Chemist,Occasionally,3,4,Pediatrician,0.383,False,Other brand
CON01012,1-5 years,North,T2,40+,>1L,4,Retail Chemist,Every 2-3 months,2,2,Family/Friends,0.633,False,DePURA Kids
CON01013,6-12 years,South,T3,25-29,50k-1L,4,Retail Chemist,Every 2-3 months,3,4,Pediatrician,0.591,False,Other brand
CON01014,1-5 years,West,T1,18-24,>1L,4,Hospital Pharmacy,Every 2-3 months,2,5,Online/Social media,0.691,False,Other brand
CON01015,1-5 years,North,T2,35-39,50k-1L,5,E-Pharmacy,Every 2-3 months,3,4,Family/Friends,0.535,False,Other brand
CON01016,0-12 months,South,T1,30-34,50k-1L,3,Pharmacy Chain,Occasionally,4,3,Gynecologist,0.309,False,Not currently buying
CON01017,1-5 years,Central,T3,25-29,<25k,3,Retail Chemist,Occasionally,4,4,Pharmacist,0.431,False,Other brand
CON01018,0-12 months,Central,T3,30-34,<25k,4,Retail Chemist,Monthly,5,3,Family/Friends,0.726,False,Other brand
CON01019,0-12 months,South,T2,35-39,25k-50k,2,Retail Chemist,Every 2-3 months,3,3,Online/Social media,0.662,False,Other brand
CON01020,1-5 years,West,T3,35-39,50k-1L,3,Retail Chemist,Every 2-3 months,4,4,Pediatrician,0.601,True,Other brand
CON01021,6-12 years,West,T2,35-39,50k-1L,3,Retail Chemist,Occasionally,3,4,Pediatrician,0.478,True,Not currently buying
CON01022,0-12 months,South,T2,25-29,50k-1L,4,Quick Commerce,Every 2-3 months,3,4,Online/Social media,0.672,False,Not currently buying
CON01023,0-12 months,South,T2,30-34,50k-1L,4,Pharmacy Chain,Every 2-3 months,4,3,Pharmacist,0.653,False,Other brand
CON01024,0-12 months,Central,T2,30-34,25k-50k,5,Retail Chemist,Monthly,3,4,Pediatrician,0.796,False,Other brand
CON01025,0-12 months,South,T1,30-34,50k-1L,3,Hospital Pharmacy,Monthly,3,4,Pediatrician,0.791,False,Other brand
CON01026,0-12 months,Central,T2,25-29,25k-50k,2,Hospital Pharmacy,Monthly,3,1,Pediatrician,0.886,False,Other brand
CON01027,0-12 months,South,T1,35-39,>1L,3,Hospital Pharmacy,Every 2-3 months,3,4,Pharmacist,0.575,False,Other brand
CON01028,0-12 months,West,T2,35-39,>1L,3,Retail Chemist,Every 2-3 months,1,4,Pharmacist,0.644,False,DePURA Kids
CON01029,0-12 months,South,T2,30-34,<25k,3,Pharmacy Chain,Every 2-3 months,4,3,Family/Friends,0.677,False,Other brand
CON01030,13-18 years,South,T1,30-34,50k-1L,4,Retail Chemist,Every 2-3 months,5,5,Pediatrician,0.567,False,Other brand
CON01031,0-12 months,South,T1,40+,<25k,3,Quick Commerce,One-time,3,3,Pharmacist,0.274,True,Other brand
CON01032,0-12 months,East,T2,25-29,<25k,4,Retail Chemist,Every 2-3 months,5,3,Pharmacist,0.65,False,Not currently buying
CON01033,0-12 months,Central,T2,30-34,50k-1L,4,Retail Chemist,Monthly,3,5,Pediatrician,1.0,False,DePURA Kids
CON01034,0-12 months,East,T3,40+,25k-50k,2,Hospital Pharmacy,Monthly,4,2,Family/Friends,0.713,True,Other brand
CON01035,0-12 months,West,T2,18-24,50k-1L,4,Retail Chemist,Every 2-3 months,3,3,Pediatrician,0.562,True,Not currently buying
CON01036,0-12 months,East,T3,25-29,50k-1L,3,Retail Chemist,Monthly,5,5,Pediatrician,0.771,False,Other brand
CON01037,0-12 months,Central,T3,40+,25k-50k,4,Retail Chemist,Every 2-3 months,3,5,Pediatrician,0.529,False,Other brand
CON01038,0-12 months,Central,T3,30-34,<25k,5,Retail Chemist,Monthly,3,3,Pediatrician,0.891,False,Other brand
CON01039,0-12 months,East,T1,30-34,50k-1L,5,E-Pharmacy,Every 2-3 months,3,3,Gynecologist,0.642,False,DePURA Kids
CON01040,0-12 months,East,T3,18-24,<25k,4,Hospital Pharmacy,Every 2-3 months,5,3,Pharmacist,0.621,False,Other brand
CON01041,1-5 years,North,T2,35-39,25k-50k,5,Pharmacy Chain,Every 2-3 months,3,3,Pediatrician,0.532,True,Not currently buying
CON01042,0-12 months,North,T2,40+,<25k,4,Pharmacy Chain,Every 2-3 months,4,4,Pediatrician,0.683,False,Not currently buying
CON01043,6-12 years,South,T1,30-34,50k-1L,3,E-Pharmacy,Every 2-3 months,4,3,Family/Friends,0.532,True,Not currently buying
CON01044,1-5 years,West,T1,18-24,25k-50k,3,Pharmacy Chain,Occasionally,3,2,Pharmacist,0.411,False,Other brand
CON01045,6-12 years,North,T2,30-34,25k-50k,5,Retail Chemist,Every 2-3 months,3,3,Pediatrician,0.509,False,DePURA Kids
CON01046,1-5 years,North,T2,30-34,<25k,4,Retail Chemist,Every 2-3 months,4,5,Pediatrician,0.6,False,Not currently buying
CON01047,13-18 years,West,T1,35-39,25k-50k,4,Retail Chemist,Occasionally,3,3,Family/Friends,0.355,False,Other brand
CON01048,0-12 months,South,T1,40+,>1L,4,E-Pharmacy,Monthly,2,2,Pharmacist,0.779,False,Not currently buying
CON01049,6-12 years,North,T1,40+,50k-1L,2,Pharmacy Chain,Every 2-3 months,3,4,Pharmacist,0.694,False,DePURA Kids
CON01050,0-12 months,Central,T2,35-39,25k-50k,4,Retail Chemist,Every 2-3 months,3,5,Pediatrician,0.643,False,DePURA Kids
CON01051,6-12 years,North,T1,25-29,25k-50k,3,Quick Commerce,Occasionally,4,3,Family/Friends,0.432,False,Other brand
CON01052,6-12 years,South,T1,40+,>1L,3,Retail Chemist,Occasionally,3,3,Gynecologist,0.388,True,Other brand
CON01053,0-12 months,East,T2,25-29,25k-50k,3,Retail Chemist,Monthly,3,5,Pediatrician,0.941,False,DePURA Kids
CON01054,0-12 months,West,T1,30-34,>1L,4,Hospital Pharmacy,Monthly,2,4,Pediatrician,0.826,False,Other brand
CON01055,6-12 years,East,T2,30-34,<25k,5,E-Pharmacy,Monthly,4,5,Pediatrician,0.772,False,DePURA Kids
CON01056,6-12 years,East,T1,35-39,50k-1L,4,E-Pharmacy,Every 2-3 months,3,4,Pediatrician,0.616,False,DePURA Kids
CON01057,0-12 months,West,T1,25-29,50k-1L,4,Retail Chemist,Monthly,2,3,Pediatrician,0.895,False,Other brand
CON01058,6-12 years,North,T2,30-34,>1L,4,E-Pharmacy,Monthly,3,3,Gynecologist,0.787,False,Not currently buying
CON01059,6-12 years,West,T1,25-29,50k-1L,5,Quick Commerce,Occasionally,3,3,Gynecologist,0.373,True,Other brand
CON01060,0-12 months,East,T2,25-29,25k-50k,5,Pharmacy Chain,Monthly,3,4,Pediatrician,1.0,False,DePURA Kids
CON01061,0-12 months,West,T1,40+,>1L,2,Quick Commerce,Monthly,4,4,Pediatrician,0.972,False,Other brand
CON01062,6-12 years,Central,T2,30-34,25k-50k,4,E-Pharmacy,Monthly,3,4,Pediatrician,0.75,False,DePURA Kids
CON01063,0-12 months,North,T2,18-24,25k-50k,2,Retail Chemist,Every 2-3 months,3,3,Online/Social media,0.602,False,Other brand
CON01064,0-12 months,North,T2,35-39,<25k,3,Retail Chemist,Every 2-3 months,4,4,Pharmacist,0.562,False,Other brand
CON01065,6-12 years,East,T2,30-34,25k-50k,4,Pharmacy Chain,Occasionally,4,2,Gynecologist,0.495,False,Other brand
CON01066,0-12 months,East,T2,25-29,>1L,3,Pharmacy Chain,Every 2-3 months,3,4,Gynecologist,0.639,False,Not currently buying
CON01067,1-5 years,West,T1,35-39,50k-1L,5,Quick Commerce,Monthly,3,3,Pediatrician,0.764,True,Other brand
CON01068,6-12 years,South,T1,35-39,50k-1L,4,E-Pharmacy,Occasionally,4,1,Pharmacist,0.39,True,Other brand
CON01069,0-12 months,South,T1,35-39,>1L,5,Pharmacy Chain,Monthly,2,4,Pediatrician,0.78,False,DePURA Kids
CON01070,1-5 years,West,T1,30-34,>1L,3,Pharmacy Chain,Every 2-3 months,2,3,Pharmacist,0.57,False,Other brand
CON01071,1-5 years,South,T1,25-29,25k-50k,5,Quick Commerce,Occasionally,4,4,Family/Friends,0.378,True,DePURA Kids
CON01072,1-5 years,East,T3,25-29,<25k,4,Retail Chemist,Occasionally,5,3,Family/Friends,0.376,True,Not currently buying
CON01073,0-12 months,South,T1,30-34,25k-50k,3,E-Pharmacy,Monthly,4,5,Pediatrician,0.93,False,Other brand
CON01074,1-5 years,Central,T3,25-29,50k-1L,5,Retail Chemist,Every 2-3 months,4,2,Family/Friends,0.606,True,Other brand
CON01075,0-12 months,South,T1,30-34,25k-50k,4,E-Pharmacy,Every 2-3 months,2,4,Pediatrician,0.649,False,DePURA Kids
CON01076,1-5 years,South,T2,30-34,25k-50k,3,Retail Chemist,Occasionally,3,3,Pediatrician,0.464,True,DePURA Kids
CON01077,1-5 years,South,T2,35-39,25k-50k,3,Retail Chemist,Every 2-3 months,3,4,Pharmacist,0.564,False,DePURA Kids
CON01078,1-5 years,East,T3,18-24,25k-50k,4,Retail Chemist,Every 2-3 months,5,3,Online/Social media,0.663,False,Other brand
CON01079,1-5 years,East,T1,30-34,25k-50k,2,Quick Commerce,Every 2-3 months,3,5,Pediatrician,0.687,False,Other brand
CON01080,0-12 months,North,T1,25-29,50k-1L,5,Retail Chemist,Every 2-3 months,,3,Pediatrician,0.617,False,DePURA Kids
CON01081,0-12 months,South,T1,35-39,50k-1L,3,Retail Chemist,Monthly,3,5,Pediatrician,0.811,False,Other brand
CON01082,1-5 years,North,T2,25-29,>1L,4,Retail Chemist,Occasionally,1,4,Family/Friends,0.492,False,Other brand
CON01083,1-5 years,South,T2,40+,<25k,3,E-Pharmacy,Every 2-3 months,4,2,Pediatrician,0.624,True,Other brand
CON01084,0-12 months,North,T2,35-39,<25k,4,E-Pharmacy,Monthly,4,4,Pediatrician,0.777,False,Other brand
CON01085,0-12 months,West,T1,18-24,50k-1L,3,Retail Chemist,Monthly,3,5,Pediatrician,0.705,False,DePURA Kids
CON01086,0-12 months,West,T1,30-34,50k-1L,5,Hospital Pharmacy,Monthly,4,5,Pediatrician,0.72,False,DePURA Kids
CON01087,0-12 months,East,T3,18-24,50k-1L,3,Pharmacy Chain,Every 2-3 months,4,3,Pharmacist,0.679,False,DePURA Kids
CON01088,1-5 years,East,T2,30-34,>1L,4,Quick Commerce,Occasionally,,4,Family/Friends,0.425,False,DePURA Kids
CON01089,1-5 years,Central,T3,25-29,<25k,4,Retail Chemist,Occasionally,3,4,Family/Friends,0.308,False,DePURA Kids
CON01090,0-12 months,Central,T2,30-34,50k-1L,2,Hospital Pharmacy,Monthly,2,5,Pediatrician,0.791,False,Other brand
CON01091,0-12 months,Central,T3,25-29,<25k,3,Retail Chemist,Monthly,4,4,Online/Social media,0.728,False,Other brand
CON01092,0-12 months,South,T1,40+,>1L,3,Retail Chemist,Every 2-3 months,1,3,Family/Friends,0.548,False,Other brand
CON01093,0-12 months,North,T1,35-39,>1L,4,Retail Chemist,Occasionally,2,4,Online/Social media,0.376,False,Other brand
CON01094,6-12 years,West,T1,40+,25k-50k,4,Retail Chemist,Every 2-3 months,2,4,Pediatrician,0.561,False,Other brand
CON01095,6-12 years,South,T1,18-24,50k-1L,3,Quick Commerce,Every 2-3 months,3,4,Gynecologist,0.547,False,DePURA Kids
CON01096,0-12 months,North,T2,30-34,50k-1L,1,Retail Chemist,Monthly,2,5,Pediatrician,0.71,False,Not currently buying
CON01097,1-5 years,South,T1,40+,>1L,3,E-Pharmacy,Occasionally,3,3,Family/Friends,0.492,True,Other brand
CON01098,1-5 years,East,T3,35-39,<25k,3,Hospital Pharmacy,Occasionally,5,5,Pediatrician,0.321,False,DePURA Kids
CON01099,1-5 years,South,T1,40+,<25k,2,Hospital Pharmacy,Every 2-3 months,4,4,Family/Friends,0.58,True,Other brand
CON01100,6-12 years,Central,T2,30-34,<25k,4,Retail Chemist,Monthly,3,5,Pediatrician,0.976,False,DePURA Kids
CON01101,1-5 years,West,T1,25-29,25k-50k,1,Pharmacy Chain,Occasionally,3,2,Pharmacist,0.473,True,Other brand
CON01102,1-5 years,West,T1,35-39,25k-50k,3,Hospital Pharmacy,Every 2-3 months,3,4,Pediatrician,0.624,False,Other brand
CON01103,0-12 months,North,T1,25-29,>1L,3,Retail Chemist,Occasionally,2,2,Pharmacist,0.367,True,Other brand
CON01104,1-5 years,North,T2,30-34,50k-1L,4,Retail Chemist,Occasionally,2,3,Pharmacist,0.437,False,Not currently buying
CON01105,1-5 years,East,T2,25-29,50k-1L,5,E-Pharmacy,Every 2-3 months,2,4,Pediatrician,0.542,False,Other brand
CON01106,1-5 years,East,T2,25-29,50k-1L,2,E-Pharmacy,Monthly,2,5,Gynecologist,0.705,False,DePURA Kids
CON01107,0-12 months,South,T1,25-29,>1L,3,E-Pharmacy,Monthly,2,5,Pediatrician,0.989,False,DePURA Kids
CON01108,0-12 months,South,T1,30-34,25k-50k,4,E-Pharmacy,Every 2-3 months,3,5,Pediatrician,0.69,False,DePURA Kids
CON01109,1-5 years,West,T1,40+,>1L,4,Retail Chemist,Every 2-3 months,1,3,Pharmacist,0.639,True,Not currently buying
CON01110,0-12 months,West,T2,30-34,>1L,1,Retail Chemist,Monthly,2,4,Pediatrician,0.815,False,Other brand
CON01111,0-12 months,North,T2,25-29,50k-1L,4,Retail Chemist,Every 2-3 months,3,4,Family/Friends,0.585,False,Other brand
CON01112,0-12 months,East,T3,35-39,25k-50k,4,Hospital Pharmacy,Monthly,3,5,Pediatrician,0.861,False,Other brand
CON01113,6-12 years,South,T2,18-24,25k-50k,3,Retail Chemist,Every 2-3 months,4,3,Online/Social media,0.698,True,Other brand
CON01114,0-12 months,West,T1,25-29,>1L,3,Retail Chemist,Occasionally,2,4,Family/Friends,0.495,False,Not currently buying
CON01115,0-12 months,West,T1,30-34,25k-50k,5,Retail Chemist,Monthly,3,4,Pediatrician,0.957,False,Not currently buying
CON01116,1-5 years,North,T1,35-39,25k-50k,4,Quick Commerce,Monthly,2,3,Pediatrician,0.876,True,Not currently buying
CON01117,0-12 months,West,T1,30-34,25k-50k,5,Pharmacy Chain,Monthly,3,4,Pediatrician,0.891,False,DePURA Kids
CON01118,1-5 years,North,T3,25-29,25k-50k,4,Hospital Pharmacy,Every 2-3 months,4,3,Gynecologist,0.569,False,Not currently buying
CON01119,1-5 years,North,T2,25-29,<25k,5,Retail Chemist,Every 2-3 months,4,3,Pediatrician,0.59,False,DePURA Kids
CON01120,1-5 years,East,T2,30-34,25k-50k,4,Retail Chemist,One-time,4,2,Pharmacist,0.126,True,Other brand
CON01121,1-5 years,North,T1,40+,>1L,3,Quick Commerce,Every 2-3 months,3,4,Pediatrician,0.599,False,Other brand
CON01122,0-12 months,Central,T3,30-34,<25k,5,Retail Chemist,Monthly,3,4,Pediatrician,0.722,True,Other brand
CON01123,1-5 years,West,T1,30-34,25k-50k,3,Quick Commerce,Occasionally,4,3,Pharmacist,0.316,True,Other brand
CON01124,0-12 months,West,T2,30-34,<25k,4,Retail Chemist,Monthly,5,5,Gynecologist,0.751,False,Not currently buying
CON01125,1-5 years,North,T2,35-39,<25k,3,Pharmacy Chain,Every 2-3 months,4,3,Pediatrician,0.507,False,Not currently buying
CON01126,0-12 months,South,T2,18-24,50k-1L,3,E-Pharmacy,Monthly,3,3,Pharmacist,0.727,True,DePURA Kids
CON01127,0-12 months,West,T1,30-34,50k-1L,4,Pharmacy Chain,Every 2-3 months,3,4,Pediatrician,0.654,False,Other brand
CON01128,0-12 months,South,T1,25-29,25k-50k,3,E-Pharmacy,Every 2-3 months,4,3,Online/Social media,0.644,False,Other brand
CON01129,1-5 years,West,T1,40+,>1L,4,Retail Chemist,Occasionally,2,5,Pharmacist,0.342,False,DePURA Kids
CON01130,0-12 months,East,T3,35-39,25k-50k,5,Retail Chemist,Monthly,5,5,Pediatrician,0.725,False,Other brand
CON01131,6-12 years,North,T2,25-29,<25k,3,Quick Commerce,Every 2-3 months,2,4,Online/Social media,0.597,False,Not currently buying
CON01132,1-5 years,South,T2,30-34,<25k,3,Pharmacy Chain,Occasionally,3,4,Family/Friends,0.404,False,Other brand
CON01133,1-5 years,South,T2,40+,50k-1L,5,Hospital Pharmacy,Every 2-3 months,3,4,Family/Friends,0.627,False,DePURA Kids
CON01134,0-12 months,East,T1,25-29,50k-1L,5,Quick Commerce,Every 2-3 months,3,3,Pharmacist,0.695,True,DePURA Kids
CON01135,0-12 months,East,T2,25-29,25k-50k,3,E-Pharmacy,Occasionally,5,2,Online/Social media,0.492,True,Other brand
CON01136,1-5 years,South,T1,25-29,25k-50k,3,Hospital Pharmacy,Occasionally,3,4,Pharmacist,0.478,False,DePURA Kids
CON01137,0-12 months,South,T2,18-24,50k-1L,4,Retail Chemist,Occasionally,4,4,Family/Friends,0.371,False,DePURA Kids
CON01138,0-12 months,Central,T3,35-39,50k-1L,5,Hospital Pharmacy,Occasionally,3,4,Pediatrician,0.483,True,Other brand
CON01139,6-12 years,East,T3,25-29,<25k,5,Retail Chemist,Monthly,4,4,Pediatrician,0.807,True,Not currently buying
CON01140,13-18 years,South,T1,30-34,50k-1L,3,Retail Chemist,Occasionally,3,5,Online/Social media,0.314,False,Not currently buying
CON01141,6-12 years,East,T1,30-34,<25k,5,Hospital Pharmacy,Monthly,4,5,Pediatrician,0.863,True,DePURA Kids
CON01142,0-12 months,North,T3,35-39,<25k,4,Retail Chemist,Monthly,3,5,Pediatrician,0.881,False,Other brand
CON01143,1-5 years,North,T1,25-29,50k-1L,4,Pharmacy Chain,Occasionally,2,1,Family/Friends,0.391,True,Other brand
CON01144,1-5 years,North,T2,30-34,25k-50k,5,Hospital Pharmacy,Occasionally,3,5,Pediatrician,0.338,False,Not currently buying
CON01145,0-12 months,South,T1,25-29,<25k,4,E-Pharmacy,Monthly,4,4,Pediatrician,0.77,False,Not currently buying
CON01146,1-5 years,South,T2,25-29,25k-50k,5,Retail Chemist,Every 2-3 months,4,4,Pediatrician,0.572,False,DePURA Kids
CON01147,0-12 months,North,T2,40+,50k-1L,4,Retail Chemist,Monthly,3,3,Pediatrician,0.717,True,Other brand
CON01148,0-12 months,South,T1,40+,>1L,2,Retail Chemist,Every 2-3 months,2,3,Online/Social media,0.597,False,Other brand
CON01149,0-12 months,Central,T2,18-24,25k-50k,5,Quick Commerce,Monthly,4,5,Pediatrician,0.87,False,Not currently buying
CON01150,13-18 years,South,T1,30-34,>1L,4,E-Pharmacy,Every 2-3 months,3,3,Family/Friends,0.666,True,Other brand
CON01151,0-12 months,North,T2,35-39,25k-50k,4,Pharmacy Chain,Monthly,4,2,Pediatrician,0.831,False,Other brand
CON01152,1-5 years,North,T2,25-29,25k-50k,2,E-Pharmacy,Every 2-3 months,4,4,Pharmacist,0.576,False,Other brand
CON01153,0-12 months,South,T1,35-39,50k-1L,5,Pharmacy Chain,Monthly,2,3,Pediatrician,0.79,False,Other brand
CON01154,6-12 years,North,T1,18-24,>1L,3,E-Pharmacy,Monthly,2,4,Pediatrician,0.861,False,Other brand
CON01155,1-5 years,South,T1,30-34,>1L,2,Retail Chemist,Monthly,2,5,Pediatrician,0.747,False,Not currently buying
CON01156,13-18 years,North,T1,35-39,50k-1L,3,Retail Chemist,Occasionally,3,3,Pharmacist,0.462,False,Other brand
CON01157,0-12 months,North,T2,25-29,>1L,3,Retail Chemist,Every 2-3 months,2,3,Pediatrician,0.631,False,Other brand
CON01158,1-5 years,North,T2,40+,25k-50k,2,E-Pharmacy,Every 2-3 months,3,2,Family/Friends,0.654,False,Other brand
CON01159,0-12 months,West,T1,30-34,50k-1L,2,Hospital Pharmacy,Every 2-3 months,4,5,Pediatrician,0.62,False,Other brand
CON01160,6-12 years,East,T2,25-29,25k-50k,4,Retail Chemist,Every 2-3 months,2,4,Pediatrician,0.694,False,Not currently buying
CON01161,0-12 months,West,T2,25-29,25k-50k,4,Retail Chemist,Every 2-3 months,3,5,Pediatrician,0.666,False,Not currently buying
CON01162,0-12 months,West,T1,30-34,>1L,1,Retail Chemist,Monthly,2,4,Online/Social media,0.864,False,Other brand
CON01163,0-12 months,South,T1,30-34,50k-1L,4,Retail Chemist,Occasionally,2,3,Gynecologist,0.448,True,Other brand
CON01164,0-12 months,West,T1,18-24,25k-50k,5,Retail Chemist,Monthly,3,5,Pediatrician,0.758,False,Other brand
CON01165,0-12 months,South,T1,30-34,>1L,4,E-Pharmacy,Occasionally,3,5,Family/Friends,0.385,False,Other brand
CON01166,0-12 months,South,T1,30-34,<25k,4,Retail Chemist,Monthly,5,5,Pediatrician,0.789,False,Other brand
CON01167,1-5 years,East,T1,35-39,50k-1L,4,Retail Chemist,Occasionally,4,3,Pharmacist,0.406,True,Other brand
CON01168,6-12 years,North,T2,25-29,25k-50k,3,E-Pharmacy,Monthly,2,3,Family/Friends,0.869,False,Other brand
CON01169,0-12 months,South,T1,30-34,50k-1L,3,Quick Commerce,Monthly,4,2,Pediatrician,0.704,True,Other brand
CON01170,0-12 months,North,T1,25-29,25k-50k,3,Retail Chemist,Monthly,3,3,Pediatrician,0.912,False,Other brand
CON01171,6-12 years,Central,T2,25-29,25k-50k,5,Hospital Pharmacy,Every 2-3 months,1,4,Pediatrician,0.621,False,DePURA Kids
CON01172,0-12 months,West,T1,25-29,50k-1L,5,Pharmacy Chain,Monthly,1,5,Pediatrician,0.782,False,Other brand
CON01173,6-12 years,South,T2,25-29,50k-1L,3,Retail Chemist,Monthly,3,4,Pediatrician,0.742,False,Not currently buying
CON01174,1-5 years,South,T2,40+,50k-1L,5,Retail Chemist,Every 2-3 months,4,5,Pediatrician,0.54,False,Other brand
CON01175,1-5 years,South,T1,30-34,25k-50k,2,Retail Chemist,Every 2-3 months,4,4,Online/Social media,0.663,False,Not currently buying
CON01176,13-18 years,North,T2,35-39,<25k,5,Quick Commerce,Monthly,4,4,Pediatrician,0.886,False,Other brand
CON01177,13-18 years,West,T1,30-34,>1L,4,Quick Commerce,Monthly,2,5,Pediatrician,0.894,True,Other brand
CON01178,0-12 months,West,T1,35-39,50k-1L,5,Quick Commerce,Monthly,4,4,Online/Social media,0.707,False,Other brand
CON01179,1-5 years,North,T2,25-29,<25k,4,Retail Chemist,Every 2-3 months,4,5,Gynecologist,0.64,False,DePURA Kids
CON01180,1-5 years,West,T1,40+,50k-1L,5,Pharmacy Chain,Monthly,2,3,Pediatrician,0.713,False,Other brand
CON01181,6-12 years,West,T1,25-29,<25k,5,E-Pharmacy,Every 2-3 months,5,3,Pharmacist,0.616,True,Other brand
CON01182,6-12 years,West,T1,40+,50k-1L,4,Retail Chemist,Every 2-3 months,3,5,Pediatrician,0.559,False,DePURA Kids
CON01183,1-5 years,South,T2,35-39,<25k,4,Hospital Pharmacy,Occasionally,5,5,Family/Friends,0.383,False,DePURA Kids
CON01184,13-18 years,South,T1,30-34,50k-1L,4,Retail Chemist,Monthly,3,4,Pediatrician,0.959,False,Not currently buying
CON01185,13-18 years,South,T2,25-29,25k-50k,3,Pharmacy Chain,Monthly,3,4,Pediatrician,0.74,False,DePURA Kids
CON01186,0-12 months,South,T2,25-29,50k-1L,1,Retail Chemist,Occasionally,3,4,Gynecologist,0.394,False,Other brand
CON01187,0-12 months,North,T2,30-34,25k-50k,4,Pharmacy Chain,Monthly,4,5,Pediatrician,0.926,False,Other brand
CON01188,0-12 months,East,T3,40+,50k-1L,3,Retail Chemist,Monthly,3,5,Pediatrician,0.703,False,DePURA Kids
CON01189,1-5 years,South,T1,18-24,>1L,5,Retail Chemist,Every 2-3 months,2,4,Pharmacist,0.548,False,Other brand
CON01190,0-12 months,South,T2,25-29,<25k,3,Pharmacy Chain,Every 2-3 months,3,1,Online/Social media,0.581,True,Other brand
CON01191,1-5 years,East,T2,30-34,50k-1L,4,Pharmacy Chain,Occasionally,3,4,Pediatrician,0.432,False,Other brand
CON01192,0-12 months,South,T2,35-39,25k-50k,2,E-Pharmacy,Every 2-3 months,4,5,Pediatrician,0.506,False,Other brand
CON01193,1-5 years,Central,T3,30-34,>1L,4,Retail Chemist,Every 2-3 months,1,5,Gynecologist,0.57,False,DePURA Kids
CON01194,1-5 years,West,T3,30-34,<25k,3,Pharmacy Chain,Occasionally,2,5,Pharmacist,0.469,False,DePURA Kids
CON01195,0-12 months,Central,T3,25-29,<25k,4,E-Pharmacy,Monthly,4,5,Pediatrician,0.85,False,Other brand
CON01196,0-12 months,East,T1,35-39,>1L,5,Pharmacy Chain,Every 2-3 months,2,4,Gynecologist,0.578,False,Not currently buying
CON01197,0-12 months,North,T1,25-29,>1L,5,Hospital Pharmacy,Monthly,3,5,Pediatrician,0.809,False,DePURA Kids
CON01198,6-12 years,West,T2,30-34,25k-50k,2,E-Pharmacy,Every 2-3 months,,3,Pharmacist,0.507,False,Other brand
CON01199,0-12 months,West,T1,30-34,50k-1L,5,E-Pharmacy,Every 2-3 months,2,5,Pediatrician,0.678,False,Not currently buying
CON01200,0-12 months,West,T1,30-34,50k-1L,5,Retail Chemist,Monthly,3,4,Pediatrician,0.915,False,Other brand
CON01201,13-18 years,South,T1,35-39,>1L,3,Retail Chemist,Every 2-3 months,3,3,Gynecologist,0.539,False,DePURA Kids
CON01202,0-12 months,South,T1,30-34,25k-50k,3,Quick Commerce,Monthly,3,3,Family/Friends,0.769,False,Other brand
CON01203,0-12 months,North,T1,35-39,<25k,4,Retail Chemist,Every 2-3 months,3,4,Pediatrician,0.593,False,Not currently buying
CON01204,13-18 years,West,T1,30-34,25k-50k,5,Pharmacy Chain,Every 2-3 months,5,3,Gynecologist,0.516,False,Other brand
CON01205,1-5 years,West,T1,25-29,50k-1L,4,Pharmacy Chain,Every 2-3 months,4,5,Pediatrician,0.68,False,DePURA Kids
CON01206,6-12 years,South,T2,35-39,25k-50k,4,Pharmacy Chain,Every 2-3 months,2,5,Pharmacist,0.628,False,Not currently buying
CON01207,6-12 years,West,T1,25-29,<25k,4,Pharmacy Chain,Occasionally,5,5,Family/Friends,0.383,False,Not currently buying
CON01208,0-12 months,North,T2,25-29,>1L,3,Quick Commerce,Monthly,1,3,Pharmacist,0.813,False,Other brand
CON01209,1-5 years,North,T2,25-29,25k-50k,5,Retail Chemist,Every 2-3 months,3,4,Pediatrician,0.697,False,DePURA Kids
CON01210,1-5 years,Central,T2,30-34,25k-50k,4,Retail Chemist,Every 2-3 months,3,4,Pediatrician,0.643,True,Other brand
CON01211,1-5 years,North,T1,25-29,<25k,4,Retail Chemist,Occasionally,4,3,Pharmacist,0.45,False,Other brand
CON01212,1-5 years,South,T1,30-34,<25k,5,Pharmacy Chain,Every 2-3 months,5,3,Family/Friends,0.535,False,Other brand
CON01213,0-12 months,East,T1,30-34,>1L,2,Quick Commerce,Monthly,3,4,Online/Social media,0.755,False,Other brand
CON01214,0-12 months,North,T2,30-34,25k-50k,4,Retail Chemist,Every 2-3 months,2,4,Gynecologist,0.668,False,DePURA Kids
CON01215,0-12 months,Central,T2,30-34,<25k,4,Retail Chemist,Occasionally,4,4,Pediatrician,0.494,False,Other brand
CON01216,0-12 months,East,T1,25-29,25k-50k,4,Retail Chemist,Every 2-3 months,4,5,Family/Friends,0.646,False,DePURA Kids
CON01217,0-12 months,East,T1,25-29,<25k,3,E-Pharmacy,Every 2-3 months,5,4,Gynecologist,0.583,False,Other brand
CON01218,1-5 years,South,T1,40+,50k-1L,3,Retail Chemist,Every 2-3 months,3,2,Pediatrician,0.623,True,Other brand
CON01219,0-12 months,North,T3,25-29,50k-1L,2,Retail Chemist,Monthly,4,3,Family/Friends,0.73,False,Other brand
CON01220,0-12 months,West,T1,18-24,>1L,4,Retail Chemist,Monthly,2,4,Gynecologist,0.8,False,DePURA Kids
CON01221,6-12 years,East,T2,30-34,<25k,1,Quick Commerce,Every 2-3 months,3,4,Family/Friends,0.569,False,Other brand
CON01222,0-12 months,North,T2,30-34,25k-50k,2,Retail Chemist,Monthly,4,2,Online/Social media,0.799,True,Other brand
CON01223,6-12 years,North,T2,30-34,50k-1L,4,Hospital Pharmacy,Every 2-3 months,3,4,Pharmacist,0.625,False,Not currently buying
CON01224,1-5 years,West,T1,18-24,>1L,5,Retail Chemist,Occasionally,3,3,Pediatrician,0.401,True,Not currently buying
CON01225,0-12 months,North,T2,30-34,>1L,3,E-Pharmacy,Monthly,3,2,Pharmacist,0.7,False,Other brand
CON01226,1-5 years,West,T3,30-34,25k-50k,2,Retail Chemist,Every 2-3 months,4,3,Pediatrician,0.603,False,Other brand
CON01227,0-12 months,South,T1,30-34,25k-50k,4,Pharmacy Chain,Monthly,4,5,Pediatrician,0.746,False,Other brand
CON01228,1-5 years,West,T2,25-29,50k-1L,3,Pharmacy Chain,Monthly,4,4,Pediatrician,0.726,False,DePURA Kids
CON01229,1-5 years,North,T3,40+,<25k,3,Retail Chemist,Occasionally,4,2,Gynecologist,0.332,False,Not currently buying
CON01230,1-5 years,West,T2,30-34,25k-50k,2,E-Pharmacy,Occasionally,4,4,Gynecologist,0.467,False,Other brand
CON01231,6-12 years,South,T1,18-24,50k-1L,4,Pharmacy Chain,Occasionally,3,4,Gynecologist,0.374,False,Other brand
CON01232,1-5 years,South,T2,30-34,<25k,2,Retail Chemist,One-time,4,5,Pharmacist,0.244,False,DePURA Kids
CON01233,1-5 years,North,T1,35-39,50k-1L,3,Retail Chemist,Occasionally,2,4,Family/Friends,0.491,False,DePURA Kids
CON01234,1-5 years,North,T1,40+,>1L,4,Retail Chemist,Every 2-3 months,2,3,Pediatrician,0.64,False,Other brand
CON01235,1-5 years,East,T2,30-34,50k-1L,3,Hospital Pharmacy,Occasionally,3,2,Pharmacist,0.402,True,Not currently buying
CON01236,6-12 years,North,T2,25-29,25k-50k,3,Retail Chemist,Every 2-3 months,3,4,Online/Social media,0.669,False,Other brand
CON01237,13-18 years,West,T1,25-29,>1L,3,Pharmacy Chain,Monthly,1,5,Pediatrician,0.701,False,Not currently buying
CON01238,1-5 years,North,T2,25-29,<25k,3,Retail Chemist,Every 2-3 months,4,3,Online/Social media,0.578,False,Other brand
CON01239,0-12 months,West,T1,18-24,50k-1L,4,Pharmacy Chain,Monthly,4,3,Pediatrician,0.862,True,Not currently buying
CON01240,0-12 months,South,T1,25-29,>1L,3,Retail Chemist,Every 2-3 months,2,2,Gynecologist,0.67,True,Other brand
CON01241,1-5 years,North,T1,35-39,<25k,5,E-Pharmacy,Occasionally,4,4,Family/Friends,0.442,False,Other brand
CON01242,6-12 years,West,T1,40+,25k-50k,3,Pharmacy Chain,Occasionally,3,2,Pharmacist,0.458,True,Not currently buying
CON01243,1-5 years,South,T1,25-29,50k-1L,5,Retail Chemist,Every 2-3 months,4,3,Pediatrician,0.526,False,DePURA Kids
CON01244,0-12 months,West,T1,35-39,>1L,3,E-Pharmacy,Monthly,2,5,Gynecologist,0.899,False,Not currently buying
CON01245,6-12 years,South,T2,25-29,<25k,4,E-Pharmacy,Monthly,4,5,Pediatrician,0.825,False,DePURA Kids
CON01246,1-5 years,North,T1,25-29,50k-1L,4,Pharmacy Chain,Monthly,3,3,Online/Social media,0.706,False,Other brand
CON01247,0-12 months,West,T1,25-29,50k-1L,4,E-Pharmacy,Every 2-3 months,3,5,Gynecologist,0.62,False,Other brand
CON01248,1-5 years,East,T1,18-24,25k-50k,4,Hospital Pharmacy,Every 2-3 months,3,4,Gynecologist,0.555,False,Other brand
CON01249,0-12 months,North,T2,30-34,<25k,3,Retail Chemist,Monthly,4,4,Family/Friends,0.838,False,Other brand
CON01250,0-12 months,North,T2,30-34,25k-50k,4,Retail Chemist,Every 2-3 months,4,2,Family/Friends,0.567,False,Other brand
CON01251,0-12 months,South,T1,35-39,50k-1L,3,E-Pharmacy,Monthly,2,3,Online/Social media,0.776,False,Other brand
CON01252,1-5 years,West,T1,30-34,50k-1L,5,Retail Chemist,Monthly,1,5,Pediatrician,0.735,False,DePURA Kids
CON01253,0-12 months,North,T3,30-34,25k-50k,2,Hospital Pharmacy,Monthly,4,5,Pediatrician,0.789,False,Other brand
CON01254,6-12 years,Central,T2,30-34,<25k,5,Retail Chemist,Monthly,2,4,Pediatrician,0.733,True,DePURA Kids
CON01255,0-12 months,South,T1,25-29,25k-50k,4,E-Pharmacy,Monthly,3,3,Online/Social media,0.823,True,Not currently buying
CON01256,1-5 years,South,T1,18-24,>1L,4,E-Pharmacy,Every 2-3 months,3,5,Pediatrician,0.695,False,Other brand
CON01257,1-5 years,West,T2,25-29,50k-1L,4,Pharmacy Chain,Occasionally,3,4,Pediatrician,0.44,False,Other brand
CON01258,0-12 months,South,T1,25-29,25k-50k,4,Retail Chemist,Monthly,2,4,Pediatrician,0.867,False,Other brand
CON01259,0-12 months,East,T2,30-34,50k-1L,4,E-Pharmacy,Monthly,3,4,Family/Friends,1.0,False,Other brand
CON01260,0-12 months,East,T3,18-24,>1L,3,Retail Chemist,Every 2-3 months,3,4,Online/Social media,0.625,False,Other brand
CON01261,6-12 years,South,T1,30-34,>1L,5,Retail Chemist,Monthly,3,5,Pediatrician,0.894,False,DePURA Kids
CON01262,0-12 months,Central,T3,25-29,25k-50k,4,Hospital Pharmacy,Monthly,4,3,Family/Friends,0.789,False,Other brand
CON01263,6-12 years,South,T2,18-24,25k-50k,3,Retail Chemist,One-time,2,3,Family/Friends,0.259,False,Not currently buying
CON01264,0-12 months,East,T3,35-39,<25k,5,Retail Chemist,Monthly,5,4,Pediatrician,0.84,False,Other brand
CON01265,0-12 months,North,T2,35-39,25k-50k,4,E-Pharmacy,Every 2-3 months,4,4,Online/Social media,0.619,False,Other brand
CON01266,0-12 months,West,T1,35-39,>1L,3,Quick Commerce,Monthly,2,2,Pharmacist,0.908,False,Other brand
CON01267,1-5 years,North,T1,25-29,50k-1L,5,Hospital Pharmacy,Monthly,4,4,Pediatrician,0.981,True,DePURA Kids
CON01268,1-5 years,East,T2,35-39,50k-1L,4,Retail Chemist,Every 2-3 months,4,3,Pediatrician,0.529,False,Not currently buying
CON01269,1-5 years,South,T2,30-34,25k-50k,3,E-Pharmacy,Every 2-3 months,2,5,Pediatrician,0.685,False,DePURA Kids
CON01270,0-12 months,North,T1,25-29,>1L,3,E-Pharmacy,Every 2-3 months,3,3,Family/Friends,0.603,True,Not currently buying
CON01271,1-5 years,East,T1,30-34,50k-1L,3,Retail Chemist,Every 2-3 months,4,4,Pediatrician,0.65,False,Other brand
CON01272,0-12 months,South,T1,35-39,>1L,5,Pharmacy Chain,Monthly,2,3,Pediatrician,0.76,False,Not currently buying
CON01273,0-12 months,East,T1,40+,>1L,5,Quick Commerce,Monthly,2,2,Pediatrician,0.884,True,Not currently buying
CON01274,0-12 months,East,T1,30-34,25k-50k,4,Quick Commerce,Monthly,3,4,Pediatrician,0.781,False,DePURA Kids
CON01275,1-5 years,North,T3,30-34,25k-50k,3,Retail Chemist,Monthly,4,4,Pediatrician,0.756,False,Other brand
CON01276,1-5 years,West,T1,30-34,>1L,5,Quick Commerce,Monthly,3,4,Pediatrician,0.778,False,Other brand
CON01277,0-12 months,West,T1,18-24,25k-50k,4,Hospital Pharmacy,Monthly,3,3,Gynecologist,0.761,False,Not currently buying
CON01278,6-12 years,South,T1,30-34,50k-1L,3,Hospital Pharmacy,Every 2-3 months,3,4,Pediatrician,0.575,False,Other brand
CON01279,0-12 months,South,T1,40+,<25k,3,Quick Commerce,Every 2-3 months,3,4,Pediatrician,0.698,False,DePURA Kids
CON01280,0-12 months,West,T3,25-29,<25k,4,Retail Chemist,Occasionally,4,3,Online/Social media,0.456,False,Other brand
CON01281,0-12 months,Central,T3,35-39,50k-1L,5,Retail Chemist,Monthly,3,4,Pediatrician,1.0,False,DePURA Kids
CON01282,0-12 months,West,T1,25-29,50k-1L,5,Quick Commerce,Monthly,1,2,Pediatrician,0.926,True,DePURA Kids
CON01283,0-12 months,West,T1,25-29,50k-1L,2,Hospital Pharmacy,Every 2-3 months,4,2,Pharmacist,0.571,True,Other brand
CON01284,0-12 months,South,T2,25-29,>1L,4,E-Pharmacy,Monthly,2,5,Pediatrician,0.774,False,DePURA Kids
CON01285,1-5 years,Central,T3,30-34,25k-50k,4,Quick Commerce,Occasionally,4,5,Pediatrician,0.468,False,Other brand
CON01286,6-12 years,South,T1,25-29,>1L,5,Pharmacy Chain,Monthly,2,4,Pediatrician,0.77,False,Other brand
CON01287,1-5 years,North,T2,30-34,25k-50k,3,Pharmacy Chain,Occasionally,3,4,Pediatrician,0.444,False,Other brand
CON01288,0-12 months,North,T3,25-29,<25k,3,Retail Chemist,Occasionally,4,5,Family/Friends,0.473,False,Other brand
CON01289,6-12 years,West,T1,30-34,25k-50k,1,Quick Commerce,Every 2-3 months,3,3,Gynecologist,0.57,False,Other brand
CON01290,0-12 months,North,T2,25-29,25k-50k,3,Retail Chemist,Every 2-3 months,2,2,Pharmacist,0.534,False,Other brand
CON01291,1-5 years,South,T1,25-29,50k-1L,3,Retail Chemist,One-time,3,4,Online/Social media,0.296,False,Not currently buying
CON01292,6-12 years,South,T1,25-29,50k-1L,3,Retail Chemist,Occasionally,4,3,Pediatrician,0.442,False,Other brand
CON01293,0-12 months,North,T2,18-24,50k-1L,2,Quick Commerce,Occasionally,4,1,Online/Social media,0.447,True,Other brand
CON01294,0-12 months,North,T1,35-39,25k-50k,4,Retail Chemist,Every 2-3 months,4,5,Pediatrician,0.669,False,Other brand
CON01295,0-12 months,South,T1,35-39,50k-1L,5,Retail Chemist,Every 2-3 months,4,2,Gynecologist,0.614,False,Other brand
CON01296,1-5 years,East,T2,40+,50k-1L,5,Pharmacy Chain,Monthly,3,5,Pediatrician,0.77,False,Not currently buying
CON01297,13-18 years,West,T1,35-39,>1L,3,Pharmacy Chain,Occasionally,3,4,Gynecologist,0.463,False,Other brand
CON01298,1-5 years,South,T1,35-39,25k-50k,4,Pharmacy Chain,Every 2-3 months,4,4,Pharmacist,0.581,False,Not currently buying
CON01299,1-5 years,North,T1,40+,50k-1L,5,Pharmacy Chain,Monthly,3,2,Pediatrician,0.733,True,Other brand
CON01300,6-12 years,Central,T3,25-29,<25k,4,Retail Chemist,Occasionally,,4,Family/Friends,0.409,False,Not currently buying
CON01301,0-12 months,Central,T3,30-34,50k-1L,4,Hospital Pharmacy,Every 2-3 months,3,2,Gynecologist,0.673,True,Other brand
CON01302,1-5 years,Central,T3,25-29,<25k,3,Hospital Pharmacy,Occasionally,5,4,Pediatrician,0.443,False,Other brand
CON01303,0-12 months,West,T3,30-34,<25k,4,Retail Chemist,Occasionally,4,4,Pediatrician,0.48,False,DePURA Kids
CON01304,1-5 years,West,T1,25-29,25k-50k,5,Retail Chemist,Occasionally,3,5,Pharmacist,0.496,False,DePURA Kids
CON01305,0-12 months,East,T1,30-34,>1L,5,Retail Chemist,Monthly,3,5,Pediatrician,0.986,False,DePURA Kids
CON01306,0-12 months,North,T1,30-34,50k-1L,3,Pharmacy Chain,Every 2-3 months,2,3,Pediatrician,0.683,False,Other brand
CON01307,0-12 months,West,T1,40+,<25k,3,E-Pharmacy,Monthly,,4,Pharmacist,0.759,False,Other brand
CON01308,1-5 years,West,T1,30-34,50k-1L,2,Retail Chemist,Every 2-3 months,4,4,Pediatrician,0.571,True,Other brand
CON01309,0-12 months,South,T2,30-34,<25k,4,Retail Chemist,Monthly,3,4,Pediatrician,0.851,True,DePURA Kids
CON01310,13-18 years,West,T2,40+,25k-50k,4,Pharmacy Chain,Every 2-3 months,4,5,Pediatrician,0.651,False,Other brand
CON01311,1-5 years,North,T1,25-29,50k-1L,4,Pharmacy Chain,Every 2-3 months,2,2,Pediatrician,0.663,True,Other brand
CON01312,6-12 years,North,T2,30-34,>1L,4,E-Pharmacy,Monthly,4,5,Pediatrician,0.777,False,DePURA Kids
CON01313,0-12 months,North,T2,40+,50k-1L,3,Retail Chemist,Every 2-3 months,3,4,Online/Social media,0.511,False,Other brand
CON01314,0-12 months,South,T1,30-34,50k-1L,4,Hospital Pharmacy,Monthly,2,4,Pediatrician,1.0,True,Other brand
CON01315,6-12 years,Central,T2,40+,<25k,3,Quick Commerce,Occasionally,4,3,Gynecologist,0.417,True,Other brand
CON01316,1-5 years,North,T3,30-34,<25k,3,Retail Chemist,Every 2-3 months,4,5,Online/Social media,0.613,False,Other brand
CON01317,0-12 months,North,T3,25-29,<25k,3,E-Pharmacy,Monthly,2,3,Pediatrician,0.77,False,Other brand
CON01318,1-5 years,East,T3,25-29,<25k,4,Retail Chemist,Occasionally,5,4,Pharmacist,0.393,False,Other brand
CON01319,0-12 months,South,T1,18-24,25k-50k,4,Retail Chemist,Occasionally,3,2,Pharmacist,0.47,False,Other brand
CON01320,6-12 years,East,T1,35-39,50k-1L,2,Retail Chemist,Occasionally,5,4,Online/Social media,0.371,False,Other brand
CON01321,0-12 months,North,T3,25-29,50k-1L,3,Quick Commerce,Every 2-3 months,2,3,Online/Social media,0.658,True,Other brand
CON01322,1-5 years,West,T3,18-24,<25k,3,Retail Chemist,Every 2-3 months,4,3,Online/Social media,0.566,False,Other brand
CON01323,0-12 months,North,T3,30-34,<25k,4,Retail Chemist,Every 2-3 months,5,4,Pediatrician,0.618,False,Other brand
CON01324,0-12 months,North,T2,30-34,50k-1L,4,Retail Chemist,Monthly,,4,Pediatrician,0.793,False,Other brand
CON01325,0-12 months,West,T2,18-24,25k-50k,3,Retail Chemist,Monthly,4,4,Pediatrician,0.873,False,Other brand
CON01326,6-12 years,North,T1,35-39,50k-1L,3,Retail Chemist,Every 2-3 months,2,5,Family/Friends,0.587,False,Other brand
CON01327,0-12 months,East,T1,25-29,>1L,3,E-Pharmacy,Every 2-3 months,2,3,Pediatrician,0.557,False,Other brand
CON01328,1-5 years,West,T1,30-34,50k-1L,5,Retail Chemist,Occasionally,3,3,Pediatrician,0.495,False,Other brand
CON01329,1-5 years,North,T2,30-34,25k-50k,4,Retail Chemist,Occasionally,4,2,Pediatrician,0.36,False,Not currently buying
CON01330,6-12 years,West,T3,30-34,25k-50k,4,E-Pharmacy,Occasionally,4,4,Family/Friends,0.468,False,Other brand
CON01331,0-12 months,East,T1,25-29,50k-1L,5,Quick Commerce,Monthly,3,4,Pediatrician,0.866,False,Other brand
CON01332,0-12 months,East,T2,18-24,25k-50k,3,Retail Chemist,Monthly,5,1,Pediatrician,1.0,True,Other brand
CON01333,0-12 months,North,T1,25-29,>1L,3,E-Pharmacy,Monthly,2,4,Pediatrician,1.0,False,Other brand
CON01334,1-5 years,East,T2,35-39,25k-50k,4,Retail Chemist,Monthly,5,3,Pediatrician,0.706,False,Other brand
CON01335,6-12 years,West,T1,40+,25k-50k,2,E-Pharmacy,Monthly,3,3,Pharmacist,0.739,False,Other brand
CON01336,6-12 years,South,T1,35-39,50k-1L,3,E-Pharmacy,Every 2-3 months,2,2,Pharmacist,0.5,False,Other brand
CON01337,0-12 months,South,T1,35-39,25k-50k,5,E-Pharmacy,Monthly,2,5,Pediatrician,1.0,False,Other brand
CON01338,0-12 months,East,T3,30-34,50k-1L,5,Quick Commerce,Monthly,3,4,Pediatrician,0.736,False,Other brand
CON01339,0-12 months,West,T1,40+,<25k,4,Pharmacy Chain,Every 2-3 months,4,3,Pediatrician,0.596,False,Not currently buying
CON01340,1-5 years,South,T1,35-39,25k-50k,4,E-Pharmacy,Occasionally,5,4,Gynecologist,0.416,False,DePURA Kids
CON01341,0-12 months,South,T1,35-39,25k-50k,3,Pharmacy Chain,Every 2-3 months,3,5,Online/Social media,0.656,False,Not currently buying
CON01342,0-12 months,West,T1,25-29,50k-1L,3,Pharmacy Chain,Monthly,4,3,Pediatrician,0.792,True,Other brand
CON01343,13-18 years,South,T2,35-39,<25k,3,E-Pharmacy,Monthly,2,4,Online/Social media,0.987,False,Other brand
CON01344,1-5 years,East,T3,25-29,50k-1L,4,Retail Chemist,Occasionally,3,3,Pharmacist,0.446,False,Other brand
CON01345,13-18 years,Central,T3,25-29,<25k,3,Retail Chemist,Occasionally,4,3,Online/Social media,0.491,False,Other brand
CON01346,6-12 years,South,T2,18-24,25k-50k,3,E-Pharmacy,Occasionally,4,3,Online/Social media,0.408,False,Other brand
CON01347,0-12 months,South,T1,25-29,>1L,4,Retail Chemist,Every 2-3 months,3,5,Family/Friends,0.571,False,Other brand
CON01348,0-12 months,South,T1,25-29,>1L,2,E-Pharmacy,Monthly,4,3,Gynecologist,0.813,False,Other brand
CON01349,1-5 years,South,T1,40+,>1L,5,E-Pharmacy,Every 2-3 months,3,5,Pediatrician,0.682,False,DePURA Kids
CON01350,0-12 months,South,T1,35-39,50k-1L,3,Retail Chemist,Occasionally,3,5,Gynecologist,0.414,False,Not currently buying
CON01351,13-18 years,North,T1,30-34,>1L,1,Retail Chemist,Occasionally,3,3,Online/Social media,0.486,True,Other brand
CON01352,0-12 months,North,T2,30-34,<25k,2,Retail Chemist,Every 2-3 months,5,5,Pediatrician,0.67,False,Other brand
CON01353,0-12 months,West,T1,25-29,50k-1L,3,Quick Commerce,Monthly,2,4,Pediatrician,0.833,False,DePURA Kids
CON01354,6-12 years,South,T1,35-39,50k-1L,3,Retail Chemist,Occasionally,3,4,Online/Social media,0.404,True,Not currently buying
CON01355,1-5 years,North,T1,35-39,25k-50k,5,Quick Commerce,Occasionally,5,5,Pharmacist,0.394,False,DePURA Kids
CON01356,1-5 years,North,T1,25-29,50k-1L,4,Pharmacy Chain,One-time,3,5,Pediatrician,0.236,False,Not currently buying
CON01357,6-12 years,North,T2,25-29,<25k,2,Retail Chemist,Occasionally,3,4,Pediatrician,0.388,False,Other brand
CON01358,0-12 months,East,T1,25-29,25k-50k,4,Retail Chemist,Monthly,3,4,Pediatrician,0.832,False,DePURA Kids
CON01359,0-12 months,East,T1,35-39,25k-50k,5,Retail Chemist,Occasionally,4,3,Family/Friends,0.446,False,Other brand
CON01360,0-12 months,West,T1,30-34,>1L,3,Pharmacy Chain,Monthly,2,3,Pediatrician,0.753,True,Other brand
CON01361,6-12 years,South,T1,40+,>1L,5,Retail Chemist,Every 2-3 months,3,3,Pharmacist,0.543,True,Other brand
CON01362,0-12 months,South,T1,25-29,>1L,2,Retail Chemist,Every 2-3 months,3,4,Gynecologist,0.622,False,Not currently buying
CON01363,0-12 months,North,T1,30-34,<25k,3,Pharmacy Chain,Occasionally,4,3,Pharmacist,0.465,True,Not currently buying
CON01364,0-12 months,West,T1,30-34,50k-1L,4,E-Pharmacy,Monthly,4,3,Pediatrician,0.83,True,Other brand
CON01365,1-5 years,North,T2,25-29,25k-50k,5,E-Pharmacy,Monthly,4,5,Pediatrician,0.735,False,DePURA Kids
CON01366,0-12 months,West,T1,35-39,>1L,3,Retail Chemist,Monthly,3,4,Pediatrician,0.927,False,DePURA Kids
CON01367,0-12 months,North,T3,40+,50k-1L,4,Hospital Pharmacy,Monthly,4,4,Pediatrician,0.928,False,Other brand
CON01368,1-5 years,North,T1,35-39,50k-1L,4,Hospital Pharmacy,Every 2-3 months,2,2,Pediatrician,0.627,True,Other brand
CON01369,0-12 months,East,T2,40+,50k-1L,5,Retail Chemist,Every 2-3 months,5,4,Pharmacist,0.583,False,DePURA Kids
CON01370,0-12 months,Central,T2,40+,25k-50k,4,Retail Chemist,Monthly,3,4,Pediatrician,0.895,False,DePURA Kids
CON01371,0-12 months,North,T2,25-29,50k-1L,4,Quick Commerce,Occasionally,3,4,Pediatrician,0.401,True,DePURA Kids
CON01372,1-5 years,North,T2,25-29,<25k,4,Pharmacy Chain,Occasionally,4,4,Pediatrician,0.482,False,Other brand
CON01373,1-5 years,North,T1,30-34,50k-1L,4,Quick Commerce,Every 2-3 months,3,5,Pediatrician,0.544,False,Other brand
CON01374,6-12 years,West,T1,30-34,<25k,3,Retail Chemist,Occasionally,5,3,Gynecologist,0.422,False,Other brand
CON01375,0-12 months,North,T1,30-34,25k-50k,5,E-Pharmacy,Monthly,2,3,Family/Friends,0.915,False,DePURA Kids
CON01376,13-18 years,North,T3,35-39,<25k,2,Retail Chemist,Monthly,5,4,Family/Friends,0.738,False,Other brand
CON01377,0-12 months,West,T1,18-24,50k-1L,3,Retail Chemist,One-time,4,3,Gynecologist,0.278,False,Other brand
CON01378,0-12 months,South,T3,40+,<25k,2,Hospital Pharmacy,Every 2-3 months,3,3,Gynecologist,0.578,False,Other brand
CON01379,6-12 years,South,T2,25-29,25k-50k,2,E-Pharmacy,Every 2-3 months,4,5,Online/Social media,0.579,False,Other brand
CON01380,6-12 years,North,T1,25-29,50k-1L,5,Quick Commerce,Every 2-3 months,4,4,Family/Friends,0.605,True,DePURA Kids
CON01381,6-12 years,North,T3,25-29,<25k,3,Retail Chemist,Monthly,4,5,Pediatrician,0.804,False,DePURA Kids
CON01382,0-12 months,North,T2,30-34,50k-1L,5,Quick Commerce,Monthly,3,3,Pediatrician,0.784,False,Not currently buying
CON01383,0-12 months,West,T1,30-34,>1L,5,Retail Chemist,Every 2-3 months,3,4,Pediatrician,0.696,False,DePURA Kids
CON01384,6-12 years,North,T2,40+,25k-50k,5,Retail Chemist,Occasionally,4,3,Pediatrician,0.324,True,DePURA Kids
CON01385,0-12 months,North,T2,30-34,25k-50k,3,Retail Chemist,Monthly,4,3,Pediatrician,0.907,False,DePURA Kids
CON01386,6-12 years,East,T2,25-29,<25k,5,E-Pharmacy,Monthly,3,5,Pediatrician,0.755,False,DePURA Kids
CON01387,0-12 months,South,T1,25-29,50k-1L,4,Quick Commerce,Every 2-3 months,3,3,Gynecologist,0.62,False,Other brand
CON01388,6-12 years,East,T1,35-39,>1L,5,Pharmacy Chain,Every 2-3 months,3,3,Pediatrician,0.661,True,DePURA Kids
CON01389,0-12 months,Central,T3,25-29,25k-50k,4,Retail Chemist,Monthly,2,5,Online/Social media,0.807,False,Not currently buying
CON01390,1-5 years,South,T2,25-29,<25k,5,E-Pharmacy,Monthly,4,4,Pediatrician,0.765,False,Other brand
CON01391,0-12 months,West,T1,35-39,50k-1L,5,Retail Chemist,Every 2-3 months,4,3,Pediatrician,0.605,False,Other brand
CON01392,0-12 months,North,T2,18-24,>1L,2,Quick Commerce,Every 2-3 months,2,4,Online/Social media,0.685,False,Other brand
CON01393,0-12 months,Central,T3,30-34,50k-1L,4,Retail Chemist,Every 2-3 months,4,4,Online/Social media,0.536,False,Other brand
CON01394,1-5 years,East,T3,25-29,25k-50k,4,Retail Chemist,Every 2-3 months,3,2,Pharmacist,0.594,False,Not currently buying
CON01395,0-12 months,South,T2,30-34,25k-50k,4,Hospital Pharmacy,Monthly,3,4,Pediatrician,0.985,False,Not currently buying
CON01396,0-12 months,North,T2,40+,50k-1L,3,Hospital Pharmacy,Monthly,3,4,Family/Friends,0.762,True,Other brand
CON01397,6-12 years,East,T3,30-34,25k-50k,3,Retail Chemist,Occasionally,4,5,Family/Friends,0.3,False,Other brand
CON01398,0-12 months,Central,T2,25-29,50k-1L,5,Pharmacy Chain,Monthly,2,4,Pediatrician,0.925,False,DePURA Kids
CON01399,0-12 months,West,T1,30-34,>1L,4,Retail Chemist,Every 2-3 months,1,3,Family/Friends,0.678,False,DePURA Kids
CON01400,0-12 months,West,T1,25-29,50k-1L,3,E-Pharmacy,Every 2-3 months,4,4,Gynecologist,0.599,False,Not currently buying
CON01401,1-5 years,South,T1,30-34,>1L,4,Retail Chemist,Monthly,2,4,Pediatrician,0.714,False,Other brand
CON01402,1-5 years,South,T1,25-29,25k-50k,3,Quick Commerce,Monthly,3,4,Online/Social media,0.776,False,Not currently buying
CON01403,1-5 years,South,T2,40+,<25k,4,Quick Commerce,Every 2-3 months,3,4,Pediatrician,0.557,False,Not currently buying
CON01404,13-18 years,East,T2,25-29,>1L,3,Quick Commerce,Every 2-3 months,3,4,Pediatrician,0.579,False,Other brand
CON01405,1-5 years,South,T2,25-29,50k-1L,5,Retail Chemist,Every 2-3 months,4,4,Pediatrician,0.61,False,DePURA Kids
CON01406,1-5 years,North,T3,25-29,25k-50k,2,E-Pharmacy,Every 2-3 months,4,1,Online/Social media,0.641,True,Other brand
CON01407,0-12 months,North,T2,25-29,25k-50k,4,Retail Chemist,Monthly,4,5,Pediatrician,0.8,False,Other brand
CON01408,0-12 months,Central,T3,18-24,<25k,3,Retail Chemist,Monthly,4,5,Pediatrician,0.746,False,Other brand
CON01409,13-18 years,North,T2,30-34,50k-1L,4,Retail Chemist,Every 2-3 months,3,4,Family/Friends,0.586,False,Other brand
CON01410,0-12 months,South,T1,30-34,50k-1L,3,Pharmacy Chain,Every 2-3 months,2,4,Pediatrician,0.678,False,DePURA Kids
CON01411,0-12 months,North,T2,30-34,25k-50k,5,E-Pharmacy,Every 2-3 months,4,4,Pediatrician,0.531,True,Other brand
CON01412,6-12 years,North,T2,40+,25k-50k,1,Retail Chemist,Every 2-3 months,4,3,Family/Friends,0.573,False,Other brand
CON01413,0-12 months,North,T1,25-29,25k-50k,3,Retail Chemist,Monthly,4,5,Pediatrician,0.818,False,Other brand
CON01414,13-18 years,South,T2,25-29,25k-50k,5,Retail Chemist,Occasionally,2,4,Online/Social media,0.379,False,Not currently buying
CON01415,0-12 months,South,T1,30-34,>1L,3,Quick Commerce,Monthly,2,4,Pediatrician,0.791,True,Not currently buying
CON01416,0-12 months,West,T1,25-29,50k-1L,3,Hospital Pharmacy,Monthly,3,4,Gynecologist,0.782,False,Not currently buying
CON01417,1-5 years,West,T2,30-34,50k-1L,4,E-Pharmacy,Every 2-3 months,3,3,Pediatrician,0.69,False,Other brand
CON01418,6-12 years,North,T2,25-29,25k-50k,4,Hospital Pharmacy,Occasionally,3,4,Pharmacist,0.331,False,Not currently buying
CON01419,0-12 months,East,T1,30-34,25k-50k,5,Retail Chemist,Monthly,5,2,Pediatrician,0.989,True,DePURA Kids
CON01420,0-12 months,West,T1,35-39,50k-1L,4,Retail Chemist,Every 2-3 months,1,3,Gynecologist,0.683,False,Not currently buying
CON01421,6-12 years,North,T1,30-34,50k-1L,3,Pharmacy Chain,Occasionally,4,3,Online/Social media,0.48,False,Other brand
CON01422,1-5 years,West,T1,35-39,50k-1L,4,Pharmacy Chain,Every 2-3 months,4,5,Pediatrician,0.659,False,Other brand
CON01423,0-12 months,North,T2,30-34,50k-1L,4,Pharmacy Chain,Every 2-3 months,4,4,Pediatrician,0.655,False,Other brand
CON01424,1-5 years,West,T1,25-29,50k-1L,2,Retail Chemist,Occasionally,4,3,Online/Social media,0.424,True,Other brand
CON01425,6-12 years,East,T1,35-39,50k-1L,5,Retail Chemist,Every 2-3 months,3,4,Pediatrician,0.621,True,DePURA Kids
CON01426,6-12 years,South,T2,30-34,>1L,3,Retail Chemist,Every 2-3 months,2,3,Pediatrician,0.656,False,Not currently buying
CON01427,1-5 years,North,T2,40+,25k-50k,3,E-Pharmacy,Occasionally,4,4,Family/Friends,0.41,False,Other brand
CON01428,0-12 months,West,T1,25-29,>1L,4,E-Pharmacy,Monthly,2,5,Pediatrician,1.0,False,DePURA Kids
CON01429,6-12 years,West,T1,18-24,50k-1L,4,Quick Commerce,Every 2-3 months,3,3,Online/Social media,0.519,True,Other brand
CON01430,0-12 months,North,T2,40+,25k-50k,2,Retail Chemist,Every 2-3 months,4,5,Pharmacist,0.51,False,Other brand
CON01431,1-5 years,West,T1,25-29,25k-50k,3,Retail Chemist,Every 2-3 months,3,5,Pediatrician,0.623,False,Other brand
CON01432,0-12 months,West,T1,25-29,>1L,3,Pharmacy Chain,Every 2-3 months,3,3,Online/Social media,0.645,True,Not currently buying
CON01433,0-12 months,North,T3,30-34,25k-50k,2,E-Pharmacy,Every 2-3 months,3,3,Gynecologist,0.698,False,Other brand
CON01434,6-12 years,West,T1,40+,50k-1L,5,Pharmacy Chain,Occasionally,1,4,Pediatrician,0.46,False,DePURA Kids
CON01435,0-12 months,West,T1,30-34,>1L,5,E-Pharmacy,Monthly,2,4,Pediatrician,0.858,False,DePURA Kids
CON01436,0-12 months,East,T1,35-39,>1L,2,Retail Chemist,Every 2-3 months,3,1,Family/Friends,0.632,False,Other brand
CON01437,1-5 years,South,T1,30-34,>1L,5,Retail Chemist,Every 2-3 months,2,3,Pediatrician,0.643,False,DePURA Kids
CON01438,1-5 years,North,T1,25-29,25k-50k,3,Retail Chemist,Monthly,2,4,Pediatrician,0.835,False,Other brand
CON01439,1-5 years,Central,T2,35-39,25k-50k,3,Retail Chemist,Occasionally,5,4,Pediatrician,0.447,False,Other brand
CON01440,6-12 years,North,T2,30-34,<25k,3,Pharmacy Chain,Occasionally,2,2,Family/Friends,0.365,True,Not currently buying
CON01441,1-5 years,North,T1,30-34,50k-1L,5,Retail Chemist,Monthly,4,3,Pediatrician,0.834,True,DePURA Kids
CON01442,1-5 years,Central,T3,18-24,25k-50k,5,Retail Chemist,Every 2-3 months,4,4,Pediatrician,0.689,True,Other brand
CON01443,6-12 years,North,T2,25-29,50k-1L,5,Hospital Pharmacy,Monthly,3,3,Pediatrician,0.864,False,Other brand
CON01444,1-5 years,South,T1,25-29,25k-50k,5,Pharmacy Chain,Occasionally,3,4,Online/Social media,0.48,False,DePURA Kids
CON01445,0-12 months,North,T3,30-34,25k-50k,3,Retail Chemist,Every 2-3 months,5,3,Gynecologist,0.632,False,Not currently buying
CON01446,13-18 years,North,T2,25-29,<25k,3,Retail Chemist,Every 2-3 months,3,2,Online/Social media,0.608,True,Other brand
CON01447,1-5 years,South,T1,25-29,>1L,3,E-Pharmacy,Every 2-3 months,2,5,Pediatrician,0.641,False,Other brand
CON01448,0-12 months,South,T1,40+,25k-50k,5,Retail Chemist,Every 2-3 months,4,3,Pediatrician,0.657,False,DePURA Kids
CON01449,0-12 months,East,T1,30-34,>1L,5,Pharmacy Chain,Monthly,2,3,Pediatrician,0.715,True,Other brand
CON01450,0-12 months,North,T2,35-39,25k-50k,3,Retail Chemist,Every 2-3 months,5,4,Pediatrician,0.622,True,Other brand
CON01451,0-12 months,East,T2,40+,50k-1L,4,Retail Chemist,Every 2-3 months,3,4,Pediatrician,0.686,False,DePURA Kids
CON01452,1-5 years,West,T1,30-34,>1L,4,Quick Commerce,Every 2-3 months,2,2,Family/Friends,0.68,True,Not currently buying
CON01453,0-12 months,East,T2,25-29,>1L,2,Quick Commerce,Monthly,1,5,Pediatrician,0.853,False,Other brand
CON01454,0-12 months,North,T2,25-29,>1L,4,Retail Chemist,Every 2-3 months,3,4,Gynecologist,0.557,False,Other brand
CON01455,0-12 months,East,T3,25-29,50k-1L,4,Retail Chemist,Every 2-3 months,2,3,Online/Social media,0.519,False,DePURA Kids
CON01456,13-18 years,East,T2,30-34,25k-50k,3,Quick Commerce,Monthly,4,3,Pediatrician,0.849,True,Not currently buying
CON01457,1-5 years,West,T1,18-24,>1L,4,Pharmacy Chain,Every 2-3 months,2,3,Pediatrician,0.536,True,Other brand
CON01458,0-12 months,North,T2,35-39,25k-50k,4,Retail Chemist,Monthly,4,4,Pediatrician,0.731,False,Other brand
CON01459,0-12 months,South,T1,25-29,50k-1L,4,Quick Commerce,Every 2-3 months,4,3,Pediatrician,0.587,True,Other brand
CON01460,0-12 months,North,T2,40+,>1L,5,Pharmacy Chain,Monthly,3,5,Pediatrician,1.0,False,DePURA Kids
CON01461,1-5 years,West,T1,35-39,<25k,5,Hospital Pharmacy,Monthly,5,2,Pediatrician,0.835,True,Other brand
CON01462,0-12 months,East,T2,30-34,50k-1L,4,Retail Chemist,Monthly,2,5,Pediatrician,0.743,False,DePURA Kids
CON01463,0-12 months,South,T1,30-34,>1L,4,Pharmacy Chain,Every 2-3 months,3,5,Pediatrician,0.672,False,Other brand
CON01464,6-12 years,South,T2,35-39,50k-1L,3,Retail Chemist,Occasionally,2,3,Family/Friends,0.408,False,Other brand
CON01465,0-12 months,East,T1,25-29,50k-1L,4,Pharmacy Chain,Monthly,3,4,Pediatrician,0.868,False,Other brand
CON01466,6-12 years,South,T1,18-24,50k-1L,4,E-Pharmacy,Monthly,4,4,Pediatrician,0.752,False,Other brand
CON01467,0-12 months,South,T1,30-34,>1L,4,E-Pharmacy,Monthly,3,5,Pediatrician,0.781,False,DePURA Kids
CON01468,0-12 months,South,T2,35-39,25k-50k,4,Retail Chemist,Every 2-3 months,3,3,Pediatrician,0.526,False,DePURA Kids
CON01469,0-12 months,West,T2,25-29,50k-1L,3,Retail Chemist,Monthly,2,5,Pediatrician,0.852,False,Not currently buying
CON01470,0-12 months,North,T2,30-34,25k-50k,4,E-Pharmacy,Monthly,2,3,Pediatrician,0.851,True,Other brand
CON01471,13-18 years,South,T1,30-34,50k-1L,3,Retail Chemist,Occasionally,2,4,Pediatrician,0.469,False,Other brand
CON01472,0-12 months,South,T2,35-39,<25k,2,E-Pharmacy,Monthly,4,4,Pediatrician,1.0,False,Not currently buying
CON01473,1-5 years,North,T2,35-39,25k-50k,4,Retail Chemist,Occasionally,4,3,Online/Social media,0.338,False,Other brand
CON01474,0-12 months,North,T3,30-34,50k-1L,3,Retail Chemist,Every 2-3 months,2,3,Pediatrician,0.695,False,Other brand
CON01475,1-5 years,East,T3,18-24,25k-50k,4,Quick Commerce,Monthly,5,4,Pediatrician,0.852,False,Not currently buying
CON01476,0-12 months,North,T2,30-34,>1L,3,Retail Chemist,Every 2-3 months,3,4,Pharmacist,0.645,False,Other brand
CON01477,6-12 years,Central,T3,25-29,<25k,3,Retail Chemist,One-time,,3,Pharmacist,0.285,True,Not currently buying
CON01478,1-5 years,South,T2,25-29,<25k,5,Retail Chemist,Monthly,3,5,Pediatrician,0.706,False,DePURA Kids
CON01479,6-12 years,North,T2,18-24,50k-1L,2,E-Pharmacy,Monthly,3,5,Pediatrician,0.899,False,Other brand
CON01480,0-12 months,Central,T3,25-29,25k-50k,3,Retail Chemist,Every 2-3 months,4,4,Family/Friends,0.679,False,Other brand
CON01481,0-12 months,South,T1,35-39,50k-1L,3,Retail Chemist,Occasionally,2,3,Pediatrician,0.496,False,Other brand
CON01482,13-18 years,North,T1,25-29,50k-1L,3,Retail Chemist,Occasionally,4,5,Pharmacist,0.353,False,Not currently buying
CON01483,6-12 years,West,T1,30-34,50k-1L,3,Retail Chemist,Every 2-3 months,4,4,Family/Friends,0.529,False,Other brand
CON01484,0-12 months,West,T3,30-34,>1L,4,Retail Chemist,Monthly,,3,Pediatrician,0.78,False,Not currently buying
CON01485,1-5 years,Central,T3,35-39,<25k,2,Quick Commerce,Every 2-3 months,4,4,Pharmacist,0.542,False,Other brand
CON01486,6-12 years,North,T1,18-24,50k-1L,4,Quick Commerce,Monthly,3,4,Pediatrician,0.807,False,DePURA Kids
CON01487,6-12 years,East,T3,30-34,<25k,5,Hospital Pharmacy,Every 2-3 months,4,4,Pediatrician,0.644,False,Not currently buying
CON01488,0-12 months,East,T1,30-34,25k-50k,5,Pharmacy Chain,Monthly,2,3,Family/Friends,0.79,False,Other brand
CON01489,0-12 months,East,T1,30-34,50k-1L,3,Pharmacy Chain,Monthly,2,3,Online/Social media,0.753,True,Other brand
CON01490,1-5 years,Central,T2,40+,25k-50k,4,E-Pharmacy,Occasionally,4,3,Pharmacist,0.438,True,Other brand
CON01491,6-12 years,South,T1,40+,25k-50k,2,Retail Chemist,Every 2-3 months,3,2,Pharmacist,0.525,False,Other brand
CON01492,1-5 years,South,T2,40+,50k-1L,5,E-Pharmacy,Every 2-3 months,3,5,Pediatrician,0.66,False,DePURA Kids
CON01493,0-12 months,East,T2,30-34,>1L,4,Quick Commerce,Every 2-3 months,3,5,Pediatrician,0.545,False,Other brand
CON01494,1-5 years,South,T2,35-39,50k-1L,5,E-Pharmacy,Every 2-3 months,3,3,Pediatrician,0.527,False,Other brand
CON01495,1-5 years,North,T2,30-34,25k-50k,5,Retail Chemist,Every 2-3 months,4,4,Pediatrician,0.604,False,DePURA Kids
CON01496,0-12 months,North,T2,30-34,25k-50k,4,E-Pharmacy,Monthly,4,4,Pediatrician,0.745,False,Other brand
CON01497,0-12 months,Central,T2,25-29,25k-50k,5,Pharmacy Chain,Monthly,3,5,Pediatrician,0.761,False,Not currently buying
CON01498,6-12 years,South,T1,30-34,50k-1L,4,Pharmacy Chain,Every 2-3 months,3,5,Pediatrician,0.514,False,DePURA Kids
CON01499,6-12 years,South,T2,30-34,25k-50k,4,E-Pharmacy,Monthly,4,5,Pediatrician,0.881,False,Other brand
CON01500,6-12 years,North,T1,30-34,25k-50k,4,Retail Chemist,Occasionally,3,5,Pediatrician,0.459,False,DePURA Kids
CON01501,1-5 years,West,T1,25-29,50k-1L,3,Quick Commerce,Every 2-3 months,3,3,Pediatrician,0.537,True,Not currently buying
CON01502,1-5 years,West,T1,30-34,>1L,3,Pharmacy Chain,Monthly,3,5,Pediatrician,0.733,False,Not currently buying
CON01503,1-5 years,South,T1,25-29,25k-50k,3,Retail Chemist,Every 2-3 months,4,5,Pediatrician,0.698,False,DePURA Kids
CON01504,0-12 months,Central,T3,35-39,<25k,3,Retail Chemist,Monthly,2,5,Pediatrician,0.818,False,Not currently buying
CON01505,0-12 months,South,T2,35-39,50k-1L,3,Pharmacy Chain,Every 2-3 months,3,5,Pharmacist,0.665,False,Not currently buying
CON01506,6-12 years,South,T1,25-29,<25k,1,Quick Commerce,Monthly,4,4,Online/Social media,0.706,False,Other brand
CON01507,0-12 months,West,T3,35-39,<25k,4,Retail Chemist,Monthly,5,2,Pediatrician,0.751,True,Not currently buying
CON01508,6-12 years,North,T2,18-24,25k-50k,3,Quick Commerce,Occasionally,4,5,Pediatrician,0.482,False,Not currently buying
CON01509,0-12 months,South,T1,35-39,50k-1L,5,E-Pharmacy,Every 2-3 months,4,3,Gynecologist,0.617,False,Not currently buying
CON01510,6-12 years,North,T2,40+,50k-1L,3,Retail Chemist,Occasionally,3,4,Online/Social media,0.378,False,Other brand
CON01511,0-12 months,South,T1,25-29,25k-50k,3,Retail Chemist,Monthly,3,2,Pharmacist,0.725,True,Other brand
CON01512,1-5 years,North,T2,25-29,50k-1L,3,Retail Chemist,Every 2-3 months,2,3,Pediatrician,0.68,False,Other brand
CON01513,0-12 months,North,T2,35-39,<25k,3,E-Pharmacy,Occasionally,4,2,Pharmacist,0.415,True,Other brand
CON01514,0-12 months,West,T1,40+,50k-1L,4,Pharmacy Chain,Every 2-3 months,4,2,Pharmacist,0.612,True,Other brand
CON01515,1-5 years,Central,T2,30-34,25k-50k,3,Hospital Pharmacy,Monthly,3,2,Family/Friends,0.828,False,DePURA Kids
CON01516,1-5 years,East,T3,25-29,<25k,5,Retail Chemist,Monthly,5,3,Pediatrician,0.728,False,Other brand
CON01517,1-5 years,South,T1,30-34,50k-1L,5,Pharmacy Chain,Monthly,,4,Pediatrician,0.762,True,Other brand
CON01518,1-5 years,West,T1,25-29,25k-50k,4,Pharmacy Chain,Every 2-3 months,4,5,Pediatrician,0.613,False,Not currently buying
CON01519,1-5 years,South,T2,25-29,50k-1L,3,Hospital Pharmacy,Every 2-3 months,3,4,Pharmacist,0.518,False,Other brand
CON01520,0-12 months,North,T2,30-34,25k-50k,4,E-Pharmacy,Every 2-3 months,3,4,Pediatrician,0.603,False,Other brand
CON01521,6-12 years,North,T1,18-24,>1L,5,E-Pharmacy,Every 2-3 months,2,4,Pediatrician,0.629,False,Not currently buying
CON01522,0-12 months,North,T3,30-34,25k-50k,1,Retail Chemist,Occasionally,3,3,Pharmacist,0.39,False,Other brand
CON01523,0-12 months,Central,T2,40+,50k-1L,5,Pharmacy Chain,Monthly,3,4,Pediatrician,0.786,False,DePURA Kids
CON01524,0-12 months,South,T1,35-39,>1L,5,Retail Chemist,Monthly,2,2,Pediatrician,0.894,False,Not currently buying
CON01525,0-12 months,South,T2,35-39,<25k,5,Retail Chemist,Every 2-3 months,5,3,Pediatrician,0.563,False,Other brand
CON01526,0-12 months,South,T1,25-29,>1L,3,Retail Chemist,Monthly,,4,Pediatrician,0.751,False,Not currently buying
CON01527,0-12 months,North,T2,25-29,25k-50k,5,Hospital Pharmacy,Monthly,,3,Pediatrician,0.722,True,Other brand
CON01528,6-12 years,South,T1,30-34,25k-50k,4,Retail Chemist,Monthly,3,5,Pediatrician,0.797,False,Other brand
CON01529,0-12 months,North,T1,35-39,50k-1L,4,Retail Chemist,Every 2-3 months,2,5,Pediatrician,0.67,False,Other brand
CON01530,1-5 years,South,T1,30-34,50k-1L,3,Retail Chemist,Monthly,2,4,Gynecologist,0.794,False,Not currently buying
CON01531,1-5 years,Central,T2,30-34,25k-50k,3,Retail Chemist,Monthly,4,3,Pharmacist,0.706,True,Other brand
CON01532,0-12 months,Central,T2,18-24,>1L,4,Pharmacy Chain,Monthly,3,4,Pharmacist,0.762,False,Other brand
CON01533,0-12 months,South,T2,35-39,50k-1L,4,E-Pharmacy,Monthly,3,3,Pediatrician,0.809,True,DePURA Kids
CON01534,6-12 years,North,T1,35-39,25k-50k,2,Pharmacy Chain,Occasionally,3,4,Pediatrician,0.419,False,Other brand
CON01535,0-12 months,West,T1,30-34,25k-50k,4,Pharmacy Chain,Monthly,3,4,Pharmacist,0.704,True,Not currently buying
CON01536,1-5 years,East,T3,25-29,25k-50k,3,Retail Chemist,Every 2-3 months,4,4,Pediatrician,0.574,False,Other brand
CON01537,0-12 months,North,T1,35-39,<25k,4,E-Pharmacy,Every 2-3 months,3,3,Pharmacist,0.576,True,Not currently buying
CON01538,0-12 months,East,T1,35-39,25k-50k,4,E-Pharmacy,Every 2-3 months,4,5,Family/Friends,0.565,False,DePURA Kids
CON01539,1-5 years,South,T1,25-29,50k-1L,3,Pharmacy Chain,Every 2-3 months,4,3,Pharmacist,0.592,False,Other brand
CON01540,6-12 years,East,T3,35-39,50k-1L,4,Retail Chemist,Occasionally,3,4,Gynecologist,0.498,False,DePURA Kids
CON01541,0-12 months,North,T1,25-29,>1L,5,Retail Chemist,Every 2-3 months,3,4,Online/Social media,0.522,False,DePURA Kids
CON01542,0-12 months,South,T2,18-24,25k-50k,4,Retail Chemist,Monthly,3,1,Family/Friends,0.893,False,Not currently buying
CON01543,0-12 months,Central,T2,30-34,50k-1L,3,Pharmacy Chain,Monthly,3,4,Family/Friends,0.84,False,Other brand
CON01544,6-12 years,North,T3,18-24,<25k,3,Retail Chemist,Every 2-3 months,5,4,Pediatrician,0.555,False,Other brand
CON01545,6-12 years,West,T3,30-34,25k-50k,2,Hospital Pharmacy,Every 2-3 months,3,2,Online/Social media,0.596,True,Other brand
CON01546,1-5 years,East,T2,25-29,25k-50k,4,E-Pharmacy,Occasionally,4,4,Pharmacist,0.446,False,Other brand
CON01547,6-12 years,West,T1,25-29,50k-1L,5,Quick Commerce,Every 2-3 months,3,5,Pharmacist,0.572,False,DePURA Kids
CON01548,0-12 months,North,T2,18-24,<25k,3,Hospital Pharmacy,Monthly,3,5,Pediatrician,0.832,False,Not currently buying
CON01549,6-12 years,North,T1,40+,>1L,4,Pharmacy Chain,Monthly,2,4,Pediatrician,0.785,False,DePURA Kids
CON01550,6-12 years,North,T1,30-34,>1L,4,Retail Chemist,Every 2-3 months,2,5,Pediatrician,0.632,False,Not currently buying
CON01551,0-12 months,North,T2,35-39,>1L,5,Retail Chemist,Every 2-3 months,3,5,Family/Friends,0.557,False,DePURA Kids
CON01552,13-18 years,Central,T3,30-34,50k-1L,4,E-Pharmacy,Monthly,3,3,Pediatrician,0.737,False,Other brand
CON01553,1-5 years,West,T1,30-34,<25k,4,Pharmacy Chain,Monthly,,3,Pharmacist,0.703,False,Other brand
CON01554,0-12 months,East,T1,40+,50k-1L,4,Pharmacy Chain,Every 2-3 months,3,4,Family/Friends,0.528,False,Other brand
CON01555,0-12 months,South,T1,30-34,25k-50k,3,Pharmacy Chain,Monthly,2,5,Pediatrician,0.896,False,DePURA Kids
CON01556,0-12 months,West,T2,35-39,50k-1L,5,E-Pharmacy,Monthly,3,3,Pediatrician,0.874,False,Other brand
CON01557,0-12 months,North,T2,35-39,25k-50k,5,Pharmacy Chain,Monthly,3,4,Pediatrician,0.74,False,Other brand
CON01558,13-18 years,West,T1,35-39,>1L,3,Retail Chemist,Every 2-3 months,2,3,Online/Social media,0.694,False,Other brand
CON01559,0-12 months,South,T1,25-29,>1L,5,Quick Commerce,Monthly,1,4,Pediatrician,0.743,False,DePURA Kids
CON01560,0-12 months,North,T1,40+,50k-1L,2,Pharmacy Chain,Monthly,2,3,Pediatrician,0.721,True,Other brand
CON01561,0-12 months,East,T1,40+,>1L,4,E-Pharmacy,Every 2-3 months,3,4,Pediatrician,0.505,False,DePURA Kids
CON01562,0-12 months,South,T1,40+,50k-1L,3,Retail Chemist,Monthly,3,4,Pediatrician,0.764,False,Not currently buying
CON01563,1-5 years,East,T2,25-29,50k-1L,4,Quick Commerce,Occasionally,3,5,Pediatrician,0.435,False,DePURA Kids
CON01564,1-5 years,South,T3,25-29,50k-1L,4,Retail Chemist,Monthly,4,4,Pediatrician,0.768,False,Not currently buying
CON01565,6-12 years,West,T1,18-24,25k-50k,4,Quick Commerce,One-time,4,3,Pediatrician,0.28,False,Other brand
CON01566,0-12 months,West,T1,25-29,25k-50k,3,Quick Commerce,Monthly,3,3,Pediatrician,0.715,True,Other brand
CON01567,0-12 months,North,T1,40+,<25k,4,E-Pharmacy,Monthly,3,5,Pediatrician,1.0,False,Other brand
CON01568,6-12 years,North,T1,30-34,<25k,3,E-Pharmacy,Every 2-3 months,4,3,Pediatrician,0.647,False,Other brand
CON01569,0-12 months,North,T2,18-24,25k-50k,4,Retail Chemist,Monthly,3,1,Pediatrician,0.892,True,Not currently buying
CON01570,6-12 years,West,T2,25-29,50k-1L,5,Retail Chemist,Monthly,1,4,Pediatrician,0.774,False,DePURA Kids
CON01571,1-5 years,West,T1,35-39,<25k,5,Retail Chemist,Occasionally,4,4,Pediatrician,0.406,True,Not currently buying
CON01572,0-12 months,West,T2,35-39,<25k,3,E-Pharmacy,Monthly,3,2,Pediatrician,0.724,False,Not currently buying
CON01573,0-12 months,West,T1,35-39,50k-1L,3,Retail Chemist,Monthly,3,3,Pediatrician,0.807,False,Not currently buying
CON01574,1-5 years,West,T1,35-39,25k-50k,4,Retail Chemist,Occasionally,,5,Family/Friends,0.496,False,Other brand
CON01575,6-12 years,Central,T2,35-39,50k-1L,3,Retail Chemist,Every 2-3 months,2,3,Pharmacist,0.541,False,Other brand
CON01576,0-12 months,East,T3,35-39,<25k,5,Retail Chemist,Every 2-3 months,3,5,Pediatrician,0.677,True,Other brand
CON01577,1-5 years,Central,T2,40+,>1L,5,E-Pharmacy,Monthly,2,5,Pediatrician,0.912,False,Other brand
CON01578,0-12 months,South,T2,30-34,25k-50k,3,E-Pharmacy,Every 2-3 months,2,4,Pediatrician,0.648,False,DePURA Kids
CON01579,1-5 years,South,T1,30-34,>1L,4,Retail Chemist,Monthly,2,4,Pediatrician,0.814,False,Not currently buying
CON01580,0-12 months,West,T1,35-39,25k-50k,5,Pharmacy Chain,Every 2-3 months,3,5,Pediatrician,0.61,False,Other brand
CON01581,6-12 years,North,T2,25-29,25k-50k,4,Pharmacy Chain,Occasionally,4,4,Online/Social media,0.425,True,Other brand
CON01582,1-5 years,North,T1,30-34,25k-50k,5,Hospital Pharmacy,Every 2-3 months,3,4,Pediatrician,0.694,False,Other brand
CON01583,1-5 years,North,T1,25-29,25k-50k,5,E-Pharmacy,Monthly,3,4,Pediatrician,0.753,False,Not currently buying
CON01584,1-5 years,North,T2,30-34,50k-1L,3,Retail Chemist,Every 2-3 months,4,4,Pediatrician,0.532,True,Other brand
CON01585,0-12 months,East,T1,30-34,25k-50k,3,Quick Commerce,Every 2-3 months,4,4,Online/Social media,0.607,False,Other brand
CON01586,1-5 years,North,T2,30-34,>1L,3,E-Pharmacy,Monthly,2,3,Gynecologist,0.896,True,Other brand
CON01587,0-12 months,South,T2,40+,50k-1L,3,Quick Commerce,Monthly,4,4,Pediatrician,0.764,False,Other brand
CON01588,1-5 years,West,T2,30-34,25k-50k,3,Retail Chemist,One-time,4,3,Pharmacist,0.204,True,Other brand
CON01589,1-5 years,South,T1,25-29,25k-50k,4,Hospital Pharmacy,Occasionally,4,3,Online/Social media,0.403,True,Other brand
CON01590,1-5 years,North,T2,30-34,50k-1L,4,E-Pharmacy,Monthly,3,2,Family/Friends,0.706,False,DePURA Kids
CON01591,0-12 months,South,T2,25-29,25k-50k,3,Retail Chemist,Every 2-3 months,4,5,Online/Social media,0.622,False,Other brand
CON01592,0-12 months,North,T1,35-39,50k-1L,3,Pharmacy Chain,Every 2-3 months,1,3,Gynecologist,0.646,False,Other brand
CON01593,0-12 months,Central,T2,30-34,<25k,2,Retail Chemist,Monthly,4,3,Pediatrician,0.714,False,Other brand
CON01594,1-5 years,North,T2,25-29,25k-50k,4,Retail Chemist,Occasionally,4,1,Pharmacist,0.331,True,Not currently buying
CON01595,13-18 years,East,T1,25-29,50k-1L,4,E-Pharmacy,Occasionally,3,4,Pediatrician,0.469,False,DePURA Kids
CON01596,0-12 months,South,T1,30-34,25k-50k,4,Retail Chemist,Every 2-3 months,4,3,Pediatrician,0.516,False,Other brand
CON01597,1-5 years,Central,T3,30-34,50k-1L,3,E-Pharmacy,Every 2-3 months,3,3,Family/Friends,0.678,True,Other brand
CON01598,0-12 months,West,T1,25-29,50k-1L,3,Retail Chemist,Every 2-3 months,4,3,Online/Social media,0.617,False,Other brand
CON01599,1-5 years,Central,T2,40+,<25k,5,E-Pharmacy,Monthly,3,4,Pediatrician,0.87,False,DePURA Kids
CON01600,1-5 years,North,T1,30-34,>1L,5,E-Pharmacy,Monthly,2,5,Pediatrician,0.763,False,DePURA Kids
CON01601,0-12 months,West,T3,35-39,25k-50k,4,Retail Chemist,Occasionally,4,3,Pediatrician,0.487,True,DePURA Kids
CON01602,1-5 years,North,T2,30-34,50k-1L,4,Retail Chemist,Every 2-3 months,2,4,Pediatrician,0.568,False,Other brand
CON01603,0-12 months,East,T3,35-39,25k-50k,3,Retail Chemist,Monthly,4,3,Pharmacist,0.817,False,Other brand
CON01604,1-5 years,West,T1,40+,25k-50k,5,Retail Chemist,Monthly,4,3,Pediatrician,0.875,False,Other brand
CON01605,0-12 months,Central,T2,30-34,25k-50k,2,Retail Chemist,Every 2-3 months,2,5,Pediatrician,0.56,False,DePURA Kids
CON01606,13-18 years,North,T1,30-34,50k-1L,4,Quick Commerce,Every 2-3 months,2,3,Pediatrician,0.604,True,DePURA Kids
CON01607,0-12 months,South,T2,18-24,25k-50k,5,Retail Chemist,Monthly,3,4,Pediatrician,0.975,False,DePURA Kids
CON01608,0-12 months,North,T2,30-34,<25k,4,Retail Chemist,Every 2-3 months,3,5,Pediatrician,0.693,False,Other brand
CON01609,6-12 years,East,T2,25-29,<25k,3,Pharmacy Chain,Every 2-3 months,5,5,Pediatrician,0.665,False,Other brand
CON01610,6-12 years,West,T1,30-34,>1L,4,Pharmacy Chain,Every 2-3 months,3,5,Pediatrician,0.544,False,Other brand
CON01611,0-12 months,South,T3,30-34,<25k,2,E-Pharmacy,Monthly,3,4,Family/Friends,0.967,False,Not currently buying
CON01612,6-12 years,East,T2,25-29,>1L,5,E-Pharmacy,Monthly,2,5,Pediatrician,0.891,False,DePURA Kids
CON01613,13-18 years,South,T1,35-39,50k-1L,3,Retail Chemist,Every 2-3 months,2,4,Pediatrician,0.621,False,DePURA Kids
CON01614,1-5 years,West,T1,30-34,50k-1L,5,Retail Chemist,Monthly,5,2,Pediatrician,0.823,True,Other brand
CON01615,1-5 years,East,T2,25-29,50k-1L,5,Retail Chemist,Monthly,3,4,Pediatrician,0.839,False,Other brand
CON01616,6-12 years,North,T2,25-29,25k-50k,4,Retail Chemist,Every 2-3 months,3,3,Pediatrician,0.64,True,Not currently buying
CON01617,0-12 months,South,T1,30-34,50k-1L,3,Pharmacy Chain,Every 2-3 months,2,3,Family/Friends,0.671,True,Other brand
CON01618,1-5 years,South,T2,30-34,50k-1L,5,Hospital Pharmacy,Monthly,3,4,Pediatrician,0.754,True,Other brand
CON01619,6-12 years,West,T1,40+,50k-1L,5,Retail Chemist,Occasionally,5,4,Family/Friends,0.413,False,Other brand
CON01620,13-18 years,South,T2,30-34,25k-50k,4,Quick Commerce,Monthly,3,3,Pharmacist,0.994,True,Other brand
CON01621,6-12 years,West,T3,30-34,25k-50k,3,Hospital Pharmacy,Monthly,3,4,Pediatrician,0.742,False,Other brand
CON01622,1-5 years,East,T1,30-34,25k-50k,5,Retail Chemist,Every 2-3 months,3,4,Pediatrician,0.644,False,Other brand
CON01623,6-12 years,North,T2,30-34,25k-50k,3,Retail Chemist,Every 2-3 months,4,2,Family/Friends,0.602,True,Not currently buying
CON01624,1-5 years,East,T3,25-29,25k-50k,3,Pharmacy Chain,Occasionally,5,4,Online/Social media,0.337,False,Other brand
CON01625,0-12 months,Central,T2,25-29,25k-50k,4,Retail Chemist,Every 2-3 months,5,3,Gynecologist,0.547,False,Other brand
CON01626,6-12 years,West,T1,30-34,<25k,4,E-Pharmacy,Every 2-3 months,4,4,Pediatrician,0.645,False,Other brand
CON01627,1-5 years,North,T2,35-39,>1L,5,Retail Chemist,Monthly,3,3,Pediatrician,0.957,False,DePURA Kids
CON01628,0-12 months,North,T2,40+,50k-1L,3,Pharmacy Chain,Every 2-3 months,3,4,Pharmacist,0.603,False,Not currently buying
CON01629,6-12 years,West,T1,40+,<25k,3,Retail Chemist,Occasionally,4,3,Pharmacist,0.361,True,Other brand
CON01630,0-12 months,West,T2,25-29,25k-50k,2,Hospital Pharmacy,Every 2-3 months,4,3,Family/Friends,0.635,False,Other brand
CON01631,0-12 months,South,T1,25-29,25k-50k,3,E-Pharmacy,Monthly,3,3,Pediatrician,0.772,False,Other brand
CON01632,1-5 years,South,T2,25-29,25k-50k,4,Retail Chemist,Monthly,3,5,Pediatrician,0.747,False,DePURA Kids
CON01633,1-5 years,North,T1,30-34,25k-50k,4,Retail Chemist,Monthly,3,3,Family/Friends,0.738,True,Not currently buying
CON01634,6-12 years,East,T3,25-29,25k-50k,4,Retail Chemist,Every 2-3 months,2,5,Pediatrician,0.53,False,Other brand
CON01635,6-12 years,North,T3,25-29,50k-1L,4,Hospital Pharmacy,Monthly,4,2,Online/Social media,0.725,False,Other brand
CON01636,0-12 months,South,T1,35-39,25k-50k,3,Pharmacy Chain,Every 2-3 months,5,2,Pharmacist,0.571,True,DePURA Kids
CON01637,0-12 months,South,T2,25-29,25k-50k,1,E-Pharmacy,Monthly,4,1,Pharmacist,0.862,True,Other brand
CON01638,1-5 years,West,T1,35-39,>1L,4,E-Pharmacy,Monthly,2,3,Pharmacist,0.825,False,Other brand
CON01639,1-5 years,West,T1,30-34,25k-50k,3,E-Pharmacy,Occasionally,3,4,Family/Friends,0.408,False,Not currently buying
CON01640,13-18 years,North,T1,30-34,25k-50k,3,Retail Chemist,Monthly,4,5,Pharmacist,0.884,False,Other brand
CON01641,0-12 months,West,T1,18-24,50k-1L,3,Quick Commerce,Occasionally,3,3,Online/Social media,0.345,True,Other brand
CON01642,13-18 years,East,T3,35-39,25k-50k,5,Hospital Pharmacy,Occasionally,3,3,Pediatrician,0.405,True,Other brand
CON01643,0-12 months,West,T1,40+,>1L,5,E-Pharmacy,Monthly,2,4,Pediatrician,0.774,False,DePURA Kids
CON01644,0-12 months,East,T3,30-34,<25k,4,Pharmacy Chain,Occasionally,5,3,Family/Friends,0.365,False,Other brand
CON01645,0-12 months,South,T1,25-29,25k-50k,4,Retail Chemist,Every 2-3 months,3,4,Pediatrician,0.526,False,DePURA Kids
CON01646,6-12 years,East,T1,30-34,50k-1L,5,E-Pharmacy,Every 2-3 months,2,4,Pediatrician,0.632,False,DePURA Kids
CON01647,0-12 months,North,T2,30-34,<25k,4,E-Pharmacy,Every 2-3 months,3,2,Pharmacist,0.502,False,DePURA Kids
CON01648,1-5 years,South,T3,30-34,<25k,3,Retail Chemist,One-time,5,5,Pediatrician,0.258,False,Other brand
CON01649,6-12 years,North,T2,25-29,25k-50k,5,Retail Chemist,Monthly,4,4,Pediatrician,0.71,False,Not currently buying
CON01650,0-12 months,West,T3,30-34,25k-50k,2,Quick Commerce,Monthly,3,2,Pharmacist,0.769,True,Other brand
CON01651,1-5 years,South,T2,30-34,25k-50k,4,Retail Chemist,Occasionally,4,3,Pharmacist,0.332,False,Not currently buying
CON01652,0-12 months,North,T2,30-34,25k-50k,4,Hospital Pharmacy,Every 2-3 months,5,4,Pediatrician,0.544,False,Other brand
CON01653,6-12 years,East,T2,35-39,50k-1L,3,Retail Chemist,Monthly,3,4,Pediatrician,0.747,False,Other brand
CON01654,6-12 years,West,T3,30-34,25k-50k,3,Retail Chemist,Monthly,4,3,Online/Social media,0.74,True,Not currently buying
CON01655,6-12 years,West,T1,40+,>1L,4,Retail Chemist,Every 2-3 months,1,4,Pediatrician,0.543,False,Other brand
CON01656,0-12 months,East,T1,30-34,50k-1L,5,Retail Chemist,Monthly,4,4,Pediatrician,0.737,False,DePURA Kids
CON01657,0-12 months,East,T1,35-39,<25k,5,Retail Chemist,Every 2-3 months,4,5,Pediatrician,0.618,False,Not currently buying
CON01658,1-5 years,East,T2,25-29,25k-50k,4,Retail Chemist,Every 2-3 months,4,2,Online/Social media,0.543,True,Other brand
CON01659,0-12 months,South,T3,30-34,25k-50k,5,Hospital Pharmacy,Monthly,3,4,Pediatrician,1.0,False,Other brand
CON01660,0-12 months,South,T1,25-29,<25k,4,Retail Chemist,Occasionally,4,3,Online/Social media,0.462,False,Not currently buying
CON01661,1-5 years,North,T2,40+,>1L,3,Retail Chemist,Every 2-3 months,1,4,Pediatrician,0.584,False,Other brand
CON01662,6-12 years,South,T2,30-34,25k-50k,4,Retail Chemist,Occasionally,4,4,Online/Social media,0.467,True,DePURA Kids
CON01663,1-5 years,South,T1,18-24,>1L,5,Hospital Pharmacy,Occasionally,2,3,Pediatrician,0.48,False,Not currently buying
CON01664,0-12 months,West,T1,35-39,25k-50k,5,E-Pharmacy,Monthly,5,4,Pediatrician,1.0,False,Other brand
CON01665,6-12 years,East,T2,30-34,<25k,3,E-Pharmacy,Occasionally,5,4,Family/Friends,0.339,False,Other brand
CON01666,6-12 years,West,T3,30-34,25k-50k,3,Hospital Pharmacy,Every 2-3 months,3,2,Family/Friends,0.556,False,Other brand
CON01667,0-12 months,South,T2,35-39,50k-1L,5,Pharmacy Chain,Monthly,4,3,Family/Friends,0.95,False,Other brand
CON01668,1-5 years,South,T3,25-29,50k-1L,5,Retail Chemist,Occasionally,4,3,Pharmacist,0.373,False,Other brand
CON01669,1-5 years,North,T1,35-39,50k-1L,5,Quick Commerce,Monthly,3,4,Pediatrician,0.852,True,DePURA Kids
CON01670,0-12 months,West,T2,35-39,>1L,2,Retail Chemist,Monthly,2,3,Online/Social media,0.745,True,Other brand
CON01671,0-12 months,South,T1,35-39,50k-1L,4,Retail Chemist,Every 2-3 months,2,3,Pediatrician,0.661,False,Not currently buying
CON01672,0-12 months,East,T2,35-39,50k-1L,3,Hospital Pharmacy,Every 2-3 months,3,4,Online/Social media,0.549,False,Other brand
CON01673,6-12 years,North,T2,35-39,25k-50k,3,Retail Chemist,Occasionally,5,4,Pharmacist,0.36,False,Other brand
CON01674,6-12 years,South,T1,30-34,50k-1L,5,Pharmacy Chain,Monthly,2,4,Pediatrician,0.724,False,Other brand
CON01675,0-12 months,West,T1,40+,<25k,5,Retail Chemist,Monthly,3,4,Pediatrician,1.0,False,Other brand
CON01676,1-5 years,West,T3,35-39,50k-1L,4,Retail Chemist,Every 2-3 months,3,3,Family/Friends,0.563,False,Not currently buying
CON01677,0-12 months,North,T2,25-29,<25k,3,Retail Chemist,Occasionally,4,5,Gynecologist,0.46,False,Other brand
CON01678,0-12 months,Central,T2,35-39,50k-1L,4,Retail Chemist,Occasionally,4,3,Pediatrician,0.485,False,Not currently buying
CON01679,13-18 years,North,T1,25-29,>1L,4,E-Pharmacy,Occasionally,3,3,Online/Social media,0.476,True,Other brand
CON01680,0-12 months,West,T1,40+,>1L,3,Pharmacy Chain,Every 2-3 months,2,5,Gynecologist,0.667,False,Other brand
CON01681,0-12 months,West,T1,25-29,>1L,5,E-Pharmacy,Monthly,2,5,Pediatrician,0.909,False,DePURA Kids
CON01682,13-18 years,North,T2,35-39,>1L,5,Hospital Pharmacy,Occasionally,2,4,Family/Friends,0.484,False,Other brand
CON01683,0-12 months,East,T2,30-34,>1L,4,Retail Chemist,Monthly,2,3,Pharmacist,0.932,False,Not currently buying
CON01684,1-5 years,South,T1,25-29,>1L,3,Quick Commerce,Monthly,2,3,Gynecologist,0.722,True,Not currently buying
CON01685,0-12 months,East,T3,40+,50k-1L,5,Retail Chemist,Monthly,3,4,Pediatrician,1.0,False,DePURA Kids
CON01686,1-5 years,South,T2,35-39,25k-50k,2,Retail Chemist,Occasionally,4,3,Pharmacist,0.47,False,Not currently buying
CON01687,0-12 months,Central,T2,35-39,<25k,3,Retail Chemist,Every 2-3 months,4,3,Pediatrician,0.629,False,Other brand
CON01688,6-12 years,South,T1,40+,25k-50k,4,Quick Commerce,Monthly,4,3,Pediatrician,0.814,False,Other brand
CON01689,0-12 months,North,T2,40+,>1L,5,Retail Chemist,Monthly,2,3,Pediatrician,0.753,False,Other brand
CON01690,6-12 years,North,T2,18-24,50k-1L,3,Retail Chemist,Every 2-3 months,3,4,Pharmacist,0.63,False,Other brand
CON01691,0-12 months,West,T3,25-29,<25k,2,Retail Chemist,Every 2-3 months,4,2,Gynecologist,0.64,True,Other brand
CON01692,0-12 months,North,T2,35-39,50k-1L,4,Retail Chemist,Every 2-3 months,3,2,Pediatrician,0.604,False,Not currently buying
CON01693,0-12 months,South,T1,25-29,<25k,4,Hospital Pharmacy,Every 2-3 months,4,4,Online/Social media,0.657,False,Other brand
CON01694,0-12 months,West,T1,30-34,25k-50k,5,Quick Commerce,Monthly,4,5,Pediatrician,1.0,False,DePURA Kids
CON01695,0-12 months,North,T1,35-39,25k-50k,4,Pharmacy Chain,Monthly,4,5,Pediatrician,0.837,False,DePURA Kids
CON01696,0-12 months,South,T1,30-34,25k-50k,5,Pharmacy Chain,Monthly,5,3,Pediatrician,0.703,False,Other brand
CON01697,0-12 months,Central,T3,25-29,25k-50k,5,E-Pharmacy,Every 2-3 months,4,3,Pediatrician,0.544,True,Other brand
CON01698,6-12 years,North,T3,30-34,>1L,3,Retail Chemist,Monthly,2,3,Gynecologist,0.754,False,Other brand
CON01699,1-5 years,North,T2,30-34,50k-1L,2,Retail Chemist,Every 2-3 months,2,3,Pharmacist,0.547,False,DePURA Kids
CON01700,1-5 years,South,T1,25-29,>1L,4,E-Pharmacy,Every 2-3 months,2,2,Online/Social media,0.571,True,Other brand
CON01701,1-5 years,South,T2,25-29,50k-1L,4,Retail Chemist,Monthly,2,4,Pediatrician,0.926,False,Other brand
CON01702,0-12 months,North,T2,30-34,25k-50k,5,Pharmacy Chain,Every 2-3 months,3,2,Pharmacist,0.547,False,Other brand
CON01703,0-12 months,South,T2,25-29,25k-50k,5,Retail Chemist,Monthly,3,4,Pediatrician,0.805,False,DePURA Kids
CON01704,1-5 years,South,T1,35-39,>1L,4,E-Pharmacy,Occasionally,3,2,Gynecologist,0.421,True,Not currently buying
CON01705,0-12 months,South,T1,18-24,>1L,5,Pharmacy Chain,Every 2-3 months,2,4,Pharmacist,0.58,False,Other brand
CON01706,0-12 months,North,T1,40+,25k-50k,2,Retail Chemist,Monthly,4,3,Gynecologist,0.708,True,Other brand
CON01707,0-12 months,East,T2,40+,50k-1L,4,Retail Chemist,Monthly,4,4,Pediatrician,0.99,False,Other brand
CON01708,1-5 years,South,T1,25-29,>1L,3,Hospital Pharmacy,Occasionally,2,4,Pediatrician,0.374,False,Other brand
CON01709,1-5 years,North,T3,30-34,25k-50k,2,Retail Chemist,Every 2-3 months,3,3,Pediatrician,0.629,False,DePURA Kids
CON01710,0-12 months,East,T1,18-24,50k-1L,3,Pharmacy Chain,Monthly,2,3,Pediatrician,0.911,True,DePURA Kids
CON01711,0-12 months,South,T1,40+,50k-1L,4,Retail Chemist,Monthly,3,4,Family/Friends,0.798,False,Other brand
CON01712,1-5 years,North,T2,30-34,>1L,4,Retail Chemist,Every 2-3 months,2,4,Family/Friends,0.688,False,Other brand
CON01713,0-12 months,East,T1,30-34,>1L,3,Hospital Pharmacy,Every 2-3 months,3,4,Family/Friends,0.53,False,DePURA Kids
CON01714,0-12 months,South,T2,30-34,<25k,3,Hospital Pharmacy,Every 2-3 months,,5,Gynecologist,0.621,False,Not currently buying
CON01715,0-12 months,West,T1,25-29,50k-1L,4,Pharmacy Chain,Occasionally,3,3,Family/Friends,0.392,True,Other brand
CON01716,1-5 years,Central,T3,40+,50k-1L,5,Retail Chemist,Monthly,3,5,Pediatrician,0.797,False,DePURA Kids
CON01717,1-5 years,West,T2,35-39,<25k,2,Retail Chemist,Monthly,2,3,Family/Friends,0.916,True,Other brand
CON01718,0-12 months,North,T1,25-29,<25k,4,E-Pharmacy,Every 2-3 months,4,4,Pediatrician,0.571,False,DePURA Kids
CON01719,1-5 years,West,T3,18-24,<25k,2,Pharmacy Chain,One-time,4,2,Online/Social media,0.218,True,Not currently buying
CON01720,0-12 months,North,T2,30-34,<25k,4,Retail Chemist,One-time,4,4,Online/Social media,0.284,False,DePURA Kids
CON01721,1-5 years,North,T2,30-34,<25k,4,Hospital Pharmacy,Every 2-3 months,3,4,Pediatrician,0.692,False,DePURA Kids
CON01722,1-5 years,North,T2,25-29,50k-1L,4,E-Pharmacy,Occasionally,4,2,Family/Friends,0.468,True,Other brand
CON01723,6-12 years,North,T2,30-34,<25k,3,Retail Chemist,Occasionally,4,3,Family/Friends,0.302,False,Other brand
CON01724,0-12 months,South,T1,40+,25k-50k,5,Quick Commerce,Monthly,3,5,Pediatrician,0.896,False,DePURA Kids
CON01725,1-5 years,West,T1,30-34,<25k,2,Retail Chemist,Every 2-3 months,5,4,Family/Friends,0.579,False,Other brand
CON01726,6-12 years,North,T2,40+,>1L,2,Retail Chemist,One-time,3,2,Family/Friends,0.274,False,Other brand
CON01727,1-5 years,North,T2,25-29,25k-50k,2,Hospital Pharmacy,Monthly,3,2,Online/Social media,0.71,True,Other brand
CON01728,6-12 years,South,T1,18-24,>1L,3,Retail Chemist,Occasionally,3,2,Gynecologist,0.389,True,Other brand
CON01729,1-5 years,West,T1,30-34,50k-1L,3,E-Pharmacy,Every 2-3 months,3,5,Online/Social media,0.554,False,Other brand
CON01730,1-5 years,South,T1,30-34,>1L,3,Pharmacy Chain,Every 2-3 months,3,3,Pediatrician,0.696,True,Other brand
CON01731,0-12 months,North,T1,30-34,>1L,3,E-Pharmacy,Occasionally,3,3,Gynecologist,0.461,True,Other brand
CON01732,1-5 years,South,T2,30-34,50k-1L,3,Retail Chemist,Occasionally,3,4,Pharmacist,0.355,False,Not currently buying
CON01733,0-12 months,East,T2,25-29,25k-50k,3,Retail Chemist,Every 2-3 months,3,5,Pharmacist,0.672,False,Other brand
CON01734,6-12 years,South,T1,30-34,50k-1L,5,E-Pharmacy,Occasionally,3,3,Gynecologist,0.415,True,DePURA Kids
CON01735,0-12 months,South,T2,25-29,25k-50k,3,E-Pharmacy,Monthly,3,3,Online/Social media,0.79,True,Other brand
CON01736,13-18 years,North,T2,35-39,25k-50k,5,Retail Chemist,Occasionally,5,4,Family/Friends,0.394,False,DePURA Kids
CON01737,0-12 months,West,T1,35-39,>1L,2,Retail Chemist,Occasionally,2,2,Pharmacist,0.449,True,DePURA Kids
CON01738,6-12 years,North,T2,30-34,25k-50k,2,Retail Chemist,Occasionally,3,4,Pediatrician,0.314,False,Not currently buying
CON01739,1-5 years,South,T1,30-34,>1L,3,Hospital Pharmacy,Every 2-3 months,3,3,Family/Friends,0.601,False,Other brand
CON01740,13-18 years,South,T2,35-39,25k-50k,4,E-Pharmacy,Monthly,3,5,Pediatrician,0.707,False,DePURA Kids
CON01741,0-12 months,North,T2,25-29,>1L,4,Retail Chemist,Every 2-3 months,2,3,Pharmacist,0.576,True,Other brand
CON01742,0-12 months,South,T2,30-34,<25k,4,E-Pharmacy,Every 2-3 months,4,5,Pediatrician,0.645,False,Other brand
CON01743,0-12 months,Central,T3,25-29,50k-1L,3,Retail Chemist,Every 2-3 months,3,4,Pediatrician,0.65,False,Other brand
CON01744,13-18 years,East,T2,30-34,<25k,4,Retail Chemist,Every 2-3 months,4,4,Pediatrician,0.641,False,Not currently buying
CON01745,0-12 months,East,T2,30-34,>1L,4,Retail Chemist,Every 2-3 months,1,4,Pediatrician,0.646,False,DePURA Kids
CON01746,0-12 months,North,T1,25-29,25k-50k,4,Pharmacy Chain,Monthly,3,5,Pediatrician,0.731,False,DePURA Kids
CON01747,6-12 years,South,T2,25-29,25k-50k,4,Retail Chemist,Occasionally,3,5,Pharmacist,0.422,False,Other brand
CON01748,1-5 years,North,T2,35-39,>1L,4,Retail Chemist,Every 2-3 months,1,3,Pediatrician,0.601,False,Other brand
CON01749,6-12 years,Central,T3,30-34,<25k,3,Hospital Pharmacy,Every 2-3 months,4,3,Pharmacist,0.619,True,Other brand
CON01750,13-18 years,Central,T2,35-39,25k-50k,3,Hospital Pharmacy,Every 2-3 months,2,5,Pediatrician,0.614,False,DePURA Kids
CON01751,0-12 months,West,T1,25-29,25k-50k,4,Retail Chemist,Every 2-3 months,5,4,Pediatrician,0.658,False,Not currently buying
CON01752,0-12 months,South,T2,25-29,50k-1L,3,Retail Chemist,Monthly,2,4,Online/Social media,0.773,False,Not currently buying
CON01753,0-12 months,Central,T3,25-29,<25k,3,Retail Chemist,Every 2-3 months,3,4,Pharmacist,0.619,False,Other brand
CON01754,1-5 years,South,T1,25-29,<25k,4,Pharmacy Chain,Occasionally,4,4,Pediatrician,0.366,True,Other brand
CON01755,0-12 months,South,T1,25-29,50k-1L,3,Quick Commerce,Every 2-3 months,3,3,Online/Social media,0.508,False,Other brand
CON01756,6-12 years,West,T1,30-34,50k-1L,3,Hospital Pharmacy,Every 2-3 months,3,4,Pediatrician,0.543,False,Not currently buying
CON01757,0-12 months,North,T1,30-34,25k-50k,4,E-Pharmacy,Monthly,2,4,Pediatrician,0.944,False,Other brand
CON01758,6-12 years,North,T3,35-39,25k-50k,5,Retail Chemist,Every 2-3 months,3,5,Pediatrician,0.677,False,Other brand
CON01759,0-12 months,North,T2,30-34,50k-1L,4,Pharmacy Chain,Monthly,3,4,Pediatrician,0.848,False,Other brand
CON01760,13-18 years,South,T1,40+,25k-50k,3,Hospital Pharmacy,Every 2-3 months,3,4,Family/Friends,0.504,False,Not currently buying
CON01761,0-12 months,North,T3,25-29,<25k,2,Retail Chemist,Monthly,4,4,Family/Friends,0.884,False,Other brand
CON01762,6-12 years,West,T1,18-24,>1L,5,Retail Chemist,Monthly,2,5,Pediatrician,0.777,False,DePURA Kids
CON01763,6-12 years,West,T1,35-39,>1L,3,Pharmacy Chain,Occasionally,2,4,Pharmacist,0.354,False,Other brand
CON01764,0-12 months,South,T2,40+,50k-1L,5,Retail Chemist,Monthly,3,3,Pediatrician,0.751,False,Other brand
CON01765,0-12 months,East,T1,35-39,<25k,5,Retail Chemist,Monthly,2,4,Pediatrician,0.804,True,DePURA Kids
CON01766,6-12 years,North,T2,30-34,50k-1L,3,Retail Chemist,One-time,4,3,Family/Friends,0.287,False,Other brand
CON01767,6-12 years,West,T1,25-29,>1L,3,E-Pharmacy,Occasionally,2,3,Pediatrician,0.466,True,Not currently buying
CON01768,0-12 months,North,T2,25-29,<25k,2,Retail Chemist,Occasionally,3,4,Online/Social media,0.371,False,Other brand
CON01769,0-12 months,East,T2,35-39,>1L,4,Retail Chemist,Monthly,2,5,Pediatrician,0.824,False,Not currently buying
CON01770,1-5 years,Central,T2,30-34,25k-50k,5,Hospital Pharmacy,Every 2-3 months,4,3,Family/Friends,0.548,False,DePURA Kids
CON01771,0-12 months,North,T1,30-34,25k-50k,3,Pharmacy Chain,Monthly,3,3,Pediatrician,0.785,True,Other brand
CON01772,0-12 months,North,T1,25-29,25k-50k,3,Retail Chemist,Every 2-3 months,3,1,Family/Friends,0.537,True,Not currently buying
CON01773,0-12 months,East,T1,25-29,25k-50k,4,Quick Commerce,Every 2-3 months,2,4,Family/Friends,0.626,False,Not currently buying
CON01774,6-12 years,West,T2,25-29,<25k,3,E-Pharmacy,Every 2-3 months,4,5,Pediatrician,0.69,False,Not currently buying
CON01775,13-18 years,East,T3,30-34,25k-50k,4,Retail Chemist,Every 2-3 months,5,4,Pediatrician,0.662,False,Other brand
CON01776,0-12 months,South,T3,30-34,50k-1L,3,Hospital Pharmacy,Monthly,4,4,Gynecologist,0.769,False,Other brand
CON01777,0-12 months,Central,T2,25-29,50k-1L,5,Pharmacy Chain,Monthly,3,5,Pediatrician,0.788,False,DePURA Kids
CON01778,0-12 months,South,T2,30-34,50k-1L,4,Retail Chemist,Monthly,3,2,Family/Friends,0.849,True,Other brand
CON01779,1-5 years,South,T2,25-29,50k-1L,3,E-Pharmacy,Monthly,3,3,Pediatrician,0.799,False,Not currently buying
CON01780,0-12 months,South,T1,35-39,>1L,1,Pharmacy Chain,Every 2-3 months,3,3,Gynecologist,0.601,False,Not currently buying
CON01781,0-12 months,North,T1,25-29,50k-1L,4,Hospital Pharmacy,Occasionally,4,3,Pediatrician,0.446,False,Not currently buying
CON01782,6-12 years,South,T2,35-39,50k-1L,3,Hospital Pharmacy,Occasionally,3,5,Family/Friends,0.443,False,Other brand
CON01783,1-5 years,South,T2,35-39,50k-1L,3,Retail Chemist,Occasionally,4,4,Pharmacist,0.336,False,Other brand
CON01784,1-5 years,East,T3,30-34,50k-1L,4,Retail Chemist,Occasionally,4,5,Pediatrician,0.416,False,Other brand
CON01785,6-12 years,North,T2,30-34,50k-1L,4,Retail Chemist,Every 2-3 months,3,4,Pediatrician,0.655,False,DePURA Kids
CON01786,0-12 months,East,T2,25-29,<25k,2,Retail Chemist,Occasionally,5,4,Family/Friends,0.347,False,Not currently buying
CON01787,0-12 months,West,T1,30-34,25k-50k,3,Retail Chemist,Monthly,4,4,Pharmacist,0.801,False,Other brand
CON01788,1-5 years,North,T2,35-39,25k-50k,5,Retail Chemist,Every 2-3 months,2,5,Pediatrician,0.679,False,DePURA Kids
CON01789,0-12 months,South,T1,35-39,>1L,2,Quick Commerce,Monthly,2,1,Family/Friends,0.824,True,Not currently buying
CON01790,1-5 years,South,T1,25-29,<25k,2,Quick Commerce,Every 2-3 months,5,3,Gynecologist,0.508,False,Other brand
CON01791,13-18 years,North,T1,25-29,50k-1L,2,Hospital Pharmacy,Occasionally,2,3,Online/Social media,0.394,True,Not currently buying
CON01792,6-12 years,West,T1,30-34,>1L,2,E-Pharmacy,Monthly,3,3,Pediatrician,0.87,True,Not currently buying
CON01793,6-12 years,West,T3,35-39,25k-50k,3,Retail Chemist,Monthly,4,4,Pediatrician,0.974,False,DePURA Kids
CON01794,6-12 years,East,T1,25-29,<25k,5,E-Pharmacy,Monthly,4,4,Gynecologist,0.827,False,Other brand
CON01795,1-5 years,North,T1,35-39,<25k,2,Retail Chemist,Monthly,4,4,Pediatrician,0.894,False,Other brand
CON01796,6-12 years,South,T1,25-29,50k-1L,5,Retail Chemist,Every 2-3 months,3,5,Pediatrician,0.692,False,DePURA Kids
CON01797,0-12 months,East,T3,25-29,<25k,5,Retail Chemist,Every 2-3 months,3,5,Pediatrician,0.585,False,Other brand
CON01798,6-12 years,East,T3,35-39,25k-50k,4,Retail Chemist,Occasionally,4,4,Pharmacist,0.458,True,Other brand
CON01799,1-5 years,North,T2,35-39,>1L,4,Pharmacy Chain,Monthly,2,2,Pediatrician,0.831,True,Not currently buying
CON01800,0-12 months,South,T1,30-34,50k-1L,4,E-Pharmacy,Every 2-3 months,3,5,Pediatrician,0.592,False,Other brand
CON01801,6-12 years,West,T3,35-39,<25k,2,E-Pharmacy,Monthly,4,3,Pediatrician,0.751,True,Not currently buying
CON01802,1-5 years,South,T1,30-34,<25k,3,Retail Chemist,Every 2-3 months,4,3,Pediatrician,0.588,True,Not currently buying
CON01803,0-12 months,Central,T3,35-39,>1L,3,Pharmacy Chain,Every 2-3 months,2,5,Pediatrician,0.612,False,Other brand
CON01804,0-12 months,East,T3,25-29,<25k,5,Retail Chemist,Every 2-3 months,4,3,Gynecologist,0.565,False,Other brand
CON01805,1-5 years,South,T2,25-29,>1L,2,Hospital Pharmacy,Occasionally,2,2,Family/Friends,0.499,False,Not currently buying
CON01806,6-12 years,Central,T3,35-39,25k-50k,3,Retail Chemist,Occasionally,4,4,Family/Friends,0.353,False,Other brand
CON01807,6-12 years,East,T2,30-34,25k-50k,5,Retail Chemist,Occasionally,4,3,Pediatrician,0.397,True,DePURA Kids
CON01808,0-12 months,East,T3,25-29,25k-50k,3,Retail Chemist,Monthly,3,4,Pediatrician,0.745,True,Other brand
CON01809,6-12 years,North,T2,40+,25k-50k,3,Quick Commerce,Occasionally,3,5,Family/Friends,0.39,False,Other brand
CON01810,1-5 years,South,T1,40+,25k-50k,5,Retail Chemist,Occasionally,5,4,Family/Friends,0.449,False,Not currently buying
CON01811,6-12 years,East,T3,35-39,25k-50k,2,Retail Chemist,Occasionally,4,2,Gynecologist,0.43,True,Other brand
CON01812,0-12 months,East,T1,35-39,50k-1L,5,Retail Chemist,Every 2-3 months,4,4,Pediatrician,0.636,False,Other brand
CON01813,6-12 years,East,T3,18-24,25k-50k,4,Retail Chemist,Occasionally,3,5,Pediatrician,0.476,False,DePURA Kids
CON01814,0-12 months,South,T1,25-29,25k-50k,4,Pharmacy Chain,Every 2-3 months,5,2,Pharmacist,0.618,True,Other brand
CON01815,0-12 months,North,T1,25-29,25k-50k,4,E-Pharmacy,Every 2-3 months,3,4,Online/Social media,0.676,False,Not currently buying
CON01816,0-12 months,North,T1,30-34,>1L,4,Pharmacy Chain,Every 2-3 months,2,4,Family/Friends,0.621,False,Other brand
CON01817,0-12 months,West,T1,25-29,50k-1L,4,Retail Chemist,Occasionally,2,4,Gynecologist,0.362,False,Other brand
CON01818,13-18 years,South,T1,25-29,25k-50k,4,Retail Chemist,Every 2-3 months,4,5,Family/Friends,0.507,False,Not currently buying
CON01819,6-12 years,East,T2,35-39,50k-1L,4,E-Pharmacy,Every 2-3 months,2,3,Gynecologist,0.61,False,Other brand
CON01820,0-12 months,West,T2,25-29,50k-1L,4,Retail Chemist,Monthly,3,4,Pediatrician,0.729,True,DePURA Kids
CON01821,6-12 years,South,T1,35-39,50k-1L,5,Retail Chemist,Monthly,3,5,Pediatrician,0.814,False,Other brand
CON01822,0-12 months,Central,T2,25-29,25k-50k,5,Retail Chemist,Every 2-3 months,3,5,Pediatrician,0.682,False,Other brand
CON01823,6-12 years,North,T2,40+,>1L,4,Quick Commerce,Monthly,3,4,Pediatrician,0.837,False,Other brand
CON01824,1-5 years,West,T1,35-39,>1L,3,Retail Chemist,Occasionally,1,4,Pharmacist,0.475,False,Other brand
CON01825,1-5 years,West,T1,25-29,25k-50k,4,Retail Chemist,Occasionally,4,4,Family/Friends,0.485,False,Other brand
CON01826,6-12 years,South,T1,25-29,25k-50k,3,Retail Chemist,Occasionally,3,5,Family/Friends,0.462,False,Other brand
CON01827,1-5 years,South,T3,30-34,25k-50k,3,Retail Chemist,Occasionally,4,3,Gynecologist,0.424,False,Other brand
CON01828,0-12 months,West,T3,35-39,>1L,2,Retail Chemist,Every 2-3 months,3,5,Online/Social media,0.689,False,DePURA Kids
CON01829,6-12 years,East,T2,30-34,>1L,3,Retail Chemist,Every 2-3 months,3,4,Family/Friends,0.676,False,Other brand
CON01830,0-12 months,West,T1,18-24,>1L,4,Retail Chemist,Monthly,2,5,Pediatrician,0.753,False,DePURA Kids
CON01831,1-5 years,South,T2,25-29,25k-50k,4,Pharmacy Chain,Monthly,2,3,Online/Social media,0.733,False,Other brand
CON01832,0-12 months,North,T2,35-39,50k-1L,4,Pharmacy Chain,Monthly,2,5,Pharmacist,0.846,False,Not currently buying
CON01833,1-5 years,West,T2,25-29,>1L,5,Retail Chemist,Monthly,2,3,Family/Friends,0.711,False,Other brand
CON01834,1-5 years,South,T1,18-24,50k-1L,4,Hospital Pharmacy,Monthly,2,4,Pediatrician,0.913,False,Other brand
CON01835,6-12 years,West,T3,40+,25k-50k,4,Retail Chemist,Occasionally,4,3,Family/Friends,0.451,False,Other brand
CON01836,13-18 years,South,T1,30-34,50k-1L,4,Retail Chemist,Occasionally,3,3,Family/Friends,0.466,False,Other brand
CON01837,1-5 years,West,T3,18-24,<25k,4,Hospital Pharmacy,Occasionally,4,3,Online/Social media,0.336,True,Other brand
CON01838,0-12 months,North,T2,30-34,25k-50k,3,Retail Chemist,Every 2-3 months,4,3,Pediatrician,0.691,False,Other brand
CON01839,0-12 months,East,T1,40+,25k-50k,5,Quick Commerce,Monthly,2,3,Pediatrician,0.833,True,Other brand
CON01840,0-12 months,South,T3,30-34,25k-50k,4,Retail Chemist,Every 2-3 months,2,3,Online/Social media,0.619,True,Other brand
CON01841,0-12 months,South,T2,30-34,25k-50k,4,Retail Chemist,Every 2-3 months,3,2,Gynecologist,0.623,True,DePURA Kids
CON01842,6-12 years,East,T3,30-34,<25k,4,Retail Chemist,Every 2-3 months,3,3,Pediatrician,0.672,False,Other brand
CON01843,6-12 years,South,T1,30-34,>1L,2,Pharmacy Chain,Monthly,1,3,Pediatrician,0.766,True,Other brand
CON01844,0-12 months,North,T1,18-24,>1L,3,Retail Chemist,Every 2-3 months,1,5,Family/Friends,0.659,False,Other brand
CON01845,0-12 months,South,T1,30-34,<25k,4,Retail Chemist,Every 2-3 months,5,5,Gynecologist,0.658,False,Other brand
CON01846,0-12 months,Central,T2,25-29,50k-1L,2,E-Pharmacy,Occasionally,4,3,Pharmacist,0.492,False,Other brand
CON01847,6-12 years,North,T2,25-29,25k-50k,3,Retail Chemist,Every 2-3 months,4,2,Online/Social media,0.567,False,Other brand
CON01848,0-12 months,South,T1,18-24,<25k,3,E-Pharmacy,Monthly,4,4,Family/Friends,0.712,False,Other brand
CON01849,0-12 months,South,T3,30-34,25k-50k,3,Retail Chemist,Monthly,4,4,Gynecologist,0.756,False,Other brand
CON01850,6-12 years,Central,T3,30-34,25k-50k,5,Retail Chemist,One-time,3,3,Family/Friends,0.286,False,Other brand
CON01851,6-12 years,North,T2,30-34,25k-50k,4,Retail Chemist,Monthly,4,4,Pediatrician,0.766,False,Other brand
CON01852,6-12 years,South,T1,30-34,>1L,3,Hospital Pharmacy,Monthly,1,4,Pediatrician,0.763,False,Not currently buying
CON01853,6-12 years,North,T1,18-24,25k-50k,3,Quick Commerce,Every 2-3 months,4,2,Family/Friends,0.696,False,Other brand
CON01854,0-12 months,North,T2,30-34,50k-1L,5,Pharmacy Chain,Monthly,3,5,Pediatrician,0.797,False,Other brand
CON01855,6-12 years,South,T2,30-34,50k-1L,4,Retail Chemist,Monthly,4,3,Pediatrician,0.749,False,Not currently buying
CON01856,0-12 months,West,T3,40+,<25k,4,Retail Chemist,Every 2-3 months,4,5,Pediatrician,0.541,False,Not currently buying
CON01857,1-5 years,South,T1,25-29,50k-1L,2,Retail Chemist,Occasionally,3,4,Online/Social media,0.368,False,Not currently buying
CON01858,0-12 months,West,T1,30-34,<25k,3,E-Pharmacy,Every 2-3 months,3,3,Family/Friends,0.625,False,DePURA Kids
CON01859,0-12 months,Central,T3,30-34,<25k,3,Retail Chemist,Monthly,4,4,Online/Social media,0.78,True,Other brand
CON01860,13-18 years,North,T1,25-29,25k-50k,3,E-Pharmacy,Every 2-3 months,4,3,Pharmacist,0.593,False,DePURA Kids
CON01861,1-5 years,North,T1,30-34,50k-1L,4,E-Pharmacy,Monthly,3,5,Pediatrician,0.719,False,Not currently buying
CON01862,0-12 months,East,T3,40+,50k-1L,4,E-Pharmacy,Every 2-3 months,3,3,Family/Friends,0.621,False,Other brand
CON01863,0-12 months,West,T1,40+,25k-50k,3,Hospital Pharmacy,Every 2-3 months,3,5,Pediatrician,0.624,False,Other brand
CON01864,13-18 years,South,T2,30-34,25k-50k,3,Pharmacy Chain,Occasionally,3,5,Pediatrician,0.48,False,DePURA Kids
CON01865,13-18 years,Central,T2,25-29,25k-50k,5,Pharmacy Chain,Monthly,3,4,Pediatrician,0.843,False,Other brand
CON01866,6-12 years,North,T1,30-34,>1L,4,Pharmacy Chain,Occasionally,1,3,Pediatrician,0.451,True,Not currently buying
CON01867,1-5 years,North,T1,35-39,25k-50k,4,Retail Chemist,Monthly,4,3,Pediatrician,0.868,True,Other brand
CON01868,6-12 years,North,T1,30-34,50k-1L,4,E-Pharmacy,Occasionally,4,4,Online/Social media,0.374,False,Other brand
CON01869,0-12 months,Central,T2,30-34,25k-50k,4,Pharmacy Chain,Every 2-3 months,5,5,Pediatrician,0.64,False,DePURA Kids
CON01870,6-12 years,West,T1,35-39,>1L,4,Quick Commerce,Every 2-3 months,2,4,Pediatrician,0.685,False,DePURA Kids
CON01871,0-12 months,East,T2,35-39,50k-1L,3,Quick Commerce,Every 2-3 months,3,5,Pharmacist,0.54,False,Other brand
CON01872,6-12 years,North,T2,30-34,25k-50k,5,Retail Chemist,Monthly,4,4,Pediatrician,0.897,False,DePURA Kids
CON01873,13-18 years,West,T2,30-34,50k-1L,3,Retail Chemist,Every 2-3 months,2,4,Pediatrician,0.635,False,Other brand
CON01874,1-5 years,North,T1,25-29,50k-1L,3,E-Pharmacy,Occasionally,4,4,Gynecologist,0.311,False,Not currently buying
CON01875,6-12 years,South,T1,30-34,50k-1L,3,Hospital Pharmacy,Every 2-3 months,2,4,Online/Social media,0.655,False,Other brand
CON01876,0-12 months,North,T2,35-39,50k-1L,5,Pharmacy Chain,Monthly,4,5,Pediatrician,0.917,False,DePURA Kids
CON01877,0-12 months,South,T1,25-29,50k-1L,2,Pharmacy Chain,Occasionally,4,4,Family/Friends,0.469,True,Other brand
CON01878,6-12 years,South,T1,35-39,>1L,4,Retail Chemist,Every 2-3 months,2,4,Pharmacist,0.64,False,Not currently buying
CON01879,0-12 months,East,T2,35-39,25k-50k,3,Retail Chemist,Monthly,4,4,Pediatrician,1.0,False,Other brand
CON01880,0-12 months,North,T2,30-34,50k-1L,3,Retail Chemist,Occasionally,3,4,Online/Social media,0.321,False,Other brand
CON01881,1-5 years,South,T1,25-29,>1L,5,E-Pharmacy,Monthly,3,4,Pediatrician,0.721,True,DePURA Kids
CON01882,13-18 years,West,T1,25-29,>1L,4,Retail Chemist,Every 2-3 months,3,5,Family/Friends,0.641,False,Not currently buying
CON01883,6-12 years,West,T1,35-39,>1L,4,Hospital Pharmacy,Occasionally,3,4,Family/Friends,0.307,False,Other brand
CON01884,0-12 months,East,T1,40+,>1L,5,Quick Commerce,Monthly,,3,Pediatrician,0.931,False,Other brand
CON01885,0-12 months,East,T3,35-39,25k-50k,4,E-Pharmacy,Monthly,3,3,Online/Social media,0.72,True,Other brand
CON01886,0-12 months,West,T1,35-39,50k-1L,5,Quick Commerce,Monthly,2,4,Pediatrician,0.961,False,DePURA Kids
CON01887,6-12 years,South,T1,30-34,<25k,3,Quick Commerce,Occasionally,2,3,Pharmacist,0.387,False,Other brand
CON01888,0-12 months,South,T2,25-29,>1L,5,Retail Chemist,Every 2-3 months,2,5,Pediatrician,0.578,False,DePURA Kids
CON01889,6-12 years,West,T1,40+,>1L,3,Pharmacy Chain,Monthly,3,5,Pediatrician,0.809,False,Other brand
CON01890,1-5 years,North,T2,35-39,<25k,5,Retail Chemist,Monthly,4,2,Online/Social media,0.718,False,DePURA Kids
CON01891,0-12 months,South,T2,25-29,<25k,5,Quick Commerce,Monthly,4,4,Online/Social media,0.728,False,Other brand
CON01892,1-5 years,Central,T2,30-34,>1L,3,Retail Chemist,Occasionally,3,3,Pharmacist,0.49,True,Other brand
CON01893,0-12 months,West,T1,30-34,25k-50k,5,E-Pharmacy,Occasionally,3,2,Pediatrician,0.465,True,Other brand
CON01894,1-5 years,North,T1,25-29,<25k,3,Pharmacy Chain,Occasionally,4,4,Online/Social media,0.326,False,Other brand
CON01895,1-5 years,East,T1,25-29,>1L,2,Pharmacy Chain,Every 2-3 months,1,4,Family/Friends,0.551,False,DePURA Kids
CON01896,0-12 months,West,T1,40+,50k-1L,2,Retail Chemist,Monthly,3,4,Pediatrician,0.952,False,Other brand
CON01897,0-12 months,Central,T3,35-39,50k-1L,5,Retail Chemist,Every 2-3 months,3,4,Gynecologist,0.644,False,Other brand
CON01898,1-5 years,North,T2,25-29,<25k,5,E-Pharmacy,Occasionally,3,3,Online/Social media,0.334,False,Other brand
CON01899,1-5 years,North,T1,35-39,50k-1L,4,E-Pharmacy,Monthly,1,5,Pediatrician,0.776,False,DePURA Kids
CON01900,1-5 years,West,T1,18-24,50k-1L,5,Pharmacy Chain,Occasionally,2,4,Online/Social media,0.45,False,DePURA Kids
CON01901,1-5 years,North,T2,30-34,>1L,4,Retail Chemist,Monthly,3,3,Pediatrician,0.87,True,Other brand
CON01902,1-5 years,North,T1,18-24,50k-1L,3,E-Pharmacy,Monthly,3,3,Pediatrician,0.753,False,Not currently buying
CON01903,1-5 years,North,T2,25-29,25k-50k,5,Pharmacy Chain,Occasionally,5,3,Pediatrician,0.487,False,Other brand
CON01904,0-12 months,South,T1,25-29,25k-50k,4,Pharmacy Chain,Occasionally,3,4,Family/Friends,0.42,False,DePURA Kids
CON01905,6-12 years,North,T3,25-29,25k-50k,4,E-Pharmacy,Every 2-3 months,5,3,Pediatrician,0.619,False,Other brand
CON01906,0-12 months,East,T2,25-29,<25k,2,Retail Chemist,Monthly,4,4,Pediatrician,0.721,False,Other brand
CON01907,1-5 years,East,T3,30-34,25k-50k,4,Retail Chemist,Monthly,4,4,Pediatrician,0.746,False,DePURA Kids
CON01908,6-12 years,West,T1,25-29,50k-1L,5,Retail Chemist,Occasionally,3,4,Gynecologist,0.451,False,Other brand
CON01909,1-5 years,South,T1,30-34,>1L,5,Retail Chemist,Every 2-3 months,3,3,Pediatrician,0.669,True,Other brand
CON01910,1-5 years,North,T3,30-34,<25k,5,Hospital Pharmacy,Monthly,4,4,Pediatrician,0.712,False,Other brand
CON01911,0-12 months,West,T2,30-34,25k-50k,2,E-Pharmacy,Every 2-3 months,2,5,Pharmacist,0.672,False,Other brand
CON01912,0-12 months,West,T1,18-24,>1L,4,Retail Chemist,Monthly,2,3,Pediatrician,1.0,True,Other brand
CON01913,13-18 years,East,T1,35-39,50k-1L,5,Retail Chemist,Monthly,3,3,Family/Friends,0.753,False,Other brand
CON01914,0-12 months,West,T1,35-39,<25k,4,Quick Commerce,Monthly,4,4,Pediatrician,0.723,False,Other brand
CON01915,1-5 years,North,T2,35-39,50k-1L,5,Retail Chemist,Monthly,3,4,Pharmacist,0.742,False,Not currently buying
CON01916,0-12 months,South,T1,30-34,>1L,3,Retail Chemist,Monthly,2,4,Pediatrician,1.0,True,DePURA Kids
CON01917,0-12 months,South,T1,35-39,>1L,4,Retail Chemist,Every 2-3 months,1,3,Pharmacist,0.575,False,Not currently buying
CON01918,6-12 years,West,T1,30-34,25k-50k,3,Pharmacy Chain,Every 2-3 months,3,5,Pediatrician,0.661,False,Not currently buying
CON01919,0-12 months,South,T2,30-34,>1L,3,Hospital Pharmacy,Every 2-3 months,4,3,Online/Social media,0.584,False,Other brand
CON01920,1-5 years,South,T1,18-24,>1L,3,E-Pharmacy,Every 2-3 months,3,4,Pediatrician,0.642,False,Other brand
CON01921,0-12 months,North,T2,25-29,<25k,4,Retail Chemist,Every 2-3 months,4,3,Family/Friends,0.618,False,Other brand
CON01922,1-5 years,North,T2,35-39,50k-1L,4,Retail Chemist,Every 2-3 months,3,5,Pediatrician,0.658,False,DePURA Kids
CON01923,1-5 years,South,T1,35-39,50k-1L,4,Retail Chemist,Monthly,2,4,Pediatrician,0.762,False,Other brand
CON01924,0-12 months,South,T1,30-34,>1L,3,Quick Commerce,Monthly,3,3,Pediatrician,0.825,False,Other brand
CON01925,0-12 months,North,T1,30-34,50k-1L,5,Retail Chemist,Monthly,4,3,Pediatrician,0.711,False,DePURA Kids
CON01926,6-12 years,North,T3,25-29,25k-50k,4,Retail Chemist,Monthly,4,5,Pediatrician,0.711,False,Not currently buying
CON01927,6-12 years,North,T2,25-29,50k-1L,4,Retail Chemist,Every 2-3 months,3,4,Pediatrician,0.686,False,Other brand
CON01928,0-12 months,East,T2,30-34,25k-50k,3,E-Pharmacy,Every 2-3 months,4,5,Pediatrician,0.573,False,Other brand
CON01929,0-12 months,West,T3,25-29,>1L,4,Retail Chemist,Every 2-3 months,2,4,Gynecologist,0.52,False,Other brand
CON01930,1-5 years,Central,T2,40+,<25k,3,Hospital Pharmacy,Every 2-3 months,4,4,Pediatrician,0.557,True,Other brand
CON01931,0-12 months,North,T2,30-34,25k-50k,4,Pharmacy Chain,Every 2-3 months,3,2,Family/Friends,0.582,False,Other brand
CON01932,1-5 years,West,T3,40+,<25k,4,E-Pharmacy,Monthly,4,5,Family/Friends,0.736,False,Not currently buying
CON01933,0-12 months,East,T2,30-34,25k-50k,2,Retail Chemist,Monthly,3,4,Pediatrician,0.837,False,Other brand
CON01934,0-12 months,East,T1,30-34,25k-50k,3,Retail Chemist,One-time,4,2,Family/Friends,0.3,False,Other brand
CON01935,1-5 years,West,T3,30-34,25k-50k,2,Retail Chemist,Every 2-3 months,4,4,Family/Friends,0.505,False,Other brand
CON01936,6-12 years,East,T1,30-34,<25k,4,E-Pharmacy,Occasionally,4,4,Family/Friends,0.391,False,Other brand
CON01937,1-5 years,West,T1,30-34,>1L,3,Retail Chemist,Every 2-3 months,3,5,Pediatrician,0.592,True,DePURA Kids
CON01938,1-5 years,South,T1,25-29,<25k,4,E-Pharmacy,Monthly,5,5,Pediatrician,0.709,False,DePURA Kids
CON01939,0-12 months,West,T2,30-34,50k-1L,3,E-Pharmacy,Monthly,3,3,Online/Social media,0.808,False,Other brand
CON01940,0-12 months,South,T1,40+,25k-50k,3,Pharmacy Chain,Monthly,4,5,Pediatrician,0.869,False,DePURA Kids
CON01941,1-5 years,South,T1,30-34,50k-1L,5,Pharmacy Chain,Every 2-3 months,3,4,Pediatrician,0.556,True,Not currently buying
CON01942,0-12 months,North,T2,40+,50k-1L,5,E-Pharmacy,Every 2-3 months,3,4,Pediatrician,0.61,False,Other brand
CON01943,1-5 years,East,T3,40+,25k-50k,5,Retail Chemist,Occasionally,2,4,Pediatrician,0.456,False,Other brand
CON01944,1-5 years,North,T3,25-29,25k-50k,4,Hospital Pharmacy,Every 2-3 months,4,5,Family/Friends,0.646,False,Other brand
CON01945,0-12 months,South,T1,25-29,<25k,3,Pharmacy Chain,Every 2-3 months,5,3,Gynecologist,0.545,True,Other brand
CON01946,6-12 years,East,T3,35-39,<25k,2,Hospital Pharmacy,Occasionally,4,5,Pediatrician,0.39,False,Other brand
CON01947,6-12 years,West,T1,40+,50k-1L,3,Retail Chemist,Every 2-3 months,4,5,Pediatrician,0.689,False,Other brand
CON01948,6-12 years,East,T2,30-34,50k-1L,4,E-Pharmacy,Occasionally,,4,Online/Social media,0.422,True,DePURA Kids
CON01949,0-12 months,South,T1,30-34,50k-1L,4,Quick Commerce,Every 2-3 months,4,5,Family/Friends,0.601,False,Other brand
CON01950,1-5 years,South,T2,35-39,>1L,5,E-Pharmacy,Monthly,3,4,Pediatrician,0.956,False,Other brand
CON01951,0-12 months,North,T2,30-34,25k-50k,2,E-Pharmacy,Monthly,3,2,Family/Friends,1.0,True,Other brand
CON01952,0-12 months,West,T2,35-39,>1L,5,Hospital Pharmacy,Monthly,3,3,Pediatrician,0.954,False,Other brand
CON01953,1-5 years,West,T3,35-39,<25k,3,Retail Chemist,Occasionally,5,5,Pediatrician,0.347,False,Other brand
CON01954,0-12 months,East,T3,30-34,25k-50k,3,Pharmacy Chain,Every 2-3 months,2,2,Family/Friends,0.519,False,Not currently buying
CON01955,1-5 years,West,T3,40+,>1L,4,Retail Chemist,Occasionally,2,4,Online/Social media,0.499,False,Other brand
CON01956,1-5 years,West,T2,35-39,50k-1L,4,Retail Chemist,Monthly,3,4,Pediatrician,0.733,False,DePURA Kids
CON01957,13-18 years,West,T1,40+,25k-50k,3,E-Pharmacy,Every 2-3 months,4,3,Pharmacist,0.551,False,Other brand
CON01958,6-12 years,East,T2,35-39,50k-1L,2,Pharmacy Chain,Every 2-3 months,2,4,Pediatrician,0.603,False,Other brand
CON01959,6-12 years,South,T1,30-34,>1L,1,Pharmacy Chain,Every 2-3 months,4,5,Pediatrician,0.612,False,Other brand
CON01960,6-12 years,Central,T2,30-34,>1L,2,Retail Chemist,Occasionally,3,2,Gynecologist,0.309,False,Other brand
CON01961,6-12 years,South,T1,25-29,25k-50k,3,Pharmacy Chain,Every 2-3 months,3,2,Online/Social media,0.529,True,Other brand
CON01962,0-12 months,West,T1,25-29,>1L,4,Retail Chemist,Monthly,2,3,Pediatrician,0.866,True,Not currently buying
CON01963,1-5 years,East,T1,30-34,>1L,5,Retail Chemist,Monthly,2,5,Online/Social media,0.731,False,DePURA Kids
CON01964,6-12 years,South,T1,25-29,50k-1L,4,Retail Chemist,Every 2-3 months,4,4,Online/Social media,0.679,False,Other brand
CON01965,0-12 months,North,T3,25-29,<25k,4,Retail Chemist,Every 2-3 months,4,4,Pediatrician,0.645,False,Other brand
CON01966,0-12 months,North,T2,25-29,25k-50k,2,Retail Chemist,Every 2-3 months,3,3,Gynecologist,0.631,True,Not currently buying
CON01967,13-18 years,Central,T2,30-34,<25k,4,E-Pharmacy,Every 2-3 months,3,5,Online/Social media,0.586,False,DePURA Kids
CON01968,0-12 months,South,T1,25-29,50k-1L,1,Retail Chemist,Every 2-3 months,2,5,Gynecologist,0.696,False,Other brand
CON01969,6-12 years,West,T1,35-39,50k-1L,4,Quick Commerce,Monthly,4,4,Pediatrician,0.767,True,Not currently buying
CON01970,6-12 years,East,T2,30-34,>1L,3,Retail Chemist,Occasionally,3,4,Pediatrician,0.442,False,Other brand
CON01971,1-5 years,Central,T3,25-29,<25k,3,E-Pharmacy,Every 2-3 months,3,5,Family/Friends,0.69,False,Other brand
CON01972,0-12 months,East,T1,30-34,50k-1L,4,Retail Chemist,Monthly,2,5,Pediatrician,1.0,False,Other brand
CON01973,0-12 months,North,T2,25-29,50k-1L,3,Quick Commerce,Every 2-3 months,4,4,Gynecologist,0.606,False,Other brand
CON01974,6-12 years,Central,T3,18-24,50k-1L,3,Retail Chemist,Occasionally,4,1,Gynecologist,0.41,True,Other brand
CON01975,6-12 years,East,T2,40+,<25k,4,E-Pharmacy,Every 2-3 months,4,4,Pediatrician,0.67,False,DePURA Kids
CON01976,1-5 years,West,T1,25-29,>1L,3,E-Pharmacy,Monthly,1,4,Family/Friends,0.885,False,Other brand
CON01977,1-5 years,South,T1,30-34,>1L,3,Hospital Pharmacy,Occasionally,5,3,Pediatrician,0.476,True,Not currently buying
CON01978,0-12 months,South,T1,25-29,50k-1L,3,Hospital Pharmacy,Every 2-3 months,3,4,Online/Social media,0.615,False,Other brand
CON01979,6-12 years,West,T1,25-29,50k-1L,3,E-Pharmacy,One-time,3,3,Pharmacist,0.26,False,Not currently buying
CON01980,0-12 months,South,T2,18-24,50k-1L,5,Hospital Pharmacy,Occasionally,2,4,Pediatrician,0.47,False,DePURA Kids
CON01981,0-12 months,West,T1,30-34,25k-50k,4,Pharmacy Chain,Monthly,3,4,Pediatrician,1.0,False,DePURA Kids
CON01982,1-5 years,West,T2,35-39,25k-50k,3,E-Pharmacy,Every 2-3 months,2,5,Gynecologist,0.647,False,Other brand
CON01983,1-5 years,South,T3,25-29,<25k,5,Retail Chemist,Occasionally,5,3,Family/Friends,0.449,True,Other brand
CON01984,0-12 months,North,T2,30-34,25k-50k,3,Pharmacy Chain,Every 2-3 months,4,3,Pediatrician,0.526,False,Other brand
CON01985,1-5 years,East,T3,40+,50k-1L,4,Retail Chemist,One-time,3,4,Family/Friends,0.299,False,Other brand
CON01986,6-12 years,North,T1,25-29,>1L,5,Pharmacy Chain,Every 2-3 months,3,4,Pediatrician,0.69,False,DePURA Kids
CON01987,0-12 months,East,T3,30-34,50k-1L,5,Retail Chemist,Every 2-3 months,3,4,Family/Friends,0.536,False,Other brand
CON01988,1-5 years,Central,T3,30-34,<25k,4,Retail Chemist,Occasionally,5,3,Online/Social media,0.37,True,Other brand
CON01989,0-12 months,South,T3,30-34,<25k,5,Retail Chemist,Occasionally,4,4,Pediatrician,0.496,False,Other brand
CON01990,1-5 years,East,T2,30-34,<25k,4,E-Pharmacy,Monthly,4,4,Pediatrician,0.76,True,DePURA Kids
CON01991,6-12 years,East,T2,30-34,25k-50k,3,Hospital Pharmacy,One-time,4,3,Online/Social media,0.177,True,Other brand
CON01992,6-12 years,East,T1,25-29,>1L,4,Hospital Pharmacy,Every 2-3 months,2,5,Pharmacist,0.583,False,DePURA Kids
CON01993,0-12 months,South,T1,25-29,50k-1L,2,E-Pharmacy,Every 2-3 months,3,3,Pharmacist,0.682,False,Not currently buying
CON01994,1-5 years,Central,T3,30-34,<25k,5,Pharmacy Chain,Every 2-3 months,4,2,Pediatrician,0.52,False,Other brand
CON01995,0-12 months,North,T2,30-34,25k-50k,4,Quick Commerce,Occasionally,3,3,Family/Friends,0.479,False,Not currently buying
CON01996,1-5 years,West,T1,25-29,50k-1L,2,Hospital Pharmacy,Every 2-3 months,2,5,Pediatrician,0.697,False,Other brand
CON01997,13-18 years,South,T1,30-34,50k-1L,4,Retail Chemist,Every 2-3 months,3,5,Family/Friends,0.638,False,Other brand
CON01998,0-12 months,North,T2,30-34,<25k,3,Retail Chemist,Monthly,5,5,Pediatrician,0.878,False,Not currently buying
CON01999,0-12 months,South,T1,25-29,50k-1L,5,Retail Chemist,Occasionally,4,3,Pharmacist,0.419,True,Other brand
CON02000,6-12 years,Central,T3,30-34,<25k,4,E-Pharmacy,Monthly,4,4,Pediatrician,0.742,False,Not currently buying
CON02001,0-12 months,South,T1,35-39,50k-1L,3,Retail Chemist,Occasionally,2,4,Pediatrician,0.481,False,Not currently buying
CON02002,1-5 years,South,T1,25-29,>1L,4,Retail Chemist,Monthly,1,3,Pediatrician,0.808,False,Other brand
CON02003,0-12 months,East,T1,30-34,50k-1L,4,Retail Chemist,Monthly,2,2,Pharmacist,0.799,True,Not currently buying
CON02004,1-5 years,West,T1,40+,>1L,2,E-Pharmacy,Monthly,3,5,Pediatrician,0.723,False,Other brand
CON02005,0-12 months,South,T1,40+,25k-50k,3,Hospital Pharmacy,One-time,3,4,Gynecologist,0.292,False,DePURA Kids
CON02006,0-12 months,South,T1,18-24,<25k,3,E-Pharmacy,Every 2-3 months,5,3,Online/Social media,0.659,False,Other brand
CON02007,0-12 months,West,T1,30-34,>1L,5,Retail Chemist,Occasionally,4,2,Gynecologist,0.317,False,Not currently buying
CON02008,0-12 months,South,T1,35-39,>1L,4,E-Pharmacy,Monthly,3,5,Pediatrician,0.816,False,Not currently buying
CON02009,6-12 years,West,T1,30-34,50k-1L,4,Retail Chemist,Occasionally,4,4,Family/Friends,0.491,False,Other brand
CON02010,6-12 years,South,T1,40+,25k-50k,4,Retail Chemist,Every 2-3 months,5,4,Pediatrician,0.607,True,DePURA Kids
CON02011,1-5 years,East,T3,25-29,25k-50k,4,Retail Chemist,Occasionally,5,3,Pediatrician,0.449,True,Not currently buying
CON02012,1-5 years,North,T3,18-24,50k-1L,3,Retail Chemist,Every 2-3 months,5,3,Online/Social media,0.639,True,Other brand
CON02013,0-12 months,South,T1,25-29,50k-1L,4,Retail Chemist,Every 2-3 months,3,4,Pediatrician,0.584,False,DePURA Kids
CON02014,0-12 months,East,T1,35-39,25k-50k,4,Pharmacy Chain,Monthly,3,4,Pediatrician,0.749,False,Other brand
CON02015,0-12 months,South,T1,30-34,>1L,5,Quick Commerce,Every 2-3 months,2,3,Online/Social media,0.583,True,Other brand
CON02016,0-12 months,West,T1,35-39,50k-1L,4,Pharmacy Chain,Occasionally,2,5,Pharmacist,0.326,False,DePURA Kids
CON02017,0-12 months,South,T1,30-34,50k-1L,3,Pharmacy Chain,Every 2-3 months,3,5,Online/Social media,0.644,False,DePURA Kids
CON02018,0-12 months,West,T2,30-34,50k-1L,2,Hospital Pharmacy,Every 2-3 months,3,5,Family/Friends,0.545,False,Other brand
CON02019,13-18 years,West,T3,30-34,25k-50k,3,Hospital Pharmacy,Every 2-3 months,5,5,Pediatrician,0.57,False,DePURA Kids
CON02020,1-5 years,East,T2,25-29,25k-50k,4,E-Pharmacy,Every 2-3 months,3,5,Pediatrician,0.637,False,DePURA Kids
CON02021,0-12 months,West,T2,25-29,50k-1L,4,Retail Chemist,Monthly,2,3,Online/Social media,0.962,True,Other brand
CON02022,1-5 years,East,T3,35-39,<25k,4,Retail Chemist,Every 2-3 months,5,3,Pharmacist,0.575,False,Not currently buying
CON02023,1-5 years,South,T2,30-34,<25k,2,E-Pharmacy,Occasionally,4,4,Pharmacist,0.498,False,Other brand
CON02024,0-12 months,West,T1,30-34,50k-1L,4,Retail Chemist,Every 2-3 months,4,3,Family/Friends,0.51,True,Not currently buying
CON02025,0-12 months,East,T3,35-39,>1L,5,Retail Chemist,Monthly,2,3,Pediatrician,0.855,False,DePURA Kids
CON02026,1-5 years,North,T2,18-24,50k-1L,3,Retail Chemist,Occasionally,3,3,Online/Social media,0.347,False,DePURA Kids
CON02027,1-5 years,East,T3,30-34,<25k,5,Retail Chemist,Occasionally,5,5,Online/Social media,0.335,False,Other brand
CON02028,0-12 months,South,T1,18-24,50k-1L,3,Quick Commerce,Occasionally,3,2,Family/Friends,0.44,True,Other brand
CON02029,13-18 years,Central,T3,30-34,50k-1L,5,Retail Chemist,Occasionally,2,4,Family/Friends,0.397,False,Other brand
CON02030,0-12 months,West,T1,35-39,50k-1L,5,E-Pharmacy,Monthly,4,2,Pediatrician,1.0,True,Other brand
CON02031,1-5 years,East,T3,18-24,25k-50k,1,Pharmacy Chain,Occasionally,5,3,Pharmacist,0.391,False,Not currently buying
CON02032,0-12 months,South,T2,35-39,25k-50k,3,Retail Chemist,Monthly,3,5,Pediatrician,0.96,False,Other brand
CON02033,0-12 months,Central,T3,25-29,25k-50k,5,E-Pharmacy,Monthly,4,5,Family/Friends,0.743,False,Other brand
CON02034,0-12 months,South,T2,25-29,25k-50k,4,Retail Chemist,Every 2-3 months,3,5,Online/Social media,0.552,False,Not currently buying
CON02035,0-12 months,Central,T3,18-24,25k-50k,4,Retail Chemist,Occasionally,5,4,Pharmacist,0.388,False,Other brand
CON02036,1-5 years,South,T2,30-34,25k-50k,4,Hospital Pharmacy,Every 2-3 months,4,4,Pediatrician,0.517,False,Other brand
CON02037,6-12 years,South,T1,25-29,50k-1L,5,Retail Chemist,Every 2-3 months,3,4,Pediatrician,0.522,False,DePURA Kids
CON02038,0-12 months,North,T2,30-34,25k-50k,5,Retail Chemist,Every 2-3 months,3,4,Pediatrician,0.585,False,Other brand
CON02039,6-12 years,North,T2,30-34,25k-50k,5,E-Pharmacy,Monthly,3,4,Pediatrician,0.75,False,Other brand
CON02040,1-5 years,South,T2,30-34,25k-50k,4,Retail Chemist,Every 2-3 months,4,4,Gynecologist,0.511,False,Other brand
CON02041,1-5 years,West,T1,25-29,50k-1L,4,Quick Commerce,Occasionally,5,4,Pediatrician,0.475,True,Not currently buying
CON02042,0-12 months,East,T3,25-29,>1L,5,Retail Chemist,Monthly,4,5,Pediatrician,0.803,False,Not currently buying
CON02043,0-12 months,Central,T2,25-29,>1L,5,Quick Commerce,Every 2-3 months,3,4,Pharmacist,0.673,False,Not currently buying
CON02044,0-12 months,North,T2,35-39,25k-50k,5,E-Pharmacy,Monthly,3,3,Pediatrician,0.979,True,DePURA Kids
CON02045,0-12 months,South,T1,30-34,50k-1L,3,Hospital Pharmacy,Every 2-3 months,2,4,Pediatrician,0.673,False,Not currently buying
CON02046,1-5 years,South,T2,35-39,50k-1L,4,Retail Chemist,Monthly,2,3,Family/Friends,0.728,False,Other brand
CON02047,6-12 years,South,T1,25-29,25k-50k,5,Retail Chemist,Occasionally,5,4,Pediatrician,0.342,False,DePURA Kids
CON02048,1-5 years,East,T3,35-39,<25k,3,Hospital Pharmacy,Every 2-3 months,5,2,Pediatrician,0.659,True,Other brand
CON02049,0-12 months,South,T2,35-39,50k-1L,4,E-Pharmacy,Monthly,3,1,Online/Social media,0.773,False,Not currently buying
CON02050,1-5 years,South,T1,18-24,>1L,3,E-Pharmacy,Monthly,2,4,Pediatrician,0.77,True,Other brand
CON02051,1-5 years,Central,T2,25-29,25k-50k,3,Retail Chemist,Occasionally,4,3,Pediatrician,0.422,False,DePURA Kids
CON02052,0-12 months,South,T1,25-29,50k-1L,2,Retail Chemist,Monthly,3,5,Online/Social media,0.775,False,Other brand
CON02053,0-12 months,West,T1,30-34,<25k,5,Pharmacy Chain,Monthly,3,4,Pediatrician,0.824,True,Other brand
CON02054,1-5 years,West,T1,30-34,>1L,5,Quick Commerce,Every 2-3 months,3,3,Pediatrician,0.698,False,Not currently buying
CON02055,1-5 years,South,T1,25-29,>1L,3,Retail Chemist,Occasionally,3,3,Pediatrician,0.32,False,Other brand
CON02056,0-12 months,South,T1,30-34,25k-50k,5,Retail Chemist,Occasionally,5,2,Gynecologist,0.408,True,Other brand
CON02057,0-12 months,North,T2,35-39,50k-1L,3,Retail Chemist,Monthly,4,4,Pediatrician,0.772,False,Not currently buying
CON02058,0-12 months,West,T3,35-39,25k-50k,4,Retail Chemist,Every 2-3 months,4,5,Pharmacist,0.605,False,Other brand
CON02059,1-5 years,North,T1,30-34,25k-50k,2,Pharmacy Chain,Occasionally,3,4,Pharmacist,0.49,False,Other brand
CON02060,0-12 months,Central,T2,35-39,>1L,5,E-Pharmacy,Monthly,3,3,Pediatrician,0.897,False,DePURA Kids
CON02061,1-5 years,West,T1,18-24,25k-50k,4,Retail Chemist,Monthly,4,4,Pediatrician,0.784,True,Not currently buying
CON02062,0-12 months,North,T1,40+,>1L,3,Quick Commerce,Every 2-3 months,1,5,Online/Social media,0.607,False,DePURA Kids
CON02063,6-12 years,West,T1,18-24,25k-50k,5,Pharmacy Chain,Every 2-3 months,3,3,Pediatrician,0.679,True,Other brand
CON02064,1-5 years,West,T1,30-34,>1L,4,Retail Chemist,Every 2-3 months,2,5,Pediatrician,0.5,False,DePURA Kids
CON02065,0-12 months,East,T3,30-34,<25k,3,E-Pharmacy,Occasionally,4,3,Gynecologist,0.41,False,Other brand
CON02066,6-12 years,West,T1,40+,50k-1L,4,E-Pharmacy,Every 2-3 months,3,4,Family/Friends,0.528,False,Other brand
CON02067,0-12 months,North,T1,30-34,>1L,4,E-Pharmacy,Every 2-3 months,4,4,Gynecologist,0.556,False,DePURA Kids
CON02068,6-12 years,West,T2,30-34,25k-50k,4,Retail Chemist,Every 2-3 months,5,1,Online/Social media,0.531,True,Not currently buying
CON02069,0-12 months,South,T1,18-24,>1L,4,Retail Chemist,Every 2-3 months,2,4,Family/Friends,0.692,False,DePURA Kids
CON02070,6-12 years,East,T2,18-24,<25k,5,Hospital Pharmacy,Every 2-3 months,4,3,Online/Social media,0.536,False,DePURA Kids
CON02071,6-12 years,East,T1,30-34,25k-50k,4,Hospital Pharmacy,Monthly,3,5,Pediatrician,0.761,False,DePURA Kids
CON02072,0-12 months,West,T1,35-39,>1L,5,Retail Chemist,Every 2-3 months,1,5,Pediatrician,0.562,False,DePURA Kids
CON02073,1-5 years,South,T1,25-29,>1L,3,Quick Commerce,Every 2-3 months,2,4,Pharmacist,0.664,False,Not currently buying
CON02074,0-12 months,East,T2,25-29,<25k,3,Hospital Pharmacy,Every 2-3 months,4,4,Pediatrician,0.683,False,Other brand
CON02075,0-12 months,North,T2,30-34,25k-50k,3,Retail Chemist,Every 2-3 months,4,4,Pediatrician,0.693,False,Other brand
CON02076,0-12 months,East,T1,25-29,25k-50k,5,E-Pharmacy,Monthly,5,4,Pediatrician,0.706,False,Other brand
CON02077,0-12 months,East,T1,30-34,25k-50k,4,Pharmacy Chain,Monthly,4,4,Pediatrician,0.807,False,DePURA Kids
CON02078,1-5 years,East,T2,30-34,<25k,3,Retail Chemist,Every 2-3 months,2,2,Family/Friends,0.677,False,Other brand
CON02079,13-18 years,East,T2,30-34,25k-50k,3,Retail Chemist,Monthly,2,3,Pediatrician,0.715,False,DePURA Kids
CON02080,0-12 months,North,T2,25-29,50k-1L,1,Retail Chemist,Monthly,3,5,Pediatrician,0.979,False,Other brand
CON02081,1-5 years,Central,T3,25-29,<25k,2,Retail Chemist,One-time,4,5,Online/Social media,0.244,False,Other brand
CON02082,0-12 months,North,T2,25-29,50k-1L,2,Retail Chemist,Every 2-3 months,4,4,Online/Social media,0.678,False,Other brand
CON02083,6-12 years,West,T1,30-34,25k-50k,5,Retail Chemist,Every 2-3 months,2,4,Pediatrician,0.589,False,DePURA Kids
CON02084,0-12 months,South,T2,30-34,25k-50k,2,Retail Chemist,Monthly,4,5,Online/Social media,0.802,False,Other brand
CON02085,13-18 years,East,T1,30-34,25k-50k,5,E-Pharmacy,Every 2-3 months,3,3,Pediatrician,0.519,False,Not currently buying
CON02086,6-12 years,West,T2,25-29,<25k,4,Retail Chemist,Every 2-3 months,3,4,Pediatrician,0.53,False,Not currently buying
CON02087,1-5 years,South,T2,25-29,<25k,5,Hospital Pharmacy,Occasionally,3,4,Pharmacist,0.301,False,Other brand
CON02088,1-5 years,North,T2,18-24,25k-50k,5,Hospital Pharmacy,Every 2-3 months,3,3,Online/Social media,0.572,False,DePURA Kids
CON02089,0-12 months,West,T2,25-29,50k-1L,5,Retail Chemist,Monthly,3,5,Pharmacist,0.729,False,Other brand
CON02090,0-12 months,North,T1,30-34,>1L,4,Retail Chemist,Every 2-3 months,,4,Pharmacist,0.592,False,Other brand
CON02091,6-12 years,South,T1,35-39,>1L,5,E-Pharmacy,Monthly,2,4,Pharmacist,0.803,False,Other brand
CON02092,1-5 years,West,T1,25-29,50k-1L,3,E-Pharmacy,Occasionally,3,3,Family/Friends,0.405,True,Other brand
CON02093,6-12 years,North,T1,40+,25k-50k,4,Retail Chemist,One-time,4,4,Family/Friends,0.246,False,Other brand
CON02094,0-12 months,West,T1,40+,<25k,2,Retail Chemist,Occasionally,4,3,Online/Social media,0.486,True,Other brand
CON02095,0-12 months,West,T1,35-39,50k-1L,4,Pharmacy Chain,Monthly,4,3,Pediatrician,0.839,False,Not currently buying
CON02096,6-12 years,South,T1,35-39,50k-1L,3,E-Pharmacy,Monthly,2,5,Pediatrician,0.715,False,Other brand
CON02097,0-12 months,West,T1,30-34,50k-1L,4,Quick Commerce,Occasionally,2,5,Family/Friends,0.457,False,Not currently buying
CON02098,1-5 years,West,T1,35-39,50k-1L,4,Quick Commerce,Every 2-3 months,4,5,Online/Social media,0.64,True,Not currently buying
CON02099,0-12 months,North,T1,25-29,25k-50k,2,E-Pharmacy,Every 2-3 months,3,5,Pediatrician,0.626,False,Not currently buying
CON02100,13-18 years,South,T1,30-34,>1L,3,Quick Commerce,Every 2-3 months,1,4,Gynecologist,0.528,False,DePURA Kids
CON02101,13-18 years,North,T1,35-39,>1L,3,Retail Chemist,Occasionally,2,4,Family/Friends,0.405,False,DePURA Kids
CON02102,1-5 years,West,T1,25-29,25k-50k,3,Retail Chemist,Occasionally,2,2,Family/Friends,0.491,False,Other brand
CON02103,1-5 years,North,T3,25-29,<25k,4,E-Pharmacy,Occasionally,5,2,Pharmacist,0.476,True,Other brand
CON02104,6-12 years,East,T3,30-34,25k-50k,3,Retail Chemist,Every 2-3 months,3,4,Pharmacist,0.515,False,Not currently buying
CON02105,0-12 months,South,T1,30-34,>1L,3,E-Pharmacy,Every 2-3 months,1,4,Family/Friends,0.546,False,Other brand
CON02106,1-5 years,North,T1,40+,>1L,4,E-Pharmacy,One-time,3,3,Pharmacist,0.275,False,Not currently buying
CON02107,1-5 years,South,T3,40+,50k-1L,4,E-Pharmacy,Every 2-3 months,4,3,Pediatrician,0.554,False,Other brand
CON02108,0-12 months,East,T1,30-34,>1L,4,E-Pharmacy,Monthly,2,4,Family/Friends,0.714,False,DePURA Kids
CON02109,1-5 years,South,T3,40+,25k-50k,3,Retail Chemist,Occasionally,3,4,Pediatrician,0.351,False,Other brand
CON02110,0-12 months,Central,T2,18-24,25k-50k,5,Retail Chemist,Every 2-3 months,2,3,Online/Social media,0.594,False,Other brand
CON02111,0-12 months,West,T1,25-29,50k-1L,3,Pharmacy Chain,Every 2-3 months,4,4,Family/Friends,0.524,False,Other brand
CON02112,0-12 months,South,T1,18-24,<25k,3,Hospital Pharmacy,Every 2-3 months,5,5,Family/Friends,0.522,False,Other brand
CON02113,6-12 years,North,T1,25-29,>1L,5,E-Pharmacy,Every 2-3 months,4,3,Pediatrician,0.6,True,Other brand
CON02114,6-12 years,North,T2,35-39,25k-50k,5,Retail Chemist,Monthly,2,3,Pediatrician,0.709,True,DePURA Kids
CON02115,1-5 years,East,T2,18-24,50k-1L,5,Quick Commerce,Every 2-3 months,3,4,Pediatrician,0.555,False,DePURA Kids
CON02116,1-5 years,South,T1,40+,50k-1L,3,Pharmacy Chain,Every 2-3 months,3,5,Pediatrician,0.565,False,DePURA Kids
CON02117,0-12 months,North,T2,30-34,50k-1L,3,Retail Chemist,Monthly,3,3,Pediatrician,0.867,False,Other brand
CON02118,1-5 years,South,T3,30-34,25k-50k,4,Retail Chemist,Occasionally,3,3,Pharmacist,0.452,False,Other brand
CON02119,0-12 months,East,T3,25-29,50k-1L,4,Retail Chemist,Every 2-3 months,2,3,Pharmacist,0.627,False,Other brand
CON02120,0-12 months,South,T3,40+,<25k,4,Retail Chemist,Every 2-3 months,4,4,Pediatrician,0.643,True,Not currently buying
CON02121,0-12 months,South,T1,18-24,50k-1L,5,Retail Chemist,Monthly,3,4,Pediatrician,0.703,False,DePURA Kids
CON02122,0-12 months,Central,T2,25-29,<25k,4,Pharmacy Chain,Every 2-3 months,4,3,Online/Social media,0.579,False,Not currently buying
CON02123,0-12 months,South,T1,30-34,<25k,5,Retail Chemist,Monthly,5,5,Pediatrician,0.848,False,DePURA Kids
CON02124,13-18 years,East,T1,30-34,50k-1L,4,Retail Chemist,Every 2-3 months,3,3,Pediatrician,0.672,False,DePURA Kids
CON02125,0-12 months,West,T1,30-34,50k-1L,2,Retail Chemist,Monthly,3,4,Pharmacist,0.776,False,Not currently buying
CON02126,0-12 months,South,T1,25-29,>1L,4,Pharmacy Chain,One-time,2,4,Online/Social media,0.284,False,Other brand
CON02127,0-12 months,South,T1,35-39,50k-1L,3,E-Pharmacy,Every 2-3 months,3,4,Online/Social media,0.651,True,Other brand
CON02128,0-12 months,North,T2,25-29,25k-50k,4,Quick Commerce,Monthly,3,5,Pediatrician,0.808,False,Other brand
CON02129,0-12 months,North,T2,30-34,25k-50k,4,E-Pharmacy,Monthly,3,5,Pediatrician,0.806,False,Other brand
CON02130,13-18 years,East,T1,25-29,50k-1L,4,Retail Chemist,One-time,4,5,Pediatrician,0.285,False,Not currently buying
CON02131,0-12 months,West,T1,35-39,>1L,3,E-Pharmacy,Monthly,2,4,Pediatrician,0.956,True,Not currently buying
CON02132,1-5 years,West,T1,25-29,>1L,4,Quick Commerce,Occasionally,3,4,Family/Friends,0.464,False,DePURA Kids
CON02133,1-5 years,West,T1,25-29,<25k,3,E-Pharmacy,Occasionally,4,3,Online/Social media,0.353,True,DePURA Kids
CON02134,6-12 years,Central,T3,40+,>1L,3,Retail Chemist,Monthly,2,5,Pediatrician,0.902,False,Other brand
CON02135,13-18 years,North,T1,35-39,50k-1L,4,Retail Chemist,Every 2-3 months,3,2,Pediatrician,0.699,True,Other brand
CON02136,1-5 years,West,T1,30-34,>1L,3,E-Pharmacy,Every 2-3 months,3,5,Gynecologist,0.583,False,Not currently buying
CON02137,6-12 years,Central,T2,35-39,50k-1L,3,Retail Chemist,Every 2-3 months,3,3,Online/Social media,0.532,False,Not currently buying
CON02138,6-12 years,South,T2,30-34,50k-1L,5,Retail Chemist,Occasionally,2,5,Pharmacist,0.445,False,DePURA Kids
CON02139,0-12 months,North,T2,25-29,50k-1L,3,Retail Chemist,Monthly,,3,Family/Friends,0.786,False,Not currently buying
CON02140,6-12 years,West,T2,35-39,50k-1L,3,Pharmacy Chain,Occasionally,4,2,Gynecologist,0.426,False,Other brand
CON02141,0-12 months,Central,T2,25-29,<25k,4,Pharmacy Chain,Monthly,4,5,Pediatrician,0.743,False,Other brand
CON02142,0-12 months,South,T2,25-29,<25k,2,E-Pharmacy,Monthly,3,4,Pharmacist,0.706,False,DePURA Kids
CON02143,0-12 months,South,T1,30-34,50k-1L,4,E-Pharmacy,Every 2-3 months,3,3,Gynecologist,0.58,False,Not currently buying
CON02144,6-12 years,North,T1,40+,>1L,2,E-Pharmacy,Every 2-3 months,3,5,Pediatrician,0.595,False,Not currently buying
CON02145,6-12 years,West,T1,30-34,>1L,3,Retail Chemist,Every 2-3 months,2,3,Pharmacist,0.54,True,Other brand
CON02146,13-18 years,North,T2,30-34,<25k,4,Retail Chemist,Every 2-3 months,4,5,Pediatrician,0.502,False,Other brand
CON02147,0-12 months,North,T2,35-39,50k-1L,4,E-Pharmacy,Monthly,3,4,Pediatrician,0.728,False,Not currently buying
CON02148,13-18 years,West,T1,25-29,50k-1L,5,E-Pharmacy,Monthly,3,4,Pediatrician,0.718,False,DePURA Kids
CON02149,1-5 years,Central,T3,35-39,25k-50k,4,E-Pharmacy,Monthly,4,5,Pediatrician,0.91,False,Not currently buying
CON02150,6-12 years,South,T2,25-29,50k-1L,3,Retail Chemist,Monthly,4,4,Pediatrician,0.787,False,Other brand
CON02151,1-5 years,East,T1,30-34,<25k,4,E-Pharmacy,Occasionally,4,3,Pediatrician,0.411,False,Not currently buying
CON02152,6-12 years,West,T1,35-39,>1L,4,Retail Chemist,Monthly,1,5,Pediatrician,0.971,False,Other brand
CON02153,1-5 years,North,T2,40+,50k-1L,3,Retail Chemist,One-time,1,4,Family/Friends,0.267,False,Other brand
CON02154,13-18 years,Central,T3,40+,25k-50k,5,Hospital Pharmacy,One-time,4,2,Gynecologist,0.142,True,Other brand
CON02155,6-12 years,South,T3,40+,50k-1L,4,Retail Chemist,One-time,3,3,Online/Social media,0.191,False,Other brand
CON02156,0-12 months,Central,T3,25-29,<25k,4,Retail Chemist,Monthly,3,5,Pediatrician,0.771,False,DePURA Kids
CON02157,0-12 months,South,T2,25-29,>1L,2,Quick Commerce,Occasionally,2,3,Pharmacist,0.446,False,Not currently buying
CON02158,6-12 years,West,T2,25-29,<25k,4,E-Pharmacy,Occasionally,4,3,Online/Social media,0.359,True,Other brand
CON02159,1-5 years,West,T1,40+,>1L,3,Quick Commerce,Every 2-3 months,2,4,Pediatrician,0.502,False,Other brand
CON02160,1-5 years,Central,T3,25-29,50k-1L,3,Quick Commerce,Occasionally,4,3,Gynecologist,0.314,False,Other brand
CON02161,1-5 years,South,T1,30-34,50k-1L,4,E-Pharmacy,Every 2-3 months,4,5,Pediatrician,0.579,False,Other brand
CON02162,0-12 months,West,T1,30-34,50k-1L,4,Hospital Pharmacy,Monthly,3,4,Pediatrician,0.831,False,Not currently buying
CON02163,0-12 months,North,T3,30-34,50k-1L,3,Hospital Pharmacy,Every 2-3 months,,3,Gynecologist,0.584,True,Other brand
CON02164,6-12 years,East,T2,25-29,>1L,4,Retail Chemist,Monthly,2,5,Pediatrician,0.757,False,DePURA Kids
CON02165,1-5 years,South,T1,35-39,50k-1L,4,E-Pharmacy,Every 2-3 months,3,3,Online/Social media,0.669,False,Other brand
CON02166,6-12 years,South,T1,30-34,<25k,2,Quick Commerce,Monthly,4,4,Family/Friends,0.714,False,Other brand
CON02167,1-5 years,West,T1,25-29,25k-50k,4,Pharmacy Chain,Every 2-3 months,3,2,Pharmacist,0.505,False,Not currently buying
CON02168,0-12 months,East,T2,35-39,25k-50k,5,Hospital Pharmacy,Every 2-3 months,4,2,Family/Friends,0.513,False,Not currently buying
CON02169,0-12 months,Central,T2,40+,50k-1L,3,Retail Chemist,Every 2-3 months,3,2,Pharmacist,0.698,False,Other brand
CON02170,6-12 years,West,T1,30-34,25k-50k,3,Retail Chemist,Every 2-3 months,5,4,Pediatrician,0.676,False,Other brand
CON02171,13-18 years,West,T1,25-29,50k-1L,4,Pharmacy Chain,Occasionally,2,5,Online/Social media,0.493,False,DePURA Kids
CON02172,0-12 months,West,T1,18-24,>1L,3,E-Pharmacy,Every 2-3 months,3,3,Pediatrician,0.611,False,Other brand
CON02173,1-5 years,North,T1,25-29,50k-1L,3,E-Pharmacy,Every 2-3 months,2,3,Pediatrician,0.602,False,DePURA Kids
CON02174,1-5 years,West,T1,40+,50k-1L,4,E-Pharmacy,Monthly,4,5,Pediatrician,0.759,False,Other brand
CON02175,0-12 months,North,T3,35-39,<25k,4,E-Pharmacy,Every 2-3 months,4,3,Pediatrician,0.656,False,DePURA Kids
CON02176,0-12 months,West,T2,35-39,50k-1L,3,Pharmacy Chain,Monthly,2,4,Pediatrician,1.0,False,Other brand
CON02177,0-12 months,Central,T3,25-29,>1L,4,Retail Chemist,Monthly,4,4,Pediatrician,0.78,False,DePURA Kids
CON02178,0-12 months,West,T1,25-29,25k-50k,4,Quick Commerce,Every 2-3 months,3,4,Pediatrician,0.695,False,Other brand
CON02179,0-12 months,North,T1,30-34,<25k,5,Pharmacy Chain,Monthly,5,5,Pediatrician,0.715,False,Not currently buying
CON02180,6-12 years,East,T2,40+,25k-50k,5,Pharmacy Chain,Every 2-3 months,3,5,Online/Social media,0.665,False,DePURA Kids
CON02181,0-12 months,North,T2,18-24,25k-50k,4,Retail Chemist,Monthly,2,3,Pharmacist,0.786,False,Other brand
CON02182,6-12 years,West,T1,35-39,>1L,5,Retail Chemist,Monthly,2,4,Pediatrician,0.784,False,DePURA Kids
CON02183,1-5 years,South,T2,25-29,25k-50k,4,Retail Chemist,One-time,5,4,Family/Friends,0.215,False,Not currently buying
CON02184,0-12 months,East,T1,25-29,50k-1L,4,Retail Chemist,Monthly,4,4,Pediatrician,0.882,False,DePURA Kids
CON02185,1-5 years,South,T1,30-34,>1L,3,Pharmacy Chain,Every 2-3 months,3,3,Family/Friends,0.699,True,Other brand
CON02186,13-18 years,North,T2,30-34,50k-1L,1,Retail Chemist,Every 2-3 months,2,5,Pharmacist,0.546,False,Other brand
CON02187,13-18 years,South,T3,30-34,50k-1L,4,Retail Chemist,Every 2-3 months,4,3,Pediatrician,0.577,False,Not currently buying
CON02188,6-12 years,West,T2,30-34,<25k,5,Retail Chemist,Occasionally,4,5,Family/Friends,0.462,False,DePURA Kids
CON02189,6-12 years,South,T2,25-29,25k-50k,5,Retail Chemist,Every 2-3 months,,4,Pediatrician,0.536,False,Other brand
CON02190,0-12 months,West,T2,18-24,25k-50k,4,Hospital Pharmacy,Every 2-3 months,4,4,Family/Friends,0.549,False,DePURA Kids
CON02191,1-5 years,North,T1,25-29,50k-1L,4,Pharmacy Chain,Every 2-3 months,1,5,Pediatrician,0.604,False,Other brand
CON02192,1-5 years,Central,T2,25-29,25k-50k,3,Retail Chemist,Every 2-3 months,4,3,Gynecologist,0.679,False,Other brand
CON02193,6-12 years,North,T1,30-34,25k-50k,4,Retail Chemist,Monthly,2,4,Pediatrician,0.87,False,Other brand
CON02194,1-5 years,South,T1,35-39,50k-1L,5,E-Pharmacy,Every 2-3 months,3,5,Pediatrician,0.651,False,DePURA Kids
CON02195,1-5 years,West,T1,30-34,50k-1L,3,Retail Chemist,Occasionally,2,5,Pharmacist,0.331,False,DePURA Kids
CON02196,1-5 years,East,T1,25-29,25k-50k,5,Pharmacy Chain,Every 2-3 months,2,5,Pediatrician,0.651,False,DePURA Kids
CON02197,0-12 months,Central,T2,35-39,25k-50k,3,Retail Chemist,Every 2-3 months,3,4,Pediatrician,0.601,False,Other brand
CON02198,6-12 years,North,T1,30-34,50k-1L,4,Retail Chemist,Monthly,4,3,Pediatrician,0.719,False,Other brand
CON02199,0-12 months,South,T1,18-24,50k-1L,5,E-Pharmacy,Monthly,1,3,Pediatrician,1.0,False,Other brand
CON02200,6-12 years,South,T2,18-24,>1L,3,E-Pharmacy,Occasionally,,3,Online/Social media,0.48,False,Other brand
CON02201,1-5 years,North,T1,25-29,>1L,3,E-Pharmacy,Monthly,2,5,Pediatrician,0.769,False,DePURA Kids
CON02202,1-5 years,South,T2,30-34,<25k,4,Pharmacy Chain,Every 2-3 months,,5,Pediatrician,0.529,False,Other brand
CON02203,0-12 months,South,T1,25-29,50k-1L,4,E-Pharmacy,Occasionally,4,3,Online/Social media,0.406,True,Other brand
CON02204,13-18 years,South,T1,40+,25k-50k,3,Retail Chemist,Every 2-3 months,4,4,Pharmacist,0.54,False,Other brand
CON02205,1-5 years,West,T3,35-39,25k-50k,3,Hospital Pharmacy,Every 2-3 months,3,4,Family/Friends,0.611,False,Not currently buying
CON02206,6-12 years,South,T1,40+,25k-50k,4,E-Pharmacy,Occasionally,3,5,Pediatrician,0.492,False,DePURA Kids
CON02207,0-12 months,West,T3,30-34,50k-1L,4,Retail Chemist,Monthly,3,2,Pediatrician,0.803,True,Other brand
CON02208,6-12 years,West,T1,25-29,<25k,4,E-Pharmacy,Monthly,4,4,Pediatrician,0.781,True,DePURA Kids
CON02209,13-18 years,North,T1,30-34,25k-50k,4,E-Pharmacy,Occasionally,4,4,Pediatrician,0.354,False,Other brand
CON02210,0-12 months,Central,T2,35-39,50k-1L,3,Retail Chemist,Every 2-3 months,3,4,Online/Social media,0.595,False,Other brand
CON02211,6-12 years,South,T1,18-24,50k-1L,3,Pharmacy Chain,One-time,4,2,Family/Friends,0.284,True,Not currently buying
CON02212,0-12 months,North,T1,35-39,>1L,3,Quick Commerce,Monthly,3,4,Family/Friends,0.771,True,Other brand
CON02213,1-5 years,North,T1,25-29,>1L,4,Pharmacy Chain,Every 2-3 months,1,5,Family/Friends,0.532,False,DePURA Kids
CON02214,6-12 years,North,T2,35-39,25k-50k,4,E-Pharmacy,Monthly,4,3,Pediatrician,0.726,False,Other brand
CON02215,6-12 years,West,T1,30-34,50k-1L,2,Pharmacy Chain,Every 2-3 months,3,3,Pharmacist,0.572,False,Other brand
CON02216,0-12 months,Central,T2,40+,25k-50k,4,Pharmacy Chain,Occasionally,3,3,Pharmacist,0.334,False,Other brand
CON02217,0-12 months,South,T2,40+,<25k,3,Retail Chemist,Every 2-3 months,4,5,Pediatrician,0.575,False,DePURA Kids
CON02218,0-12 months,North,T1,40+,50k-1L,4,Pharmacy Chain,Monthly,2,4,Pediatrician,0.751,False,DePURA Kids
CON02219,6-12 years,South,T1,35-39,<25k,3,Quick Commerce,Monthly,2,4,Pediatrician,0.737,False,Other brand
CON02220,0-12 months,South,T1,35-39,50k-1L,4,Retail Chemist,Every 2-3 months,2,5,Pharmacist,0.602,False,Other brand
CON02221,0-12 months,Central,T2,40+,>1L,3,Hospital Pharmacy,Occasionally,2,3,Pharmacist,0.475,False,Not currently buying
CON02222,0-12 months,North,T2,35-39,50k-1L,2,Retail Chemist,Monthly,3,2,Gynecologist,0.714,True,Not currently buying
CON02223,13-18 years,North,T1,25-29,<25k,3,Pharmacy Chain,Every 2-3 months,4,3,Gynecologist,0.607,True,Other brand
CON02224,1-5 years,North,T2,18-24,25k-50k,4,E-Pharmacy,Every 2-3 months,3,5,Pediatrician,0.601,False,Other brand
CON02225,0-12 months,West,T1,25-29,>1L,4,Hospital Pharmacy,Monthly,1,5,Pediatrician,1.0,False,DePURA Kids
CON02226,1-5 years,Central,T2,35-39,>1L,4,Quick Commerce,Every 2-3 months,3,4,Pediatrician,0.553,False,DePURA Kids
CON02227,1-5 years,West,T1,35-39,50k-1L,5,Pharmacy Chain,Monthly,2,4,Pediatrician,0.722,False,Other brand
CON02228,0-12 months,Central,T3,18-24,25k-50k,4,Retail Chemist,Every 2-3 months,4,5,Gynecologist,0.557,False,Other brand
CON02229,13-18 years,East,T1,25-29,50k-1L,4,Retail Chemist,Monthly,2,5,Pediatrician,0.725,True,DePURA Kids
CON02230,1-5 years,North,T2,30-34,50k-1L,3,Quick Commerce,Every 2-3 months,3,2,Family/Friends,0.502,True,Other brand
CON02231,0-12 months,East,T3,35-39,>1L,3,Retail Chemist,Monthly,3,3,Online/Social media,0.792,False,Not currently buying
CON02232,6-12 years,North,T2,25-29,25k-50k,4,Retail Chemist,Every 2-3 months,4,4,Pediatrician,0.522,False,Other brand
CON02233,0-12 months,Central,T2,18-24,50k-1L,4,E-Pharmacy,Monthly,3,3,Pediatrician,0.709,True,DePURA Kids
CON02234,0-12 months,South,T2,30-34,50k-1L,5,Retail Chemist,Every 2-3 months,3,5,Pediatrician,0.534,False,Other brand
CON02235,0-12 months,South,T1,18-24,>1L,5,E-Pharmacy,Monthly,2,4,Online/Social media,0.803,False,Not currently buying
CON02236,13-18 years,South,T1,35-39,50k-1L,3,E-Pharmacy,Every 2-3 months,4,4,Family/Friends,0.626,False,Other brand
CON02237,1-5 years,South,T1,30-34,50k-1L,3,Pharmacy Chain,Every 2-3 months,2,3,Gynecologist,0.525,False,DePURA Kids
CON02238,6-12 years,North,T1,25-29,>1L,3,Retail Chemist,One-time,4,4,Pharmacist,0.263,True,Other brand
CON02239,0-12 months,Central,T2,30-34,<25k,3,Quick Commerce,Monthly,4,4,Pediatrician,0.838,False,Other brand
CON02240,13-18 years,West,T2,30-34,25k-50k,2,Retail Chemist,Monthly,3,5,Pediatrician,0.747,False,DePURA Kids
CON02241,6-12 years,East,T2,25-29,50k-1L,4,Quick Commerce,One-time,4,3,Online/Social media,0.242,True,Other brand
CON02242,6-12 years,East,T3,35-39,<25k,5,Retail Chemist,Monthly,4,5,Pediatrician,0.731,False,DePURA Kids
CON02243,13-18 years,North,T3,35-39,<25k,4,Hospital Pharmacy,Monthly,4,4,Pediatrician,0.744,False,Other brand
CON02244,0-12 months,South,T1,40+,25k-50k,3,Retail Chemist,Monthly,4,4,Pediatrician,0.83,False,Other brand
CON02245,6-12 years,North,T2,35-39,50k-1L,2,Quick Commerce,Occasionally,3,4,Gynecologist,0.334,False,Other brand
CON02246,0-12 months,South,T2,25-29,25k-50k,4,Pharmacy Chain,One-time,3,4,Pharmacist,0.288,True,Not currently buying
CON02247,0-12 months,West,T1,25-29,50k-1L,3,Quick Commerce,Monthly,2,3,Family/Friends,0.938,False,Other brand
CON02248,1-5 years,South,T2,30-34,50k-1L,4,Retail Chemist,Monthly,2,3,Pharmacist,0.825,False,Other brand
CON02249,1-5 years,North,T1,25-29,50k-1L,5,E-Pharmacy,Every 2-3 months,2,4,Pediatrician,0.504,False,DePURA Kids
CON02250,1-5 years,South,T1,35-39,>1L,3,Retail Chemist,Every 2-3 months,2,3,Pediatrician,0.699,True,Other brand
CON02251,0-12 months,West,T1,30-34,25k-50k,4,Hospital Pharmacy,Monthly,3,3,Pediatrician,0.871,False,Other brand
CON02252,0-12 months,South,T2,30-34,50k-1L,4,Hospital Pharmacy,Monthly,3,5,Pediatrician,0.826,False,Not currently buying
CON02253,1-5 years,North,T2,30-34,25k-50k,4,E-Pharmacy,Every 2-3 months,4,3,Pharmacist,0.581,True,Other brand
CON02254,13-18 years,East,T1,30-34,50k-1L,5,Retail Chemist,Monthly,2,4,Pediatrician,0.734,False,Other brand
CON02255,1-5 years,South,T3,25-29,>1L,2,Retail Chemist,Monthly,3,5,Pediatrician,0.713,False,Other brand
CON02256,1-5 years,West,T1,30-34,25k-50k,3,Quick Commerce,Monthly,2,3,Gynecologist,0.78,False,Not currently buying
CON02257,0-12 months,West,T1,35-39,50k-1L,3,Retail Chemist,Every 2-3 months,5,4,Pediatrician,0.529,False,Other brand
CON02258,13-18 years,West,T1,25-29,>1L,3,E-Pharmacy,Monthly,2,3,Pediatrician,0.885,False,Other brand
CON02259,0-12 months,South,T1,25-29,25k-50k,3,Pharmacy Chain,Every 2-3 months,4,3,Pharmacist,0.611,False,Other brand
CON02260,1-5 years,North,T1,35-39,<25k,3,Quick Commerce,One-time,3,4,Pharmacist,0.196,False,Other brand
CON02261,6-12 years,South,T1,30-34,25k-50k,4,Retail Chemist,Every 2-3 months,5,5,Pediatrician,0.646,False,DePURA Kids
CON02262,6-12 years,South,T1,25-29,25k-50k,4,Hospital Pharmacy,Occasionally,5,5,Pediatrician,0.396,False,Other brand
CON02263,0-12 months,North,T3,25-29,<25k,5,Retail Chemist,Occasionally,5,5,Pediatrician,0.496,False,DePURA Kids
CON02264,0-12 months,North,T2,25-29,25k-50k,4,Pharmacy Chain,Every 2-3 months,5,3,Pediatrician,0.664,True,Other brand
CON02265,0-12 months,East,T2,30-34,25k-50k,3,Retail Chemist,Every 2-3 months,3,4,Family/Friends,0.516,False,Other brand
CON02266,13-18 years,South,T1,35-39,50k-1L,4,Retail Chemist,Monthly,4,2,Pharmacist,0.713,True,Other brand
CON02267,6-12 years,South,T1,30-34,<25k,3,Retail Chemist,Every 2-3 months,3,4,Online/Social media,0.539,False,Not currently buying
CON02268,0-12 months,South,T1,25-29,50k-1L,3,Quick Commerce,Monthly,3,3,Pediatrician,0.703,True,Not currently buying
CON02269,6-12 years,North,T3,25-29,<25k,4,Retail Chemist,Monthly,4,3,Pediatrician,0.789,False,Other brand
CON02270,0-12 months,South,T2,35-39,50k-1L,2,Retail Chemist,Every 2-3 months,4,5,Pediatrician,0.648,False,Other brand
CON02271,1-5 years,West,T3,30-34,<25k,5,Retail Chemist,Every 2-3 months,5,4,Gynecologist,0.57,False,DePURA Kids
CON02272,1-5 years,North,T3,25-29,50k-1L,3,Retail Chemist,Monthly,2,3,Pediatrician,0.808,False,Other brand
CON02273,0-12 months,South,T1,35-39,50k-1L,3,Quick Commerce,Monthly,4,4,Pediatrician,0.701,False,Other brand
CON02274,13-18 years,East,T1,30-34,50k-1L,3,Pharmacy Chain,Monthly,2,3,Gynecologist,0.767,False,Other brand
CON02275,0-12 months,South,T1,35-39,25k-50k,2,Pharmacy Chain,Occasionally,4,4,Online/Social media,0.449,False,Other brand
CON02276,0-12 months,South,T1,18-24,>1L,4,E-Pharmacy,Every 2-3 months,2,3,Pharmacist,0.61,False,Other brand
CON02277,6-12 years,West,T1,35-39,25k-50k,4,Retail Chemist,Every 2-3 months,3,4,Pharmacist,0.614,False,Not currently buying
CON02278,0-12 months,West,T1,35-39,50k-1L,3,Retail Chemist,Every 2-3 months,2,2,Pediatrician,0.667,True,Other brand
CON02279,6-12 years,South,T2,35-39,50k-1L,3,E-Pharmacy,Occasionally,3,4,Family/Friends,0.346,False,Other brand
CON02280,6-12 years,South,T2,35-39,25k-50k,3,Retail Chemist,Monthly,3,5,Pediatrician,1.0,False,DePURA Kids
CON02281,6-12 years,East,T1,25-29,50k-1L,5,E-Pharmacy,Every 2-3 months,3,4,Online/Social media,0.518,False,Other brand
CON02282,6-12 years,East,T3,25-29,50k-1L,4,Retail Chemist,Every 2-3 months,4,1,Online/Social media,0.557,True,DePURA Kids
CON02283,6-12 years,West,T1,30-34,50k-1L,5,Retail Chemist,Every 2-3 months,3,3,Pediatrician,0.566,True,Other brand
CON02284,0-12 months,South,T1,35-39,25k-50k,4,Retail Chemist,Every 2-3 months,3,5,Pediatrician,0.608,False,DePURA Kids
CON02285,1-5 years,Central,T3,30-34,<25k,5,Retail Chemist,Monthly,4,3,Pediatrician,0.839,True,Other brand
CON02286,1-5 years,West,T1,30-34,25k-50k,3,E-Pharmacy,Every 2-3 months,3,2,Pharmacist,0.586,True,Other brand
CON02287,0-12 months,Central,T3,30-34,>1L,3,Pharmacy Chain,Monthly,3,4,Pediatrician,0.907,False,Not currently buying
CON02288,0-12 months,East,T2,30-34,25k-50k,3,Pharmacy Chain,Every 2-3 months,4,2,Online/Social media,0.582,True,Other brand
CON02289,1-5 years,East,T3,30-34,25k-50k,3,Retail Chemist,Every 2-3 months,4,5,Pediatrician,0.688,False,Not currently buying
CON02290,1-5 years,Central,T2,25-29,50k-1L,3,Retail Chemist,Monthly,2,5,Pediatrician,0.749,False,Other brand
CON02291,0-12 months,North,T2,35-39,25k-50k,3,Retail Chemist,Monthly,4,3,Pediatrician,0.955,False,Other brand
CON02292,1-5 years,South,T2,30-34,50k-1L,5,Quick Commerce,Monthly,3,5,Family/Friends,0.75,False,DePURA Kids
CON02293,13-18 years,East,T1,35-39,25k-50k,4,Retail Chemist,Occasionally,3,4,Pediatrician,0.438,False,Other brand
CON02294,1-5 years,Central,T3,25-29,<25k,5,E-Pharmacy,Every 2-3 months,5,3,Pediatrician,0.516,False,Not currently buying
CON02295,0-12 months,West,T3,18-24,25k-50k,2,Retail Chemist,Occasionally,3,3,Family/Friends,0.346,False,Not currently buying
CON02296,0-12 months,North,T3,30-34,25k-50k,3,Retail Chemist,Occasionally,4,4,Pediatrician,0.473,False,DePURA Kids
CON02297,1-5 years,West,T1,30-34,25k-50k,3,Retail Chemist,Occasionally,3,3,Gynecologist,0.335,False,DePURA Kids
CON02298,0-12 months,North,T1,35-39,50k-1L,3,E-Pharmacy,Every 2-3 months,2,4,Pharmacist,0.579,False,DePURA Kids
CON02299,1-5 years,West,T1,25-29,25k-50k,4,Pharmacy Chain,Monthly,2,4,Pediatrician,0.931,False,Other brand
CON02300,1-5 years,North,T2,35-39,50k-1L,4,Retail Chemist,Monthly,2,4,Pediatrician,0.751,False,Other brand
CON02301,0-12 months,Central,T2,25-29,50k-1L,3,Retail Chemist,Monthly,3,4,Pediatrician,0.72,True,Not currently buying
CON02302,0-12 months,North,T3,30-34,<25k,4,Retail Chemist,Monthly,3,4,Pediatrician,0.748,False,DePURA Kids
CON02303,0-12 months,East,T1,30-34,50k-1L,4,E-Pharmacy,Every 2-3 months,4,3,Gynecologist,0.598,False,Other brand
CON02304,0-12 months,North,T2,30-34,<25k,3,E-Pharmacy,Monthly,3,5,Pediatrician,0.746,False,Not currently buying
CON02305,0-12 months,West,T1,25-29,>1L,2,Quick Commerce,Every 2-3 months,2,3,Pharmacist,0.529,False,Other brand
CON02306,13-18 years,North,T2,30-34,25k-50k,3,E-Pharmacy,Monthly,5,3,Family/Friends,0.847,False,Other brand
CON02307,1-5 years,Central,T3,18-24,25k-50k,5,Retail Chemist,Occasionally,3,3,Gynecologist,0.417,False,Other brand
CON02308,0-12 months,West,T1,30-34,>1L,5,Quick Commerce,Monthly,1,3,Pediatrician,0.896,True,DePURA Kids
CON02309,0-12 months,North,T2,35-39,<25k,5,Retail Chemist,Monthly,2,4,Pharmacist,0.759,False,Not currently buying
CON02310,0-12 months,South,T1,25-29,25k-50k,4,Quick Commerce,Monthly,4,3,Gynecologist,0.938,False,Other brand
CON02311,13-18 years,Central,T3,30-34,>1L,4,Quick Commerce,Every 2-3 months,3,4,Pharmacist,0.613,False,Other brand
CON02312,6-12 years,North,T2,25-29,<25k,4,Quick Commerce,Occasionally,3,4,Pediatrician,0.39,False,Other brand
CON02313,1-5 years,East,T2,30-34,25k-50k,4,Retail Chemist,Every 2-3 months,2,3,Pharmacist,0.517,True,Other brand
CON02314,6-12 years,South,T1,30-34,>1L,3,E-Pharmacy,Monthly,4,3,Pediatrician,0.778,True,Not currently buying
CON02315,13-18 years,South,T1,40+,>1L,3,E-Pharmacy,Occasionally,3,5,Family/Friends,0.357,False,Not currently buying
CON02316,6-12 years,East,T3,30-34,25k-50k,2,Hospital Pharmacy,Monthly,4,5,Pediatrician,0.738,False,Other brand
CON02317,0-12 months,South,T2,25-29,<25k,4,Retail Chemist,Every 2-3 months,3,4,Pediatrician,0.677,True,DePURA Kids
CON02318,1-5 years,West,T3,18-24,50k-1L,5,Retail Chemist,Monthly,2,3,Pediatrician,0.843,False,Not currently buying
CON02319,1-5 years,East,T2,25-29,50k-1L,3,Retail Chemist,Every 2-3 months,3,3,Pediatrician,0.684,False,Other brand
CON02320,0-12 months,South,T1,30-34,>1L,5,Retail Chemist,Monthly,3,3,Pediatrician,0.784,False,Other brand
CON02321,6-12 years,North,T2,30-34,<25k,3,Retail Chemist,Occasionally,4,4,Pharmacist,0.43,False,Other brand
CON02322,6-12 years,North,T2,35-39,25k-50k,3,Quick Commerce,Every 2-3 months,5,4,Pediatrician,0.617,False,Other brand
CON02323,0-12 months,North,T2,25-29,25k-50k,4,E-Pharmacy,Every 2-3 months,3,5,Pharmacist,0.509,False,Other brand
CON02324,0-12 months,West,T1,30-34,>1L,5,Pharmacy Chain,Monthly,2,4,Pediatrician,0.806,True,Other brand
CON02325,0-12 months,North,T1,25-29,>1L,4,E-Pharmacy,Every 2-3 months,3,3,Pediatrician,0.691,False,Not currently buying
CON02326,6-12 years,Central,T3,30-34,<25k,5,Retail Chemist,Occasionally,4,4,Gynecologist,0.428,False,Other brand
CON02327,6-12 years,West,T1,30-34,25k-50k,3,Quick Commerce,Occasionally,2,4,Pharmacist,0.396,False,Other brand
CON02328,1-5 years,West,T1,35-39,50k-1L,4,Pharmacy Chain,Occasionally,3,3,Pharmacist,0.487,True,Other brand
CON02329,6-12 years,West,T1,30-34,50k-1L,3,Quick Commerce,Occasionally,3,3,Pharmacist,0.328,True,Other brand
CON02330,6-12 years,West,T1,35-39,50k-1L,3,Quick Commerce,Monthly,3,2,Pharmacist,0.803,True,DePURA Kids
CON02331,0-12 months,East,T2,40+,50k-1L,1,Retail Chemist,Occasionally,4,5,Gynecologist,0.41,False,Other brand
CON02332,1-5 years,West,T1,40+,>1L,3,Pharmacy Chain,Occasionally,2,2,Family/Friends,0.453,False,Other brand
CON02333,1-5 years,East,T2,35-39,<25k,2,Retail Chemist,Monthly,4,4,Family/Friends,0.778,False,Other brand
CON02334,0-12 months,East,T1,30-34,25k-50k,5,E-Pharmacy,Every 2-3 months,4,4,Pediatrician,0.538,False,Other brand
CON02335,1-5 years,West,T1,25-29,>1L,5,E-Pharmacy,Monthly,2,4,Pediatrician,0.777,False,DePURA Kids
CON02336,0-12 months,North,T1,25-29,<25k,3,Quick Commerce,Monthly,5,4,Gynecologist,0.842,False,Other brand
CON02337,0-12 months,East,T1,30-34,>1L,4,Retail Chemist,Monthly,1,5,Pediatrician,0.818,False,Other brand
CON02338,1-5 years,North,T2,30-34,25k-50k,2,Retail Chemist,Occasionally,4,4,Pharmacist,0.446,False,Not currently buying
CON02339,0-12 months,North,T1,30-34,50k-1L,4,Quick Commerce,Monthly,3,4,Pediatrician,0.832,False,Not currently buying
CON02340,0-12 months,East,T1,35-39,>1L,5,Pharmacy Chain,Monthly,2,5,Family/Friends,0.767,False,Other brand
CON02341,6-12 years,South,T1,35-39,>1L,2,Quick Commerce,One-time,3,4,Pharmacist,0.292,False,Other brand
CON02342,0-12 months,North,T3,25-29,<25k,3,Retail Chemist,Monthly,3,4,Pediatrician,0.822,False,DePURA Kids
CON02343,0-12 months,West,T1,30-34,>1L,4,E-Pharmacy,Every 2-3 months,2,4,Online/Social media,0.585,False,Not currently buying
CON02344,1-5 years,South,T2,25-29,>1L,4,Retail Chemist,Monthly,2,4,Pediatrician,0.708,False,Other brand
CON02345,13-18 years,North,T2,30-34,25k-50k,4,Retail Chemist,Every 2-3 months,3,3,Pediatrician,0.581,True,Other brand
CON02346,0-12 months,South,T2,30-34,50k-1L,5,Quick Commerce,Monthly,3,3,Pediatrician,0.905,False,Other brand
CON02347,6-12 years,West,T2,35-39,25k-50k,5,E-Pharmacy,Monthly,2,3,Pediatrician,0.717,False,Not currently buying
CON02348,6-12 years,South,T2,40+,25k-50k,5,Retail Chemist,One-time,2,5,Family/Friends,0.268,False,Other brand
CON02349,1-5 years,South,T1,25-29,50k-1L,5,Retail Chemist,Every 2-3 months,3,4,Pediatrician,0.614,False,DePURA Kids
CON02350,13-18 years,East,T2,30-34,25k-50k,5,Pharmacy Chain,Monthly,3,5,Pediatrician,0.753,False,Other brand
CON02351,13-18 years,East,T1,25-29,50k-1L,5,Retail Chemist,Monthly,4,2,Pediatrician,0.809,True,Other brand
CON02352,0-12 months,West,T1,25-29,50k-1L,4,Retail Chemist,Monthly,3,5,Pediatrician,0.948,False,Other brand
CON02353,1-5 years,West,T3,35-39,50k-1L,4,Retail Chemist,Every 2-3 months,4,3,Pediatrician,0.518,False,Other brand
CON02354,0-12 months,East,T3,25-29,25k-50k,2,E-Pharmacy,Monthly,4,5,Pediatrician,0.72,False,DePURA Kids
CON02355,0-12 months,North,T2,40+,50k-1L,3,Pharmacy Chain,Every 2-3 months,3,4,Pediatrician,0.638,False,DePURA Kids
CON02356,0-12 months,West,T1,30-34,50k-1L,4,Retail Chemist,Monthly,3,3,Pediatrician,0.8,False,Not currently buying
CON02357,1-5 years,South,T1,25-29,>1L,4,Retail Chemist,Every 2-3 months,2,2,Family/Friends,0.691,True,Other brand
CON02358,1-5 years,West,T1,25-29,50k-1L,5,Quick Commerce,Occasionally,3,4,Pediatrician,0.444,False,Other brand
CON02359,0-12 months,North,T2,25-29,>1L,4,Retail Chemist,Monthly,2,4,Pediatrician,0.793,False,Not currently buying
CON02360,13-18 years,North,T2,30-34,<25k,5,Retail Chemist,Occasionally,4,3,Family/Friends,0.386,False,Other brand
CON02361,13-18 years,West,T1,30-34,>1L,3,Retail Chemist,Every 2-3 months,3,4,Pharmacist,0.61,False,Other brand
CON02362,1-5 years,East,T1,18-24,50k-1L,5,Pharmacy Chain,Occasionally,5,5,Pharmacist,0.445,False,DePURA Kids
CON02363,13-18 years,Central,T3,30-34,<25k,4,Retail Chemist,Every 2-3 months,4,3,Pediatrician,0.508,False,Other brand
CON02364,0-12 months,West,T1,30-34,25k-50k,4,Retail Chemist,Monthly,2,3,Pharmacist,0.818,False,Other brand
CON02365,1-5 years,North,T2,40+,>1L,2,Retail Chemist,Monthly,4,3,Pharmacist,0.935,False,Other brand
CON02366,0-12 months,South,T1,30-34,50k-1L,4,Retail Chemist,Occasionally,5,4,Pediatrician,0.341,False,Other brand
CON02367,0-12 months,North,T3,40+,25k-50k,4,E-Pharmacy,Every 2-3 months,4,4,Pediatrician,0.669,False,DePURA Kids
CON02368,1-5 years,North,T1,30-34,50k-1L,5,Retail Chemist,Every 2-3 months,3,2,Online/Social media,0.509,True,Other brand
CON02369,1-5 years,North,T1,25-29,>1L,2,Hospital Pharmacy,Every 2-3 months,2,5,Pediatrician,0.651,False,Other brand
CON02370,0-12 months,South,T1,30-34,>1L,4,Quick Commerce,Monthly,3,4,Pediatrician,1.0,False,Other brand
CON02371,0-12 months,East,T1,25-29,50k-1L,4,Retail Chemist,Occasionally,4,3,Family/Friends,0.451,False,Other brand
CON02372,6-12 years,Central,T2,18-24,25k-50k,3,E-Pharmacy,One-time,4,3,Online/Social media,0.175,True,Not currently buying
CON02373,6-12 years,West,T1,30-34,50k-1L,5,E-Pharmacy,Occasionally,3,4,Pediatrician,0.488,False,Other brand
CON02374,0-12 months,North,T2,30-34,25k-50k,5,Retail Chemist,Every 2-3 months,3,3,Pharmacist,0.577,False,DePURA Kids
CON02375,0-12 months,West,T1,25-29,50k-1L,3,Retail Chemist,Monthly,4,4,Pediatrician,0.753,False,Other brand
CON02376,6-12 years,West,T1,35-39,25k-50k,2,Pharmacy Chain,Occasionally,3,3,Pharmacist,0.469,False,Not currently buying
CON02377,6-12 years,South,T1,30-34,50k-1L,3,Pharmacy Chain,Occasionally,2,4,Pharmacist,0.49,False,Other brand
CON02378,0-12 months,East,T2,25-29,50k-1L,4,E-Pharmacy,Every 2-3 months,3,5,Online/Social media,0.583,False,Other brand
CON02379,0-12 months,North,T2,30-34,50k-1L,3,Pharmacy Chain,One-time,3,2,Pharmacist,0.296,True,Not currently buying
CON02380,0-12 months,West,T1,30-34,>1L,4,E-Pharmacy,Monthly,2,2,Gynecologist,0.866,False,Other brand
CON02381,0-12 months,South,T1,40+,50k-1L,3,Quick Commerce,Every 2-3 months,3,4,Gynecologist,0.572,False,DePURA Kids
CON02382,6-12 years,West,T1,40+,25k-50k,3,Pharmacy Chain,Every 2-3 months,3,3,Family/Friends,0.583,True,Other brand
CON02383,6-12 years,North,T2,25-29,50k-1L,3,Retail Chemist,Every 2-3 months,4,4,Pharmacist,0.538,False,Not currently buying
CON02384,6-12 years,North,T2,35-39,50k-1L,3,Hospital Pharmacy,Every 2-3 months,4,4,Pharmacist,0.526,False,Other brand
CON02385,0-12 months,South,T1,30-34,25k-50k,5,Pharmacy Chain,Monthly,5,4,Pediatrician,0.932,False,Not currently buying
CON02386,0-12 months,South,T1,35-39,25k-50k,4,E-Pharmacy,Monthly,5,4,Pediatrician,1.0,False,Other brand
CON02387,6-12 years,South,T1,18-24,50k-1L,2,Retail Chemist,Occasionally,3,2,Pharmacist,0.497,False,Other brand
CON02388,0-12 months,South,T2,25-29,25k-50k,5,E-Pharmacy,Every 2-3 months,3,3,Gynecologist,0.671,False,Not currently buying
CON02389,6-12 years,North,T2,30-34,<25k,4,Pharmacy Chain,Occasionally,5,3,Gynecologist,0.32,False,Not currently buying
CON02390,13-18 years,West,T1,25-29,50k-1L,5,E-Pharmacy,Every 2-3 months,2,3,Pediatrician,0.527,False,DePURA Kids
CON02391,0-12 months,West,T2,35-39,25k-50k,3,Quick Commerce,Every 2-3 months,2,5,Pediatrician,0.519,True,DePURA Kids
CON02392,0-12 months,North,T2,30-34,50k-1L,4,Retail Chemist,Monthly,3,5,Pediatrician,1.0,False,DePURA Kids
CON02393,0-12 months,South,T1,30-34,>1L,3,E-Pharmacy,Occasionally,2,4,Family/Friends,0.499,False,Other brand
CON02394,1-5 years,West,T1,30-34,50k-1L,4,Retail Chemist,Monthly,3,4,Pediatrician,0.801,True,Other brand
CON02395,6-12 years,South,T1,30-34,50k-1L,3,Pharmacy Chain,Every 2-3 months,3,4,Pediatrician,0.639,False,Other brand
CON02396,0-12 months,West,T1,35-39,25k-50k,5,Retail Chemist,Every 2-3 months,3,3,Pediatrician,0.616,False,Other brand
CON02397,13-18 years,North,T2,25-29,<25k,4,Hospital Pharmacy,Every 2-3 months,3,3,Pediatrician,0.53,False,Not currently buying
CON02398,1-5 years,North,T2,25-29,50k-1L,3,Retail Chemist,Occasionally,,4,Pharmacist,0.363,False,Not currently buying
CON02399,6-12 years,Central,T2,25-29,25k-50k,4,Retail Chemist,Every 2-3 months,4,5,Pediatrician,0.611,False,DePURA Kids
CON02400,1-5 years,North,T2,35-39,25k-50k,4,Retail Chemist,One-time,3,4,Online/Social media,0.263,False,Other brand
CON02401,6-12 years,South,T3,30-34,50k-1L,4,Retail Chemist,Monthly,2,4,Pediatrician,0.736,False,Other brand
CON02402,0-12 months,South,T1,40+,25k-50k,4,E-Pharmacy,Monthly,4,3,Gynecologist,0.87,True,Other brand
CON02403,0-12 months,South,T1,40+,50k-1L,5,E-Pharmacy,Monthly,2,4,Pediatrician,1.0,False,DePURA Kids
CON02404,1-5 years,North,T2,30-34,25k-50k,3,Retail Chemist,Occasionally,4,3,Pharmacist,0.407,False,Other brand
CON02405,1-5 years,East,T1,30-34,25k-50k,3,E-Pharmacy,Every 2-3 months,2,4,Pharmacist,0.648,False,Other brand
CON02406,6-12 years,Central,T2,40+,50k-1L,3,E-Pharmacy,Monthly,3,4,Pediatrician,0.758,False,Not currently buying
CON02407,0-12 months,South,T1,35-39,>1L,5,Pharmacy Chain,Monthly,3,4,Family/Friends,0.885,False,DePURA Kids
CON02408,0-12 months,East,T2,18-24,25k-50k,4,Pharmacy Chain,Monthly,3,4,Pediatrician,0.848,False,Other brand
CON02409,0-12 months,Central,T2,30-34,25k-50k,4,Pharmacy Chain,Monthly,2,4,Pediatrician,1.0,False,Not currently buying
CON02410,6-12 years,East,T1,25-29,25k-50k,4,Pharmacy Chain,Every 2-3 months,3,4,Pediatrician,0.642,False,Other brand
CON02411,0-12 months,West,T1,25-29,50k-1L,5,Hospital Pharmacy,Monthly,5,3,Pediatrician,0.845,False,DePURA Kids
CON02412,6-12 years,South,T2,30-34,<25k,5,Quick Commerce,Monthly,4,4,Pediatrician,0.744,False,Other brand
CON02413,6-12 years,East,T3,35-39,<25k,2,Retail Chemist,Occasionally,3,4,Pediatrician,0.428,False,Other brand
CON02414,0-12 months,North,T3,25-29,<25k,4,Retail Chemist,Every 2-3 months,5,4,Pharmacist,0.532,False,Other brand
CON02415,6-12 years,Central,T2,35-39,25k-50k,5,E-Pharmacy,Monthly,3,4,Pediatrician,0.779,False,Other brand
CON02416,0-12 months,East,T3,30-34,<25k,5,Hospital Pharmacy,Every 2-3 months,4,4,Family/Friends,0.513,False,Other brand
CON02417,0-12 months,West,T1,25-29,>1L,4,Retail Chemist,Every 2-3 months,2,3,Pediatrician,0.627,False,Other brand
CON02418,0-12 months,South,T1,30-34,50k-1L,5,Retail Chemist,Every 2-3 months,5,4,Pediatrician,0.643,False,Other brand
CON02419,6-12 years,North,T2,35-39,50k-1L,3,Retail Chemist,Monthly,3,4,Pediatrician,0.753,False,Other brand
CON02420,1-5 years,West,T1,35-39,25k-50k,4,Retail Chemist,Occasionally,5,3,Pediatrician,0.389,True,Other brand
CON02421,0-12 months,South,T1,35-39,>1L,4,E-Pharmacy,Monthly,3,3,Pediatrician,0.878,False,Other brand
CON02422,0-12 months,West,T1,30-34,<25k,4,E-Pharmacy,Every 2-3 months,4,4,Pediatrician,0.597,True,Other brand
CON02423,1-5 years,South,T1,30-34,25k-50k,5,Quick Commerce,Monthly,3,4,Pediatrician,0.773,False,Not currently buying
CON02424,1-5 years,Central,T3,25-29,25k-50k,2,Pharmacy Chain,Every 2-3 months,3,5,Gynecologist,0.517,False,Other brand
CON02425,0-12 months,East,T2,35-39,25k-50k,4,E-Pharmacy,Monthly,3,4,Family/Friends,0.704,False,Other brand
CON02426,0-12 months,North,T2,30-34,>1L,5,Pharmacy Chain,Every 2-3 months,3,5,Pediatrician,0.59,False,DePURA Kids
CON02427,0-12 months,South,T1,30-34,50k-1L,5,Pharmacy Chain,Monthly,4,3,Online/Social media,0.793,False,Not currently buying
CON02428,1-5 years,West,T2,18-24,25k-50k,5,Retail Chemist,Monthly,3,5,Pediatrician,0.741,False,DePURA Kids
CON02429,0-12 months,East,T2,35-39,25k-50k,4,Retail Chemist,Every 2-3 months,3,5,Family/Friends,0.506,False,DePURA Kids
CON02430,0-12 months,East,T1,35-39,50k-1L,5,E-Pharmacy,Monthly,3,5,Pediatrician,0.832,False,Not currently buying
CON02431,0-12 months,West,T1,30-34,>1L,4,E-Pharmacy,Monthly,2,5,Pediatrician,0.876,False,DePURA Kids
CON02432,0-12 months,South,T2,30-34,25k-50k,4,Retail Chemist,Monthly,3,4,Pediatrician,0.87,False,DePURA Kids
CON02433,6-12 years,South,T1,35-39,50k-1L,4,Retail Chemist,Monthly,4,4,Pediatrician,0.831,True,Not currently buying
CON02434,6-12 years,West,T1,25-29,50k-1L,5,Retail Chemist,Monthly,3,3,Pediatrician,0.97,False,DePURA Kids
CON02435,0-12 months,North,T2,25-29,<25k,3,Retail Chemist,Every 2-3 months,4,5,Pediatrician,0.571,False,Other brand
CON02436,1-5 years,North,T2,35-39,25k-50k,4,E-Pharmacy,Occasionally,5,5,Online/Social media,0.32,False,Other brand
CON02437,1-5 years,South,T1,35-39,25k-50k,4,E-Pharmacy,Monthly,4,2,Pediatrician,0.848,True,DePURA Kids
CON02438,13-18 years,Central,T2,40+,50k-1L,4,Retail Chemist,Every 2-3 months,3,4,Family/Friends,0.531,False,Not currently buying
CON02439,0-12 months,North,T2,25-29,50k-1L,2,Retail Chemist,Every 2-3 months,3,3,Family/Friends,0.66,False,DePURA Kids
CON02440,0-12 months,East,T3,30-34,<25k,3,Hospital Pharmacy,Monthly,4,5,Pediatrician,0.825,False,Other brand
CON02441,0-12 months,South,T1,25-29,50k-1L,4,Retail Chemist,Monthly,3,3,Online/Social media,0.792,True,Other brand
CON02442,1-5 years,East,T2,40+,25k-50k,3,E-Pharmacy,One-time,3,3,Pharmacist,0.25,True,Not currently buying
CON02443,0-12 months,West,T1,30-34,50k-1L,4,Quick Commerce,Occasionally,4,4,Online/Social media,0.468,False,DePURA Kids
CON02444,1-5 years,North,T3,30-34,25k-50k,2,Hospital Pharmacy,Monthly,5,4,Pediatrician,0.812,False,Other brand
CON02445,0-12 months,East,T1,30-34,25k-50k,4,Retail Chemist,Every 2-3 months,3,4,Pediatrician,0.677,False,Other brand
CON02446,0-12 months,South,T1,35-39,25k-50k,3,Retail Chemist,Occasionally,4,2,Pharmacist,0.431,True,Other brand
CON02447,0-12 months,North,T2,30-34,25k-50k,4,Retail Chemist,Monthly,3,4,Pediatrician,0.875,False,Other brand
CON02448,0-12 months,West,T1,25-29,25k-50k,4,Retail Chemist,Monthly,1,5,Pediatrician,0.887,False,DePURA Kids
CON02449,6-12 years,West,T1,30-34,50k-1L,4,Retail Chemist,Every 2-3 months,3,4,Pediatrician,0.583,False,Other brand
CON02450,0-12 months,South,T1,30-34,>1L,4,Retail Chemist,Every 2-3 months,3,5,Pediatrician,0.664,False,Other brand
CON02451,0-12 months,North,T2,30-34,<25k,3,Retail Chemist,Monthly,3,4,Pediatrician,0.929,False,DePURA Kids
CON02452,0-12 months,North,T1,30-34,25k-50k,4,Hospital Pharmacy,Monthly,2,3,Family/Friends,0.71,False,Other brand
CON02453,6-12 years,South,T2,25-29,<25k,3,Retail Chemist,Occasionally,4,4,Pharmacist,0.411,False,Other brand
CON02454,6-12 years,North,T1,25-29,50k-1L,3,E-Pharmacy,Every 2-3 months,3,3,Pediatrician,0.598,True,Other brand
CON02455,0-12 months,South,T1,25-29,>1L,3,Pharmacy Chain,Every 2-3 months,3,4,Pediatrician,0.622,False,Other brand
CON02456,0-12 months,West,T1,25-29,<25k,3,E-Pharmacy,Monthly,4,2,Family/Friends,0.723,True,Not currently buying
CON02457,0-12 months,West,T1,30-34,50k-1L,2,Quick Commerce,Occasionally,3,3,Gynecologist,0.451,False,Other brand
CON02458,1-5 years,North,T1,30-34,25k-50k,4,Pharmacy Chain,Monthly,3,4,Pediatrician,0.737,False,Not currently buying
CON02459,0-12 months,North,T2,30-34,50k-1L,3,Retail Chemist,Every 2-3 months,3,5,Pharmacist,0.675,False,Other brand
CON02460,0-12 months,Central,T2,30-34,25k-50k,4,Retail Chemist,Every 2-3 months,3,4,Family/Friends,0.688,True,Not currently buying
CON02461,1-5 years,West,T2,40+,25k-50k,4,Pharmacy Chain,Every 2-3 months,3,4,Pediatrician,0.603,True,DePURA Kids
CON02462,1-5 years,West,T1,35-39,25k-50k,4,Pharmacy Chain,Monthly,4,4,Pediatrician,0.875,False,DePURA Kids
CON02463,6-12 years,North,T1,35-39,<25k,4,Retail Chemist,Occasionally,5,4,Pharmacist,0.403,False,Other brand
CON02464,0-12 months,East,T2,35-39,>1L,2,Retail Chemist,Occasionally,3,2,Pharmacist,0.384,False,Other brand
CON02465,0-12 months,Central,T2,25-29,50k-1L,3,Retail Chemist,Monthly,2,4,Online/Social media,0.878,False,Other brand
CON02466,0-12 months,West,T1,18-24,>1L,2,Hospital Pharmacy,Every 2-3 months,2,4,Family/Friends,0.691,False,DePURA Kids
CON02467,0-12 months,East,T1,30-34,>1L,5,Retail Chemist,Monthly,3,4,Pediatrician,0.765,True,Not currently buying
CON02468,6-12 years,North,T1,25-29,25k-50k,2,E-Pharmacy,Monthly,2,4,Pediatrician,0.834,False,Not currently buying
CON02469,0-12 months,West,T1,25-29,25k-50k,4,Quick Commerce,Every 2-3 months,3,3,Gynecologist,0.563,False,Other brand
CON02470,1-5 years,South,T1,30-34,50k-1L,3,Pharmacy Chain,Monthly,3,4,Pediatrician,0.86,False,Not currently buying
CON02471,1-5 years,West,T1,25-29,50k-1L,2,Quick Commerce,Every 2-3 months,4,4,Online/Social media,0.519,False,Not currently buying
CON02472,1-5 years,North,T3,30-34,<25k,5,Retail Chemist,Occasionally,3,2,Online/Social media,0.363,True,Other brand
CON02473,6-12 years,North,T2,25-29,25k-50k,4,Retail Chemist,Every 2-3 months,5,3,Online/Social media,0.532,False,Other brand
CON02474,6-12 years,South,T1,25-29,25k-50k,5,Retail Chemist,Every 2-3 months,4,3,Pediatrician,0.596,False,DePURA Kids
CON02475,1-5 years,South,T3,25-29,<25k,3,E-Pharmacy,Occasionally,4,2,Gynecologist,0.37,False,Other brand
CON02476,1-5 years,West,T1,30-34,25k-50k,3,E-Pharmacy,Occasionally,3,4,Pharmacist,0.362,False,Other brand
CON02477,0-12 months,North,T2,30-34,50k-1L,4,E-Pharmacy,Monthly,2,4,Pediatrician,0.789,False,Not currently buying
CON02478,1-5 years,North,T3,18-24,25k-50k,4,Retail Chemist,Monthly,2,3,Pediatrician,0.848,True,DePURA Kids
CON02479,0-12 months,West,T1,30-34,50k-1L,5,E-Pharmacy,Monthly,3,5,Pediatrician,0.703,False,DePURA Kids
CON02480,6-12 years,North,T3,35-39,25k-50k,4,Retail Chemist,Occasionally,5,4,Gynecologist,0.368,False,Other brand
CON02481,6-12 years,South,T2,35-39,<25k,5,Retail Chemist,Every 2-3 months,4,5,Pediatrician,0.64,False,DePURA Kids
CON02482,0-12 months,North,T1,35-39,50k-1L,5,Hospital Pharmacy,Occasionally,2,4,Pharmacist,0.396,False,DePURA Kids
CON02483,1-5 years,West,T2,30-34,25k-50k,4,Hospital Pharmacy,Monthly,2,3,Pediatrician,0.777,True,Not currently buying
CON02484,1-5 years,East,T1,25-29,25k-50k,4,Quick Commerce,Monthly,2,2,Pediatrician,0.73,True,Not currently buying
CON02485,0-12 months,West,T1,25-29,50k-1L,5,E-Pharmacy,Monthly,2,5,Pediatrician,0.742,False,Other brand
CON02486,0-12 months,South,T1,30-34,25k-50k,3,Pharmacy Chain,Occasionally,3,3,Pharmacist,0.449,False,DePURA Kids
CON02487,0-12 months,West,T1,25-29,50k-1L,4,Retail Chemist,Every 2-3 months,3,2,Online/Social media,0.609,False,Other brand
CON02488,1-5 years,South,T1,25-29,50k-1L,5,Pharmacy Chain,Every 2-3 months,3,4,Family/Friends,0.678,False,Other brand
CON02489,0-12 months,Central,T3,30-34,>1L,3,Hospital Pharmacy,Every 2-3 months,3,3,Family/Friends,0.692,False,Other brand
CON02490,1-5 years,Central,T2,30-34,25k-50k,4,Retail Chemist,Every 2-3 months,2,4,Online/Social media,0.571,False,Other brand
CON02491,0-12 months,North,T2,40+,25k-50k,5,Quick Commerce,Occasionally,4,3,Gynecologist,0.365,False,DePURA Kids
CON02492,0-12 months,North,T1,30-34,25k-50k,4,Retail Chemist,Every 2-3 months,4,4,Pharmacist,0.534,False,Not currently buying
CON02493,0-12 months,North,T2,25-29,>1L,4,E-Pharmacy,Monthly,3,4,Pediatrician,0.863,True,Other brand
CON02494,1-5 years,South,T1,30-34,>1L,4,E-Pharmacy,Occasionally,1,5,Online/Social media,0.372,False,Not currently buying
CON02495,1-5 years,East,T2,35-39,>1L,3,Pharmacy Chain,Every 2-3 months,2,5,Family/Friends,0.593,False,Other brand
CON02496,0-12 months,North,T3,30-34,25k-50k,5,Retail Chemist,Monthly,4,4,Pediatrician,1.0,False,Not currently buying
CON02497,6-12 years,North,T3,35-39,<25k,4,Pharmacy Chain,Monthly,4,3,Pediatrician,0.956,False,Not currently buying
CON02498,0-12 months,West,T2,25-29,50k-1L,4,Pharmacy Chain,Every 2-3 months,3,3,Family/Friends,0.596,False,Other brand
CON02499,0-12 months,West,T1,25-29,>1L,4,Retail Chemist,Every 2-3 months,2,5,Pediatrician,0.62,False,DePURA Kids
CON02500,0-12 months,South,T1,25-29,50k-1L,3,Retail Chemist,Monthly,3,4,Family/Friends,0.745,True,Other brand
CON02501,0-12 months,West,T1,40+,25k-50k,5,Pharmacy Chain,Monthly,3,4,Pediatrician,0.737,False,Other brand
CON02502,6-12 years,South,T1,35-39,25k-50k,4,Quick Commerce,Every 2-3 months,4,3,Pediatrician,0.549,True,Other brand
CON02503,0-12 months,North,T2,25-29,>1L,4,Pharmacy Chain,Monthly,2,5,Pediatrician,0.866,False,Other brand
CON02504,6-12 years,South,T2,30-34,25k-50k,4,Quick Commerce,Occasionally,2,4,Family/Friends,0.466,False,Other brand
CON02505,0-12 months,South,T1,25-29,50k-1L,3,Quick Commerce,Every 2-3 months,2,2,Online/Social media,0.631,True,Other brand
CON02506,0-12 months,East,T3,30-34,25k-50k,5,Retail Chemist,Monthly,3,5,Pediatrician,0.885,False,DePURA Kids
CON02507,1-5 years,South,T1,30-34,>1L,5,Retail Chemist,Monthly,3,3,Family/Friends,0.702,False,Other brand
CON02508,1-5 years,South,T1,18-24,50k-1L,5,Hospital Pharmacy,Monthly,2,3,Family/Friends,0.782,False,Not currently buying
CON02509,0-12 months,South,T1,35-39,25k-50k,4,E-Pharmacy,Every 2-3 months,3,3,Gynecologist,0.589,False,Other brand
CON02510,0-12 months,North,T2,30-34,50k-1L,4,Retail Chemist,Every 2-3 months,3,4,Pediatrician,0.666,False,Other brand
CON02511,6-12 years,West,T1,30-34,25k-50k,4,Hospital Pharmacy,Every 2-3 months,4,5,Pediatrician,0.502,False,DePURA Kids
CON02512,0-12 months,East,T3,35-39,<25k,2,Retail Chemist,Monthly,5,4,Family/Friends,0.745,False,Other brand
CON02513,6-12 years,East,T1,25-29,50k-1L,5,Quick Commerce,Monthly,2,3,Pediatrician,0.814,True,Not currently buying
CON02514,1-5 years,East,T3,30-34,25k-50k,3,Retail Chemist,Occasionally,3,4,Family/Friends,0.385,False,Not currently buying
CON02515,13-18 years,South,T3,30-34,<25k,4,Retail Chemist,Every 2-3 months,4,2,Pediatrician,0.563,True,Other brand
CON02516,6-12 years,North,T2,30-34,50k-1L,4,Retail Chemist,Every 2-3 months,3,5,Pediatrician,0.684,False,Other brand
CON02517,1-5 years,South,T2,35-39,50k-1L,5,Retail Chemist,Occasionally,2,4,Pediatrician,0.463,False,Not currently buying
CON02518,1-5 years,South,T1,18-24,25k-50k,5,Quick Commerce,Every 2-3 months,4,5,Pediatrician,0.616,False,DePURA Kids
CON02519,1-5 years,North,T2,30-34,50k-1L,5,Quick Commerce,Every 2-3 months,3,4,Pediatrician,0.582,False,DePURA Kids
CON02520,1-5 years,North,T1,35-39,50k-1L,2,Quick Commerce,Every 2-3 months,3,3,Family/Friends,0.656,False,Other brand
CON02521,13-18 years,South,T1,25-29,>1L,5,Hospital Pharmacy,Occasionally,2,4,Pediatrician,0.439,False,Other brand
CON02522,0-12 months,South,T1,40+,50k-1L,5,E-Pharmacy,Occasionally,3,3,Gynecologist,0.397,True,DePURA Kids
CON02523,1-5 years,West,T1,18-24,25k-50k,4,E-Pharmacy,Every 2-3 months,4,3,Pediatrician,0.586,True,Not currently buying
CON02524,0-12 months,East,T3,30-34,<25k,3,Retail Chemist,Every 2-3 months,3,5,Pharmacist,0.578,False,Not currently buying
CON02525,1-5 years,North,T2,35-39,>1L,5,Retail Chemist,Every 2-3 months,3,4,Family/Friends,0.6,False,Other brand
CON02526,0-12 months,North,T2,35-39,50k-1L,5,Hospital Pharmacy,Monthly,2,4,Pediatrician,0.982,False,DePURA Kids
CON02527,0-12 months,West,T1,35-39,25k-50k,3,E-Pharmacy,Monthly,3,4,Pediatrician,0.711,False,Other brand
CON02528,1-5 years,Central,T2,40+,25k-50k,3,Quick Commerce,Monthly,1,3,Family/Friends,0.804,False,Other brand
CON02529,0-12 months,West,T3,40+,25k-50k,5,Retail Chemist,Monthly,2,4,Pediatrician,1.0,False,Other brand
CON02530,1-5 years,South,T1,25-29,50k-1L,2,Retail Chemist,Every 2-3 months,2,5,Gynecologist,0.595,False,Other brand
CON02531,1-5 years,North,T2,25-29,<25k,3,Retail Chemist,Every 2-3 months,4,4,Pediatrician,0.566,False,Other brand
CON02532,1-5 years,Central,T2,40+,>1L,4,Retail Chemist,Every 2-3 months,3,4,Pediatrician,0.67,False,Other brand
CON02533,0-12 months,Central,T2,35-39,25k-50k,1,Retail Chemist,Monthly,3,5,Pediatrician,0.74,False,Other brand
CON02534,0-12 months,East,T3,30-34,25k-50k,2,Retail Chemist,Every 2-3 months,3,4,Pharmacist,0.65,False,Other brand
CON02535,1-5 years,South,T2,30-34,25k-50k,2,Retail Chemist,Every 2-3 months,3,4,Pediatrician,0.553,False,DePURA Kids
CON02536,0-12 months,East,T1,25-29,>1L,3,Retail Chemist,Monthly,2,5,Online/Social media,0.766,False,DePURA Kids
CON02537,0-12 months,East,T1,40+,50k-1L,3,Pharmacy Chain,Monthly,2,5,Pediatrician,0.863,False,Other brand
CON02538,0-12 months,North,T2,40+,50k-1L,5,Retail Chemist,Every 2-3 months,3,4,Pharmacist,0.52,False,Not currently buying
CON02539,6-12 years,Central,T2,25-29,50k-1L,2,Quick Commerce,Every 2-3 months,3,4,Online/Social media,0.53,False,Other brand
CON02540,0-12 months,East,T1,35-39,50k-1L,5,Retail Chemist,Every 2-3 months,3,3,Family/Friends,0.661,True,DePURA Kids
CON02541,6-12 years,South,T2,25-29,25k-50k,4,Retail Chemist,Occasionally,2,3,Gynecologist,0.301,True,Other brand
CON02542,1-5 years,East,T2,30-34,25k-50k,4,Retail Chemist,Occasionally,3,4,Pediatrician,0.41,False,DePURA Kids
CON02543,0-12 months,North,T1,30-34,50k-1L,4,Retail Chemist,Occasionally,4,4,Gynecologist,0.452,False,Other brand
CON02544,1-5 years,West,T1,40+,50k-1L,5,Quick Commerce,Monthly,2,5,Pediatrician,1.0,False,Not currently buying
CON02545,0-12 months,North,T2,25-29,50k-1L,4,E-Pharmacy,Occasionally,3,3,Pharmacist,0.461,False,Other brand
CON02546,6-12 years,North,T2,30-34,50k-1L,4,Retail Chemist,Every 2-3 months,3,3,Family/Friends,0.692,False,Other brand
CON02547,0-12 months,Central,T3,30-34,25k-50k,5,Retail Chemist,Monthly,3,5,Pediatrician,0.782,False,DePURA Kids
CON02548,6-12 years,East,T2,25-29,25k-50k,5,Pharmacy Chain,Monthly,3,3,Pediatrician,0.814,False,Not currently buying
CON02549,0-12 months,South,T1,40+,25k-50k,3,Quick Commerce,Occasionally,4,4,Online/Social media,0.362,False,Other brand
CON02550,0-12 months,Central,T3,35-39,25k-50k,5,Retail Chemist,Every 2-3 months,4,3,Family/Friends,0.608,True,DePURA Kids
CON02551,1-5 years,South,T2,30-34,25k-50k,4,E-Pharmacy,Every 2-3 months,4,4,Pediatrician,0.551,False,Not currently buying
CON02552,0-12 months,South,T1,30-34,25k-50k,4,E-Pharmacy,Every 2-3 months,4,4,Pediatrician,0.547,False,Other brand
CON02553,0-12 months,North,T1,18-24,25k-50k,4,E-Pharmacy,Monthly,3,5,Pediatrician,0.729,False,Other brand
CON02554,1-5 years,South,T1,40+,50k-1L,3,Retail Chemist,Occasionally,3,4,Gynecologist,0.465,False,Other brand
CON02555,13-18 years,North,T1,30-34,25k-50k,1,E-Pharmacy,Every 2-3 months,3,3,Pharmacist,0.567,True,Other brand
CON02556,0-12 months,West,T1,25-29,25k-50k,2,Hospital Pharmacy,Every 2-3 months,4,5,Online/Social media,0.515,False,Other brand
CON02557,13-18 years,West,T1,30-34,>1L,4,Retail Chemist,Monthly,2,3,Pediatrician,0.728,True,Other brand
CON02558,1-5 years,East,T2,30-34,>1L,4,Retail Chemist,Monthly,3,4,Pediatrician,0.729,False,Not currently buying
CON02559,13-18 years,North,T2,35-39,25k-50k,3,Hospital Pharmacy,Every 2-3 months,4,5,Pediatrician,0.594,True,DePURA Kids
CON02560,6-12 years,East,T1,35-39,50k-1L,3,E-Pharmacy,Every 2-3 months,3,3,Pediatrician,0.662,False,DePURA Kids
CON02561,13-18 years,West,T1,40+,25k-50k,4,Retail Chemist,Every 2-3 months,5,4,Pediatrician,0.519,False,Not currently buying
CON02562,0-12 months,West,T3,25-29,>1L,4,Retail Chemist,Monthly,3,5,Pediatrician,0.793,False,Other brand
CON02563,0-12 months,East,T1,25-29,25k-50k,5,Quick Commerce,Occasionally,4,3,Pharmacist,0.446,False,Not currently buying
CON02564,0-12 months,West,T1,18-24,50k-1L,3,Retail Chemist,Every 2-3 months,3,4,Gynecologist,0.658,False,Other brand
CON02565,0-12 months,South,T1,30-34,25k-50k,4,Retail Chemist,Monthly,2,4,Pediatrician,0.845,False,DePURA Kids
CON02566,1-5 years,East,T1,25-29,25k-50k,4,E-Pharmacy,Every 2-3 months,4,3,Pediatrician,0.508,True,Other brand
CON02567,0-12 months,North,T2,25-29,50k-1L,2,Retail Chemist,Monthly,2,3,Family/Friends,0.774,False,Other brand
CON02568,1-5 years,West,T1,30-34,50k-1L,4,Retail Chemist,Occasionally,1,3,Family/Friends,0.45,True,DePURA Kids
CON02569,1-5 years,South,T1,30-34,>1L,5,Retail Chemist,Monthly,2,4,Pediatrician,0.801,False,DePURA Kids
CON02570,6-12 years,West,T1,30-34,>1L,4,Hospital Pharmacy,Monthly,2,4,Pediatrician,0.825,True,DePURA Kids
CON02571,0-12 months,West,T1,30-34,50k-1L,3,Retail Chemist,Occasionally,2,3,Family/Friends,0.492,True,Not currently buying
CON02572,0-12 months,South,T1,25-29,>1L,4,Pharmacy Chain,Every 2-3 months,2,3,Pediatrician,0.59,False,Other brand
CON02573,0-12 months,East,T1,25-29,25k-50k,4,Hospital Pharmacy,Every 2-3 months,4,3,Pediatrician,0.68,False,Other brand
CON02574,1-5 years,West,T1,30-34,50k-1L,4,Quick Commerce,Every 2-3 months,3,4,Pediatrician,0.7,False,Other brand
CON02575,1-5 years,West,T1,18-24,50k-1L,4,Retail Chemist,Monthly,3,4,Pediatrician,0.731,False,DePURA Kids
CON02576,0-12 months,South,T2,30-34,>1L,4,Quick Commerce,Every 2-3 months,3,3,Online/Social media,0.555,True,Other brand
CON02577,0-12 months,South,T1,18-24,25k-50k,3,Retail Chemist,Occasionally,5,4,Online/Social media,0.49,False,Other brand
CON02578,0-12 months,South,T2,25-29,50k-1L,5,Hospital Pharmacy,Every 2-3 months,2,3,Pharmacist,0.614,False,Other brand
CON02579,0-12 months,East,T3,35-39,<25k,4,Retail Chemist,Monthly,5,3,Pediatrician,0.813,True,Other brand
CON02580,0-12 months,North,T2,30-34,25k-50k,1,E-Pharmacy,Every 2-3 months,3,2,Pharmacist,0.693,False,Other brand
CON02581,6-12 years,South,T1,25-29,<25k,3,E-Pharmacy,Every 2-3 months,3,4,Family/Friends,0.562,False,Other brand
CON02582,0-12 months,West,T1,25-29,<25k,2,Hospital Pharmacy,Monthly,3,4,Gynecologist,0.852,False,DePURA Kids
CON02583,1-5 years,North,T2,30-34,25k-50k,4,Quick Commerce,Every 2-3 months,2,5,Pediatrician,0.598,False,Other brand
CON02584,1-5 years,South,T2,30-34,50k-1L,4,Pharmacy Chain,Occasionally,3,3,Pharmacist,0.49,False,Other brand
CON02585,1-5 years,West,T1,35-39,>1L,5,E-Pharmacy,Every 2-3 months,3,4,Online/Social media,0.54,True,Other brand
CON02586,0-12 months,North,T1,35-39,25k-50k,5,E-Pharmacy,Monthly,5,5,Pediatrician,0.815,False,Other brand
CON02587,1-5 years,West,T1,40+,25k-50k,5,Retail Chemist,Occasionally,3,4,Pediatrician,0.488,False,Other brand
CON02588,0-12 months,West,T1,30-34,50k-1L,4,Retail Chemist,Every 2-3 months,3,5,Pediatrician,0.625,False,DePURA Kids
CON02589,0-12 months,North,T1,30-34,25k-50k,4,Retail Chemist,Every 2-3 months,2,4,Pediatrician,0.622,False,Other brand
CON02590,0-12 months,West,T1,30-34,25k-50k,4,E-Pharmacy,Occasionally,4,5,Pediatrician,0.429,False,Not currently buying
CON02591,6-12 years,West,T1,35-39,50k-1L,3,Pharmacy Chain,Occasionally,4,3,Pharmacist,0.371,False,Other brand
CON02592,1-5 years,Central,T2,30-34,50k-1L,5,Pharmacy Chain,Every 2-3 months,2,5,Pediatrician,0.667,False,DePURA Kids
CON02593,6-12 years,Central,T2,35-39,25k-50k,4,Retail Chemist,Monthly,1,4,Pediatrician,1.0,False,DePURA Kids
CON02594,0-12 months,North,T2,35-39,25k-50k,5,Retail Chemist,Monthly,2,4,Online/Social media,0.789,False,Not currently buying
CON02595,1-5 years,South,T1,30-34,25k-50k,5,E-Pharmacy,Monthly,3,4,Pediatrician,0.701,True,Other brand
CON02596,0-12 months,East,T2,30-34,50k-1L,4,Retail Chemist,Every 2-3 months,2,4,Pediatrician,0.624,False,Other brand
CON02597,0-12 months,South,T2,30-34,25k-50k,3,Retail Chemist,Every 2-3 months,4,4,Family/Friends,0.651,False,Other brand
CON02598,1-5 years,North,T2,30-34,50k-1L,4,Retail Chemist,Monthly,3,3,Pediatrician,0.726,True,Not currently buying
CON02599,0-12 months,Central,T3,25-29,50k-1L,4,Retail Chemist,Monthly,4,5,Pediatrician,0.907,False,Other brand
CON02600,1-5 years,North,T3,40+,<25k,5,Hospital Pharmacy,Every 2-3 months,3,5,Pediatrician,0.526,False,Other brand
CON02601,6-12 years,West,T2,25-29,25k-50k,4,Pharmacy Chain,Every 2-3 months,4,4,Family/Friends,0.619,False,Other brand
CON02602,0-12 months,East,T1,30-34,<25k,4,Quick Commerce,Monthly,3,4,Pediatrician,0.928,False,Other brand
CON02603,13-18 years,North,T2,40+,25k-50k,4,E-Pharmacy,Occasionally,4,2,Pediatrician,0.424,False,Not currently buying
CON02604,0-12 months,East,T3,25-29,25k-50k,4,Retail Chemist,Occasionally,4,4,Gynecologist,0.432,False,Not currently buying
CON02605,0-12 months,West,T1,25-29,25k-50k,5,E-Pharmacy,Monthly,3,4,Pediatrician,0.937,False,DePURA Kids
CON02606,0-12 months,South,T1,30-34,50k-1L,3,Hospital Pharmacy,Every 2-3 months,3,2,Online/Social media,0.501,False,Not currently buying
CON02607,0-12 months,Central,T2,30-34,25k-50k,4,Quick Commerce,Monthly,5,4,Pediatrician,0.709,False,Other brand
CON02608,0-12 months,Central,T3,30-34,<25k,3,Retail Chemist,Every 2-3 months,5,4,Pharmacist,0.614,False,Other brand
CON02609,0-12 months,South,T1,25-29,50k-1L,4,E-Pharmacy,Every 2-3 months,4,4,Online/Social media,0.624,False,Other brand
CON02610,6-12 years,North,T1,25-29,50k-1L,5,Pharmacy Chain,Every 2-3 months,3,4,Pediatrician,0.559,True,DePURA Kids
CON02611,13-18 years,North,T2,40+,>1L,5,E-Pharmacy,Monthly,3,4,Pediatrician,0.876,False,Other brand
CON02612,0-12 months,South,T1,30-34,>1L,3,E-Pharmacy,Every 2-3 months,3,4,Pediatrician,0.55,True,Other brand
CON02613,0-12 months,South,T2,40+,>1L,5,Retail Chemist,Monthly,2,4,Pediatrician,0.712,False,DePURA Kids
CON02614,0-12 months,Central,T3,35-39,25k-50k,4,Hospital Pharmacy,Every 2-3 months,3,3,Family/Friends,0.619,False,Other brand
CON02615,13-18 years,East,T3,30-34,<25k,4,Retail Chemist,Every 2-3 months,3,4,Online/Social media,0.551,False,Other brand
CON02616,13-18 years,North,T1,18-24,>1L,3,Retail Chemist,Occasionally,3,3,Gynecologist,0.43,False,Not currently buying
CON02617,1-5 years,East,T3,40+,<25k,5,Retail Chemist,Occasionally,4,3,Family/Friends,0.383,True,DePURA Kids
CON02618,0-12 months,West,T1,35-39,25k-50k,4,Pharmacy Chain,Monthly,3,4,Pediatrician,0.831,False,Other brand
CON02619,0-12 months,East,T2,30-34,25k-50k,2,Retail Chemist,Monthly,2,3,Pharmacist,0.805,False,Other brand
CON02620,1-5 years,West,T3,30-34,25k-50k,5,Retail Chemist,Every 2-3 months,3,5,Pediatrician,0.629,False,Other brand
CON02621,0-12 months,South,T1,35-39,25k-50k,3,Retail Chemist,Every 2-3 months,3,4,Family/Friends,0.533,False,Other brand
CON02622,6-12 years,East,T2,30-34,25k-50k,3,Retail Chemist,Monthly,3,3,Gynecologist,0.814,False,Other brand
CON02623,6-12 years,East,T1,30-34,>1L,4,Quick Commerce,Monthly,3,3,Pediatrician,0.725,False,Not currently buying
CON02624,1-5 years,North,T1,25-29,25k-50k,4,Pharmacy Chain,Occasionally,5,5,Online/Social media,0.426,False,Not currently buying
CON02625,1-5 years,South,T1,25-29,50k-1L,4,Retail Chemist,Occasionally,2,3,Family/Friends,0.431,False,Other brand
CON02626,0-12 months,West,T2,25-29,25k-50k,3,Quick Commerce,Every 2-3 months,3,5,Pediatrician,0.67,False,Other brand
CON02627,1-5 years,West,T1,30-34,25k-50k,3,Retail Chemist,Every 2-3 months,2,4,Family/Friends,0.675,False,Other brand
CON02628,0-12 months,South,T1,30-34,>1L,2,Retail Chemist,Monthly,3,5,Pediatrician,0.957,False,DePURA Kids
CON02629,6-12 years,West,T1,40+,25k-50k,2,Retail Chemist,Every 2-3 months,4,3,Pharmacist,0.501,False,Other brand
CON02630,0-12 months,South,T1,18-24,50k-1L,4,Quick Commerce,Every 2-3 months,2,3,Gynecologist,0.537,False,Other brand
CON02631,6-12 years,South,T1,18-24,50k-1L,5,Quick Commerce,Every 2-3 months,3,4,Pharmacist,0.512,False,DePURA Kids
CON02632,0-12 months,South,T2,30-34,<25k,4,Retail Chemist,Every 2-3 months,3,3,Gynecologist,0.548,False,Not currently buying
CON02633,1-5 years,West,T3,35-39,<25k,3,Retail Chemist,One-time,5,4,Pharmacist,0.171,False,Not currently buying
CON02634,0-12 months,West,T1,30-34,>1L,3,Retail Chemist,Occasionally,2,3,Family/Friends,0.452,False,Other brand
CON02635,1-5 years,West,T1,30-34,>1L,4,Retail Chemist,Occasionally,3,3,Pharmacist,0.428,False,Other brand
CON02636,6-12 years,South,T1,25-29,>1L,4,Retail Chemist,Monthly,2,3,Pharmacist,0.918,False,Not currently buying
CON02637,6-12 years,East,T3,18-24,>1L,4,Hospital Pharmacy,Every 2-3 months,4,5,Pediatrician,0.599,False,Other brand
CON02638,0-12 months,West,T1,35-39,25k-50k,2,Pharmacy Chain,Every 2-3 months,4,3,Pharmacist,0.548,False,Other brand
CON02639,0-12 months,West,T1,35-39,>1L,3,Retail Chemist,Monthly,2,4,Pediatrician,1.0,True,DePURA Kids
CON02640,1-5 years,South,T1,25-29,<25k,3,Retail Chemist,Every 2-3 months,4,3,Pharmacist,0.559,False,Other brand
CON02641,1-5 years,West,T1,25-29,50k-1L,4,Quick Commerce,Every 2-3 months,3,4,Family/Friends,0.59,False,Other brand
CON02642,6-12 years,North,T1,35-39,<25k,4,E-Pharmacy,Every 2-3 months,5,2,Pediatrician,0.595,False,Other brand
CON02643,0-12 months,North,T1,30-34,25k-50k,4,Quick Commerce,Every 2-3 months,5,5,Pediatrician,0.617,False,Other brand
CON02644,6-12 years,South,T1,25-29,50k-1L,4,E-Pharmacy,Monthly,4,5,Pediatrician,0.796,False,DePURA Kids
CON02645,0-12 months,West,T2,18-24,25k-50k,4,Hospital Pharmacy,Monthly,3,4,Pediatrician,0.997,True,DePURA Kids
CON02646,0-12 months,South,T1,25-29,50k-1L,5,Retail Chemist,Monthly,2,5,Pediatrician,0.782,False,DePURA Kids
CON02647,0-12 months,South,T1,30-34,>1L,3,E-Pharmacy,Occasionally,2,3,Pharmacist,0.495,True,DePURA Kids
CON02648,0-12 months,West,T1,35-39,50k-1L,5,E-Pharmacy,Monthly,3,4,Pediatrician,0.728,False,DePURA Kids
CON02649,6-12 years,South,T1,25-29,25k-50k,4,Quick Commerce,Occasionally,3,3,Pediatrician,0.372,True,Other brand
CON02650,0-12 months,West,T1,25-29,25k-50k,5,Retail Chemist,Every 2-3 months,5,4,Pediatrician,0.68,True,Other brand
CON02651,0-12 months,East,T2,40+,25k-50k,4,Retail Chemist,Every 2-3 months,2,4,Pharmacist,0.678,True,Other brand
CON02652,0-12 months,East,T2,30-34,>1L,3,E-Pharmacy,Monthly,1,4,Pediatrician,0.781,False,Not currently buying
CON02653,6-12 years,South,T3,30-34,25k-50k,3,E-Pharmacy,Occasionally,3,3,Gynecologist,0.376,False,Other brand
CON02654,1-5 years,West,T2,25-29,50k-1L,4,Pharmacy Chain,Monthly,3,5,Online/Social media,0.773,False,Other brand
CON02655,1-5 years,East,T3,30-34,<25k,3,Retail Chemist,One-time,4,4,Pediatrician,0.298,False,Other brand
CON02656,6-12 years,West,T1,25-29,25k-50k,5,Retail Chemist,Occasionally,3,2,Online/Social media,0.403,True,DePURA Kids
CON02657,6-12 years,Central,T2,30-34,50k-1L,3,Pharmacy Chain,Occasionally,3,5,Online/Social media,0.352,False,Other brand
CON02658,13-18 years,East,T3,30-34,25k-50k,3,Retail Chemist,Monthly,3,5,Pediatrician,0.723,False,DePURA Kids
CON02659,6-12 years,South,T1,40+,>1L,5,Pharmacy Chain,Every 2-3 months,4,4,Pediatrician,0.578,False,DePURA Kids
CON02660,0-12 months,West,T2,35-39,50k-1L,4,Hospital Pharmacy,Monthly,3,4,Pediatrician,0.873,True,Other brand
CON02661,1-5 years,North,T1,18-24,50k-1L,4,Hospital Pharmacy,Monthly,2,3,Pediatrician,0.701,True,DePURA Kids
CON02662,13-18 years,South,T1,30-34,<25k,3,Hospital Pharmacy,Occasionally,4,2,Online/Social media,0.407,True,Other brand
CON02663,1-5 years,North,T1,25-29,25k-50k,3,Quick Commerce,Occasionally,4,1,Online/Social media,0.405,True,Not currently buying
CON02664,1-5 years,North,T1,35-39,25k-50k,5,E-Pharmacy,Every 2-3 months,4,4,Pediatrician,0.534,False,DePURA Kids
CON02665,1-5 years,North,T2,25-29,25k-50k,3,Retail Chemist,Occasionally,2,5,Pediatrician,0.34,False,Other brand
CON02666,1-5 years,South,T1,18-24,25k-50k,3,Pharmacy Chain,Every 2-3 months,,4,Pediatrician,0.61,True,DePURA Kids
CON02667,1-5 years,East,T3,30-34,25k-50k,4,Retail Chemist,Monthly,4,5,Pediatrician,0.902,False,DePURA Kids
CON02668,6-12 years,North,T1,25-29,50k-1L,4,Retail Chemist,Occasionally,2,3,Online/Social media,0.47,True,Other brand
CON02669,1-5 years,South,T1,25-29,25k-50k,3,Retail Chemist,Occasionally,5,4,Pediatrician,0.482,True,Not currently buying
CON02670,0-12 months,Central,T2,18-24,>1L,4,Pharmacy Chain,Monthly,3,5,Pediatrician,0.847,False,DePURA Kids
CON02671,0-12 months,South,T1,35-39,25k-50k,5,E-Pharmacy,Monthly,2,4,Pediatrician,0.894,False,Other brand
CON02672,1-5 years,South,T1,25-29,50k-1L,3,E-Pharmacy,Every 2-3 months,4,3,Pediatrician,0.612,False,Other brand
CON02673,6-12 years,South,T1,30-34,>1L,5,E-Pharmacy,Every 2-3 months,3,4,Pediatrician,0.628,True,Other brand
CON02674,6-12 years,South,T2,18-24,>1L,4,Pharmacy Chain,Monthly,2,5,Pediatrician,0.713,False,DePURA Kids
CON02675,0-12 months,North,T2,18-24,50k-1L,4,Retail Chemist,Monthly,4,4,Pediatrician,1.0,False,DePURA Kids
CON02676,1-5 years,North,T2,25-29,50k-1L,3,Quick Commerce,Monthly,3,4,Online/Social media,0.761,False,Other brand
CON02677,6-12 years,East,T1,30-34,25k-50k,3,Retail Chemist,Every 2-3 months,3,1,Family/Friends,0.626,True,Other brand
CON02678,1-5 years,North,T1,30-34,50k-1L,5,Quick Commerce,Monthly,4,5,Pediatrician,0.751,False,DePURA Kids
CON02679,6-12 years,East,T2,25-29,<25k,3,Retail Chemist,Every 2-3 months,5,4,Family/Friends,0.506,False,Other brand
CON02680,1-5 years,West,T2,25-29,25k-50k,4,Hospital Pharmacy,Every 2-3 months,4,4,Pediatrician,0.624,False,DePURA Kids
CON02681,0-12 months,West,T1,25-29,25k-50k,3,Retail Chemist,Every 2-3 months,4,4,Pharmacist,0.656,False,Other brand
CON02682,0-12 months,West,T1,35-39,<25k,4,E-Pharmacy,Occasionally,4,4,Family/Friends,0.492,False,DePURA Kids
CON02683,1-5 years,West,T1,25-29,>1L,4,Retail Chemist,Occasionally,2,2,Online/Social media,0.43,False,Not currently buying
CON02684,1-5 years,South,T2,18-24,25k-50k,5,Pharmacy Chain,Every 2-3 months,4,4,Pediatrician,0.58,False,DePURA Kids
CON02685,0-12 months,South,T1,40+,50k-1L,5,E-Pharmacy,Monthly,2,5,Pediatrician,0.861,False,Other brand
CON02686,6-12 years,West,T1,25-29,50k-1L,3,Retail Chemist,Occasionally,3,4,Pharmacist,0.361,False,Other brand
CON02687,6-12 years,South,T1,30-34,25k-50k,3,Pharmacy Chain,Occasionally,5,5,Pharmacist,0.401,False,Not currently buying
CON02688,6-12 years,South,T1,18-24,25k-50k,2,Pharmacy Chain,Monthly,3,3,Pediatrician,0.734,True,DePURA Kids
CON02689,1-5 years,South,T1,30-34,25k-50k,4,E-Pharmacy,Every 2-3 months,4,4,Pediatrician,0.607,False,Not currently buying
CON02690,0-12 months,West,T1,25-29,25k-50k,5,Quick Commerce,Monthly,3,3,Pediatrician,0.947,True,Other brand
CON02691,0-12 months,East,T1,25-29,50k-1L,2,Quick Commerce,Monthly,3,5,Pediatrician,0.722,False,DePURA Kids
CON02692,1-5 years,North,T2,30-34,50k-1L,3,Retail Chemist,Monthly,2,3,Online/Social media,0.76,False,Not currently buying
CON02693,6-12 years,East,T3,40+,25k-50k,5,Retail Chemist,Every 2-3 months,3,5,Gynecologist,0.525,False,DePURA Kids
CON02694,6-12 years,South,T1,35-39,>1L,4,Retail Chemist,Occasionally,3,5,Family/Friends,0.478,False,Other brand
CON02695,0-12 months,East,T3,30-34,>1L,4,Retail Chemist,Monthly,3,5,Pediatrician,0.836,False,Other brand
CON02696,0-12 months,East,T3,18-24,50k-1L,5,E-Pharmacy,Occasionally,2,3,Family/Friends,0.484,False,Other brand
CON02697,0-12 months,North,T1,25-29,50k-1L,5,Quick Commerce,Monthly,2,4,Pediatrician,0.759,False,Other brand
CON02698,1-5 years,West,T1,35-39,50k-1L,4,Hospital Pharmacy,Every 2-3 months,1,4,Pharmacist,0.553,False,Not currently buying
CON02699,0-12 months,South,T1,30-34,50k-1L,5,E-Pharmacy,Monthly,2,3,Pediatrician,0.989,True,DePURA Kids
CON02700,0-12 months,North,T2,25-29,>1L,3,Hospital Pharmacy,Every 2-3 months,2,4,Online/Social media,0.645,False,Not currently buying
CON02701,1-5 years,Central,T3,35-39,25k-50k,5,Retail Chemist,Occasionally,2,3,Pediatrician,0.42,False,Other brand
CON02702,0-12 months,West,T1,35-39,>1L,5,E-Pharmacy,Monthly,3,5,Pediatrician,1.0,True,Other brand
CON02703,0-12 months,East,T2,25-29,50k-1L,2,Retail Chemist,Every 2-3 months,3,4,Gynecologist,0.674,False,Other brand
CON02704,0-12 months,North,T2,25-29,50k-1L,4,Retail Chemist,Monthly,3,4,Pediatrician,0.898,False,Not currently buying
CON02705,0-12 months,North,T2,18-24,>1L,4,Pharmacy Chain,Every 2-3 months,2,2,Online/Social media,0.586,True,DePURA Kids
CON02706,0-12 months,West,T2,30-34,50k-1L,5,Hospital Pharmacy,Monthly,3,3,Pediatrician,0.803,False,Other brand
CON02707,6-12 years,North,T2,30-34,25k-50k,5,Pharmacy Chain,Every 2-3 months,5,4,Family/Friends,0.684,False,Not currently buying
CON02708,0-12 months,South,T2,40+,50k-1L,3,Retail Chemist,Every 2-3 months,3,4,Family/Friends,0.506,False,Other brand
CON02709,1-5 years,North,T1,35-39,>1L,5,Retail Chemist,Occasionally,1,2,Gynecologist,0.448,False,Other brand
CON02710,0-12 months,South,T1,35-39,<25k,3,Retail Chemist,Occasionally,4,3,Gynecologist,0.472,False,Other brand
CON02711,0-12 months,West,T1,25-29,>1L,3,Pharmacy Chain,Monthly,2,2,Pharmacist,0.818,False,Other brand
CON02712,0-12 months,East,T3,25-29,25k-50k,3,Retail Chemist,Monthly,3,2,Pediatrician,0.823,False,DePURA Kids
CON02713,0-12 months,East,T2,25-29,25k-50k,5,Retail Chemist,Every 2-3 months,5,4,Pediatrician,0.573,False,Other brand
CON02714,0-12 months,South,T2,30-34,<25k,3,Retail Chemist,Monthly,3,3,Gynecologist,0.715,False,Other brand
CON02715,0-12 months,West,T1,30-34,>1L,4,Retail Chemist,Monthly,1,5,Pediatrician,0.995,False,DePURA Kids
CON02716,0-12 months,West,T1,18-24,25k-50k,5,E-Pharmacy,Monthly,3,5,Pediatrician,0.888,False,DePURA Kids
CON02717,0-12 months,North,T1,30-34,50k-1L,3,E-Pharmacy,Every 2-3 months,2,5,Pharmacist,0.529,False,Other brand
CON02718,0-12 months,East,T2,25-29,25k-50k,4,Retail Chemist,Monthly,4,3,Online/Social media,0.752,False,Other brand
CON02719,0-12 months,East,T2,30-34,50k-1L,4,Quick Commerce,Monthly,4,4,Pediatrician,0.873,False,Other brand
CON02720,6-12 years,North,T2,40+,25k-50k,3,E-Pharmacy,Every 2-3 months,4,4,Pharmacist,0.658,False,DePURA Kids
CON02721,6-12 years,West,T3,25-29,50k-1L,5,Retail Chemist,Every 2-3 months,3,3,Family/Friends,0.588,False,Other brand
CON02722,1-5 years,South,T1,30-34,50k-1L,3,Pharmacy Chain,Occasionally,3,5,Family/Friends,0.488,False,Other brand
CON02723,6-12 years,Central,T3,40+,50k-1L,2,Retail Chemist,Occasionally,2,2,Family/Friends,0.413,True,Other brand
CON02724,1-5 years,West,T3,18-24,50k-1L,3,Retail Chemist,Every 2-3 months,4,3,Gynecologist,0.617,False,Not currently buying
CON02725,0-12 months,South,T1,35-39,50k-1L,3,Hospital Pharmacy,Monthly,3,4,Pharmacist,0.735,False,Other brand
CON02726,0-12 months,South,T1,35-39,50k-1L,2,Retail Chemist,Every 2-3 months,1,2,Gynecologist,0.532,True,Other brand
CON02727,0-12 months,West,T1,25-29,<25k,3,Retail Chemist,Monthly,3,3,Pharmacist,0.826,False,Other brand
CON02728,0-12 months,North,T1,35-39,25k-50k,4,Retail Chemist,Monthly,3,3,Gynecologist,0.839,False,Other brand
CON02729,0-12 months,West,T1,35-39,>1L,4,Pharmacy Chain,One-time,3,4,Pharmacist,0.236,False,DePURA Kids
CON02730,0-12 months,North,T2,35-39,>1L,4,Pharmacy Chain,Monthly,3,3,Pediatrician,0.951,True,Other brand
CON02731,6-12 years,South,T1,35-39,50k-1L,4,Retail Chemist,Every 2-3 months,4,3,Online/Social media,0.509,True,Other brand
CON02732,0-12 months,Central,T2,30-34,25k-50k,4,Hospital Pharmacy,Monthly,3,4,Pediatrician,1.0,False,Other brand
CON02733,13-18 years,North,T2,35-39,50k-1L,3,Retail Chemist,Monthly,2,3,Pediatrician,0.839,False,Other brand
CON02734,0-12 months,West,T1,35-39,50k-1L,4,Retail Chemist,Monthly,3,4,Pediatrician,1.0,True,Other brand
CON02735,0-12 months,East,T2,30-34,50k-1L,5,Retail Chemist,Every 2-3 months,2,3,Pediatrician,0.672,False,DePURA Kids
CON02736,1-5 years,East,T1,25-29,50k-1L,5,Retail Chemist,Occasionally,,4,Pharmacist,0.38,False,Not currently buying
CON02737,0-12 months,South,T1,30-34,50k-1L,3,Quick Commerce,Every 2-3 months,2,5,Pediatrician,0.579,False,DePURA Kids
CON02738,6-12 years,North,T1,30-34,50k-1L,3,Quick Commerce,Occasionally,3,4,Family/Friends,0.492,False,Not currently buying
CON02739,1-5 years,South,T1,35-39,50k-1L,2,Retail Chemist,Every 2-3 months,3,3,Family/Friends,0.502,False,Other brand
CON02740,0-12 months,North,T1,25-29,<25k,2,E-Pharmacy,Every 2-3 months,4,4,Pharmacist,0.673,False,Not currently buying
CON02741,0-12 months,East,T2,25-29,>1L,2,Hospital Pharmacy,Every 2-3 months,2,4,Pharmacist,0.64,False,Other brand
CON02742,0-12 months,South,T1,30-34,50k-1L,2,Pharmacy Chain,Occasionally,4,5,Family/Friends,0.372,False,Other brand
CON02743,0-12 months,North,T3,18-24,25k-50k,4,Retail Chemist,Monthly,4,4,Pediatrician,0.831,False,Other brand
CON02744,0-12 months,North,T2,35-39,25k-50k,4,Retail Chemist,Monthly,4,4,Pediatrician,0.771,False,Other brand
CON02745,0-12 months,South,T2,35-39,<25k,4,Retail Chemist,Monthly,4,4,Pharmacist,0.709,False,DePURA Kids
CON02746,0-12 months,North,T2,40+,50k-1L,2,Retail Chemist,Monthly,2,4,Pediatrician,0.903,False,Other brand
CON02747,6-12 years,West,T2,25-29,25k-50k,3,Hospital Pharmacy,Every 2-3 months,4,3,Gynecologist,0.58,False,Not currently buying
CON02748,1-5 years,North,T1,40+,>1L,4,Hospital Pharmacy,Every 2-3 months,2,4,Pediatrician,0.597,False,Other brand
CON02749,0-12 months,East,T2,35-39,25k-50k,3,E-Pharmacy,Monthly,3,2,Pharmacist,0.895,False,Other brand
CON02750,0-12 months,South,T1,25-29,<25k,3,Quick Commerce,Every 2-3 months,4,3,Pediatrician,0.523,False,Other brand
CON02751,0-12 months,North,T2,18-24,25k-50k,2,E-Pharmacy,One-time,5,5,Pharmacist,0.223,False,Other brand
CON02752,1-5 years,South,T1,30-34,50k-1L,4,Retail Chemist,Every 2-3 months,3,3,Pediatrician,0.581,True,Other brand
CON02753,13-18 years,West,T3,25-29,25k-50k,2,Hospital Pharmacy,Every 2-3 months,,3,Pediatrician,0.59,True,Other brand
CON02754,6-12 years,North,T1,25-29,<25k,4,Retail Chemist,Every 2-3 months,5,5,Online/Social media,0.515,False,Other brand
CON02755,1-5 years,West,T3,30-34,<25k,1,Retail Chemist,Every 2-3 months,5,5,Pediatrician,0.524,False,Other brand
CON02756,1-5 years,West,T1,25-29,50k-1L,3,E-Pharmacy,Every 2-3 months,4,4,Online/Social media,0.513,True,Other brand
CON02757,0-12 months,North,T2,30-34,50k-1L,3,Hospital Pharmacy,Monthly,2,5,Pharmacist,0.774,False,Other brand
CON02758,0-12 months,East,T3,25-29,<25k,4,Quick Commerce,Occasionally,4,5,Online/Social media,0.433,False,Other brand
CON02759,6-12 years,North,T2,35-39,50k-1L,3,Retail Chemist,Occasionally,4,4,Pharmacist,0.417,False,Not currently buying
CON02760,0-12 months,South,T3,18-24,25k-50k,3,E-Pharmacy,Monthly,3,4,Pediatrician,0.999,False,DePURA Kids
CON02761,1-5 years,East,T2,25-29,50k-1L,2,Pharmacy Chain,One-time,4,2,Pharmacist,0.296,False,Other brand
CON02762,6-12 years,North,T1,40+,25k-50k,5,Pharmacy Chain,Every 2-3 months,3,4,Pediatrician,0.515,False,Other brand
CON02763,0-12 months,North,T2,25-29,>1L,3,Retail Chemist,Monthly,1,3,Pediatrician,1.0,False,DePURA Kids
CON02764,1-5 years,South,T1,25-29,>1L,4,Pharmacy Chain,Every 2-3 months,2,4,Pediatrician,0.622,False,DePURA Kids
CON02765,0-12 months,Central,T3,35-39,50k-1L,4,Retail Chemist,Every 2-3 months,4,4,Family/Friends,0.697,False,Not currently buying
CON02766,0-12 months,South,T2,25-29,25k-50k,3,E-Pharmacy,Monthly,3,5,Pediatrician,0.761,False,Other brand
CON02767,0-12 months,West,T3,35-39,50k-1L,4,Retail Chemist,Monthly,4,4,Pediatrician,0.946,False,Other brand
CON02768,1-5 years,East,T2,30-34,25k-50k,5,Retail Chemist,Every 2-3 months,5,3,Pediatrician,0.667,False,Other brand
CON02769,0-12 months,North,T2,25-29,<25k,5,Retail Chemist,Monthly,2,4,Pediatrician,0.862,False,Other brand
CON02770,0-12 months,West,T3,30-34,<25k,3,Retail Chemist,Monthly,5,3,Pediatrician,0.975,False,Other brand
CON02771,0-12 months,East,T1,30-34,50k-1L,5,Pharmacy Chain,Every 2-3 months,4,2,Gynecologist,0.671,False,Other brand
CON02772,0-12 months,North,T2,30-34,>1L,3,Retail Chemist,Monthly,2,5,Pediatrician,0.93,False,DePURA Kids
CON02773,1-5 years,South,T1,25-29,50k-1L,4,Retail Chemist,Every 2-3 months,3,4,Family/Friends,0.65,True,Not currently buying
CON02774,0-12 months,West,T1,35-39,<25k,4,E-Pharmacy,Monthly,5,3,Pharmacist,0.871,False,Other brand
CON02775,0-12 months,South,T1,30-34,<25k,3,Hospital Pharmacy,Every 2-3 months,3,4,Pediatrician,0.638,False,DePURA Kids
CON02776,0-12 months,North,T2,30-34,50k-1L,5,Retail Chemist,Occasionally,3,3,Online/Social media,0.364,False,Other brand
CON02777,0-12 months,South,T1,25-29,<25k,3,E-Pharmacy,Monthly,4,4,Pediatrician,0.847,True,Other brand
CON02778,1-5 years,South,T1,30-34,50k-1L,3,Retail Chemist,Every 2-3 months,2,5,Pediatrician,0.519,False,Not currently buying
CON02779,1-5 years,South,T1,30-34,<25k,5,Pharmacy Chain,Occasionally,4,4,Pharmacist,0.386,False,Other brand
CON02780,1-5 years,North,T3,35-39,<25k,4,Pharmacy Chain,Every 2-3 months,3,5,Pediatrician,0.663,False,Other brand
CON02781,1-5 years,West,T2,18-24,>1L,2,Retail Chemist,Occasionally,2,3,Pharmacist,0.488,False,Other brand
CON02782,0-12 months,West,T2,18-24,25k-50k,3,Retail Chemist,Every 2-3 months,4,3,Gynecologist,0.525,False,Other brand
CON02783,0-12 months,South,T1,25-29,25k-50k,4,Pharmacy Chain,Every 2-3 months,3,2,Gynecologist,0.641,True,Not currently buying
CON02784,0-12 months,East,T3,30-34,<25k,3,E-Pharmacy,Monthly,5,5,Gynecologist,0.739,False,Other brand
CON02785,0-12 months,North,T1,35-39,<25k,5,Retail Chemist,Every 2-3 months,5,4,Pediatrician,0.647,False,Other brand
CON02786,1-5 years,East,T3,35-39,<25k,2,Retail Chemist,Every 2-3 months,4,3,Family/Friends,0.55,False,Other brand
CON02787,6-12 years,East,T1,35-39,50k-1L,3,E-Pharmacy,Every 2-3 months,3,2,Pharmacist,0.566,False,Other brand
CON02788,0-12 months,West,T2,40+,<25k,3,E-Pharmacy,Occasionally,5,4,Family/Friends,0.403,False,Other brand
CON02789,0-12 months,Central,T3,30-34,<25k,4,Retail Chemist,Every 2-3 months,4,4,Pediatrician,0.614,True,Other brand
CON02790,6-12 years,North,T3,30-34,<25k,3,Retail Chemist,Occasionally,4,4,Pharmacist,0.47,False,Other brand
CON02791,1-5 years,Central,T2,40+,>1L,4,Pharmacy Chain,Every 2-3 months,3,4,Online/Social media,0.56,False,Not currently buying
CON02792,0-12 months,South,T2,30-34,<25k,5,Pharmacy Chain,Monthly,3,4,Pediatrician,0.906,False,Other brand
CON02793,1-5 years,North,T1,35-39,50k-1L,3,Retail Chemist,Every 2-3 months,2,2,Online/Social media,0.655,True,Other brand
CON02794,0-12 months,East,T3,25-29,25k-50k,5,Quick Commerce,Monthly,4,5,Pediatrician,0.9,False,Other brand
CON02795,6-12 years,Central,T2,40+,50k-1L,2,Retail Chemist,Every 2-3 months,1,5,Pediatrician,0.667,False,DePURA Kids
CON02796,1-5 years,South,T1,25-29,25k-50k,4,Hospital Pharmacy,One-time,3,4,Pharmacist,0.246,False,Not currently buying
CON02797,1-5 years,West,T3,25-29,<25k,3,Retail Chemist,Every 2-3 months,4,4,Pediatrician,0.683,False,Other brand
CON02798,6-12 years,North,T2,30-34,<25k,4,Retail Chemist,Occasionally,5,4,Family/Friends,0.349,False,Not currently buying
CON02799,0-12 months,West,T2,30-34,25k-50k,3,E-Pharmacy,Every 2-3 months,4,4,Online/Social media,0.596,False,Other brand
CON02800,0-12 months,Central,T2,30-34,50k-1L,3,Hospital Pharmacy,Occasionally,2,4,Pediatrician,0.302,False,DePURA Kids
CON02801,1-5 years,West,T1,30-34,<25k,4,Retail Chemist,Monthly,3,3,Online/Social media,0.804,True,DePURA Kids
CON02802,0-12 months,South,T1,30-34,50k-1L,4,Pharmacy Chain,Every 2-3 months,3,3,Family/Friends,0.628,True,Other brand
CON02803,1-5 years,North,T1,35-39,25k-50k,3,Quick Commerce,Every 2-3 months,3,3,Pharmacist,0.542,False,Other brand
CON02804,1-5 years,South,T1,40+,50k-1L,3,Quick Commerce,Occasionally,3,5,Pediatrician,0.496,True,Other brand
CON02805,0-12 months,Central,T3,25-29,<25k,3,Hospital Pharmacy,Monthly,4,5,Pediatrician,0.882,False,Not currently buying
CON02806,0-12 months,East,T2,25-29,<25k,5,Hospital Pharmacy,Every 2-3 months,3,5,Pediatrician,0.511,False,Other brand
CON02807,6-12 years,Central,T2,30-34,25k-50k,3,Hospital Pharmacy,Monthly,3,3,Pediatrician,0.733,True,Other brand
CON02808,0-12 months,North,T1,25-29,50k-1L,3,Retail Chemist,Monthly,3,3,Pediatrician,0.873,False,Other brand
CON02809,0-12 months,South,T2,25-29,25k-50k,4,Pharmacy Chain,Monthly,3,5,Pediatrician,0.813,False,Other brand
CON02810,0-12 months,East,T3,30-34,50k-1L,3,Retail Chemist,Occasionally,4,3,Online/Social media,0.491,False,Not currently buying
CON02811,6-12 years,South,T1,25-29,>1L,4,Retail Chemist,Occasionally,2,4,Pediatrician,0.434,False,Other brand
CON02812,0-12 months,West,T2,35-39,>1L,3,Pharmacy Chain,Monthly,3,4,Pediatrician,0.766,False,Other brand
CON02813,0-12 months,Central,T3,25-29,<25k,4,Hospital Pharmacy,Monthly,5,4,Pediatrician,0.785,False,DePURA Kids
CON02814,0-12 months,East,T1,35-39,>1L,3,Pharmacy Chain,Every 2-3 months,,2,Family/Friends,0.651,True,Other brand
CON02815,0-12 months,North,T1,30-34,25k-50k,3,Retail Chemist,Occasionally,3,4,Gynecologist,0.458,False,Other brand
CON02816,1-5 years,North,T1,25-29,<25k,3,Pharmacy Chain,Every 2-3 months,4,4,Pharmacist,0.587,False,Other brand
CON02817,6-12 years,South,T2,35-39,25k-50k,3,Retail Chemist,Occasionally,3,4,Gynecologist,0.341,False,Other brand
CON02818,0-12 months,North,T2,18-24,25k-50k,1,Pharmacy Chain,Every 2-3 months,4,1,Gynecologist,0.618,True,Other brand
CON02819,0-12 months,South,T1,30-34,25k-50k,3,E-Pharmacy,Monthly,5,4,Pediatrician,0.705,False,Not currently buying
CON02820,13-18 years,East,T2,30-34,50k-1L,3,Retail Chemist,Every 2-3 months,2,5,Pediatrician,0.682,False,DePURA Kids
CON02821,1-5 years,North,T2,30-34,25k-50k,3,Retail Chemist,Monthly,2,4,Pediatrician,0.751,False,DePURA Kids
CON02822,0-12 months,East,T3,40+,25k-50k,5,E-Pharmacy,Monthly,4,5,Pediatrician,0.816,False,Not currently buying
CON02823,6-12 years,South,T2,30-34,>1L,3,Pharmacy Chain,Every 2-3 months,2,4,Pediatrician,0.595,False,DePURA Kids
CON02824,13-18 years,South,T1,40+,50k-1L,4,Pharmacy Chain,Every 2-3 months,2,3,Pediatrician,0.556,True,Other brand
CON02825,0-12 months,Central,T2,30-34,50k-1L,1,Quick Commerce,Every 2-3 months,3,4,Pharmacist,0.685,False,Not currently buying
CON02826,6-12 years,North,T2,25-29,25k-50k,4,Retail Chemist,Every 2-3 months,3,4,Family/Friends,0.508,False,Not currently buying
CON02827,0-12 months,South,T1,30-34,25k-50k,4,Retail Chemist,Every 2-3 months,4,5,Pharmacist,0.673,False,Other brand
CON02828,1-5 years,North,T1,40+,>1L,4,Retail Chemist,Every 2-3 months,2,4,Pediatrician,0.656,True,DePURA Kids
CON02829,0-12 months,West,T1,18-24,25k-50k,3,Retail Chemist,Occasionally,5,2,Online/Social media,0.421,True,Not currently buying
CON02830,0-12 months,South,T1,25-29,<25k,4,Pharmacy Chain,Every 2-3 months,4,5,Gynecologist,0.62,False,Other brand
CON02831,0-12 months,East,T1,35-39,>1L,5,Retail Chemist,Monthly,4,5,Pediatrician,0.779,False,Other brand
CON02832,6-12 years,North,T2,35-39,<25k,4,Retail Chemist,Every 2-3 months,4,4,Pediatrician,0.667,False,Other brand
CON02833,1-5 years,North,T1,30-34,<25k,2,Pharmacy Chain,Occasionally,3,4,Family/Friends,0.465,False,Other brand
CON02834,0-12 months,North,T1,25-29,50k-1L,2,Retail Chemist,Monthly,3,3,Pediatrician,1.0,True,DePURA Kids
CON02835,0-12 months,South,T2,30-34,50k-1L,4,Retail Chemist,Monthly,4,5,Online/Social media,0.785,False,DePURA Kids
CON02836,1-5 years,West,T1,25-29,>1L,4,Quick Commerce,Every 2-3 months,2,5,Pediatrician,0.625,False,Other brand
CON02837,0-12 months,North,T2,25-29,<25k,3,Retail Chemist,Every 2-3 months,2,3,Gynecologist,0.666,False,Not currently buying
CON02838,0-12 months,South,T2,25-29,<25k,1,E-Pharmacy,Occasionally,4,3,Family/Friends,0.447,False,Not currently buying
CON02839,0-12 months,North,T2,25-29,25k-50k,2,E-Pharmacy,Every 2-3 months,5,2,Pharmacist,0.52,False,Other brand
CON02840,13-18 years,Central,T3,25-29,50k-1L,3,Hospital Pharmacy,Every 2-3 months,3,4,Pharmacist,0.634,False,Other brand
CON02841,0-12 months,South,T1,35-39,>1L,5,Quick Commerce,Every 2-3 months,3,5,Pediatrician,0.645,False,Other brand
CON02842,0-12 months,East,T3,30-34,25k-50k,5,Quick Commerce,Monthly,4,2,Pediatrician,0.774,True,DePURA Kids
CON02843,0-12 months,West,T1,30-34,50k-1L,4,Retail Chemist,Monthly,3,4,Pediatrician,0.767,False,DePURA Kids
CON02844,6-12 years,South,T1,40+,>1L,4,E-Pharmacy,Monthly,2,3,Pediatrician,0.848,True,Not currently buying
CON02845,0-12 months,North,T1,30-34,25k-50k,4,Retail Chemist,Monthly,4,5,Pediatrician,0.81,False,Other brand
CON02846,0-12 months,Central,T2,30-34,<25k,4,Retail Chemist,Monthly,5,3,Pediatrician,1.0,False,Other brand
CON02847,0-12 months,West,T1,30-34,50k-1L,3,Retail Chemist,Every 2-3 months,3,4,Gynecologist,0.652,False,Not currently buying
CON02848,0-12 months,West,T1,30-34,<25k,3,Retail Chemist,Monthly,3,3,Pharmacist,0.727,False,Other brand
CON02849,0-12 months,East,T2,25-29,>1L,3,Pharmacy Chain,Occasionally,3,5,Online/Social media,0.432,False,Other brand
CON02850,6-12 years,South,T1,25-29,50k-1L,5,Pharmacy Chain,Every 2-3 months,2,3,Pediatrician,0.558,False,Other brand
CON02851,1-5 years,Central,T3,25-29,>1L,3,Retail Chemist,Every 2-3 months,3,3,Family/Friends,0.532,False,Other brand
CON02852,0-12 months,North,T2,25-29,50k-1L,3,Retail Chemist,Every 2-3 months,3,3,Gynecologist,0.541,False,Other brand
CON02853,0-12 months,South,T1,18-24,50k-1L,3,Quick Commerce,Monthly,5,5,Pediatrician,0.829,False,Not currently buying
CON02854,1-5 years,West,T2,25-29,<25k,4,Retail Chemist,Every 2-3 months,3,5,Pharmacist,0.549,False,Other brand
CON02855,0-12 months,South,T1,35-39,>1L,3,Retail Chemist,Monthly,2,5,Pediatrician,0.72,False,DePURA Kids
CON02856,1-5 years,South,T2,35-39,50k-1L,3,Pharmacy Chain,Occasionally,2,4,Family/Friends,0.462,False,Not currently buying
CON02857,1-5 years,South,T2,30-34,50k-1L,4,Retail Chemist,Every 2-3 months,1,2,Online/Social media,0.577,True,Other brand
CON02858,0-12 months,West,T1,30-34,50k-1L,4,E-Pharmacy,Monthly,4,5,Pharmacist,0.908,True,Other brand
CON02859,6-12 years,East,T1,18-24,>1L,3,E-Pharmacy,Monthly,2,5,Gynecologist,0.72,False,DePURA Kids
CON02860,6-12 years,West,T1,30-34,<25k,5,Retail Chemist,Every 2-3 months,4,2,Pediatrician,0.601,True,Other brand
CON02861,6-12 years,South,T3,18-24,25k-50k,4,Hospital Pharmacy,Every 2-3 months,5,5,Pediatrician,0.577,False,Not currently buying
CON02862,1-5 years,West,T1,25-29,<25k,5,E-Pharmacy,Monthly,4,2,Pediatrician,0.737,True,Other brand
CON02863,1-5 years,East,T3,18-24,>1L,3,Retail Chemist,Occasionally,4,5,Family/Friends,0.339,False,Other brand
CON02864,0-12 months,West,T1,30-34,>1L,5,Pharmacy Chain,Monthly,3,5,Pediatrician,0.965,False,DePURA Kids
CON02865,1-5 years,North,T2,25-29,50k-1L,3,E-Pharmacy,Occasionally,3,3,Online/Social media,0.395,False,Not currently buying
CON02866,1-5 years,East,T2,25-29,>1L,5,Retail Chemist,Occasionally,2,4,Gynecologist,0.441,False,Not currently buying
CON02867,6-12 years,West,T1,30-34,<25k,4,Pharmacy Chain,Occasionally,3,4,Pharmacist,0.462,True,Other brand
CON02868,1-5 years,East,T3,35-39,50k-1L,5,Retail Chemist,Monthly,3,3,Pediatrician,0.789,False,Other brand
CON02869,6-12 years,East,T1,30-34,50k-1L,4,E-Pharmacy,Occasionally,4,4,Pharmacist,0.4,True,Not currently buying
CON02870,6-12 years,Central,T3,30-34,50k-1L,3,Quick Commerce,Occasionally,3,5,Pediatrician,0.468,False,DePURA Kids
CON02871,1-5 years,West,T1,40+,>1L,4,E-Pharmacy,Occasionally,3,4,Gynecologist,0.396,False,Not currently buying
CON02872,1-5 years,North,T1,30-34,>1L,4,Quick Commerce,Every 2-3 months,2,3,Pediatrician,0.622,False,DePURA Kids
CON02873,1-5 years,North,T3,25-29,>1L,4,Retail Chemist,Occasionally,2,4,Pediatrician,0.452,False,Other brand
CON02874,0-12 months,East,T1,35-39,50k-1L,3,Retail Chemist,Every 2-3 months,3,3,Online/Social media,0.698,False,Other brand
CON02875,1-5 years,West,T1,25-29,<25k,3,Retail Chemist,Monthly,4,4,Pediatrician,0.88,False,Not currently buying
CON02876,0-12 months,North,T2,30-34,25k-50k,2,Quick Commerce,Occasionally,4,4,Gynecologist,0.396,False,Other brand
CON02877,0-12 months,North,T1,35-39,>1L,5,Pharmacy Chain,Every 2-3 months,4,4,Pharmacist,0.557,False,Other brand
CON02878,0-12 months,Central,T2,25-29,>1L,1,Retail Chemist,Occasionally,3,4,Online/Social media,0.391,True,Other brand
CON02879,6-12 years,Central,T3,35-39,50k-1L,4,Retail Chemist,Every 2-3 months,4,5,Pediatrician,0.675,False,Not currently buying
CON02880,0-12 months,South,T1,25-29,50k-1L,4,Retail Chemist,Monthly,4,5,Pediatrician,0.806,False,DePURA Kids
CON02881,1-5 years,East,T1,40+,<25k,5,Pharmacy Chain,Monthly,3,5,Pediatrician,1.0,False,Other brand
CON02882,6-12 years,North,T2,25-29,50k-1L,2,E-Pharmacy,Every 2-3 months,2,3,Pediatrician,0.525,False,Not currently buying
CON02883,6-12 years,West,T1,25-29,>1L,2,Retail Chemist,Every 2-3 months,3,4,Pediatrician,0.693,False,Other brand
CON02884,0-12 months,South,T1,35-39,50k-1L,3,Pharmacy Chain,Monthly,3,4,Pharmacist,0.741,False,Not currently buying
CON02885,0-12 months,North,T2,35-39,25k-50k,4,Retail Chemist,Every 2-3 months,4,4,Pharmacist,0.519,False,Other brand
CON02886,6-12 years,West,T1,25-29,>1L,5,E-Pharmacy,Occasionally,2,2,Gynecologist,0.464,True,Other brand
CON02887,0-12 months,South,T2,30-34,25k-50k,3,Pharmacy Chain,Every 2-3 months,3,4,Pharmacist,0.598,False,Other brand
CON02888,0-12 months,North,T1,30-34,50k-1L,5,Pharmacy Chain,Monthly,2,5,Pediatrician,0.897,False,Other brand
CON02889,0-12 months,East,T3,25-29,<25k,4,Retail Chemist,Monthly,4,3,Pediatrician,0.712,True,Not currently buying
CON02890,0-12 months,South,T1,25-29,>1L,3,Quick Commerce,Occasionally,2,3,Online/Social media,0.442,False,Other brand
CON02891,1-5 years,West,T1,35-39,50k-1L,2,Retail Chemist,Occasionally,4,4,Pediatrician,0.495,False,Other brand
CON02892,0-12 months,West,T1,25-29,>1L,5,Pharmacy Chain,Monthly,2,3,Online/Social media,0.741,True,DePURA Kids
CON02893,6-12 years,North,T2,40+,50k-1L,3,E-Pharmacy,Every 2-3 months,3,5,Pediatrician,0.614,False,Other brand
CON02894,6-12 years,North,T1,30-34,50k-1L,4,Retail Chemist,Occasionally,5,2,Family/Friends,0.469,True,DePURA Kids
CON02895,0-12 months,South,T1,40+,50k-1L,4,Hospital Pharmacy,Monthly,3,4,Pediatrician,0.88,False,DePURA Kids
CON02896,0-12 months,South,T2,18-24,50k-1L,4,E-Pharmacy,Monthly,4,3,Pediatrician,0.87,False,Other brand
CON02897,1-5 years,North,T3,35-39,<25k,4,Retail Chemist,Occasionally,4,3,Online/Social media,0.455,True,Not currently buying
CON02898,6-12 years,West,T2,18-24,50k-1L,4,Retail Chemist,Every 2-3 months,2,4,Pediatrician,0.526,False,Other brand
CON02899,0-12 months,West,T2,25-29,<25k,5,Retail Chemist,Occasionally,4,4,Online/Social media,0.483,False,Not currently buying
CON02900,0-12 months,North,T1,35-39,50k-1L,3,Pharmacy Chain,Occasionally,3,2,Pharmacist,0.478,True,Other brand
CON02901,0-12 months,West,T1,40+,50k-1L,4,Retail Chemist,Monthly,3,5,Pediatrician,0.937,False,Other brand
CON02902,6-12 years,West,T1,30-34,25k-50k,5,Retail Chemist,Occasionally,2,4,Pharmacist,0.479,False,DePURA Kids
CON02903,6-12 years,East,T1,40+,>1L,4,Retail Chemist,Every 2-3 months,4,4,Gynecologist,0.59,False,DePURA Kids
CON02904,0-12 months,North,T2,40+,50k-1L,3,Retail Chemist,Monthly,2,5,Pediatrician,0.782,False,Other brand
CON02905,1-5 years,North,T2,35-39,50k-1L,3,Quick Commerce,Monthly,2,5,Pediatrician,0.904,False,DePURA Kids
CON02906,0-12 months,West,T2,35-39,50k-1L,4,Retail Chemist,Every 2-3 months,3,5,Online/Social media,0.624,False,DePURA Kids
CON02907,0-12 months,North,T2,40+,>1L,4,Hospital Pharmacy,Occasionally,2,2,Family/Friends,0.458,False,Not currently buying
CON02908,0-12 months,North,T2,18-24,>1L,3,Retail Chemist,Every 2-3 months,2,4,Online/Social media,0.546,False,DePURA Kids
CON02909,0-12 months,East,T3,18-24,<25k,4,Retail Chemist,Monthly,3,4,Gynecologist,0.731,False,DePURA Kids
CON02910,0-12 months,East,T1,35-39,>1L,5,Retail Chemist,Monthly,1,5,Pediatrician,0.781,False,Other brand
CON02911,0-12 months,North,T2,30-34,25k-50k,3,E-Pharmacy,Every 2-3 months,4,2,Family/Friends,0.608,True,Other brand
CON02912,6-12 years,West,T1,30-34,>1L,4,Quick Commerce,Monthly,3,4,Pediatrician,0.736,False,DePURA Kids
CON02913,0-12 months,East,T1,30-34,50k-1L,5,Pharmacy Chain,Monthly,3,4,Online/Social media,0.776,True,DePURA Kids
CON02914,0-12 months,West,T1,25-29,50k-1L,3,Hospital Pharmacy,Every 2-3 months,3,3,Pharmacist,0.575,False,Not currently buying
CON02915,0-12 months,West,T1,25-29,50k-1L,4,Pharmacy Chain,Monthly,2,5,Pediatrician,0.7,False,Not currently buying
CON02916,0-12 months,North,T3,30-34,50k-1L,2,Retail Chemist,Monthly,2,4,Pediatrician,0.775,True,DePURA Kids
CON02917,0-12 months,Central,T3,30-34,<25k,3,Pharmacy Chain,Monthly,2,5,Pediatrician,0.977,False,Not currently buying
CON02918,1-5 years,North,T2,30-34,>1L,3,E-Pharmacy,Every 2-3 months,3,5,Pediatrician,0.62,False,DePURA Kids
CON02919,0-12 months,Central,T2,30-34,25k-50k,3,Hospital Pharmacy,Monthly,2,3,Pharmacist,0.771,False,Not currently buying
CON02920,1-5 years,East,T2,35-39,<25k,5,Retail Chemist,Every 2-3 months,4,4,Pediatrician,0.559,False,Other brand
CON02921,1-5 years,West,T3,30-34,25k-50k,2,Quick Commerce,Monthly,3,3,Pediatrician,0.768,True,Other brand
CON02922,6-12 years,South,T2,30-34,>1L,4,Pharmacy Chain,Every 2-3 months,3,4,Online/Social media,0.554,False,Other brand
CON02923,0-12 months,Central,T3,18-24,<25k,5,Retail Chemist,Every 2-3 months,4,4,Pediatrician,0.529,False,Not currently buying
CON02924,1-5 years,West,T1,35-39,>1L,3,Pharmacy Chain,One-time,2,3,Gynecologist,0.275,True,Other brand
CON02925,1-5 years,East,T3,30-34,25k-50k,3,Hospital Pharmacy,Monthly,3,5,Pediatrician,0.823,False,DePURA Kids
CON02926,6-12 years,East,T2,30-34,25k-50k,5,Retail Chemist,Every 2-3 months,3,3,Pharmacist,0.526,False,Other brand
CON02927,13-18 years,West,T1,30-34,50k-1L,4,E-Pharmacy,Every 2-3 months,4,4,Family/Friends,0.598,True,Other brand
CON02928,0-12 months,East,T2,25-29,<25k,4,Quick Commerce,Every 2-3 months,3,5,Online/Social media,0.58,False,Other brand
CON02929,6-12 years,East,T2,25-29,>1L,3,Quick Commerce,Every 2-3 months,3,4,Online/Social media,0.693,False,Other brand
CON02930,6-12 years,West,T1,30-34,25k-50k,5,Pharmacy Chain,Every 2-3 months,4,5,Pediatrician,0.652,False,DePURA Kids
CON02931,0-12 months,West,T2,40+,25k-50k,4,Retail Chemist,Occasionally,3,4,Family/Friends,0.328,False,Not currently buying
CON02932,1-5 years,North,T1,30-34,25k-50k,5,E-Pharmacy,Every 2-3 months,3,4,Pediatrician,0.538,False,Other brand
CON02933,0-12 months,North,T1,25-29,<25k,5,E-Pharmacy,Monthly,3,4,Pediatrician,0.837,False,Other brand
CON02934,1-5 years,North,T2,40+,<25k,3,Pharmacy Chain,Occasionally,,4,Family/Friends,0.458,False,Not currently buying
CON02935,6-12 years,West,T1,35-39,>1L,4,E-Pharmacy,Every 2-3 months,3,1,Online/Social media,0.658,False,Other brand
CON02936,0-12 months,East,T3,25-29,<25k,4,Retail Chemist,Monthly,5,4,Pediatrician,0.715,False,Other brand
CON02937,6-12 years,West,T1,25-29,>1L,5,Pharmacy Chain,Every 2-3 months,2,4,Pediatrician,0.674,False,DePURA Kids
CON02938,0-12 months,South,T1,18-24,25k-50k,4,Retail Chemist,Occasionally,3,2,Pharmacist,0.489,True,Other brand
CON02939,0-12 months,East,T3,30-34,<25k,3,Retail Chemist,Every 2-3 months,4,3,Pediatrician,0.663,False,Other brand
CON02940,0-12 months,Central,T2,18-24,>1L,3,Retail Chemist,Every 2-3 months,3,2,Family/Friends,0.597,False,Other brand
CON02941,0-12 months,East,T1,30-34,>1L,4,Pharmacy Chain,Every 2-3 months,3,3,Online/Social media,0.653,False,Other brand
CON02942,6-12 years,West,T1,35-39,50k-1L,5,Pharmacy Chain,Occasionally,3,4,Family/Friends,0.317,False,Other brand
CON02943,1-5 years,North,T3,40+,<25k,2,Retail Chemist,Every 2-3 months,4,4,Pediatrician,0.571,True,Other brand
CON02944,0-12 months,South,T1,35-39,<25k,4,Retail Chemist,Occasionally,4,3,Family/Friends,0.469,False,DePURA Kids
CON02945,1-5 years,South,T1,35-39,25k-50k,3,Hospital Pharmacy,Every 2-3 months,3,2,Family/Friends,0.572,False,Other brand
CON02946,0-12 months,South,T1,18-24,25k-50k,3,E-Pharmacy,Every 2-3 months,4,3,Gynecologist,0.585,False,Other brand
CON02947,1-5 years,West,T1,30-34,>1L,4,Quick Commerce,Every 2-3 months,2,5,Pediatrician,0.56,False,Other brand
CON02948,0-12 months,Central,T2,30-34,25k-50k,3,Pharmacy Chain,Occasionally,4,4,Pharmacist,0.469,False,Other brand
CON02949,0-12 months,West,T2,30-34,<25k,3,Retail Chemist,Monthly,2,4,Pediatrician,0.859,False,DePURA Kids
CON02950,0-12 months,East,T3,25-29,50k-1L,3,Retail Chemist,Every 2-3 months,3,5,Gynecologist,0.515,False,Other brand
CON02951,1-5 years,East,T3,30-34,25k-50k,5,Retail Chemist,Monthly,4,5,Pediatrician,0.725,False,DePURA Kids
CON02952,0-12 months,North,T2,25-29,<25k,5,Retail Chemist,Every 2-3 months,4,4,Pediatrician,0.568,False,Other brand
CON02953,13-18 years,South,T1,35-39,25k-50k,3,E-Pharmacy,Monthly,3,5,Pediatrician,0.89,False,Not currently buying
CON02954,6-12 years,North,T3,35-39,<25k,4,Retail Chemist,Every 2-3 months,3,3,Family/Friends,0.581,False,Not currently buying
CON02955,6-12 years,South,T1,30-34,50k-1L,4,Retail Chemist,Every 2-3 months,3,4,Family/Friends,0.526,False,Other brand
CON02956,0-12 months,North,T3,25-29,25k-50k,4,Quick Commerce,Monthly,3,4,Pediatrician,0.888,False,Not currently buying
CON02957,0-12 months,West,T1,40+,50k-1L,5,Quick Commerce,Every 2-3 months,1,4,Family/Friends,0.618,False,Other brand
CON02958,6-12 years,West,T1,40+,>1L,4,Retail Chemist,Every 2-3 months,1,5,Gynecologist,0.627,False,Other brand
CON02959,0-12 months,South,T2,30-34,>1L,4,Retail Chemist,Every 2-3 months,2,5,Pharmacist,0.526,False,Not currently buying
CON02960,0-12 months,West,T1,30-34,25k-50k,4,E-Pharmacy,Monthly,4,5,Pediatrician,0.752,True,Not currently buying
CON02961,1-5 years,East,T2,18-24,50k-1L,4,Pharmacy Chain,Monthly,3,4,Pediatrician,0.974,True,DePURA Kids
CON02962,13-18 years,North,T2,25-29,50k-1L,4,Pharmacy Chain,Monthly,4,4,Pediatrician,0.721,False,DePURA Kids
CON02963,0-12 months,North,T2,40+,50k-1L,3,Hospital Pharmacy,Every 2-3 months,2,4,Pharmacist,0.62,False,DePURA Kids
CON02964,0-12 months,North,T2,18-24,25k-50k,3,Pharmacy Chain,Monthly,3,4,Pediatrician,0.814,False,Not currently buying
CON02965,0-12 months,North,T3,25-29,<25k,4,Retail Chemist,Every 2-3 months,5,5,Family/Friends,0.605,True,Other brand
CON02966,6-12 years,South,T1,30-34,50k-1L,3,Hospital Pharmacy,Every 2-3 months,3,4,Pediatrician,0.638,False,DePURA Kids
CON02967,6-12 years,West,T2,35-39,>1L,3,Pharmacy Chain,Occasionally,3,2,Family/Friends,0.398,False,Other brand
CON02968,0-12 months,West,T2,30-34,50k-1L,4,Retail Chemist,Monthly,2,5,Pediatrician,0.782,False,Other brand
CON02969,6-12 years,East,T2,25-29,<25k,5,Quick Commerce,Monthly,3,3,Pediatrician,0.924,False,Other brand
CON02970,13-18 years,South,T2,30-34,<25k,4,Retail Chemist,Monthly,3,3,Pediatrician,0.8,False,DePURA Kids
CON02971,1-5 years,West,T1,18-24,50k-1L,3,E-Pharmacy,Monthly,3,3,Online/Social media,0.793,True,Other brand
CON02972,1-5 years,South,T2,25-29,25k-50k,3,E-Pharmacy,Occasionally,3,4,Pediatrician,0.429,False,Not currently buying
CON02973,6-12 years,North,T2,30-34,>1L,3,Quick Commerce,Every 2-3 months,3,5,Family/Friends,0.694,False,Other brand
CON02974,1-5 years,West,T1,18-24,>1L,3,Retail Chemist,Every 2-3 months,2,5,Pediatrician,0.661,True,Other brand
CON02975,6-12 years,East,T3,25-29,<25k,3,Retail Chemist,Monthly,3,5,Pediatrician,0.721,False,Other brand
CON02976,0-12 months,East,T2,18-24,<25k,4,Retail Chemist,Every 2-3 months,4,4,Pediatrician,0.661,False,Other brand
CON02977,0-12 months,East,T1,30-34,>1L,4,Pharmacy Chain,Monthly,3,4,Family/Friends,0.895,False,Other brand
CON02978,1-5 years,South,T1,35-39,>1L,3,Retail Chemist,Occasionally,4,4,Online/Social media,0.338,True,Other brand
CON02979,13-18 years,South,T2,35-39,25k-50k,3,E-Pharmacy,Every 2-3 months,4,4,Pediatrician,0.625,True,DePURA Kids
CON02980,1-5 years,North,T2,30-34,25k-50k,3,Retail Chemist,Occasionally,2,3,Family/Friends,0.476,False,Other brand
CON02981,0-12 months,West,T2,35-39,<25k,1,Quick Commerce,Occasionally,4,2,Gynecologist,0.466,True,Other brand
CON02982,0-12 months,South,T1,35-39,>1L,5,Quick Commerce,Every 2-3 months,2,4,Pediatrician,0.559,False,DePURA Kids
CON02983,13-18 years,South,T1,40+,50k-1L,2,Quick Commerce,Monthly,2,5,Pediatrician,0.705,True,Other brand
CON02984,1-5 years,West,T1,25-29,25k-50k,4,E-Pharmacy,Monthly,4,4,Online/Social media,0.738,False,Other brand
CON02985,0-12 months,South,T1,30-34,50k-1L,3,Quick Commerce,Monthly,2,3,Pediatrician,0.865,True,Not currently buying
CON02986,0-12 months,West,T1,30-34,25k-50k,4,Retail Chemist,Monthly,2,5,Pediatrician,0.972,False,DePURA Kids
CON02987,0-12 months,South,T1,30-34,25k-50k,3,Retail Chemist,Occasionally,4,3,Pharmacist,0.446,False,Other brand
CON02988,6-12 years,West,T3,18-24,25k-50k,4,Retail Chemist,Monthly,3,5,Pediatrician,0.846,False,Not currently buying
CON02989,6-12 years,Central,T3,40+,<25k,5,Retail Chemist,Occasionally,3,4,Pediatrician,0.379,False,DePURA Kids
CON02990,0-12 months,East,T3,25-29,25k-50k,4,Retail Chemist,Every 2-3 months,3,4,Gynecologist,0.62,False,DePURA Kids
CON02991,0-12 months,East,T2,40+,50k-1L,2,Pharmacy Chain,Monthly,4,3,Pediatrician,0.747,False,Other brand
CON02992,0-12 months,South,T2,40+,<25k,3,Quick Commerce,Every 2-3 months,3,5,Family/Friends,0.55,False,DePURA Kids
CON02993,0-12 months,West,T1,30-34,50k-1L,4,E-Pharmacy,Monthly,3,3,Online/Social media,0.707,True,Other brand
CON02994,0-12 months,West,T1,25-29,25k-50k,2,Quick Commerce,Monthly,2,3,Pediatrician,0.956,False,Not currently buying
CON02995,0-12 months,Central,T2,30-34,50k-1L,4,Quick Commerce,Occasionally,4,4,Family/Friends,0.367,False,Other brand
CON02996,1-5 years,South,T1,35-39,25k-50k,4,Retail Chemist,Every 2-3 months,3,3,Gynecologist,0.694,False,DePURA Kids
CON02997,0-12 months,South,T2,35-39,<25k,5,Hospital Pharmacy,Monthly,4,2,Family/Friends,0.759,False,Not currently buying
CON02998,1-5 years,West,T1,30-34,<25k,3,Hospital Pharmacy,Occasionally,3,5,Pharmacist,0.341,False,Other brand
CON02999,0-12 months,West,T2,40+,25k-50k,4,Retail Chemist,Monthly,3,4,Pediatrician,0.824,False,Other brand
CON03000,0-12 months,South,T1,30-34,>1L,2,Retail Chemist,Every 2-3 months,1,4,Pediatrician,0.609,True,Other brand
